,0
0,"
graph LR
    0[""StartNode""] --> 1[""Interview Patients""]
    1 --> 2[""File results and expertise""]
    2 --> 3[""Create report""]
    3 --> 4{""Check if expert responds in time?""}
    4 -->|Yes| 5[""Forward report to referee""]
    4 -->|No| 6[""Ask for external expertise""]
    5 --> 7[""Fill out check for expenses""]
    6 --> 7
    7 --> 8[""EndNode""]
"
1,"
graph LR
0[""StartNode""] --> 1[""Register Participation""]
1 --> 2{""Fees Required?""}
2 --> |""Yes""|3[""Create Purchase Request""]
2 --> |""No""|4[""Register Post-Seminar Results""]
4 --> 5[""EndNode""]
3 --> 6{""Purchase Approved?""}
6 --> |""Denied""|7[""Notify Rejection""]
6 --> |""Approved""|8[""Send Approval Notification""]
7 --> 5
8 --> 9[""Register Post-Seminar Results""]
9 --> 5
"
2,"
graph LR
0[""StartNode""] --> 1[""Accept Item""]
1 --> 2[""Dairy""]
1 --> 3[""Other""]
1 --> 4[""Vegetable (1st)""]
2 --> 5[""Fruits""]
3 -->5
4 -->5
5 -->6[""Fruit Categorization""]
6 -->7[""Vegetable (2nd)""]
7 -->8[""Vegetable Categorization""]
8 -->9[""Milk""]
8 -->10[""Cheese""]
9 --> 50
10 -->50
50 -->11[""Non-perishable""]
50 -->12[""Perishable""]
11 -->22
12 -->22
22 -->13[""Fruits and Temperature Weight and Date Center""]
22 -->14[""Fruit Categorization and Temperature Weight and Date Center""]
22 -->15[""Vegetable Categorization and Temperature Weight and Date Center""]
22 -->16[""Milk and Temperature Weight and Date Center""]
22 -->17[""Cheese and Temperature Weight and Date Center""]
22 -->18[""Non-perishable and Temperature Weight and Date Center""]
22 -->19[""Perishable and Temperature Weight and Date Center""]
13 -->20
14 -->20
15 -->20
16 -->20
17 -->20
18 -->20
19 -->20
20[""Store Items Based on Item Policy""] -->21[""EndNode""]
"
3,"
graph LR
0[""StartNode""] --> 1[""Detect Incident""]
1 --> 2{""Check Financial Impact?""}
2 --> |""YES""|3[""Open EMS""]
2 --> |""NO""|4[""End Process""]
3 --> 5[""Contact Application Team""]
3 --> 6[""Contact SA Team""]
3 --> 7[""Contact DBA Team""]
3 --> 8[""Open Conference Line""]
5 --> 9[""Troubleshoot Issue""]
6 --> 9
7 --> 9
8 --> 9
9 --> 10{""Resolution Known?""}
10 --> |""YES""|11[""Fix Issue""]
10 --> |""NO""|12{""Check Vendor Fix?""}
12 --> |""YES""|11[""Fix Issue""]
12 --> |""NO""|13[""Failover to COB""]
11 --> 14[""Resolve and Close EMS""]
13 --> 14
14 --> 15[""End Process""]
"
4,"
graph LR
0[""StartNode""] --> 1[""Open event creation page""]
1 --> 2[""Populate name form (requires Name information...)""]
2 --> 3[""Populate time forms""]
3 --> 4[""Populate location forms (requires Location information...)""]
4 --> 5[""Populate additional information (requires Event information...)""]
5 --> 6[""Configure privacy settings (requires Privacy information...)""]
6 --> 7[""Confirm event creation""]
7 --> 8{""Check name form populated?""}
8 --> |Yes| 9{""Check end time after start time?""}
8 --> |No| 2
9 --> |Yes| 10[""Save event information""]
9 --> |No| 11[""Display incorrect time notification""]
11 --> 3
10 --> 12[""Saved on Facebook""]
12 --> 13[""EndNode""]
"
5,"
graph LR
0[""StartNode""] --> 1[""Weekly Process Initiation""]
1 --> 2[""Pay Invoices""]
2 --> 3[""Generate Payment Report""]
3 --> 4[""Send to Accounts Receivable""]
3 --> 5[""Send to Registry""]
5 --> 6[""Generate Monthly Invoices (Charge $35 per invoice)""]
6 --> 7[""Send Out Monthly Invoices""]
7 --> 8[""JoinNode""]
4 --> 8
8 --> 9[""EndNode""]
"
6,"
graph LR
0[""StartNode""] --> 1[""Submit Purchase Order""]
1 --> 2[""Select Warehouse & Reserve Inventory""]
2 --> 3{""Purpose: Replenish Inventory?""}
3 --> |Yes|4[""Reserve It""]
3 --> |No|5[""EndNode (Confirm)""]
4 --> 6[""EndNode (Replenish)""]
"
7,"
graph LR
0[""StartNode""] --> 1[""Verify RFQ""]
1 --> 2{""RFQ Verified?""}
2 --> |""Yes""|3[""Analyze RFQ & Provide L&M Estimates""]
2 --> |""No""|4[""Ask for More Information""]
4 --> 1
3 --> 5{""Re-Check RFQ?""}
5 --> |""Yes""|6[""Add Overhead Costs""]
5 --> |""No""|4
6 --> 7[""Generate Pricing Options""]
7 --> 8[""Generate Sales Quote""]
8 --> 9[""EndNode""]
3 --> 10{""Need Clarification?""}
10 --> |""Yes""|11[""Ask for Clarification""]
11 --> 12[""Verify RFQ Again""]
12 --> 2
10 --> |""No""|6
"
8,"
graph LR
0[""StartNode""] --> 1[""Receive negotiated conditions""]
1 --> 2{""Check completeness?""}
2 --> |No| 3[""Send failure notice""]
3 --> 4[""EndNode""]
2 --> |Yes| 5[""Perform risk assessment""]
5 --> 6{""Check completeness again?""}
6 --> |No| 3
6 --> |Yes| 7[""Perform risk assessment again""]
7 --> 8[""Check reinsurance option""]
8 --> 9[""Finish contract""]
9 --> 10[""EndNode""]
"
9,"
graph LR
0[""StartNode""] --> 1[""Hungry feeling""]
1 --> 2[""Decide to cook""]
2 --> 3[""Choose recipes""]
3 --> 4[""Prepare ingredients""]
4 --> 5[""Prepare water for pasta""]
4 --> 6[""Prepare salad for washing""]
5 --> 7[""Put pasta into water""]
6 --> 8[""Wash salad""]
7 --> 9[""Prepare ingredients for sauce""]
8 --> 10[""Prepare ingredients for dressing""]
9 --> 11[""Make sauce""]
10 --> 12[""Make dressing""]
11 --> 13[""Bring dishes to table""]
12 --> 13
13 --> 14[""Prepare dishes""]
14 --> 15[""Bring meal to table""]
15 --> 16[""Finish lunch""]
"
10,"
graph LR
0[""StartNode""] --> 1[""Customer encounters a problem""]
1 --> 2[""Obtain problem description""]
2 --> 3{""Can handle problem myself?""}
3 --> |Yes| 4[""Explain solution""]
3 --> |No| 5[""Send email to support system""]
5 --> 6[""Wait for answer""]
6 --> 7{""Can handle problem myself now?""}
7 --> |Yes| 4
7 --> |No| 5
4 --> 8[""EndNode""]
"
11,"
graph LR
0[""StartNode""] --> 1[""Complete purchase order""]
1 --> 2[""Send invoice""]
1 --> 3[""Send goods""]
2 --> 4[""EndNode""]
3 --> 4
"
12,"
graph LR
    0[""StartNode""] --> 1[""Prepare Shipment Order""]
    1 --> 2[""Send Shipment Order""]
    2 --> 3{""Carrier's Response?""}
    3 --> |""Yes/Positive""| 4[""Accept Shipment Order""]
    3 --> |""No""| 5[""Link A (End)""]
    4 --> 6{""Confirmation Check?""}
    6 --> |""Yes""| 7[""Realize Ordered Shipment""]
    6 --> |""No""| 5
    7 --> 8[""EndNode""]
"
13,"
graph LR
Start[""StartNode""] --> 1[""Receive Order""]
1 --> |Create Invoice| 2[""Create Invoice""]
1 --> |Prepare Shipping| 3[""Prepare Shipping""]
2 --> 4[""Send Invoice""]
3 --> 5[""Ship Item""]
4 --> 6[""Confirm Payment""]
6 --> 7[""EndNode""]
5 --> 7
"
14,"
graph LR
0[""StartNode""] --> 1{""Check Fulfillment?""}
1 --> |Yes| 2[""Confirm Order""]
2 --> 3[""Deliver Order""]
3 --> 4[""End (Success)""]
1 --> |No|5[""Reject Order""]
5 --> 6{""Check Fulfillment Again?""}
6 --> |Yes|2
6 --> |No|7[""End (Rejected)""]
"
15,"
graph LR
1[Start] --> 2{Verify RFQ}
2 --> |No| 3[Ask for more information]
3 --> 2
2 --> |Yes| 4[Analyze RFQ and provide L&M cost estimates]
4 --> 5{Verify RFQ again}
5 --> |No| 3
5 --> |Yes| 6[Add overhead cost]
6 --> 7[Generate pricing options]
7 --> 8[Generate sales quote]
8 --> 9[End]
"
16,"
graph LR
0[""StartNode""] --> 1[""Check Customer's Credit History (produces Credit History File)""]
0 --> 2[""Conduct Property Survey (produces Survey Document)""]
0 --> 3[""Search Property Title""]
1 --> 4[""EndNode""]
2 --> 4
3 --> 4
"
17,"
graph LR
0[""StartNode""] --> 1[""Change status""]
1 --> 2{""Check if on sale?""}
2 --> |""Yes""|3[""Mark as on sale""]
2 --> |""No""|4[""Mark as not on sale""]
3 -->5{""Check again?""}
4 -->5
5 -->6[""EndNode""]
"
18,"
graph LR
0[""StartNode""] --> 1[""Identify invoice errors""]
1 --> 2[""Highlight errors on entry form""]
1 --> 3[""Update mistake record""]
2 --> 4[""Send invoice back""]
3 --> 4
4 --> 5[""EndNode""]
"
19,"
flowchart LR
0[""StartNode""] --> 1[""Run invoice payment process (SAP)""]
1 --> 2[""Send payment report to Accounts Receivable""]
1 --> 3[""Generate invoice payment report""]
2 --> 4[""Generate monthly invoices for clients""]
4 --> 5[""Send payment report to Client""]
4 --> 6[""Send payment report to Registry""]
4 --> 7[""Charge clients""]
5 --> 8[""End process""]
6 --> 8
7 --> 8
"
20,"
graph LR
0[""StartNode""] --> 1[""Check Completeness""]
1 --> 2[""Verify Credit History""]
2 --> 3[""Examine Loan Request""]
3 --> 4{""Check Result?""}
4 --> |""Rejection""| 5[""Reject Customer Request""]
4 --> |""Acceptance""| 6[""Approve Customer Request""]
5 --> 7[""EndNode (Rejection)""]
6 --> 8[""EndNode (Approval)""]
"
21,"
graph LR
0[""StartNode""] --> |Fork| 1[""Extract Work Orders""] --> 4[""Load Work Orders""] --> 7[""Pull Work Order Report""]
0 --> 2[""Extract Inspection Orders""] --> 6[""Load Inspection Orders""] --> 8[""Pull Inspection Order Report""]
0 --> 3[""Extract Notifications""] --> 5[""Load Notifications""] --> 9[""Pull Notification Report""]
7 & 8 & 9 --> |Join| 10[""Link Reports""]
10 --> 11[""Create/Send Email""]
11 --> 12[""EndNode (WHISKEY)""]
"
22,"  
graph LR  
0[""StartNode""] --> 1[""Plan the menu""]  
1 --> 2[""Prepare chicken""]  
1 --> 3[""Make salad""]  
2 --> 4[""Refine chicken""]  
4 --> 5[""Prepare salad""]  
3 --> 6[""Meal is ready""]  
5 --> 6  
6 --> 7[""Serve the menu""]  
7 --> 8[""EndNode""]  
"
23,"  
graph LR  
1[""StartNode""] --> 2[""Write letter""]  
2 --> 3[""Obtain letter""]  
3 --> 4{""Are you a member?""}  
4 --> |""Yes""|5[""Obtain second letter""]  
4 --> |""No""|10[""EndNode""]  
5 --> 6{""Check again if member?""}  
6 --> |""Yes""|7[""Pay fee""]  
6 --> |""No""|10  
7 --> 8[""Receive card""]  
8 --> 10  
"
24,"
graph LR
0[""StartNode""] --> 1[""Feeling Hungry""]
1 --> 2[""Salad""]
1 --> 3[""Enjoy Ice-cream""]
1 --> 4[""Savor Pasta""]
2 --> 5[""Finished Dinner and Feel Satisfied""]
3 --> 5
4 --> 5
5 --> 6[""EndNode""]
"
25,"
graph LR
0[""StartNode""] --> 1[""Empty SAP Master Record Outbox""]
1 --> 2[""Deliver requests to Master Data Entry Department""]
1 --> 3[""Empty Master Data Entry Outbox (First Time)""]
2 --> 4
3 --> 4
4 --> 5[""Receive Vendor Master Record Requests Form and Empty Master Data Entry Outbox (Second Time)""]
5 --> 6[""Process Vendor Master Record Requests (All Requests)""]
6 --> 7[""Place completed requests in Data Entry Officer Inbox""]
7 --> 8[""EndNode""]
"
26,"
graph LR
    0[""StartNode""] --> 1[""Register event participation""]
    1 --> 2[""ForkNode""]
    2 --> 3[""Register process seminar results""]
    2 --> 4[""Create purchase request""]
    3 --> 5[""JoinNode""]
    4 --> 5
    5 --> 6{""Check 'purchase request approve?'""}
    6 --> |""Rejected""|7[""Notify rejection""]
    6 --> |""Approved""|8[""Send approved notification""]
    7 --> 9[""EndNode""]
    8 --> 9
"
27,"  
graph LR  
0[""StartNode""] --> 1[""Place an Order""]  
1 --> 2[""Verify Customer""]  
2 --> 3{""Customer okay?""}  
3 --> |""Yes""|4[""Check Availability""]  
3 --> |""No""|5[""Create New Customer""]  
5 --> 6[""Conclude Process""]  
4 --> 7{""Product available?""}  
7 --> |""Yes""|8[""Ship Goods""]  
7 --> |""No""|9[""Produce Goods""]  
8 --> 6  
9 --> 6  
"
28,"
graph LR
StartNode --> Move[""Move to square (2,5)""]
Move --> Wait[""Wait for message""]
Wait --> Decision{""Received all responses?""}
Decision -->|Yes| EndNode[""Process ends""]
Decision -->|No| Wait
"
29,"
graph LR
0[""StartNode""] --> 1[""ForkNode1""]
1 --> 2[""Obtain credit score""]
1 --> 3[""Get credit score""]
1 --> 4[""Check credit score""]
2 --> 5[""JoinNode1""]
3 --> 5
4 --> 5
5 --> 6[""ForkNode2""]
6 --> 7[""Check income to payment ratio""]
6 --> 8[""Assess credit risk""]
7 --> 9[""JoinNode2""]
8 --> 9
9 --> 10[""EndNode""]
"
30,"
graph LR
0[""Start""] --> 1[""Receive Payment""]
1 --> 2{""Check Payment Received?""}
2 --> |No| 3[""Document Bad Credit""]
3 --> 4[""Inform Members & Suspend Orders""]
4 --> 5[""Complete Credit Check""]
5 --> 6[""End""]
2 --> |Yes| 7[""Update Files & Process Order""]
7 --> 8{""Check Payment Again?""}
8 --> |No| 3
8 --> |Yes| 5
"
31,"
graph LR
0[""StartNode""] --> 1{""Verify RFQ?""}
1 --> |No| 2[""Ask for more information""]
2 --> 1
1 --> |Yes| 3[""Analyze RFQ & provide L&M estimates""]
3 --> 4{""Verify RFQ again?""}
4 --> |No| 2
4 --> |Yes| 5[""Provide Verification""]
5 --> 6[""Add overhead costs & generate pricing options""]
6 --> 7[""Generate sales quote""]
7 --> 8[""EndNode""]
"
32,"
graph LR
Start[""StartNode""] --> A[""Bring computer to ACM""]
A --> B[""Describe the problem""]
B --> C[""Receive estimate""]
C --> D{""Evaluate estimate?""}
D -->|Acceptable| E[""Authorize repair""]
D -->|Unacceptable| F[""Take computer back""]
F --> End[""EndNode""]
E --> G[""Receive repair notice""]
G --> H{""Problem fixed?""}
H -->|Yes| I[""Receive invoice and P/S document""]
I --> J[""Send payment""] --> End
H -->|No| End
"
33,"
graph LR
    0[""StartNode""] --> 1[""Analyze Goal Model""]
    1 --> 2[""Analyze Business Process Models""]
    2 --> 3{""Check Consistency?""}
    3 --> |""Yes""|4[""EndNode""]
    3 --> |""No""|5[""Update""]
    5 --> 3
"
34,"
graph LR
0[""StartNode""] --> 1[""Identify Vacancy""]
1 --> 2[""Manage Position Profile""]
2 --> 3[""Review Terms & Conditions""]
2 --> 4[""Assemble Selection Panel""]
3 --> 5[""EndNode""]
4 --> 5
"
35,"
graph LR
0[""StartNode""] --> 1[""Verify form structure""]
1 --> 2{""Is form correct?""}
2 --> |""Yes""|3[""Verify proposal""]
2 --> |""No""|4[""Form error""]
3 --> 5{""Everything okay?""}
5 --> |""Yes""|6[""Process successful""]
5 --> |""No""|7[""Failure""]
"
36,"
graph LR
0[""StartNode""] --> 1[""Receive negotiated conditions""]
1 --> 2{""Check completeness""}
2 --> |Incomplete| 3[""Send failure notice""]
3 --> 4[""EndNode""]
2 --> |Complete| 5[""Categorize customer""]
5 --> 6{""Check completeness again""}
6 --> |Incomplete| 3
6 --> |Complete| 7[""Check insurance benefits""]
7 --> 8[""Finish contract""]
8 --> 4
"
37,"
graph LR
0[""StartNode""] --> 1[""Receive signed offer""]
1 --> 2[""Register acceptance of contract""]
1 --> 3[""Scan billing information and pincode""]
1 --> 4{""Is competitor info available?""}
4 --> |""Yes""|5[""Register competitor information""]
4 --> |""No""|7
5 --> 7
2 -->7
3 -->7
7 --> 8[""Process the offer""]
8 -->9[""EndNode""]
"
38,"
graph LR
0[""StartNode""] --> 1[""Make sure to finish by the end of the week""]
1 --> 2[Fork]
2 --> 3[""Generate and send payment report""]
2 --> 4[""Handle Individual Client's payment report""]
4 --> 5[""Handle SSP's Accounts Receivable's payment report""]
5 --> 6[""Handle Registry's payment report""]
3 --> 7[Join]
6 --> 7
7 --> 8[""EndNode""]
"
39,"
graph LR
0[""StartNode""] --> 1[""Execution begins""]
1 --> 2{""Is first execution?""}
2 --> |""Yes""|3[""Allocate actors arbitrarily""]
2 --> |""No""|4[""Allocate actors based on best known placement""]
3 --> 5{""Application executing?""}
4 --> 5
5 --> |""Yes""|6[""Application profiling""]
5 --> |""No""|7[""Process concludes""]
6 --> 8{""Better placement available?""}
8 --> |""Yes""|9[""Deploy new placement""]
8 --> |""No""|5
9 --> 5
"
40,"
graph LR
0[""StartNode""] --> 1[""Check number of panellists""]
1 --> 2[""ForkNode""]
2 --> 3[""Photocopy applications (focus on complete)""]
2 --> 4[""Send original to archives (check compliant)""]
2 --> 5[""Forward others to recruitment manager""]
3 --> 6[""JoinNode""]
4 --> 6
5 --> 6
6 --> 7[""EndNode""]
"
41,"
graph LR
0[StartNode] --> 1[""Informational Meeting""]
1 --> 2{""Meeting Successful?""}
2 --> |Yes|3[""Storyboard Meeting""]
2 --> |No|4[EndNode]
3 --> 5{""Content Prepared?""}
5 --> |No|4
5 --> |Yes|6[""Develop Site""]
6 --> 7[""Complete Initial Draft""]
7 --> 8{""Has Marketing View?""}
8 --> |Yes|9a[""Marketing Review""]
8 --> |Yes|9b[""Design Process""]
8 --> |No|10[""Complete Final Version""]
9a --> 11[Join]
9b --> 11
11 --> 12{""Marketing Review Approved?""}
12 --> |No|4
12 --> |Yes|13[""Continue Building""]
10 --> 13
13 --> 14[EndNode]
"
42,"
graph LR
1[""StartNode""] --> 2[""Receive RFQ""]
2 --> 3[""Verify RFQ (using Sales Guidelines)""]
3 --> 4{""Meets guidelines?""}
4 -->|Yes| 5[""Produce L&M Cost Estimates""]
4 -->|No| 6[""Communicate with Customer""]
6 --> 3
5 --> 7[""EndNode""]
"
43,"
graph LR
0[""StartNode""] --> A[""Plan and Manage Iteration""]
0 --> B[""Initiate Project""]
A --> C
B --> C
C --> D[""Identify Requirements""]
C --> E[""Refine Requirements""]
D --> F
E --> F
F --> G[""Agree on technical approach""]
G --> H[""EndNode""]
"
44,"
graph LR
0[""StartNode""] --> 1[""Prepare TS""]
1 --> 2[""Create development plan""]
2 --> 3[""Development and Unit Testing""]
3 --> 4[""Assembly phase""]
4 --> 5[""Assembly test""]
5 --> 6{""Solution accepted for testing?""}
6 --> |""Yes""| 7[""EndNode""]
6 --> |""No""| 3
"
45,"
flowchart LR
    Start[""StartNode""] --> 0[""Customer has problem""]
    0 --> 1[""Provide problem description""]
    1 --> 2{""Can handle problem?""}

    2 -->|""Yes""| 3[""Explain solution""]
    2 -->|""No""| 4[""Ask 1st level support""]

    3 --> 5[""Check result (resolved?)""]
    5 -->|""Yes""| 6[""Provide feedback to account manager""] 
    5 -->|""No""| 6
    6 --> 7[""EndNode""]

    4 --> 8{""Is it a 1st level issue?""}

    8 -->|""Yes""| 9[""Ask developer""]
    8 -->|""No""| 10[""Explain solution (from 1st level)""]
    10 --> 11[""Check result (resolved?)""]
    11 -->|""Yes""| 12[""Provide feedback to account manager""]
    11 -->|""No""| 12
    12 --> 7

    9 --> 13[""Explain solution (after developer)""]
    13 --> 14[""Check result (resolved?)""]
    14 -->|""Yes""| 15[""Provide feedback to AM and 1st level support""]
    14 -->|""No""| 15
    15 --> 16[""Provide feedback to both (AM + 1st level)""]
    16 --> 7
"
46,"
graph LR
0[""StartNode""] --> 1[""Deploy DB Tier""]
1 --> 2[""Deploy Web Tier""]
2 --> 3[""Deploy VM (mySQL)""]
3 --> 4[""Deploy DB Tier again""]
4 --> 5[""Deploy VM (Apache)""]
5 -->|Fork| 6
6 --> 7[""Deploy OS (mySQL)""]
7 --> 8[""Deploy mySQL""]
8 --> 9[""Create SugarCRM DB""]
6 --> 10[""Deploy OS (Apache)""]
10 --> 11[""Deploy Apache Web Server""]
11 --> 12[""Deploy PHP Modules""]
12 --> 13[""Deploy SugarCRM App""]
9 --> 14[""JoinNode""]
13 --> 14
14 --> 15[""Connect App to DB""]
15 --> 16[""EndNode""]
"
47,"
graph LR
0[""StartNode""] --> 1[""Create order and specify quantity""]
1 --> 2[""Send to storage manager""]
2 --> 3{""Check product availability?""}
3 --> |""Available""|4[""Prepare product for shipping""]
3 --> |""Not available""|11[""Forward request to external vendor""]
4 --> 5[""Add delivery confirmation""]
5 --> 6[""Send product back to requesting employee""]
6 --> 7[""Send delivery confirmation to storage manager""]
7 --> 8[""Add delivery confirmation to product prepared for shipping""]
8 --> 9[""Send delivery confirmation to storage manager and invoice to accountant""]
9 --> 10[""EndNode""]

11 --> 12{""Check availability again?""}
12 --> |""Now available""|4
12 --> |""Still not available""|11
"
48,"
graph LR
StartNode --> CheckEconomic{""Is the project economically beneficial?""}
CheckEconomic -->|Yes| CheckUserAcc{""Is there user acceptance?""}
CheckEconomic -->|No| CheckAddGoals{""Are there any additional goals?""}
CheckAddGoals -->|Yes| CheckUserAcc
CheckAddGoals -->|No| CheckUserAcc
CheckUserAcc -->|Yes| Implement[""Implement project""]
CheckUserAcc -->|No| Reject[""Reject project""]
Implement --> EndNode
Reject --> EndNode
"
49,"
graph LR
0[""StartNode""] --> 1[""Notify successful payment""]
0 --> 2[""Notify successful payment""]
0 --> 3[""Notify successful payment""]
1 --> 4[""EndNode""]
2 --> 4
3 --> 4
"
50,"
graph LR
0[""StartNode""] --> 1[""Fork1""]
1 --> 2[""Move cargo to the warehouse""]
1 --> 3[""Conduct physical examination of cargo""]
1 --> 4[""Check the documents""]
1 --> 5[""Register custom declaration""]
1 --> 6[""Provide support documents""]
2 --> 7[""Join1""]
3 --> 7
4 --> 7
5 --> 7
6 --> 7
7 --> 8[""Fork2""]
8 --> 9[""Release the goods""]
8 --> 10[""Send a release notice""]
9 --> 11[""Join2""]
10 --> 11
11 --> 12[""EndNode""]
"
51,"
graph LR
0[""StartNode""] --> 1[""Initiate Project""]
1 --> 2[""Conduct information search""]
2 --> 3[""Iteratively Develop Annotated Bibliography""]
3 --> 4[""Iteratively Develop Literature Review""]
4 --> 5[""Iteratively Develop Project Proposal""]
4 --> 6[""Iteratively Develop Project Presentation""]
5 --> 7[""Deliver Presentation""]
6 --> 7
7 --> 8[""EndNode""]
"
52,"
graph LR
0[""StartNode""] --> 1[""Receive the issue""]
1 --> 2[""Open a ticket""]
2 --> 3[""Edit 1st level ticket""]
3 --> 4{""Result?""}
4 --> |""2nd level issue""|5[""Edit 2nd level ticket""]
4 --> |""resolved""|6[""Send email to account manager""]
5 --> 7{""Result?""} 
7 --> |""2nd level issue""|5
7 --> |""resolved""|8[""Send another email to account manager""]
6 --> 7
8 --> 9[""Send email and close ticket""]
9 --> 10{""Result?""}
10 --> |""fix scheduled for next release""|11[""Insert into product backlog""]
10 --> |""resolved""|12[""Send email to account manager""]
11 --> 13[""Send email to account manager""]
13 --> 14[""Close ticket (end)""]
12 --> 14
14 --> 15[""EndNode""]
"
53,"
graph LR
0[""StartNode""] --> 1[""Pay the Airline Company""]
0 --> 2[""Pay the HOTEL""]
0 --> 3[""Pay the Car Rental""]
1 --> 4[""EndNode""]
2 --> 4
3 --> 4
"
54,"
graph LR
0[""StartNode""] --> 1[""Fork""]
1 --> 2[""Continue the process""]
1 --> 3[""Bring it to end""]
2 --> 4[""Join""]
3 --> 4
4 --> 5[""EndNode""]
"
55,"
graph LR
0[""StartNode""] --> 1{""Verify RFQ?""}
1 --> |OK| 2[""Provide LandM cost estimates""]
1 --> |NOT OK| 3[""Ask for more information""]
3 --> 4{""Re-verify RFQ?""}
4 --> |OK| 2
4 --> |Still NOT OK| 5[""Provide Clarification""]
5 --> 3
2 --> 6[""Add overhead cost and generate pricing options""]
6 --> 7{""Clarification needed?""}
7 --> |Yes| 8[""Provide Clarification""]
7 --> |No| 9[""Generate Sales Quote""]
8 --> 9
9 --> 10[""EndNode""]
"
56,"
graph LR
0[""StartNode""] --> 1[""Send XYZ Message""]
1 --> 2[""Ensure message data integrity""]
2 --> 3[""Check for changes since signed""]
3 --> 4[""Verify Lodgment Acceptability""]
4 --> 5[""Establish requirement for manual examination""]
5 --> 6[""Produce Lodgment Verification Report""]
6 --> 7[""EndNode""]
"
57,"
graph LR
0[""StartNode""] --> 1[""Check customers' credit history""]
0 --> 2[""Conduct property title search""]
1 --> 3[""EndNode""]
2 --> 3
"
58,"
graph LR
0[""StartNode""] --> 1[""Send letter""]
1 --> 2[""Check correctness""]
2 --> |""Yes""|3[""Add mail number and date""]
2 --> |""No""|4[""Make phone call""]
4 --> 2
3 --> 5[""Check correctness again""]
5 --> |""Yes""|6[""Record/archive letter""]
5 --> |""No""|4
6 --> 7[""Add mail number and date again""]
7 --> 8[""Record/archive letter again""]
8 --> 9[""Transmit letter and register with Miranda""]
9 --> 10{""Membership decision?""}
10 --> |""Yes""|11[""Stamp 'new member' and date""]
10 --> |""No""|12[""Provide negative answer and end""]
11 --> 13[""Add mail number and date again""]
13 --> 14{""Check membership again?""}
14 --> |""Yes""|15[""Stamp again""]
14 --> |""No""|12
15 --> 16[""Transmit letter to Charles""]
16 --> 17[""Add new member""]
17 --> 18[""Calculate membership fee""]
18 --> 19[""Write amount""]
19 --> 20[""Prepare invoice at home""]
20 --> 21[""Send invoices""]
20 --> 22[""Print membership card""]
22 --> 23[""Send membership card""]
21 --> 24[""End process""]
23 --> 24
"
59,"
graph LR
StartNode --> 1[""Incoming Frozen Item""]
1 --> Fork1

Fork1 --> 2[""Poultry""]
Fork1 --> 3[""Fish""]
Fork1 --> 4[""Beef""]

2 --> Join1
3 --> Join1
4 --> Join1

Join1 --> 5[""Pork""]
5 --> 6[""Type Categorization""]
6 --> Fork2

Fork2 --> 7[""White Meat""]
Fork2 --> 8[""Dark Meat""]
Fork2 --> 9[""Deboned""]
Fork2 --> 10[""Bone-In""]

7 --> 11[""Temperature Weight and Date Center""]
8 --> 12[""Temperature Weight and Date Center""]
9 --> 13[""Temperature Weight and Date Center""]
10 --> 14[""Temperature Weight and Date Center""]

11 --> Join2
12 --> Join2
13 --> Join2
14 --> Join2

Join2 --> 15[""Store items based on item policy""]
15 --> EndNode
"
60,"  
graph LR  
0[""StartNode""] --> 1[""Fill pot with water""]  
1 --> 2[""Boil the water""]  
1 --> 3[""Buy sauce ingredients""]  
2 --> 4[""Put in some noodles""]  
4 --> 5{""Noodles firm?""}  
5 --> |""Yes""| 7[""Mix noodles with tomato sauce""]  
3 --> 6[""Prepare tomato sauce""]  
6 --> 8[""Add some seasoning""]  
8 --> 7  
7 --> 9[""EndNode""]  
"
61,"  
graph LR  
StartNode --> 0[""Receive order""]  
0 --> D1{""Check Availability""}  
D1 --> |""Yes""| 3[""Ship article""]  
D1 --> |""No""| 1[""Procurement activities""]  
1 --> D2{""Check Availability Again""}  
D2 --> |""Yes""| 3  
D2 --> |""No""| 1  
3 --> 4[""Financial settlement""]  
4 --> 5[""Receive payment""]  
5 --> EndNode  
"
62,"
graph LR
0[StartNode] --> 1[Generate Payment Report] 
1 --> 2a[Pay Vendor] 
1 --> 2b[Send to Accounts Receivable] 
1 --> 2c[Send to Registry] 

2b --> 3[Generate Monthly Invoices for Clients] 
3 --> 4[Charge $35 per invoice] 
4 --> 5[EndNode1] 

2c --> 6[Select paper-based invoices paid] 

2a --> 7a[ForkNode] 
7a --> 7[Archive invoices per vendor] 
7 --> 8[Archive invoices per payment date] 
7a --> 9[Track down payment] 
9 --> 10[EndNode2] 

8 --> 11[EndNode3] 
"
63,"
graph LR
0[""StartNode""] --> 1[""Receive order""]
1 --> 2[""Send invoice""]
1 --> 3[""Ship products""]
2 --> 4[""Receive payment""]
3 --> 5[""EndNode""]
4 --> 5
"
64,"
graph LR
0[""StartNode""] --> 1[""Enter requested information""]
1 --> 2[""Type date of arrival at SSP""]
1 --> 3[""Type client name""]
1 --> 4[""Type vendor name""]
2 --> 5[""EndNode""]
3 --> 5
4 --> 5
"
65,"
graph LR
0[""StartNode""] --> 1[""Visit www.katyd.cz""]
1 --> 2[""Fill out form (name, address)""]
2 --> 3{""Method of payment?""}
3 --> |Offline|4[""Show payment information""]
3 --> |Online|5[""Initiate online payment""]
4 -->6{""Subscription variant?""}
5 -->6
6 --> |online/online&print|7[""Assign subscription rights to reader""]
6 --> |only print|7
7 --> |online/online&print|8[""Generate code""]
7 --> |only print|9[""Register payment for accounting and renew""]
8 -->10[""Enter code on www.katyd.cz""]
10 -->9
9 -->11[""EndNode""]
"
66,"
graph LR
0[""StartNode""] --> 1[""Draft Contract""]
1 --> 2[""Legal Review""]
2 --> 3[""Financial Review""]
3 --> 4[""Contract Finalized""]
4 --> 5[""EndNode""]
"
67,"
graph LR
StartNode --> Decision1[""Check fulfillment initially?""]
Decision1 -->|Yes| ConfirmOrder[""Confirm Order""]
Decision1 -->|No| RejectOrder[""Reject Order""]
RejectOrder --> InformRejection[""Inform rejection notification""]
ConfirmOrder --> Decision2[""Check fulfillment again?""]
Decision2 -->|Yes| ProceedDeliver[""Proceed to deliver""]
Decision2 -->|No| RejectOrder
ProceedDeliver --> Deliver[""Deliver""]
Deliver --> InformSuccess[""Inform successful delivery notification""]
"
68,"
graph LR
StartNode --> Decision1[""Check fulfillment initially?""]
Decision1 -->|Yes| ConfirmOrder[""Confirm Order""]
Decision1 -->|No| RejectOrder[""Reject Order""]
RejectOrder --> InformRejection[""Inform rejection notification""]
ConfirmOrder --> Decision2[""Check fulfillment again?""]
Decision2 -->|Yes| ProceedDeliver[""Proceed to deliver""]
Decision2 -->|No| RejectOrder
ProceedDeliver --> Deliver[""Deliver""]
Deliver --> InformSuccess[""Inform successful delivery notification""]
"
69,"
graph LR
0[""StartNode""] --> 1[""Generate payment report (weekly)""]
1 --> 2{""Fork""}
2 --> 3[""Pay vendor""]
2 --> 4[""Send report to Accounts Receivable (AR)""]
2 --> 5[""Send report to registry and select paid invoices""]

4 --> 6[""Generate monthly invoices for clients""]
6 --> 7[""Charge client $35""]

5 --> 8[""Select paid paper-based invoices""]
3 --> 9[""Merge 1""]
5 --> 9
4 --> 9
9 --> 10[""Archive invoices per vendor""]
10 --> 11[""Archive invoices per payment data""]
11 --> 12[""Track down payment""]
12 --> 13[""EndNode""]
"
70,"
graph LR
0[""StartNode""] --> 1[""Contact customer regarding backorder""]
1 --> 2{""Customer still wants order?""}
2 --> |""No""| 3[""Terminate order""]
3 -->4[""EndNode""]
2 --> |""Yes""|5[""Order out-of-stock merchandise from vendor""]
5 -->6[""Determine shipping time""]
6 -->7[""Notify customer of expected shipping date""]
7 -->8[""Postpone shipment until goods arrive""]
8 -->9[""Contact customer when goods arrive""]
9 -->10[""EndNode""]
"
71,"
graph LR
0[""StartNode""] --> 1[""Receiving the attendance request""]
1 --> 2[""Send email to advisor1""]
1 --> 3[""Send email to advisor2""]
1 --> 4[""Send email to advisor3""]
2 --> 5[""Respond to central office""]
3 --> 5
4 --> 5
5 --> 6[""EndNode""]
"
72,"
graph LR
0[""StartNode""] --> 1[""Prepare Shipment""]
0 --> 2[""Bill Customer""]
1 --> 3[""EndNode""]
2 --> 3
"
73,"
graph LR
0[""StartNode""] --> 1{""Verify RFQ?""}
1 --> |""No""| 2[""Ask for more information""]
2 --> 1
1 --> |""Yes""| 3[""Analyze RFQ and provide L&M Cost Estimates""]
3 --> 4{""Verify RFQ again?""}
4 --> |""No""| 2
4 --> |""Yes""| 5[""Add overhead costs and generate pricing options""]
5 --> 6{""Provide clarification and verify RFQ again?""}
6 --> |""No""| 2
6 --> |""Yes""| 7[""Generate sales quote""]
7 --> 8[""EndNode""]
"
74,"
graph LR
0[""StartNode""] --> 1[""Payment reports to Registry""]
1 --> 2[""Validated invoices to Registry""]
2 --> 3[""Receive payment reports""]
3 --> 4[""Receive validated invoices""]
4 --> 5[""Select paid invoices""]
5 --> 6[""Sort invoices by vendor""]
6 --> 7[""Sort invoices by payment date""]
7 --> 8[""Archive invoices""]
8 --> 9[""Determine invoices location""]
9 --> 10[""EndNode""]
"
75,"
graph LR
1[""StartNode""] --> 2[""Receive Order""]
2 --> 3{""Check Availability""}
3 --> |""Yes""|4[""Receive Payment""]
3 --> |""No""|5[""Procurement""]
5 --> 4
4 --> 6[""Ship Article""]
6 --> 7[""Financial Settlement""]
7 --> 8[""Order Fulfilled""]
"
76,"
graph LR
0[""StartNode""] --> 1[""Procure Part""]
1 --> 2{""Are all parts available?""}
2 --> |""Yes""|3[""End""]
2 --> |""No""|4{""Check if all parts are available?""}
4 --> |""Yes""|3
4 --> |""No""|5[""Part Auction""]
5 -->3
"
77,"
graph LR
0[""StartNode""] --> 1[""Request Petty Cash""]
1 --> 2[""Write Check""]
2 --> 3[""Enter into Payment Out Module (vendor, product, amount)""]
3 --> 4{""Seller Accepts Check?""}
4 --> |""Yes""|5[""Purchase Products""]
4 --> |""No""|6[""Cash the Check""]
5 --> 7[""Pay the Vendor""]
6 --> 7
7 --> 8[""EndNode""]
"
78,"
graph LR
0[""StartNode""] --> 1[""Create eBay account""]
1 --> 2[""Customer logs in""]
2 --> 3[""Customer browses for an item""]
3 --> 4[""Seller reviews item""]
3 --> 5[""Customer reviews item""]
4 --> 6[""Process concludes""]
5 --> 6
"
79,"
graph LR
1[""StartNode""] --> 2[""Report Problem""]
2 --> 3[""Send for Evaluation""]
3 --> 4[""Receive Estimate""]
4 --> 5{""Agree with Estimate?""}
5 --> |Yes| 6[""Authorize Repair""]
5 --> |No| 7[""Take Back Computer""]
7 --> 17[""EndNode""]
6 --> 8[""Submit Authorization""]
8 --> 9[""Perform Repair""]
9 --> 10{""Repair Successful?""}
10 --> |Yes| 11[""Receive Documentation""]
10 --> |No| 12[""Receive Incomplete Notice""]
11 --> 13{""Computer Fixed?""}
12 --> 13
13 --> |Yes| 14[""Send Payment""]
13 --> |No| 15[""Pick Up Computer""]
14 --> 17
15 --> 17
"
80,"
graph LR
0[""StartNode""] --> 1a[""Advise unsuccessful candidates verbally""]
0 --> 1b[""Provide feedback""]
1a --> 2a
1b --> 2a
2a --> 3[""Receive signed letter of appointment (1)""]
3 --> 4[""Scan into career website (1)""]
4 --> 5[""Send offer in writing""]
5 --> 6[""Receive signed letter of appointment (2)""]
6 --> 7[""Scan into career website (2)""]
7 --> 8[""Close vacancy (1)""]
8 --> 9[""Close vacancy (2)""]
9 --> 10[""EndNode""]
"
81,"
graph LR
0[""StartNode""] --> 1[""Enter vendor name""]
0 --> 2[""Enter client name""]
0 --> 3[""Enter date of arrival""]
1 --> 4[""EndNode""]
2 --> 4
3 --> 4
"
82,"
graph LR
Start[""StartNode""] --> 1[""Verify shipment content""]
1 --> 2[""Perform quality inspection""]
2 --> 3{""Material is okay?""}
3 --> |""Yes""|4[""Store materials in the right location""]
3 --> |""No""|5[""EndNode (Defective)""]
4 --> 5[""EndNode""]
"
83,"
graph LR
0[""StartNode""] --> 1[""Scan offer""]
0 --> 2[""Register offer""]
0 --> 3[""Send billing""]
0 --> 4[""Send pincode information""]
1 --> 5[""EndNode""]
2 --> 5
3 --> 5
4 --> 5
"
84,"
graph LR
0[""StartNode""] --> 1[""Check Order""]
1 --> 2[""Process Order""]
2 --> 3[""Send the books""]
2 --> 4[""Update inventory""]
3 --> 5[""Order complete""]
4 --> 5
5 --> 6[""EndNode""]
"
85,"
graph LR
0[""StartNode""] --> 1[""Incoming Package & Plasticware Item""]

1 --> 2[""Plasticware""]
1 --> 3[""Packaging Equipment""]
1 --> 4[""Cleaning Equipment""]

2 --> J1[""Join Node 1""]
3 --> J1
4 --> J1

J1 --> 5[""Kitchen Equipment""]
J1 --> 6[""Forks, Knives, Spoons""]
J1 --> 7[""Aluminum/Plastic Containers""]
J1 --> 8[""Plastic Wrap""]
J1 --> 9[""Container Lids""]

5 --> 10[""Item Categorization (Aluminum Foil, etc)""]
10 --> 11[""Cleaning Equipment (2nd Step)""]
11 --> 12[""Item Categorization (Surface cleaners, etc)""]
12 --> C_A[""Count""]

6 --> C_B[""Count""]

7 --> 13[""Item Categorization (Aluminum Foil, etc)""]
13 --> C_C[""Count""]

8 --> 14[""Item Categorization (Surface cleaners, etc)""]
14 --> C_D[""Count""]

9 --> 15[""Item Categorization (Aluminum Foil, etc)""]
15 --> C_E[""Count""]

C_A --> 16[""Store items based on item policy""]
C_B --> 16
C_C --> 16
C_D --> 16
C_E --> 16

16 --> 17[""EndNode""]
"
86,"
graph LR
0[""StartNode""] --> 1[""Order Request""]
1 --> 2{""Can order be fulfilled?""}
2 --> |""Yes""| 3[""Confirm Order""]
3 --> 4[""Deliver Order""]
4 --> 5[""EndNode""]

2 --> |""No""|6{""Capacity sufficient & parts needed?""}
6 --> |""Yes""|7[""Request parts""]
7 --> 8{""Are parts available?""}
8 --> |""Yes""|2
8 --> |""No""|9[""Request parts in auction""]
9 --> 10[""Procure parts from auction""]
10 --> 11{""Parts now available?""}
11 --> |""Yes""|2
11 --> |""No""|12[""Reject order (auction failed)""] 
12 -->5

6 --> |""No""|13[""Reject order (capacity insufficient)""]
13 -->5
"
87,"
graph LR
StartNode --> ValidateInvoice[""Validate invoice""]
ValidateInvoice --> RunPaymentProcess[""Run payment process""]
RunPaymentProcess --> GenerateReport[""Generate payment report weekly""]

GenerateReport --> SendClients[""Send payment report to individual clients""]
GenerateReport --> SendAR[""Send payment report to Account Receivable Department""]
GenerateReport --> SendRegistry[""Send payment report to Registry""]
GenerateReport --> ReceiveReport[""Receive payment report from Payment Office""]

SendRegistry --> EndRegistry[""Process ends after sending to Registry""]

ReceiveReport --> GenerateInvoices[""Generate monthly invoices""]
GenerateInvoices --> SendInvoices[""Send monthly invoices to clients""]
SendInvoices --> EndInvoices[""Payment invoice process ends""]
"
88,"
graph LR
0[""StartNode""] --> 1[""Backup database""]
1 --> 2{""Check Account Defaulter table for changes?""}
2 --> |Yes| 3{""Check if before 2:30 pm?""}
2 --> |No| 4[""Check CRM for new returns""]

3 --> |No| 6[""Alert supervisor""]
3 --> |Yes| 7[""Register defaulting accounts and customers""]
7 --> 4

4 --> 8{""New returns filed?""}
8 --> |Yes| 9[""Reconcile returns with existing account""]
8 --> |No| 10[""End process""] 

9 --> 11{""Check if client has been advised?""}
6 --> 10
7 --> 11
11 --> |No| 12[""Produce new table and send to supervisor""]
11 --> |Yes| 13{""Check if before 4:00 pm?""}

12 --> 13
13 --> |Yes| 10
13 --> |No| 14[""Alert supervisor""]
14 --> 10

"
89,"  
graph LR  
0[""StartNode""] --> 1[""Identify demand for material""]  
1 --> 2{""Goods Available?""}  
2 --> |""Yes""|3[""Utilize available material""]  
3 --> 12[""EndNode""]  
2 --> |""No""|4[""Specify material demand""]  
4 --> 5[""Create purchase requisition""]  
5 --> 6[""Verify requisition accuracy""]  
6 --> 7[""Create purchase order""]  
7 --> 8[""Notify vendor""]  
8 --> 9[""Vendor ships goods""]  
9 --> 10[""Create goods receipt""]  
10 --> 11[""Generate invoice receipt""]  
11 --> 12[""EndNode""]  
"
90,"
graph LR
0[""StartNode""] --> 1[""Fill in tenure application form""]
0 --> 2[""Create letter of application""]
0 --> 3[""Prepare attached documents""]
1 --> 4[""Lodge the application""]
2 --> 4
3 --> 4
4 --> 5[""EndNode""]
"
91,"
graph LR
0[""StartNode""] --> 1[""Scan offer is presented""]
1 --> 2[""Register acception contract is initiated""]
2 --> 3[""Billing information is sent""]
2 --> 4[""Pincode information is sent""]
3 --> 5[""Customer is created""]
4 --> 5
5 --> 6[""EndNode""]
"
92,"
graph LR
0[""StartNode""] --> 1[""Fork""]
1 --> 2[""Register Custom Declaration and support documents""]
1 --> 3[""Ship arrival notification""]
1 --> 4[""Document Checking""]
1 --> 5[""Payment Instruction""]
2 --> 6[""Join1""]
3 --> 6
4 --> 6
5 --> 6
6 --> 7[""Fork2""]
7 --> 8[""Release Goods""]
7 --> 9[""Processing Import Permit""]
7 --> 10[""Send Release Notification to Customs""]
8 --> 11[""Join2""]
9 --> 11
10 --> 11
11 --> 12[""EndNode""]
"
93,"
graph LR
1[StartNode] --> 2[""Order Request""]
2 --> 3{""Can Fulfill Order?""}
3 --> |Yes| 4[""Order Confirmation""]
4 --> 5[""Deliver Order""]
5 --> 6{""Parts Available?""}
6 --> |Yes| 7[""Link A (End)""]
6 --> |No| 9[""Part Auction""]
9 --> 10{""Parts Available?""}
10 --> |Yes| 7
10 --> |No| 11{""All Parts Obtained?""}
11 --> |Yes| 7
11 --> |No| 12[""Reject Order""]
12 --> 7

3 --> |No| 13{""Capacity OK & Parts Needed?""}
13 --> |Yes| 14[""Procure Parts""]
14 --> 3
13 --> |No| 15[""Reject Order""]
15 --> 7
"
94,"
graph LR
StartNode --> A[Define Marketing Goal]
A --> B[Determine Marketing Objectives]
B --> C[Define Primary Objectives]
B --> D[Define Primary Sub-Objectives]
C --> E[Determine Target Market]
D --> E
E --> F[Understand Product/Services]
F --> G[Determine Business Location]
G --> H[Determine Product/Services Prices]
H --> I[Determine Financial Plan Budget]
I --> J[Generate Marketing Strategies]
J --> K[Create Market Development]
K --> L[Create Promotional Techniques]
L --> M[Create Monitoring Techniques]
M --> EndNode
"
95,"
graph LR
0[""StartNode""] --> 1[""Identify demand""]
1 --> 2[""Choose supplier""]
2 --> 3{""Check if company is ours?""}
3 --> |""Yes""|4[""Place order""]
4 --> 5[""EndNode""]
3 --> |""No""|6{""Check again if company is ours?""}
6 --> |""Yes""|4
6 --> |""No""|5
"
96,"
graph LR
0[""StartNode""] --> 1[""Customer encounters problem""]
1 --> 2[""Ask questions""]
2 --> 3[""Answer questions""]
3 --> 4{""Account manager can handle?""}
4 --> |""Yes""|5[""Provide solution""]
5 --> 6[""EndNode""]
4 --> |""No""|7[""Allocate to first level support""]
7 --> 8{""First level support can handle?""}
8 --> |""Yes""|9[""Feedback to account manager""]
9 --> 6
8 --> |""No""|10[""Allocate to first developer""]
10 --> 11[""Feedback to first level support""]
11 --> 12[""Feedback to account manager""]
12 --> 13[""Provide solution""]
13 --> 6
"
97,"
graph LR
0[""StartNode""] --> 1[""Need to add/drop class""]
1 --> 2[""Check ESIS system availability""]
2 --> 3{""System allows add/drop?""}
3 --> |Yes|4[""Complete online transaction""]
3 --> |No|5[""Request form at registrar’s office""]
4 --> 6[""EndNode""]
5 --> 7[""Receive form""]
7 --> 8[""Send form to instructor for approval/signature""]
8 --> 9[""Receive form back from instructor""]
9 --> 10[""Send form to advisor for approval/signature""]
10 --> 11[""Receive form back from advisor""]
11 --> 12[""Send form to registrar’s office to process transaction""]
12 --> 6
"
98,"
graph LR
0[""StartNode""] --> 1[""Verify contents""]
1 --> 2[""Perform quality inspection""]
2 --> 3{""Materials okay?""}
3 --> |Yes|4[""Store materials""]
3 --> |No|5[""Send back to supplier""]
4 --> 6[""EndNode""]
5 --> 6
"
99,"
graph LR
0[""StartNode""] --> 1[""Conduct patient interview""]
0 --> 2[""File results from interviews and expertise""]
1 --> 3[""Contact expert for review of the doctor""]
2 --> 3
3 --> 4[""Create report""]
4 --> 5[""EndNode""]
"
100,"
graph LR
0[StartNode] --> 1[Send Main Document]
1 --> 2{Should Supplement A be sent?}
2 --> |Yes|3[Send Supplement A]
2 --> |No|10[EndNode]
3 --> 4{Should Supplement A be sent again?}
4 --> |Yes|5[Send Supplement A again]
4 --> |No|10
5 --> 6{Should Supplement B be sent?}
6 --> |Yes|7[Send Supplement B]
6 --> |No|10
7 --> 8{Should Supplement B be sent again?}
8 --> |Yes|9[Send Supplement B again]
8 --> |No|10
9 --> 10
"
101,"
graph LR
0[""StartNode""] --> 1[""ForkNode""]  
1 --> 2[""Select Meetings p1""]  
1 --> 3[""Answer questions from panel members""]  

2 --> 4[""Send Consolidated Referee Forms""]  
4 --> 5[""Send Round 2 Evaluation Form""]  
5 --> 6[""Follow up with Evaluation Sheet""]  
6 --> 7[""Receive Evaluation Sheets""]  
7 --> 8[""Consolidate the evaluations""]  

3 --> 9[""Log any questions in FAQ""]  

8 --> 10[""JoinNode""]  
9 --> 10  
10 --> 11[""EndNode""]  
"
102,"
graph LR
0[""StartNode""] --> 1[""Check low inventory""]
1 --> 2[""Create purchase requisition""]
2 --> 3[""Submit purchase order""]
3 --> 4[""Send order materials""]
4 --> 5[""Inspect materials""]
5 --> 6{""Materials received okay?""}
6 --> |Yes| 7[""Prepare goods receipt document""]
6 --> |No| 8[""Communicate problems""]
8 --> 4
7 --> 9[""Prepare and send invoice""]
9 --> 10[""Verify document""]
10 --> 11[""Send payment""]
11 --> 12[""EndNode""]
"
103,"
graph LR
0[""StartNode""] --> 1[""Discovering""]
1 --> 2[""Gathering""]
2 --> 3{""Vulnerability found?""}
3 --> |""Yes""|4[""Exploiting""]
4 --> 5[""Mending""]
5 --> 6[""Adjusting""]
6 --> 1
3 --> |""No""|7[""EndNode""]
"
104,"
graph LR
0[""StartNode""] --> 1[""Continue Process""]
0 --> 2[""Continue Process""]
1 --> 3[""JoinNode""]
2 --> 3
3 --> 4[""Invoice Received""]
4 --> 5[""Open and categorize invoices""]
5 --> 6[""Send invoices to Admin Officer(s)""]
6 --> 7[""Continue Process again""]
7 --> 8[""Send invoices again""]
8 --> 9[""EndNode""]
"
105,"
graph LR
0[""StartNode""] --> 1[""Master Production Scheduling""]
1 --> 2[""MRP run""]
2 --> 3[=fork=]
3 --> 4[""Capacity plan review and adjustment""]
3 --> 5[""Production plan review and adjustment""]
3 --> 6[""Local supply planning""]
6 --> 7[""PIM plan review""]
4 --> 8[=join=]
5 --> 8
7 --> 8
8 --> 9[""Detailed production scheduling""]
9 --> 10[""EndNode""]
"
106,"
graph LR
0[""StartNode""] --> 1[""Indicate computer not working""]
1 --> 2[""Bring in for repair""]
2 --> 3[""Describe the problem""]
3 --> 4{""Estimate satisfactory?""}
4 --> |""No""| 5[""Take computer home""]
4 --> |""Yes""| 6[""Authorize repair""]
6 --> 7[""Pick up computer""]
7 --> 8[""Make payment""]
5 --> 9[""EndNode""]
8 --> 9
"
107,"
graph LR
0[""StartNode""] --> 1[""Conduct property title search""]
0 --> 2[""Check credit history""]
1 --> 3[""JoinNode""]
2 --> 3
3 --> 4[""Property survey""]
4 --> 5{""Make Offer?""}
5 --> |Yes| 6[""Process ends""]
5 --> |No| 6
"
108,"
graph LR
0[""StartNode""] --> 1[""Check invoice has arrived""]
1 --> 2[""Verify completeness""]
2 --> 3[""Scan invoice into computer""]
3 --> 4[""Make payment""]
3 --> 5[""Store records electronically""]
4 --> 6[""EndNode""]
5 --> 6
"
109,"
graph LR
0[""StartNode""] --> 1[""Create Supplier Master Data""]
1 --> 2[""Prepare Supplier Master Data for Target System""]
2 --> 3[""Distribute to Target System""]
3 --> 4[""Notify Requestor and Stewards""]
3 --> 5[""Deploy Supplier Master Data to Target Systems""]
4 --> 6[""EndNode""]
5 --> 6
"
110,"
graph LR
0[""StartNode""] --> 1[""Initiate weekly process for discounts""]
1 --> 2[""Pay invoices (automated)""]
2 --> 3[""Generate payment report""]
3 --> 4[""Send to Accounts Receivable""]
3 --> 5[""Send to registry""]
3 --> 6[""Generate monthly invoices""]
6 --> 7[""Send out invoices""]
7 --> 8[""EndNode""]
4 --> 8
5 --> 8
"
111,"
graph LR
0[""StartNode""] --> 1[""TASK1""]
1 --> 2[""TASK2""]
2 --> 3[""TASK3""]
2 --> 4[""TASK4""]
2 --> 5[""TASK5""]
3 --> 6[""EndNode""]
4 --> 6
5 --> 6
"
112,"
graph LR
0[""StartNode""] --> 1[""Initiate imgShare Process""]
1 --> 2[""Apply filter""]
2 --> 3[""Login to Flickr account""]
3 --> 4[""Upload image""]
4 --> 5[""Post the image on Twitter""]
5 --> 6{""Want to tweet?""}
6 --> |""No""|7[""EndNode""]
6 --> |""Yes""|8[""Login to Twitter account""]
8 --> 9{""Again, want to tweet?""}
9 --> |""No""|7
9 --> |""Yes""|10[""Login to Twitter account""]
10 --> 11[""Compose tweet""]
11 --> 7
"
113,"
graph LR
0[""StartNode""] --> 1[""Self Evaluation""]
0 --> 2[""PM Evaluation""]
0 --> 3[""HR Evaluation""]
1 --> 4[""EndNode""]
2 --> 4
3 --> 4
"
114,"
graph LR
0[""StartNode""] --> 1[""Delay for 48 hours""]
0 --> 2[""Monitor issue votes""]
1 --> 3[""Send email warning about the vote deadline""]
2 --> 3
3 --> 4[""Delay for 24 hours""]
4 --> 5[""Close voting""]
5 --> 6[""Moderate voting discussion""]
6 --> 7[""EndNode""]
"
115,"
graph LR
0[""StartNode""] --> 1[""Verify contents and quality inspection""]
1 --> 2{""Check if material is OK?""}
2 --> |""Yes""|3[""Store materials in correct location""]
2 --> |""No""|4[""Report issue""]
4 --> 5[""EndNode""]
3 --> 6{""More batches?""}
6 --> |""Yes""|1
6 --> |""No""|5
"
116,"
graph LR
0[""StartNode""] --> 1[""Verify RFQ""]
1 -->|Yes| 2[""Analyze RFQ and provide L&M estimates""]
2 --> 3[""Add overhead costs and generate pricing options""]
3 --> 4[""Generate sales quote""]
4 --> 5[""EndNode""]

1 -->|No| 6[""Ask for more information""]
6 --> 7[""Provide clarification""]
7 --> 2

3 -->|After generating pricing options| 8[""Provide clarification again""]
8 --> 9[""Verify RFQ again""]
9 -->|Yes| 10[""Add overhead costs and generate pricing options again""]
10 --> 11[""Generate sales quote again""]
11 --> 5

9 -->|No| 6
"
117,"
graph LR
StartNode[""StartNode""] --> D1{""Are raw materials available?""}
D1 -->|Yes| D2{""Is the raw material in production line?""}
D1 -->|No| CA[""Create alarm (not enough raw material)""]
CA --> EndNode[""EndNode""]
D2 -->|Yes| A[""Allocate raw material to production line""]
A --> EndNode
D2 -->|No| RT[""Request transfer of raw material to production line""]
RT --> D2
"
118,"
graph LR
0[""StartNode""] --> 1[""Go to supermarket""]
1 --> 2[""Select chocolate""]
1 --> 3[""Pick out a bunch of flowers""]
2 --> 4[""Proceed to cash desk""]
3 --> 4
4 --> 5[""Make payment""]
5 --> 6[""EndNode""]
"
119,"
graph LR
0[""StartNode""] --> 1[""Receive request""]
1 --> 2[""Write check""]
2 --> 3[""Document to open bravo as payable""]
3 --> 4{""Seller accepts check?""}
4 -->|Yes| 5[""Pay vendor""]
4 -->|No| 6[""Cash check""]
6 --> 5
5 --> 7[""EndNode""]
"
120,"
graph LR
StartNode --> Decision1{""Verify RFQ?""}
Decision1 --> |Yes| Activity1[""Analyze RFQ and provide estimates""]
Decision1 --> |No| Activity2[""Ask for more information""]
Activity2 --> Activity3[""Provide clarification""]
Activity3 --> Decision2{""Verify RFQ again?""}
Decision2 --> |Yes| Activity1
Decision2 --> |No| Activity2
Activity1 --> Activity4[""Add overhead costs""]
Activity4 --> Activity5[""Generate pricing options""]
Activity5 --> Activity6[""Generate sales quote""]
Activity6 --> EndNode
"
121,"
graph LR
0[""StartNode""] --> 1[""Incident Identification""]
1 --> 2[""Incident Lodgement""]
2 --> 3[""Fork""]
3 --> 4[""Incident Categorisation""]
3 --> 5[""Incident Prioritisation""]
4 --> 6[""Join""]
5 --> 6
6 --> 7[""Initial Diagnosis""]
7 --> 8[""Escalation""]
8 --> 9[""Investigation & Diagnosis""]
9 --> 10{""Resolution identified?""}
10 --> |Yes| 11[""Incident Recovery""]
10 --> |No| 8
11 --> 12[""EndNode""]
"
122,"
graph LR
0[""StartNode""] --> 1[""Log In""]
1 --> 2[""Enter Apple ID""]
1 --> 3[""Enter Password""]
2 --> 4[""Successfully Logged In""]
3 --> 4
4 --> 5[""EndNode""]
"
123,"
graph LR
0[""StartNode""] --> 1[""Verify contents""]
1 --> 2[""Quality inspection""]
2 --> 3{""Check material OK?""}
3 --> |""Yes""|4[""Store materials""]
3 --> |""No""|5[""EndNode (Wrong materials)""]
4 --> 3
"
124,"
graph LR
0[""StartNode""] --> 1[""ForkNode""]
1 --> 2[""Check Customer's Credit History""]
1 --> 3[""Conduct Property Survey""]
2 --> 4[""JoinNode""]
3 --> 4
4 --> 5[""Search Property Title""]
5 --> 6[""EndNode""]
"
125,"
graph LR
    0[""StartNode""] --> 1[""Initiate new participant""]
    1 --> 2{""Check age (≥18?)""}
    
    2 --> |Yes| 3[""Fill medical certificate""]
    3 --> 4[""Sign medical certificate (requires data object)""]
    4 --> 5[""Check completeness of documents (D1)""]

    2 --> |No| 6[""Pass required documents""]
    6 --> 7[""Fill documents""]
    7 --> 8[""Sign documents""]
    8 --> 5
    
    5 --> |OK| 9[""Save process""]
    5 --> |No| 10[""Fix documents""] 
    10 --> 5
    
    9 --> 11[""Fill documents one day before departure""]
    11 --> 12[""Sign non-infectivity confirmation (requires data object)""]
    12 --> 13[""Departure""]
    
    13 --> 14[""Check completeness again (D2)""]
    14 --> |OK| 15[""Take child's non-infectivity confirmation""]
    14 --> |No| 16[""Fix documents""] 
    16 --> 14
    
    15 --> 17[""EndNode""]
"
126,"
graph LR
0[""StartNode""] --> 1[""Verify contents""]
1 --> 2{""Material OK?""}
2 --> |Yes|3[""Store materials""]
2 --> |No|4[""EndNode""]
3 --> 5{""Material OK?""}
5 --> |Yes|4
5 --> |No|4
"
127,"
graph LR
0[""StartNode""] --> 1[""Receive Order""]
1 --> 2[""Send Invoice""]
1 --> 3[""Ship Products""]
2 --> 4[""Receive Payment""]
3 --> 4
4 --> 5[""EndNode""]
"
128,"
graph LR
0[""StartNode""] --> 1[""Register Participation""]
1 --> 2{""Check Fees?""}
2 --> |""No Fees""|3[""Register Seminar Results""]
2 --> |""Yes Fees""|4[""Create Purchase Request""]
3 -->5[""EndNode""]
4 -->6{""Check Fees again?""}
6 --> |""No Fees""|7{""Check Purchase Approval?""}
6 --> |""Yes Fees""|4
7 --> |""Rejected""|8[""Notify Rejection""]
7 --> |""Approved""|9[""Send Approval Notification""]
8 -->5
9 -->3
3 -->5
"
129,"
graph LR
0[""StartNode""] --> 1[""Receive message from nuclear plant""]
1 --> 2[""Activate crisis cell""]
2 --> 3[""ForkNode""]
3 --> 4[""Inform media (PUI activated)""]
3 --> 5[""Establish safety perimeter""]
3 --> 6[""Develop circulation plan""]
4 --> 7[""JoinNode1""]
5 --> 7
6 --> 7
7 --> 8[""Inform media/public regularly until process concludes""]
8 --> 9[""ForkNode2""]
9 --> 10[""Define safety perimeter""]
9 --> 11[""Define circulation plan""]
10 --> 12[""Request implementation of safety perimeter""]
11 --> 13[""Request implementation of circulation plan""]
12 --> 14[""JoinNode3""]
13 --> 14
14 --> 15[""EndNode""]
"
130,"
graph LR
    0[StartNode] --> 1[Informal Meeting]
    1 --> 2{Check Success?}
    2 -->|No| 17[EndNode]
    2 -->|Yes| 3[Schedule Another Meeting]
    3 --> 4[Fork]
    4 --> 5[Website Design]
    4 --> 6[Preparation of Contents & Initial Draft]
    5 --> 7[Website Development]
    7 --> 8[Building Phase]
    6 --> 9[Marketing Review]
    9 --> 10[Preparation of Final Version]
    10 --> 8
    8 --> 11[Review Activity]
    11 --> 12{Approved?}
    12 -->|Yes| 17
    12 -->|No| 8
"
131,"
graph LR
0[""StartNode""] --> 1[""Receive Expense Report""]
1 --> 2[""Wait 7 Days""]
2 --> 3{""Check Existing Account?""}
3 --> |Yes|4[""Automatically Review Account""]
3 --> |No|5[""Create New Account""]
5 --> 4
4 --> 6[""Wait Another 7 Days""]
6 --> 7[""Send Approval In Progress Email""]
7 --> 8{""Check Amounts Under $200?""}
8 --> |Yes|9[""Automatically Approve""]
8 --> |No|10[""Supervisor Review""]
9 --> 11[""Check 28th Day?""]
10 --> 11
11 --> |Yes|12[""Send Cancellation & Resubmit""] --> 14[""EndNode""]
11 --> |No|13[""Wait 7 Days""] --> 11
9 --> 15[""Check Approval Status""]
9 --> 15
10 --> 15
15 --> |Approved|16[""Transfer Reimbursement""] --> 14
15 --> |Not Approved|17[""Send Rejection Email""] --> 14
"
132,"
graph LR
0[""StartNode""] --> 1[""Low Inventory""]
1 --> 2[""Create P.R.""]
2 --> 3[""Submit P.O.""]
3 --> 4[""Ship Material""]
4 --> 5{""Check Shipment OK?""}
5 --> |""Yes""|6[""Send Payment""]
6 --> 7[""EndNode""]
5 --> |""No""|8[""Communicate Shipment Problems""]
8 --> 5
"
133,"
graph LR
0[""StartNode""] --> 1[""Feeling hungry""]
1 --> 2[""Go shopping""]
2 --> 3[""Take salad""]
2 --> 4[""Take wine""]
2 --> 5[""Take sausages""]
3 --> 6[""Pay for products""]
4 --> 6
5 --> 6
6 --> 7[""Have enough to eat""]
"
134,"
graph LR
0[""StartNode""] --> 1[""Choose protein family""]
1 --> 2[""Retrieve sequences for animals""]
2 --> 3[""Gene annotation""]
2 --> 4[""PHOG 1.0""]
2 --> 5[""BLAST p directions""]
3 --> 6[""Consensus reached""]
4 --> 6
5 --> 6
6 --> 7[""EndNode""]
"
135,"
graph LR
0[""StartNode""] --> 1[""Accept the offer""]
1 --> 2[""Send offer for signing""]
2 --> 3[""Receive signed offer""]
3 --> 4[""Scan signed offer""]
3 --> 5[""Register contract acceptance""]
4 --> 6[""Join""]
5 --> 6
6 --> 7[""Send billing information""]
7 --> 8[""Send pincode information""]
8 --> 9[""Receive pincode information""]
9 --> 10[""Process ends: Offer treated as accepted""]
"
136,"
graph LR
0[StartNode] --> 1[Feeling Hungry]
1 --> 2[Choose and enter restaurant]
2 --> 3[Get menu]
3 --> F1[Fork]
F1 --> 4[Order Salad]
F1 --> 5[Order Wine]
4 --> J1[Join]
5 --> J1
J1 --> 6[Eat Salad]
6 --> 7[Drink Wine]
7 --> 8[Ask for bill]
8 --> 9[Receive bill]
9 --> 10[Pay bill]
10 --> 11[Leave restaurant]
11 --> 12[Hunger satisfied]
12 --> 13[EndNode]
"
137,"
graph LR
0[""StartNode""] --> 1[""Manual Trigger START command""]
1 --> 2[""Check Inventory Levels""]
2 --> 3[""Send Late Notice""]
2 --> 4[""Prepare Materials for Shipment""]
3 --> 5[""Notify Accounts Receivable""]
5 --> 6[""EndNode1""]
4 --> 7[""Send Shipment""]
7 --> 8[""Send Delivery Notice""]
8 --> 9[""EndNode2""]
"
138,"
graph LR
0[""StartNode""] --> 1[""Enter Expenses""]
1 --> 2[""Generate Spreadsheet""]
2 --> 3{""Approval Check?""}
3 --> |No| 1
3 --> |Yes|4[""Payout Expenses""]
4 --> 5{""Secondary Approval Check?""}
5 --> |No| 1
5 --> |Yes|6[""EndNode""]
"
139,"
graph LR
StartNode --> a[""Sequence position""]
StartNode --> b[""Sequence neighborhood""]
StartNode --> c[""Distance from membrane""]
a --> d[""ANOVA analysis""]
b --> d
c --> d
d --> decisionNode{""Variance between clusters greater than within?""}
decisionNode -->|Yes| EndNode
decisionNode -->|No| EndNode
"
140,"
graph LR
0[""StartNode""] --> 1[""Write up hard-copy ticket""]
1 --> 2[""Enter ticket into system and process order""]
2 --> 3{""Is order verified?""}
3 --> |Yes|4[""Send to processing plant""]
3 --> |No|5[""Reject order""]
4 --> 6[""Production phase""]
6 --> 7[""Products shipped""]
7 --> 8[""Products warehoused""]
8 --> 9[""Sent to customer""]
9 --> 10[""EndNode""]
5 --> 11[""Archive order""]
11 --> 10
"
141,"
graph LR
0[""StartNode""] --> 1{""Has Driver's License AND Age 17?""}
1 -->|No| 2[""Wait until conditions met""]
2 --> 1
1 -->|Yes| 3{""Exactly 17 years old?""}
3 -->|Yes|4[""Ensure Accompanying Person Present""]
3 -->|No|5[""Proceed without Accompanying Check""]
4 --> 6[""Find Accompanying Person""]
5 --> 6
6 --> 7{""Over 30 AND 5 Years License?""}
7 -->|Yes|8[""State Accompanying Person""]
7 -->|No| 9[""EndNode - Requirements Not Met""]
8 --> 10[""EndNode - Process Completed""]
"
142,"
graph LR
0[""StartNode""] --> 1[""Check customer's credit history""]
0 --> 2[""Conduct property survey""]
1 --> 3[""Search for property title""]
2 --> 3
3 --> 4[""EndNode""]
"
143,"
graph LR
0[""StartNode""] --> 1[""Repair Request""]
1 --> 2[""Check Device""]
2 --> 3{""Device broken?""}
3 --> |""No""| 1
3 --> |""Yes""| 4{""External repair needed?""}
4 --> |""Yes""| 5[""Provide info for external repair""]
4 --> |""No""| 6[""Repair device ourselves""]
5 --> 7[""Recheck device""]
6 --> 7
7 --> 8{""External repair done?""}
8 --> |""Yes""| 9[""EndNode""]
8 --> |""No""| 10[""Ratify repair and add record""]
10 --> 11[""Plan next revision""]
11 --> 9
"
144,"
graph LR
    StartNode --> InformalMeeting[""Informal meeting (half day)""]
    InformalMeeting --> InformalSuccess{""Informal meeting successful?""}
    InformalSuccess --> |""No""| EndNode
    InformalSuccess --> |""Yes""| StoryboardMeeting[""Full-day storyboard meeting""]
    StoryboardMeeting --> StoryboardSuccess{""Storyboard meeting successful?""}
    StoryboardSuccess --> |""No""| EndNode
    StoryboardSuccess --> |""Yes""| ForkNode[""Fork""]
    ForkNode --> Design[""10-day design phase""]
    ForkNode --> Content[""5-day initial draft content""]
    Design --> JoinNode[""Join""]
    Content --> JoinNode
    JoinNode --> Development[""2-day development phase""]
    Development --> MarketingNecessity{""Marketing review necessity (40% vs 60%)""}
    MarketingNecessity --> |""40%""| PrepareFinal[""4-day preparation of final version""]
    MarketingNecessity --> |""60%""| MarketingReview[""Marketing review (6 days)""]
    MarketingReview --> EndNode
    PrepareFinal --> Building[""3-day building phase""]
    Building --> CheckingPhase[""1-day checking phase""]
    CheckingPhase --> CheckApproval{""Checking approved?""}
    CheckApproval --> |""Yes""| EndNode
    CheckApproval --> |""No""| AdditionalBuilding[""Additional 3-day building""]
    AdditionalBuilding --> CheckingPhase
"
145,"
graph LR
0[""StartNode""] --> 1[""Go Home""]
0 --> 2[""Hear Music""]
1 --> 3[""Make Homework""]
2 --> 3
3 --> 4[""EndNode""]
"
146,"
graph LR
0[""StartNode""] --> 1[""Validate the received invoice""]
1 --> 2[""Run payment process weekly""]
2 --> 3[""Send payment""]
3 --> 4[""Generate payment report""]
4 --> 5[""Send Report to Registry""]
4 --> 6[""Send Report to Account Receivable""]
5 --> 7[""Select invoices for archiving""]
7 --> 8[""Mark invoices as ready""]
6 --> 9[""Generate invoices for SSP Clients monthly""]
8 --> 10[""EndNode""]
9 --> 10
"
147,"
graph LR
0[""StartNode""] --> 1[""Receive machine from customer""]
1 --> 2[""Gather fault information""]
2 --> 3[""Write service contract""]
3 --> 4[""Obtain customer signature""]
4 --> 5[""ForkNode""]
5 --> 6[""Place contract half with machine""]
5 --> 7[""Give customer their contract half""]
6 --> 8[""JoinNode""]
7 --> 8
8 --> 9[""Write contract number on sticker and attach to machine""]
9 --> 10[""Transport machine to workshop""]
10 --> 11[""Receive machine at workshop""]
11 --> 12[""EndNode""]
"
148,"
graph LR
0[""StartNode""] --> 1{""Check Order Request?""}
1 --> |""Yes""| 2[""Order Confirmation""]
1 --> |""No""| 3{""Check again?""}
3 --> |""Yes""| 2
3 --> |""No""| 4[""Order Rejection""]
2 --> 5[""Deliver and end""]
4 --> 6[""Mark and end""]
"
149,"
graph LR
0[""StartNode""] --> 1[""Select vbelv & vbeln from vbfa into ivbfa_completo_t""]
1 --> 2[""Produce data object 'Join & Sort -> potentiell langsam'""]
2 --> 3[""Sort the result""]
3 --> 4[""Perform NOP""]
4 --> 5[""Copy vbelv's from ivbfa_completo_t to it_unolips""]
5 --> 6[""Sort it_unolips and remove duplicates""]
6 --> 7[""Remove entries from it_likp without vbeln in it_unolips""]
7 --> 8[""Left outer join between lips and it_likp (store in it_lipsm)""]
8 --> 9[""Sort it_lipsm and remove duplicates""]
9 --> 10[""Left outer join between vbfa and it_lipsm (store in it_vbfa_completo)""]
10 --> 11[""Remove entries where plmin != '+' and sort""]
11 --> 12[""Left outer join between lips and it_unolips (store in it_lips)""]
12 --> 13[""Sort it_likp by vbeln and select into it_lifex""]
13 --> 14[""Replace it_vbfa_completo-secuencia with it_lifex-lifex""]
14 --> 15[""Perform busca_pedido_vbapt and busca_factura_vbapt; clear errors""]
15 --> 16{""Check 'c_si in r_valida'?""}
16 --> |""No""|17[""Left outer join vbap and it_vbfa_completo into imatkl""]
16 --> |""Yes""|18{""Check 'pvstel in r_exclog'?""}
18 --> |""Yes""|19[""Remove rows from it_nofacturado that aren't errors""]
18 --> |""No""|17
19 --> 17
17 --> 20[""Transfer maktl from imaktl to it_vbfa_completo""]
20 --> 21{""Check 'it_nofacturado empty?'?""}
21 --> |""No""|22[""Set/print error""]
21 --> |""Yes""|23[""Proceed without error""]
22 --> 24{""Check 'error?'?""}
23 --> 24
24 --> |""No""|25[""Left outer join vbap and it_vbfa_completo into imatkl""]
24 --> |""Yes""|26[""Process ends""]
25 --> 27[""EndNode""]
"
150,"
graph LR
0[""StartNode""] --> 1[""Visit Travel agency""]
1 --> 2[""Make decision on the trip""]
2 --> 3[""Select Land""]
2 --> 4[""Choose Tour""]
3 --> 5[""Book Italy""]
4 --> 6[""Book Venice""]
5 --> 7[""Pay Permit""]
6 --> 7
7 --> 8[""Obtain Permit""]
8 --> 9[""Organize Vacation""]
9 --> 10[""EndNode""]
"
151,"
graph LR
0[""StartNode""] --> 1[""Conduct Property Survey""]
0 --> 2[""Conduct Property Title Search""]
1 --> 3
2 --> 3
3 --> 4[""Check customers Credit History""]
4 --> 5[""EndNode""]
"
152,"
graph LR
0[""StartNode""] --> 1[""Conduct Assessment""]
1 --> 2[""Check Credit History""]
1 --> 3[""Conduct Property Title Search""]
1 --> 4[""Perform Property Survey""]
2 --> 5[""EndNode""]
3 --> 5
4 --> 5
"
153,"
graph LR
0[StartNode] --> 1[Request Material]
1 --> 2{Check Inventory?}
2 -->|Yes| 3[Manage Transfers]
2 -->|No| 4[Place Orders to Suppliers]
3 --> 5[Material Available]
4 --> 6[Monitor Progress of Purchase Orders]
6 --> 7[Receive Incoming Material Supplies]
7 --> 5
5 --> 8[ForkNode]
8 -->|1| 9[Receive Requested Material]
8 -->|2| 10[Release Invoices for Payment]
9 --> 11[EndNode]
10 --> 11
"
154,"
graph LR
0[""StartNode""] --> 1[""Select Meetings p1""]
1 --> 2[""Send Consolidated Referee Forms""]
2 --> 3[""Send Round 2 Evaluation Form""]
3 --> 4[""Follow up with evaluation sheet""]
4 --> 5[""Receive Evaluation Sheets""]
5 --> 6[""Consolidate evaluations""]
1 --> 7[""Answer panel member questions""]
7 --> 8[""Log questions in FAQ""]
6 --> 9[""JoinNode""]
8 --> 9
9 --> 10[""EndNode""]
"
155,"  
graph LR  
0[""StartNode""] --> 1[""Change status to Tender""]  
1 --> 2[""Send email enclosing load tenders""]  
2 --> 3[""Consolidate load tenders""]  
3 --> 4[""Print shipping labels and picking list""]  
4 --> 5[""Sort labels by customer and item type""]  
5 --> 6[""Assign loading doors to orders""]  
6 --> 7[""Forklift collects items for order""]  
7 --> 8{""Check if all items are available?""}  
8 --> |""Yes""| 9[""Leave order at door and stick labels""]  
8 --> |""No""| 10[""Inform customer clerk""]  
9 --> 11[""EndNode""]  
10 --> 11  
"
156,"
graph LR
0[""StartNode""] --> 1[""Collect Mail""]
1 --> 2[""Sort unopened mail""]
2 --> 3[""Sort opened mail""]
3 --> 4[""Register mail""]
4 --> 5[""Check compliance""]
5 --> 6{""Is compliant?""}
6 --> |Yes| 7[""Capture matter details""]
6 --> |No| 8[""Compile Requisition""]
8 --> 9[""EndNode""]

7 --> 10[""Receive payment""]
10 --> 11[ForkNode]
11 --> 12[""Prepare response""]
11 --> 13[""Capture party details""]
12 --> 14[JoinNode]
13 --> 14
14 --> 15[""Print file server""]
15 --> 9
"
157,"
graph LR
0[""StartNode""] --> 1[""Check customary credit history""]
0 --> 2[""Conduct Property Survey""]
1 --> 3[""Search for property title""]
2 --> 3
3 --> 4[""EndNode""]
"
158,"
graph LR
StartNode[""Start""] --> 1[""Customer reports problem""]
1 --> 2[""Ask questions""]
2 --> 3[""Answer questions""]
3 --> 4{""Account Manager can handle?""}
4 -->|Yes| 5[""Solution provided (End)""]
4 -->|No| 6[""First-level support assistance""]
6 --> 7{""First-level can handle?""}
7 -->|Yes| 8[""Feedback to Account Manager""]
7 -->|No| 9[""Developer help""]
8 --> 5
9 --> 10[""Feedback to first-level support""]
10 --> 11[""Feedback to Account Manager""]
11 --> 5
"
159,"
graph LR
StartNode --> 1[""Acknowledge hunger""]
1 --> 2[""Choose a dish""]
2 --> 3[""Select spaghetti""]
2 --> 4[""Choose a drink""]
3 --> 5[""Order spaghetti""]
4 --> 6[""Place order for drink""]
5 --> 7[""Join after orders""]
6 --> 7
7 --> 8[""Eat spaghetti""]
7 --> 9[""Have the drink""]
8 --> 10[""Join after eating/drinking""]
9 --> 10
10 --> 11[""Settle the bill""]
11 --> 12[""EndNode""]
"
160,"
graph LR
0[""StartNode""] --> 1[""Receive Order""]
1 --> 2[""Send Invoice""]
1 --> 3[""Ship Products""]
2 --> 4[""Receive Payment""]
3 --> 4
4 --> 5[""EndNode""]
"
161,"
graph LR
0[""StartNode""] --> 1[""BG.BG""]
0 --> 5[""DC""]
1 --> 2[""BH.BH""]
2 --> 3[""DG.DG""]
3 --> 4[""BE.BE""]
4 --> 6[""DF""]
5 --> 6a[""DE.DD""]
6a --> 7[""CW""]
6 --> 8[""JoinNode""]
7 --> 8
8 --> 9[""CU""]
9 --> 10[""EndNode""]
"
162,"
graph LR
    0[""StartNode""] --> 1[""Receive invoice""]
    1 --> 2[""Make payment""]
    2 --> 3[""Bank receives payment and checks accounts""]
    3 --> |""Contact needed?""| 4[""Contact customer (1st strike)""]
    3 --> |""Resolve needed?""| 14[""Resolve invoice via journal entry""]
    
    4 --> 5{""Check if payment made?""}
    5 --> |""Yes""| 15[""EndNode""]
    5 --> |""No""| 6[""Contact customer (2nd strike)""]
    
    6 --> 7{""Check if payment made?""}
    7 --> |""Yes""| 15
    7 --> |""No""| 8[""Contact customer (3rd strike)""]
    
    8 --> 9{""Check if payment made?""}
    9 --> |""Yes""| 15
    9 --> |""No""| 10[""Negotiations with customer""]
    10 --> 15
    
    14 --> 11[""Create journal entry""]
    11 --> 12[""Debit cash account""]
    12 --> 15
"
163,"
graph LR
0[""StartNode""] --> 1[""Announce arrival""]
1 --> 2{""Has the person already registered?""}
2 --> |""Yes""|3[""Request registration form""]
2 --> |""No""|4[""Send registration details""]
3 --> 5[""Announce start of measurement""]
5 --> 6[""EndNode""]
4 --> 7[""EndNode""]
"
164,"
graph LR
StartNode --> DecisionA[""Check Offer Signed?""]
DecisionA -->|No| RegisterOfferLoss[""Register Offer Loss""]
RegisterOfferLoss --> RegisterOpportunityLoss[""Register Opportunity Loss""]
RegisterOpportunityLoss --> EndNode[""Process Ends""]
DecisionA -->|Yes| ProceedReception[""Proceed to Reception and Sign Offer""]
ProceedReception --> DecisionB[""Check Competitor Information Available?""]
DecisionB -->|Available| RegisterCompetitor[""Register Competitor Information""]
RegisterCompetitor --> EndNode
DecisionB -->|Not Available| DecisionC[""Check Offer Signed Again?""]
DecisionC -->|Yes| ProceedReceptionAgain[""Proceed to Reception and Sign Offer Again""]
ProceedReceptionAgain --> EndNode
DecisionC -->|No| EndNode
"
165,"
graph LR
0[""StartNode""] --> 1[""Check quality and update record""]
1 --> 2{""Quality okay?""}
2 --> |""No""|3[""Inform IT Manager""]
3 --> 4[""EndNode""]
2 --> |""Yes""|5[""Check permanent solution""]
5 --> 6{""Permanent solution found?""}
6 --> |""No""|3
6 --> |""Yes""|7[""Close service call""]
7 --> 8{""Service call successfully closed?""}
8 --> |""Yes""|4
8 --> |""No""|9[""Send service request to vendor""]
9 --> 4
"
166,"
graph LR
01[StartNode] --> 02{""Check Information Complete?""}
02 -->|No| 03[Call Customer] --> 04[End]
02 -->|Yes| 05[""Add Incoming Mail Number and Archive Letter""]
05 --> 06[""Bring Letter Book and Member Register to Secretary (Weekly)""]
06 --> 07{""Is Applicant a Member?""}
07 -->|No| 08[""Write Rejection Letter""] --> 09[Send Letter] --> 10[End]
07 -->|Yes| 11[""Stamp 'New Member' and Write Date""] --> 12[""Add Member to Register""]
12 --> 13[""Calculate Membership Fee""] --> 14[""Write Fee in Register""]
14 --> 15[""Write Invoice and Send""] --> 16[""Print Card and Send""]
16 --> 17[""Wait for Payment""] --> 18[End]
"
167,"
graph LR
0[""StartNode""] --> 1[""Notify Director""]
1 --> 2[""Receive Patient Interview""]
1 --> 3[""Receive Expert Review""]
2 --> 4[""File Interview Results""]
3 --> 5[""File Expert Review Results""]
4 --> 6[""MergeNode""]
5 --> 6
6 --> 7[""Create Report""]
7 --> 8[""EndNode""]
"
168,"
graph LR
    0[StartNode] --> 1[newCallOffOrderEvent]
    1 --> 2[sendOrder]
    
    2 --> 3[executeCallOff]
    2 --> 4[transport.transport]
    
    3 --> 5[delivery inspection]
    4 --> 5
    
    5 --> 6[askForInvoice]
    5 --> 7[askForCallOffConfirmation]
    
    6 --> 8[""Join after asks""]
    7 --> 8
    
    8 --> 9[send invoice]
    8 --> 10[send call-off confirmation]
    
    9 --> 11[EndNode]
    10 --> 11
"
169,"
graph LR
StartNode --> SetTravel[""Set travel schedules""]
SetTravel --> LookAccommodation[""Look for accommodation""]
LookAccommodation --> RequestQuote[""Request quote for transport/acc.""]
RequestQuote --> FillMOR[""Fill MOR (creates MOR)""]
FillMOR --> Tl1Check[""TL1 checks MOR""]
Tl1Check --> Tl1Choose[""TL1 selects contract (uses MOR)""]
Tl1Choose --> MissionApproved{""Mission approved?""}
MissionApproved -->|Yes| Tl4Approve[""TL4 approves (final MOR)""]
MissionApproved -->|No| Tl3Disapprove[""TL3 disapproves""] 
Tl3Disapprove --> EndTL3[""Process ends""]

Tl4Approve --> Tl4Address[""TL4 sends to assistant (uses MOR)""]
Tl4Address --> A1Check[""A1 checks credit (final MOR)""]
A1Check --> CreditAvailable{""Credit available?""}
CreditAvailable -->|Yes| A2Place[""A2 places order (quote → order form)""]
CreditAvailable -->|No| EndCreditNo[""Process ends""]

A2Place --> A3Enter[""A3 enters data (final MOR)""]
A3Enter --> FinancierEmployer{""Financier is employer?""}
FinancierEmployer -->|Yes| A5Send[""A5 sends dossier""]
FinancierEmployer -->|No| MakeMOWE[""Make MOWE""] 
MakeMOWE --> A5Send

A5Send --> D1Check[""D1 checks docs (MO/MOWE)""]
D1Check --> DocsApproved{""Approved?""}
DocsApproved -->|Yes| D2Approve[""D2 approves (final MO/MOWE)""]
DocsApproved -->|No| D3Disapprove[""D3 disapproves""] 
D3Disapprove --> EndD3[""Process ends""]

D2Approve --> A6Give[""A6 gives copies (final MO/MOWE)""]
A6Give --> A7Classify[""A7 classifies docs (final MO/MOWE)""]
A7Classify --> EndNode[""Process ends (uses order form)""]
"
170,"
graph LR
0[""StartNode""] --> 1[""Assess weak points in development""]
1 --> 2[""Choose specific employees for training""]
2 --> 3[""Specify education needs""]
3 --> 4[""Decide appropriate training method""]
3 --> 5[""Check employee availability for training""]
5 --> 6[""Consult with employee""]
6 --> 7[""Set possible dates for training""]
4 --> 8[""JoinNode""]
7 --> 8
8 --> 9[""Finalize education requirements""]
9 --> 10[""Sign contract""]
10 --> 11[""EndNode""]
"
171,"
graph LR
0[""StartNode""] --> 1[""Create Functional Design Document""]
1 --> 2[""ForkNode""]
2 --> 3[""Create State-specific Business scenarios""]
2 --> 4[""Create Rating scenarios""]
2 --> 5[""Create Forms scenarios""]
2 --> 6[""Create UI test cases""]
3 --> 7[""JoinNode""]
4 --> 7
5 --> 7
6 --> 7
7 --> 8[""Conduct Test Document Review""]
8 --> 9[""Perform Test Execution""]
9 --> 10[""Conduct Test Audit""]
10 --> 11[""Obtain Test Report signoff""]
11 --> 12[""End of State Roll out process""]
12 --> 13[""EndNode""]
"
172,"
graph LR
0[""StartNode""] --> 1[""Issue report to client""]
0 --> 2[""Issue report to registry""]
0 --> 3[""Issue report to accounts receivable""]
1 --> 4[""EndNode""]
2 --> 4
3 --> 4
"
173,"
graph LR
0[""StartNode""] --> 1[""Schedule Production Activities""]
1 --> 2[""Procure Materials""]
2 --> 3[""Issue Materials""]
3 --> 4[""Produce Products""]
4 --> 5[""Test Products""]
5 --> 6[""Package Products""]
6 --> 7[""Dispose of Waste""]
6 --> 8[""Stage Products""]
7 --> 9[""Release for Delivery""]
8 --> 9
9 --> 10[""EndNode""]
"
174,"
graph LR
0[""StartNode""] --> 1[""Verify form structure""]
1 --> 2{""Is form correct?""}
2 --> |""Yes""|3[""Verify proposal""]
2 --> |""No""|4[""Form error""]
3 --> 5{""Everything okay?""}
5 --> |""Yes""|6[""Process successful""]
5 --> |""No""|7[""Failure""]
"
175,"
graph LR
0[""StartNode""] --> 1[""Book the car park location""]
0 --> 2[""Provide the guideline to the car park""]
1 --> 3[""Bill the credit card""]
2 --> 3
3 --> 4[""EndNode""]
"
176,"
graph LR
0[""StartNode""] --> 1[""Fill pot with water""]
1 --> 2[""Boil water""]
1 --> 3[""Prepare tomato sauce""]
2 --> 4[""Put noodles in""]
3 --> 5[""Add seasoning""]
4 --> 6[""Mix noodles with tomato sauce""]
5 --> 6
6 --> 7[""EndNode""]
"
177,"
graph LR
0[""StartNode""] --> 1[""Receive Order""]
1 --> |1| 2[""Send Invoice""]
1 --> |2| 3[""Ship Products""]
2 --> 4[""Receive Payment""]
4 --> 5[""EndNode""]
3 --> 5
"
178,"
graph LR
0[""StartNode""] --> 1[""T1""]
1 --> 2[""T2""]
1 --> 3[""T3""]
2 --> 4[""T4""]
3 --> 4
4 --> 5[""EndNode""]
"
179,"
graph LR
0[""StartNode""] --> 1[""Announce arrival""]
1 --> 2[""Request registration form""]
2 --> 3{""Check if registration form obtained?""}
3 --> |""No""|4[""Send registration details""]
4 --> 3
3 --> |""Yes""|5[""Provide registration form""]
5 --> 6[""Announce measurement""]

6 --> 7{""Check if registration can be done in van?""}
7 --> |""Yes""|8[""Permit registration""]
7 --> |""No""|9[""Request person to leave van""]
9 --> 10[""EndNode""]

8 --> 11{""Check if subject is ready?""}
11 --> |""Yes""|10
11 --> |""No""|12[""Send questionnaire answers""]
12 --> 13[""Send registration ID""]
13 --> 10
"
180,"
graph LR
0[""StartNode""] --> 1[""Vendor sends invoice""]
1 --> 2[""Vendor receives invoice""]
2 --> 3[""Check invoice against inventory""]
3 --> 4{""Instruction?""}
4 --> |""send over the invoice""|5[""Enter invoice info in Payment Out Module""]
4 --> |""contact the vendor""|6[""Revise invoice on the spot""]
5 --> 7[""Make payment""]
7 --> 8[""Process payment""]
8 --> 9[""Forward to vendor""]
9 --> 10[""Close order""]
10 --> 11[""EndNode""]
6 --> 2
"
181,"
graph LR
0[""StartNode""] --> 1[""Incoming Order""]
1 --> 2{""Is the Item Available?""}
2 --> |Yes| 3[""Send Item""]
2 --> |No| 4[""Procure Item""]
4 --> 5{""Is the Item Available?""}
5 --> |Yes| 3
5 --> |No| 4
3 --> 6[""Process Payment""]
6 --> 7[""EndNode""]
"
182,"
graph LR
0[""StartNode""] --> 1[""Submit Application""]
1 --> 2[""Deliver required documents within two weeks""]
2 --> 3[""Completeness Check (10 minutes)""]
3 --> 4{""Completeness Check Result""}
4 --> |""Less than 20% complete""|5[""Send email regarding incompleteness""]
5 --> 6[""EndNode""]
4 --> |""80% complete""|7[""Send copies to academic recognition agency""]
7 --> 6
4 --> |Else|3
"
183,"
graph LR
0[""StartNode""] --> 1[""Identify and highlight errors on the Invoice Entry Form""]
1 --> 2[""Track number of errors per Data Entry Officer (end of day)""]
1 --> 3[""Return invoice to data entry officer (end of day)""]
2 --> 4[""EndNode""]
3 --> 4
"
184,"
graph LR
0[""StartNode""] --> 1[""Collect process list and scope""]
1 --> 2[""Conduct interviews""]
2 --> 3[""Define process models and metrics""]
3 --> 4[""Publish to PCE""]
4 --> 5[""Provide comments and feedback""]
5 --> 6{""Continue?""}
6 --> |Yes|4
6 --> |No|7[""Collect and review feedback""]
7 --> 8[""EndNode""]
"
185,"
graph LR
0[""StartNode""] --> 1[""Initiate process by sending a message""]
1 --> 2[""Analyze sender""]
1 --> 3[""Analyze message""]
2 --> 4[""Generate reply""]
3 --> 4
4 --> 5[""Send reply""]
5 --> 6[""EndNode""]
"
186,"
graph LR
0[""StartNode""] --> 1[""Select Pizza and Place Order""]
1 --> 2[""Make and Deliver Pizza""]
2 --> 3{""Pizza Delivered?""}
3 --> |""Yes""|4[""Make Payment""]
4 --> 5[""Receive Receipt""]
5 --> 6[""EndNode""]
3 --> |""No""|7[""Wait""]
7 --> 8{""Over 60 minutes?""}
8 --> |""Yes""|9[""Call Vendor (Inquire Status)""]
8 --> |""No""|7
9 --> 3
"
187,"
graph LR
0[""StartNode""] --> 1[""Send Reminder after 10 working days""]
1 --> 2{""Has it been 30 working days?""}
2 --> |""Yes""|3[""Cancel Job""]
3 --> 4[""EndNode""]
2 --> |""No""|5{""Was the reminder received?""}
5 --> |""Yes""|6[""Give additional 10 working days""]
6 --> 2
5 --> |""No""|3
"
188,"
graph LR
0[""StartNode""] --> 1[""Feeling Tired""]
1 --> 2[""Fork""]
2 --> 3[""Put on pajamas""]
2 --> 4[""Brush teeth""]
3 --> 5[""Join""]
4 --> 5
5 --> 6[""Ready for bed""]
"
189,"
graph LR
0[StartNode] --> 1[Inquiry]
1 --> 2[Quotation]
2 --> 3{Pricing and Terms satisfactory?}
3 -->|Yes|4[Purchase Order]
3 -->|No|2
4 --> 5[Create Sales Order]
5 --> 6[Send Shipment]
6 --> 7[Update Sales Order]
7 --> 8[Generate and send Invoice/Bill]
8 --> 9{Payment received?}
9 -->|Yes|10[Record Payment]
9 -->|No|11[Send Reminder]
11 --> 9
10 --> 12[EndNode]
"
190,"
graph LR
    StartNode --> PostJobVacancy[""Post job vacancy""]
    PostJobVacancy --> EnterJobProfile[""Enter job profile""]
    EnterJobProfile --> Decision1{""Check if forwarded?""}
    Decision1 --> |Yes| Extend[""Extend job profile""]
    Decision1 --> |No| EnterAgain[""Enter job profile again""]
    Extend --> Decision2{""Check if released?""}
    EnterAgain --> Decision2
    Decision2 --> |Yes| Create[""Create job profile""]
    Decision2 --> |No| Extend
    Create --> Choose[""Choose recruiting channels""]
    Choose --> EndNode[""End""]
"
191,"
graph LR
0[""StartNode""] --> 1[""New signup""]
1 --> 2[""Country/Origin""]
2 --> 3[""Choose Account Type""]
3 --> 4[""Enter Details""]
4 --> 5[""Verify Details and Language""]
5 --> 6[""Verify Email""]
6 --> 7[""Verify Credit Card/Bank Account""]
7 --> 8[""EndNode""]
"
192,"
graph LR
0[""StartNode""] --> 1[""Check customer credit history""]
0 --> 2[""Search property title""]
1 --> 3[""Conduct property survey""]
2 --> 3
3 --> 4[""EndNode""]
"
193,"
graph LR
0[""StartNode""] --> 1[""Generate Payment Report""]
1 --> 2[""Pay Vendor""]
2 --> 3[""Send Payment Record to Accounts Receivable Department""]
2 --> 4[""Send Payment Report to Registry""]
4 --> 5[""Archive Invoices""]
5 --> 6[""Charge $35 per paid invoice""]
3 --> 6
6 --> 7[""Generate Monthly Invoices for SSP's Clients""]
7 --> 8[""EndNode""]
"
194,"
graph LR
0[""StartNode""] --> 1[""TASK1""]
1 --> 2[""TASK2""]
2 --> 3[""TASK3""]
2 --> 4[""TASK4""]
4 --> 5[""TASK5""]
3 --> 6[""JoinNode""]
5 --> 6
6 --> 7[""EndNode""]
"
195,"  
graph LR  
0[""StartNode""] --> 1[""Create purchase requisition""]  
1 --> 2[""Submit purchase order""]  
2 --> 3[""Send ordered materials""]  
3 --> 4{""Verify shipment contents""}  
4 --> |""Incomplete""| 5[""Communicate problems""]  
4 --> |""Accurate""| 6[""Verify documents""]  
5 --> 3  
6 --> 7[""Send payment""]  
7 --> 8[""EndNode""]  
"
196,"
graph LR
0[""StartNode""] --> 1[""Distribute applications to recruitment panel (within 10 days)""]
1 --> 2[""Email evaluation sheet to recruitment panel\n(produces 'Complete Applications' data object)""]
2 --> 3[""Follow-up to ensure receipt of evaluation sheets within 3 weeks""]
3 --> 4[""Consolidate rankings""]
4 --> 5[""Distribute consolidated ranking sheet\n(produces 'Consolidated Rankings' data object)""]
5 --> 6[""EndNode""]
"
197,"
graph LR
1[StartNode] --> 2[""Select case to work on""]
2 --> 3[""Perform as-is analysis""]
3 --> 4[ForkNode]
4 --> 5[""Develop to-be model""]
4 --> 6[""Prepare final report""]
5 --> 7[JoinNode]
6 --> 7
7 --> 8[""Prepare presentation""]
8 --> 9[""Deliver presentation""]
9 --> 10[EndNode]
"
198,"
graph LR
0[""StartNode""] --> 1[""Procure Part""]
1 --> 2{""Are all parts available?""}
2 --> |""Yes""| 3[""EndNode""]
2 --> |""No""| 4{""Are all parts available?""}
4 --> |""Yes""|3
4 --> |""No""|5[""Part Auction""]
5 -->3
"
199,"
graph LR
Start[""StartNode""] --> Loan[""Loan Request""]
Loan --> Collect[""Collect Credit Information""]
Collect --> D1{""Amount >=1M$?""}
D1 -->|Yes| Assess[""Assess Risk""]
D1 -->|No| ReqApp1[""Request Approval""]
ReqApp1 --> End[""EndNode""]
Assess --> D2{""Risk Low?""}
D2 -->|Yes| Accept[""Accept Credit""]
D2 -->|No| ReqApp2[""Request Approval""]
ReqApp2 --> End
Accept --> D3{""Credit Approved?""}
D3 -->|Yes| End
D3 -->|No| Reject[""Reject Credit""]
Reject --> End
"
200,"
graph LR
0[""StartNode""] --> 1[""Test-Task starts""]
1 --> 2[""Parallel 1""]
1 --> 3[""Parallel 2""]
2 --> 4[""EndNode""]
3 --> 4
"
201,"
graph LR
0[""StartNode""] --> 1[""Verify RFQ""]
1 --> 2{""Is RFQ verified?""}
2 --> |""Yes""|3[""Analyze RFQ and provide L&M cost estimates""]
2 --> |""No""|4[""Ask for more information""]
4 --> 5{""Is RFQ verified after more information?""}
5 --> |""Yes""|3
5 --> |""No""|6[""Ask for clarification""]
6 --> 7{""Is RFQ verified after clarification?""}
7 --> |""Yes""|3
3 --> 8[""Add overhead costs and generate pricing options""]
8 --> 9[""Generate sales quote""]
9 --> 10[""EndNode""]
"
202,"
graph LR
0[""StartNode""] --> 1[""Validate Invoice""]
1 --> 2[""Wait until end of week""]
1 --> 3[""Validate Invoice again""]
2 --> 4[""Run payment file and generate report""]
3 --> 4
4 --> 5[""Send report to client""]
4 --> 6[""Send report to registry""]
4 --> 7[""Send report to Account Receivable Department""]
5 --> 8[""EndNode""]
6 --> 9[""Archive invoice""]
9 --> 8
7 --> 10[""Generate bills for SSP clients""]
10 --> 11[""Send report of fees $35 per invoice""]
11 --> 8
"
203,"
graph LR
0[""StartNode""] --> 1[""Validate invoice information for payment""]
1 --> 2[""Check validated invoices from SAP""]
2 --> 3[""Arrange payment process""]
3 --> 4[""Time to run (weekly)""]
4 --> 5[""Run payment process""]
5 --> 6[""Generate payment reports""]
6 --> 7[""Send payment reports to the client""]
6 --> 8[""Send payment reports to the registry""]
6 --> 9[""Send payment reports to the accounts receivable department officer""]
7 --> 10[""EndNode1""]
8 --> 11[""EndNode2""]
9 --> 12[""End of month""]
12 --> 13[""Generate monthly invoices""]
13 --> 14[""Send monthly invoices to client""]
14 --> 15[""EndNode3""]
"
204,"
graph LR
0[""StartNode""] --> 1[""Finish your meal""]
1 --> 2{""Wash down with a drink?""}
2 --> |""Yes""| 3[""Wash down with a drink""]
2 --> |""No""| 4
3 --> 4
4 --> 5[""Add dish detergent""]
4 --> 6[""Let the water down""]
4 --> 7[""Sink the dirty dishes""]
5 --> 8[""Join""]
6 --> 8
7 --> 8
8 --> 9[""Wash the dishes""]
9 --> 10[""EndNode""]
"
205,"
graph LR
0[""StartNode""] --> 1[""Check Supplier Availability""]
1 --> 2{""Deliverability Check""}
2 --> |""More than 2 days""| 3[""Order from Supplier""]
2 --> |""2 days or less""| 3
2 --> |""Not deliverable""| 6[""EndNode""]
3 --> 4[""Wait for article to be received""]
4 --> 5[""Procure the article""]
5 --> 6
"
206,"
graph LR
0[""StartNode""] --> 1[""BI.BI""]
0 --> 2[""DL""]
1 --> 3[""BJ.BJ""]
3 --> 4[""DP.DP""]
4 --> 5[""BG.BG""]
5 --> 6[""DO""]
2 --> 7[""DN.DM""]
7 --> 8[""DD""]
6 --> 9[""DB""]
8 --> 9
9 --> 10[""EndNode""]
"
207,"
graph LR
0[""StartNode""] --> 1[""Pay invoices""]
1 --> 2[""Generate payment report""]
2 --> 3[""Send to Accounts Receivable""]
2 --> 4[""Send to registry""]
3 --> 5[""Generate monthly invoices""]
4 --> 6[""Select paper-based invoices""]
6 --> 7[""Sort per client""]
7 --> 8[""Sort per payment data""]
8 --> 9[""Archive invoices""]
5 --> 10[""EndNode""]
9 --> 10
"
208,"
graph LR
0[""StartNode""] --> 1[""Request for Quotation""]
1 --> 2[""Sales""]
2 --> 3[""Contract Establishment""]
3 --> 4[""Order Management""]
4 --> 5[""Backlog Management""]
5 --> 6[""Revenue Realization""]
6 --> 7[""EndNode""]
"
209,"  
graph LR  
0[""StartNode""] --> 1[""Send cost calculation""]  
1 --> 2[""Receive client's answer""]  
2 --> 3{""Client's decision?""}  
3 --> |""Accepted""|4[""Check and repair computer""]  
3 --> |""Not accepted""|5[""Client takes computer home""]  
4 --> 6[""EndNode""]  
5 --> 6  
"
210,"
graph LR
0[""StartNode""] --> 1[""Arrange Invoices""]
1 --> 2[""Sort Invoices""]
2 --> 3[""Staple Entry Form""]
2 --> 4[""Enter Vendor Name, Client Name, Date of Arrival""]
3 --> 5[""EndNode""]
4 --> 5
"
211,"
graph LR
0[""StartNode""] --> 1[""Receive Claim""]
1 --> 2[""Check Completeness""]
2 --> 3{""Data Complete?""}
3 --> |""Yes""|4[""Check Insurance Case""]
3 --> |""No""|5[""Send Failure Notice""]
5 --> 6[""EndNode""]
4 --> 7{""Send Expert?""}
7 --> |""Yes""|8[""Send Expert""]
8 --> 9[""Define Insurance Case""]
7 --> |""No""|9
9 --> 10[""Wait for Invoice""]
10 --> 11[""Pay Invoice""]
11 --> 12[""EndNode""]
"
212,"
graph LR
0[""StartNode""] --> 1[""Request for Quotation""]
1 --> 2[""Customer submits RFQ""]
2 --> 3[""Quotation submitted""]
3 --> 4[""Receive Quotation""]
4 --> 5[""Submit Purchase Order""]
5 --> 6[""Send Goods""]
5 --> 7[""Send Invoice""]
6 --> 8[""Mark Goods as Sent""]
7 --> 9[""Mark Invoice as Sent""]
8 --> 10[""JoinNode""]
9 --> 10
10 --> 11[""EndNode""]
"
213,"
graph LR
0[""StartNode""] --> 1[""Check order received""]
1 --> 2{""Check availability""}
2 --> |""Available""|3[""Ship article""]
2 --> |""Not available""|4[""Procurement process""]
4 --> 5{""Check availability again""}
5 --> |""Available""|3
5 --> |""Not available""|4
3 --> 6[""Financial settlement""]
6 --> 7[""Wait for payment received""]
7 --> 8[""EndNode""]
"
214,"
graph LR
0[""StartNode""] --> ForkNode[""Fork""]
ForkNode --> 1[""Mark Invoice as Paid""]
ForkNode --> 2[""Send Report 1""]
2 --> 3[""Send Report 2""]
3 --> 4[""Send Report 3""]
4 --> 5[""Generate Monthly Invoices""]
1 --> JoinNode[""Join""]
5 --> JoinNode
JoinNode --> 6[""Charge $35 per paid invoice""]
6 --> 7[""EndNode""]
"
215,"
graph LR
0[""StartNode""] --> 1{""Trusted Partner?""}
1 --> |Yes| 2[""Authorization via Policy""]
1 --> |No| 3[""Specify Visibility""]
2 --> 4{""Trusted Partner?""} 
3 --> 4
4 --> |Yes| 5[""EndNode""]
4 --> |No| 3
3 --> 6[""NodeRefs Negotiation""]
6 --> 7[""Establish Trust & Policy""]
7 --> 5
"
216,"
graph LR
0[""StartNode""] --> 1[""Verify stock quantities""]
1 --> |Yes| 2[""Pack goods""]
1 --> |No| 5[""Create purchase order""]
2 --> 3[""Prepare to ship P.O.""]
3 --> |Backorder? Yes|4[""EndNode1""]
3 --> |No|6[""Prepare shipment""]
6 --> 7[""EndNode2""]
5 --> 8[""EndNode3""]
"
217,"
graph LR
0[""StartNode""] --> 1[""Purchase Raw Materials""]
0 --> 2[""Make Production Plan""]
1 --> 3[""Manufacture Products""]
2 --> 3
3 --> 4[""EndNode""]
"
218,"
graph LR
0[""StartNode""] --> 1[""Prepare feedback proposal""]
1 --> 2[""Send for approval""]
2 --> 3[""Wait for dean's approval""]
3 --> 4{""Dean's approval received?""}
4 --> |Approved| 5[""Request feedback""]
4 --> |Denied| 1
5 --> 6[""Wait for feedback receipt""]
6 --> 7[""Reply to feedback""]
7 --> 8[""Collect all feedback received""]
8 --> 9[""Send collected feedback""]
9 --> 10[""Wait for collected feedback receipt""]
10 --> 11[""Analyze feedback""]
11 --> 12[""EndNode""]
"
219,"
graph LR
0[""StartNode""] --> 1[""Enter Metadata""]
1 --> 2[""Proceed to IN-Patient""]
2 --> 3[""ForkNode""]
3 --> 4[""Send data to suppliers""]
3 --> 5[""Create a claim""]
4 --> 6[""JoinNode""]
5 --> 6
6 --> 7[""Extract data from suppliers""]
7 --> 8[""Transfer data to doctor's phone""]
8 --> 9[""Confirm GOP""]
9 --> 10{""Enter data on patient's record or Confirm IN-Patient status?""}
10 --> |""Enter data on patient's record""| 11[""Enter data on patient's record""]
10 --> |""Confirm IN-Patient status""| 12[""Confirm IN-Patient status""]
11 --> 13[""Send data back to suppliers""]
12 --> 13
13 --> 14[""Register the case""]
14 --> 15[""Handle the claim""]
15 --> 16[""Receive payment""]
16 --> 17[""EndNode""]
"
220,"  
graph LR  
0[""StartNode""] --> 1[""Wait for application form""]  
1 --> 2[""Make Assessment""]  
2 --> 3{""Check if offer is available?""}  
3 --> |""Yes""| 4[""Offer a mortgage""]  
3 --> |""No""| 5[""Send rejection""]  
4 --> 6[""EndNode""]  
5 --> 6  
"
221,"
graph LR
0[""StartNode""] --> 1[""Check volume of work required""]
1 --> 2[""Prepare timetable for next two weeks""]
2 --> 3[""Publish timetable""]
2 --> 4[""Fulfill availability of workers""]
4 --> 5[""Take into account non-availability""]
3 --> 6[""Fill shift sheet""]
5 --> 6
6 --> 7[""Publish shift schedule""]
7 --> 8[""EndNode""]
"
222,"
graph LR
0[""StartNode""] --> 1{""Check fulfillment?""}
1 --> |""Yes""|2[""Proceed with order confirmation""]
1 --> |""No""|3[""Reject order""]
2 --> 4[""EndNode""]
3 --> 5{""Check fulfillment again?""}
5 --> |""Yes""|6[""Proceed with order confirmation""]
5 --> |""No""|7[""Reject order""]
6 --> 8[""EndNode""]
7 --> 9[""EndNode""]
"
223,"
graph LR
0[""StartNode""] --> 1[""Determine workday""]
0 --> 2[""Determine season""]
1 --> 3[""Determine working hours""]
3 --> 4[""Determine thermostat temperature""]
2 --> 4
4 --> 5[""EndNode""]
"
224,"
graph LR
0[""StartNode""] --> 1{""Trusted Partner?""}
1 --> |Yes| 2[""Authorization based on policy""]
2 --> 6[""EndNode""]
1 --> |No| 3[""Specify visibility level""]
3 --> 4{""Trusted Partner?""}
4 --> |Yes| 5[""Authorization based on policy""]
5 --> 6
4 --> |No| 7[""Specify visibility level""]
7 --> 8[""Act as NodeRefs""]
8 --> 6
"
225,"
graph LR
0[StartNode] --> 1[""Enter Order""]
1 --> 2{""Is product on sale?""}
2 -->|Yes| 3[""Confirm Order Placement""]
2 -->|No| 4[""Dismiss Order""]
3 --> 5[""Order Placed (End)""]
4 --> 6{""Check Again: Is product on sale?""}
6 -->|Yes| 3
6 -->|No| 4
4 --> 7[""Order Not Placed (End)""]
"
226,"
graph LR
0[""StartNode""] --> 1[""Request for Quotation""]
1 --> 2[""Sales""]
2 --> 3[""Contract Establishment""]
3 --> 4[""Order Management""]
4 --> 5[""Backlog Management""]
5 --> 6[""Revenue Realization""]
6 --> 7[""EndNode""]
"
227,"
graph LR
0[""StartNode""] --> 1[""Enter Client Name""]
0 --> 2[""Enter Vendor Name""]
0 --> 3[""Enter Date of Arrival""]
1 --> 4[""EndNode""]
2 --> 4
3 --> 4
"
228,"
graph LR
0[""StartNode""] --> 1{""Verify RFQ?""}
1 --> |Yes| 2[""Analyze RFQ and provide L&M Estimates""]
1 --> |No| 3[""Ask for more information""]
3 --> 4[""Provide Clarification""]
4 --> 5{""Verify RFQ again?""}
5 --> |Yes| 2
5 --> |No| 3
2 --> 6[""Add overhead costs""]
6 --> 7[""Generate pricing options""]
7 --> 8[""Generate Sales Quote""]
8 --> 9[""EndNode""]
"
229,"  
graph LR  
0[""StartNode""] --> 1[""Check fulfillment capability""]  
1 --> 2{""Can order be fulfilled?""}  
2 --> |""Yes""|3[""Confirmation""]  
2 --> |""No""|4[""Rejection""]  
3 --> 5[""Transmit delivery information""]  
5 --> 6[""Shipment""]  
6 --> 7[""Mark order as fulfilled""]  
7 --> 8[""EndNode""]  
4 --> 9[""Mark order as rejected""]  
9 --> 8  
"
230,"
graph LR
    StartNode --> 1[""Check if Change Request is realizable""]
    1 -->|No| 13[""Withdraw correction""]
    13 --> EndNode
    1 -->|Yes| 2[""Create new transport request""]
    2 --> 3{""Select request type""}
    3 -->|Workbench| 4[""Proceed with workbench development""]
    3 -->|Customizing| 5[""Proceed with customizing development""]
    4 --> 6[""Release transport request""]
    5 --> 6
    6 --> 7[""Pass correction to test""]
    6 --> 15[""Proceed with code quality integration""]
    15 --> EndNode
    7 --> 8[""Log on to test system""]
    8 --> 9{""Test successful?""}
    9 -->|Yes| 10[""Confirm successful test and send email""]
    10 --> EndNode
    9 -->|No| 11[""Reset correction and evaluate""]
    11 --> 12{""Realizable?""}
    12 -->|No| 13
    12 -->|Yes| 14[""Log on to development system""]
    14 --> 3
"
231,"  
graph LR  
0[""StartNode""] --> 1[""Ask 1st Level Support if there is an issue""]  
1 --> 2{""Is the issue resolved?""}  
2 --> |""Yes""|3[""Provide feedback for account manager""]  
3 --> 4[""EndNode""]  
2 --> |""No""|5[""Ask developer for assistance""]  
5 --> 6[""Provide feedback to 1st Level Support""]  
6 --> 7[""Check result again""]  
7 --> 8{""Is the issue resolved?""}  
8 --> |""Yes""|3  
8 --> |""No""|5  
"
232,"
graph LR
0[""StartNode""] --> 1[""Inquire Availability""]
1 --> 2[""Create Quotation""]
2 --> 3[""Check Pricing and Terms""]
3 --> 4{""Pricing satisfactory?""}
4 --> |""Yes""|5[""Send Purchase Order""]
4 --> |""No""|1
5 --> 6[""Create Sales Order""]
6 --> 7[""Prepare and Send Shipment""]
7 --> 8[""Check Quantity Available""]
8 --> 9{""Quantity sufficient?""}
9 --> |""No""|10[""Back Order and Document""]
10 --> 11[""EndNode""]
9 --> |""Yes""|12[""Update Sales Order and Shipped By Data""]
12 --> 13[""Check Payment Received""]
13 --> 14{""Payment received?""}
14 --> |""Yes""|11
14 --> |""No""|15{""Over 30 days late?""}
15 --> |""Yes""|16[""Send Payment Reminder""]
16 --> 11
15 --> |""No""|11
"
233,"
graph LR
0[""StartNode""] --> 1[""Product Inquiry""]
1 --> 2[""Create Price Quote""]
2 --> 3[""Create Sales Order""]
3 --> 4{""Sufficient Quantities?""}
4 --> |""Yes""|5[""Ship Items""]
4 --> |""No""|10[""Backorder (End)""]
5 --> 6[""Prepare Invoice""]
6 --> 7{""Payment Received <30 days?""}
7 --> |""Yes""|8[""Process Payment""]
7 --> |""No""|9[""Send Reminder""]
8 --> 11[""Process Ends (End)""]
9 --> 7
"
234,"  
graph LR  
0[""StartNode""] --> 1[""Arrive at shopping mall""]  
1 --> 2[""Choose presents""]  
2 --> 3[""Buy perfume""]  
2 --> 4[""Buy necklace""]  
3 --> 5[""Finish shopping""]  
4 --> 5  
5 --> 6[""EndNode""]  
"
235,"
graph LR
0[""StartNode""] --> 1[""Initiate Process""]
1 --> 2[""Buy a Car""]
1 --> 3[""Choose a Bike""]
2 --> 4
3 --> 4
4 --> 5[""Buy a House""]
4 --> 6[""Buy a Kitchen""]
5 --> 7
6 --> 7
7 --> 8[""Buy a Pizza""]
8 --> 9[""Buy a Mountain Bike""]
8 --> 10[""Buy a City Bike""]
9 --> 11
10 --> 11
11 --> 12[""EndNode""]
"
236,"
graph LR
0[""StartNode""] --> 1[""Receive purchase invoice with validated invoice info for SSP""]
1 --> 2[""Check validated invoices from SAP (requires validated invoices in SAP)""]
2 --> 3[""Determine payment date and make payment""]
3 --> 4[""Arrange payment process (weekly basis)""]
4 --> 5[""Run payment process (automated) (generates payment reports)""]
5 -->|fork1| 6[""Send payment reports to client (requires payment reports)""]
5 -->|fork2|7[""Send payment reports to registry (requires payment reports)""]
5 -->|fork3|8[""Send payment reports to accounts receivable department officer (requires payment reports)""]
6 --> 6_end[""EndNode (Client)""]
7 --> 7_end[""EndNode (Registry)""]
8 --> 9[""Receive reports""]
9 --> 10[""Generate monthly invoices for SSP (flat fee $35 per invoice, produces SSP's invoices)""]
10 --> 11[""Send SSP's invoices to client (uses SSP's invoices)""]
11 --> 11_end[""EndNode (Final)""]
"
237,"
graph LR
StartNode --> IncidentIdentification[""Incident Identification""]
IncidentIdentification --> IncidentLogging[""Incident Logging""]
IncidentLogging --> IncidentCategorization[""Incident Categorization""]
IncidentCategorization --> DecisionServiceRequest{""Is Service Request?""}
DecisionServiceRequest --> |Yes| RequestFulfillment[""Request Fulfilment""]
RequestFulfillment --> EndNode[""EndNode""]
DecisionServiceRequest --> |No| IncidentPrioritization[""Incident Prioritization""]
IncidentPrioritization --> DecisionMajorIncident{""Is Major Incident?""}
DecisionMajorIncident --> |Yes| EscalateMajor[""Escalate Major Incident""]
EscalateMajor --> EndNode
DecisionMajorIncident --> |No| InitialDiagnosis[""Initial Diagnosis""]
InitialDiagnosis --> DecisionFixed{""Fixed in agreed time?""}
DecisionFixed --> |Yes| IncidentClosure[""Incident Closure""]
IncidentClosure --> EndNode
DecisionFixed --> |No| DecisionEscalation1{""Hierarchic escalation needed?""}
DecisionEscalation1 --> |Yes| EscalateManagement1[""Escalate Management""]
EscalateManagement1 --> EndNode
DecisionEscalation1 --> |No| InvestigationDiagnosis[""Investigation and Diagnosis""]
InvestigationDiagnosis --> DecisionEscalation2{""Hierarchic escalation needed again?""}
DecisionEscalation2 --> |Yes| EscalateManagement2[""Escalate Management""]
EscalateManagement2 --> EndNode
DecisionEscalation2 --> |No| IncidentClosure
"
238,"
graph LR
StartNode --> 0[""Send Main Document""]
0 --> Decision0{""Should send Supplement A?""}
Decision0 --> |Yes| 1[""Send Supplement A""]
Decision0 --> |No| EndNode[""EndNode""]
1 --> Decision1{""Should send Supplement A again?""}
Decision1 --> |Yes| 1
Decision1 --> |No| EndNode
1 --> Decision2{""Should send Supplement B?""}
Decision2 --> |Yes| 2[""Send Supplement B""]
Decision2 --> |No| EndNode
2 --> EndNode
"
239,"
graph LR
0[""StartNode""] --> 1[""Receive email (survey and testimonial request)""]
1 --> 2[""Respond to survey""]
1 --> 3[""Write testimonial""]
2 --> 4[""EndNode""]
3 --> 4
"
240,"
graph LR
0[StartNode] --> 1[Report computer problem]
1 --> 2[Bring computer to ACM]
2 --> 3[Receive estimates and describe problem]
3 --> 4[Evaluate estimates]
4 --> 5{""Agree with terms?""}
5 -->|Yes| 6[Authorize repair]
5 -->|No| 10[Take computer back]
10 --> 12[EndNode]
6 --> 7[Pick up notice for computer pickup]
7 --> 8[Pick up computer]
8 --> 9{""Computer repaired?""}
9 -->|Yes| 11[Pay for work done]
9 -->|No| 12
11 --> 12
"
241,"
graph LR
0[""StartNode""] --> 1[""Enter invoices to validation office""]
1 --> 2[""Proceed with invoices validation""]
2 --> 3[""Tick the box invoice entered correctly""]
3 --> 4[""Log into SAP""]
4 --> 5[""ForkNode""]
5 --> 6[""Change data status from parked to validated""]
5 --> 7[""Forward validated invoices to Registry officers""]
5 --> 8[""Forward validated invoices information in SAP to Payment officer""]
6 --> 9[""JoinNode""]
7 --> 9
8 --> 9
9 --> 10[""EndNode""]
"
242,"
graph LR
0[""StartNode""] --> 1[""Issue Received""]
1 --> 2[""Open ticket""]
2 --> 3[""Edit 1st level ticket""]
3 --> 4{""Result? (resolved?)""}
4 --> |""Yes""|5[""Send email to Account Manager""]
4 --> |""No""|6[""Edit 2nd level ticket""]
5 --> 9[""Close ticket""]
6 --> 7{""Result? (resolved?)""}
7 --> |""Yes""|8[""Send email to Account Manager""]
7 --> |""No""|6
8 --> 9
9 --> 10{""Result? (fixed next release?)""}
10 --> |""Yes""|11[""Insert into product backlog""]
10 --> |""No""|12[""Send email to Account Manager (Post-close)""]
11 --> 13[""Final Step: Insert into backlog & Send email""]
12 --> 13
13 --> 14[""EndNode""]
"
243,"
graph LR
1[""StartNode""] --> 2[""Submit loan application""]
2 --> 3[""Review loan paperwork""]
3 --> 4{""Loan value > $1000?""}
4 --> |Yes|5[""EndNode""]
4 --> |No|6[""Evaluate risk""]
6 --> 7{""Loan value > $1000?""}
7 --> |Yes|5
7 --> |No|8[""Approve loan""]
8 --> 9[""Receive money""]
9 --> 5
"
244,"
graph LR
0[""StartNode""] --> 1[""Receive Boarding Pass""]
1 --> 2[""Proceed to Security Check""]
2 --> 3[""Pass Security Screening""]
2 --> 4[""Pass Luggage Screening""]
3 --> 5[""Proceed to Departure Level""]
4 --> 5
5 --> 6[""Arrived at departure level""]
"
245,"
graph LR
0[""StartNode""] --> 1[""Send main contract document""]
1 --> 2{""Send supplement A?""}
2 --> |""No""|3[""Process ends""]
2 --> |""Yes""|4[""Send supplement A""]
4 --> 5{""Send supplement B?""}
5 --> |""No""|3
5 --> |""Yes""|6[""Send supplement B""]
6 --> 3
"
246,"
graph LR
StartNode --> Customer_Order[""Customer Order""]
Customer_Order --> Receive_Order[""Receive Order""]
Receive_Order --> Enter_Order[""Enter Order into System""]
Enter_Order --> Check_Inventory[""Check Inventory""]
Check_Inventory --> Assemble_Shipment[""Assemble Shipment""]
Check_Inventory --> Billing[""Billing""]
Assemble_Shipment --> Send_Shipment[""Send Shipment""]
Billing --> Send_Shipment
Send_Shipment --> Wait_Delivery[""Wait for Delivery""]
Wait_Delivery --> EndNode
"
247,"
graph LR
1[""StartNode""] --> 2[""Send Shipment Planning Request""]
2 --> 3[""Receive Alternatives""]
3 --> 4[""Select Shipment Planning""]
4 --> 5[""Schedule Pickup""]
4 --> 6[""Send Documents""]
5 --> 7[""Receive Shipment Detail""]
6 --> 7
7 --> 8[""Load Shipment""]
8 --> 9[""EndNode""]
"
248,"
graph LR
0[""StartNode""] --> 1[""Go to iTunes Store Home""]
1 --> 2[""Search for Album""]
2 --> 3{""Expand Search Using Artist Name?""}
3 --> |""Yes""|4[""Search for Album again""]
3 --> |""No""|5[""Select Album for Purchase""]
4 --> 5
5 --> 6{""Sign Up or Login?""}
6 --> |""Sign Up""|7[""Enter Email Address""]
6 --> |""Login""|12[""Login to Account""]

7 --> 8[""Enter Password""]
8 --> 9[""Provide Secret Question and Answer""]
9 --> 10[""Confirm Purchase Choice""]
10 --> 11[""Download Album""]
11 --> 120[""EndNode""]

12 --> 13[""Provide Secret Question and Answer""]
13 --> 14[""Enter Date of Birth""]
14 --> 15[""Provide Payment Method""]
15 --> 16[""Enter Billing Address""]
16 --> 17[""Confirm Registration""]
17 --> 18[""Confirm Purchase Choice""]
18 --> 19[""Download Album""]
19 --> 120
"
249,"
graph LR
0[""StartNode""] --> 1[""Log and route complaint""]
1 --> 2{""Instructor resolvable?""}
2 --> |Yes| 3[""Handle complaint""]
2 --> |No| 3
3 --> 4{""Escalation needed?""}
4 --> |Yes| 5[""Escalate complaint""]
4 --> |No| 6[""Send email to student and Complaint Staff""]
5 --> 7[""EndNode""]
6 --> 8[""Update complaint database""]
8 --> 7
"
250,"
graph LR
0[""StartNode""] --> 1[""Customer enters store and decides what they want""]
1 --> 2{""Check Purchase Type\n(Custom Order/In-Store)""}
2 -->|""Custom Order""|3[""Fill out customer invoice""]
2 -->|""In-Store Purchase""|4[""EndNode""]
3 --> 2
4 --> 2
"
251,"
graph LR
0[""StartNode""] --> 1[""Change code""]
1 --> 2[""Commit to SVN""]
2 --> 3[""Update from SVN""]
3 --> 4[""Change code (x=2)""]
4 --> 5{""Resolve conflicts""}
5 --> 6[""Commit to SVN (x=1)""]
6 --> 7{""Resolve conflicts again""}
7 --> 8[""Commit to SVN (x=2)""]
8 --> 9[""Deploy to QA""]
9 --> 10[""Update from SVN (x=2)""]
10 --> 11[""Change code (add Source2.cls)""]
11 --> 12[""Commit to SVN (Source2)""]
12 --> 13[""Update from SVN (Source2)""]
13 --> 14[""Deploy to QA (Source2)""]
14 --> 15[""Deploy to production""]
15 --> 16[""EndNode""]
"
252,"
graph LR
0[StartNode] --> 1[""Determine Rent Conditions""]
1 --> 2[""Find Suitable Land""]
2 --> 3{""Required Price >= Found Price?""}
3 -->|Yes| 4[""Check Availability and Rentability""]
3 -->|No| 5[""Reevaluate Conditions""]
4 --> 6{""Space Available?""}
5 --> 6
6 -->|Yes| 7[""Create Contract Form""]
6 -->|No| 8[""Continue Searching for Land""]
8 --> 2
7 --> 9{""Contract Approved?""}
9 -->|Yes| 10[""Check Availability and Rentability Again""]
9 -->|No| 2
10 --> 11[""Send Contract via Email""]
11 --> 12[""Ensure Water Resources""]
12 --> 13[""Ensure Food Supplier""]
13 --> 14[""Finalize Contracts with Suppliers""]
14 --> 15[""Send Final Contract""]
15 --> 16[""Wait for Acknowledgement""]
16 --> 17[""Check Response""]
17 --> 18[EndNode]
"
253,"
graph LR
0[""StartNode""] --> 1{""Can fulfill?""}
1 --> |Yes| 2[""Confirm Order""]
1 --> |No| 3[""Reject Order""]
2 --> 4{""Can fulfill again?""}
3 --> 4
4 --> |Yes| 5[""Deliver Order""]
5 --> 6[""EndNode (Delivered)""]
4 --> |No| 7[""Reject Order Final""]
7 --> 8[""EndNode (Rejected)""]
3 --> 8
"
254,"
graph LR
0[""StartNode""] --> 1[""TASK1""]
1 --> 2[""TASK2""]
2 --> 3[""TASK3""]
2 --> 4[""TASK4""]
2 --> 5[""TASK5""]
3 --> 6[""EndNode""]
4 --> 6
5 --> 6
"
255,"
graph LR
0[""StartNode""] --> 1[""Customer encounters problem""]
1 --> 2[""Obtain description of the problem""]
2 --> 3{""Can I handle this on my own?""}
3 --> |Yes| 4[""Explain solution""]
3 --> |No| 5[""Send email to support system""]
5 --> 6[""EndNode""]
4 --> 7{""Can I handle this on my own? (Reevaluate)""}
7 --> |Yes| 6
7 --> |No| 5
"
256,"
graph LR
0[""StartNode""] --> 1[""Create Product""]
1 --> 2[""Propose Product""]
2 --> 3{""Check Approval?""}
3 --> |Yes| 4[""Approve Product""]
3 --> |No| 5[""Reject Product""]
5 --> 3
4 --> 6[""EndNode""]
"
257,"
graph LR
0[""StartNode""] --> 1[""Check Credit History""]
0 --> 2[""Property Survey""]
1 --> 3[""EndNode""]
2 --> 3
"
258,"
graph LR
0[""Start""] --> 1[""Check order received""]
1 --> 2{""Check article availability?""}
2 --> |Available| 3[""Ship article""]
2 --> |Not available| 4[""Initiate procurement process""]
4 --> 2
3 --> 5{""Check availability again?""}
5 --> |Not available| 4
5 --> |Available| 6[""Complete financial settlement""]
6 --> 7[""Receipt of payment (end)""]
"
259,"
graph LR
0[""StartNode""] --> 1[""Turn on computer""]
1 --> 2[""Connect to internet""]
2 --> 3[""Navigate to nba.com""]
3 --> 4[""Grab beer from fridge""]
3 --> 5[""Start streaming""]
4 --> 6[""Enjoy beer while watching game""]
5 --> 6
6 --> 7[""Game ends""]
7 --> 8[""EndNode""]
"
260,"
graph LR
0[""StartNode""] --> 1[""Receive Invoice""]
1 --> 2[""Check Invoice Completeness""]
2 --> 3{""Is the invoice complete?""}
3 --> |""No""|4[""Return Invoice to Client""]
3 --> |""Yes""|5[""Check If Invoice Can Be Paid""]
4 --> 6[""EndNode""]
5 --> 7{""Can the invoice be paid?""}
7 --> |""No""|4
7 --> |""Yes""|8[""Sort Invoice by Client and Vendor""]
8 --> 6
"
261,"
graph LR
0[""StartNode""] --> 1[""Receive Payment""]
0 --> 2[""Ship the Order""]
1 --> 3[""Archive the Order""]
2 --> 3
3 --> 4[""EndNode""]
"
262,"
graph LR
0[""StartNode""] --> 1[""Detect incident""]
1 --> 2[""Troubleshoot application""]
2 --> 3{""Resolved within 1 hour?""}
3 --> |""Yes""| 4[""EndNode""]
3 --> |""No""| 5[""Analyze incident""]
5 --> 6{""Financial impact?""}
6 --> |""No""| 7[""No incident opened""]
6 --> |""Yes""| 8[""Open EMS""]
7 --> 4
8 --> 9[""Contact Application Team""]
9 --> 10[""Open conference line""]
10 --> 4
"
263,"
graph LR
0[""StartNode""] --> 1[""Confirm invoice paid""]
0 --> 2[""ForkNode""]
2 --> 3[""Send report to Client""]
2 --> 4[""Send report to Accounts Receivable Department""]
2 --> 5[""Send report to Registry""]
1 --> 2
3 --> 6[""JoinNode""]
4 --> 6
5 --> 6
6 --> 7[""Process ends""]
"
264,"
graph LR
StartNode --> Participate
Participate --> Decision1
Decision1 --> |Select friend| SelectSecondFriend
Decision1 --> |Check suggestion| EndNode
SelectSecondFriend --> SuggestDate
SuggestDate --> PostMessage
SuggestDate --> Decision2
PostMessage --> EndNode
Decision2 --> |No| EndNode
Decision2 --> |Yes| InviteFriends
InviteFriends --> Decision3
Decision3 --> |No| EndNode
Decision3 --> |Yes| InviteFriendsAgain
InviteFriendsAgain --> Decision3
Decision3 --> |Yes| InviteFriendsAgain --> Decision3
"
265,"
graph LR
0[""StartNode""] --> 1[""Publish flight schedule""]
1 --> 2[""Assign fleets""]
2 --> 3[""Send flight schedule""]
3 --> 4[""Receive flight schedule""]
4 --> 5[""Create crew pairings and crew rosters""]
5 --> 6[""Update crew changes""]
5 --> 7[""Repair crew rosters""]
6 --> 8[""Send crew assignments""]
7 --> 8
8 --> 9[""Receive crew assignments""]
9 --> 10[""Create flight plan""]
10 --> 11[""Repair flight plan""]
11 --> 12[""Create flight report""]
12 --> 13[""Send flight report""]
13 --> 14[""Post-operation analysis""]
14 --> 15[""EndNode""]
"
266,"
graph LR
0[""StartNode""] --> 1[""Mortgage Offers""]
1 --> 2[""Analyze Response""]
1 --> 3[""Wait for two weeks""]
2 --> 4
3 --> 4
4 --> 5{""Response Status?""}
5 --> |""Accepted""| 6[""Check Documents Status""]
5 --> |""Rejected""| 7[""Update Details""]
5 --> |""No Response""| 7
6 --> 8{""Documents Status?""}
8 --> |""Complete""| 9[""Move Case""]
8 --> |""Incomplete""| 10[""Require Additional Documents""]
9 --> 11[""EndNode""]
10 --> 11
7 --> 12[""Archive Case""]
12 --> 11
"
267,"
graph LR
0[StartNode] --> 1[Register for event participation]
1 --> 2{Check if fees required?}
2 --> |No|3[Register for seminar results]
2 --> |Yes|4[Create purchase request]
3 --> 10[EndNode]
4 --> 5{Check if purchase request approved?}
5 --> |Rejected|6[Notify rejection]
5 --> |Approved|7[Send approval notification]
6 --> 10
7 --> 10
"
268,"
graph LR
StartNode --> A[""Receive request""]
A --> B[""Evaluate the request""]
B -->|""Not Favorable""| C[""Send notification of denial""]
C --> EndNode
B -->|""Favorable""| D[""Check if analyst has authority""]
D -->|""Yes""| E[""Send payment""]
E --> EndNode
D -->|""No""| F[""Authorize payment""]
F --> E
"
269,"
graph LR
0[""StartNode""] --> 1[""Receive mail""]
1 --> 2[""Check information""]
2 --> 3{""Information complete?""}
3 --> |""Incomplete""|4[""Call customer""]
4 --> 5[""EndNode""]
3 --> |""Complete""|6[""Add mail number and date""]
6 --> 7[""Record letter""]
7 --> 8[""Archive it""]
8 --> 9{""Is it Wednesday?""}
9 --> |""Yes""|10[""Take letters to Miranda""]
10 --> 11[""EndNode""]
9 --> |""No""|12[""EndNode""]
"
270,"
graph LR
0[""StartNode""] --> 1[""Identify material demand""]
1 --> 2{""Goods Available?""}
2 --> |""Yes""|3[""Utilize available material""]
3 --> 4[""EndNode""]
2 --> |""No""|5[""Specify material demand""]
5 --> 6[""Create purchase requisition""]
6 --> 7[""Verify purchase requisition accuracy""]
7 --> 8[""Generate purchase order""]
8 --> 9[""Notify vendor""]
9 --> 10[""Vendor shipment occurs""]
10 --> 11[""Create goods receipt""]
11 --> 12[""Create invoice receipt""]
12 --> 13[""Make payment to vendor""]
13 --> 4
"
271,"
graph LR
0[""StartNode""] --> 1[""Receive online update (Vacancy approved)""]
1 --> 2[""Advertise Vacancy""]
1 --> 3[""Assemble Selection Panel""]
2 --> 4[""Receive complete applications""]
3 --> 5[""Join Node""]
4 --> 5
5 --> 6[""Final Step: Assemble Selection Panel and Enter Details in Career Website""]
6 --> 7[""EndNode""]
"
272,"
graph LR
    StartNode --> SendOffer[""Send mortgage offer""]
    SendOffer --> ReceiveAnswer[""Receive answer""]
    ReceiveAnswer --> DecisionDecline{""Is answer 'decline'?""}
    DecisionDecline -->|Yes| Update1[""Update details""]
    DecisionDecline -->|No| DecisionComplete1{""Is offer 'complete'?""}
    DecisionComplete1 -->|Yes| Update3[""Update details""]
    DecisionComplete1 -->|No| Send2[""Send message to customer""]
    Send2 --> Wait2[""Wait for customer's answer""]
    Wait2 --> Update4[""Update details""]
    DecisionComplete1 --> Update3
    DecisionDecline --> Update1
    Update3 --> EndNode[""EndNode""]
    Update4 --> EndNode
    Update1 --> DecisionComplete2{""Is offer 'complete'?""}
    DecisionComplete2 -->|Yes| CompleteOffer[""Complete the offer""]
    DecisionComplete2 -->|No| Send1[""Send message to customer""]
    Send1 --> Wait1[""Wait for customer's answer""]
    Wait1 --> Update2[""Update details""]
    Update2 --> EndNode
    CompleteOffer --> EndNode
"
273,"
graph LR
0[""StartNode""] --> 1{""Check fees""}
1 --> |""No fees""| 2[""Proceed with registration""]
1 --> |""Fees required""| 3[""Create purchase requisition""]
2 --> 4[""Obtain seminar results""]
4 --> 5[""EndNode""]
3 --> 6{""Check purchase approval status""}
6 --> |""Rejected""| 7[""Notify rejection""]
7 --> 5
6 --> |""Approved""| 8[""Send approved notification""]
8 --> 2
"
274,"
graph LR
0[""StartNode""] --> 1[""Send main document""]
1 --> 2{""Should Supplement A be sent?""}
2 --> |Yes|3[""Send Supplement A""]
2 --> |No|6[""EndNode""]
3 --> 4{""Should Supplement B be sent?""}
4 --> |Yes|5[""Send Supplement B""]
4 --> |No|6
5 --> 6
"
275,"
graph LR
0[""StartNode""] --> 1[""Check Report against Invoice""]
1 --> 2[""Verify 'Invoice Entered Correctly'""]
1 --> 3[""Record errors by Data Entry Officer""]
1 --> 4[""Highlight the error""]
2 --> 5[""EndNode""]
3 --> 5
4 --> 5
"
276,"
graph LR
0[""StartNode""] --> 1[""Accepted Item""]
1 --> 2[""ForkNode""]
2 --> 3[""Case""]
2 --> 4[""Other""]
2 --> 5[""Can""]
3 --> 6[""JoinNode 1""]
4 --> 6
5 --> 6
6 --> 7[""ForkNode 2""]
7 --> 8[""Non-perishable""]
7 --> 9[""Perishable""]
9 --> 10[""ForkNode 3""]
10 --> 11[""Fruit""]
10 --> 12[""Vegetable""]
8 --> 13[""QC""]
13 --> 14[""Weight""]
14 --> 15[""Date Center""]
11 --> 16[""QC""]
16 --> 17[""Weight""]
17 --> 18[""Date Center""]
12 --> 19[""QC""]
19 --> 20[""Weight""]
20 --> 21[""Date Center""]
15 --> 22[""JoinNode 4""]
18 --> 22
21 --> 22
22 --> 23[""Store based on item policy""]
23 --> 24[""EndNode""]
"
277,"
graph LR
0[""StartNode""] --> 1[""Receive shipment""]
1 --> 2[""Place shipment in warehouse branch office""]
2 --> 3[""Update IS""]
3 --> 4[""Sort shipments by service type""]
4 --> 5[""Sort shipments by destination node""]
5 --> 6[""Sort shipments by size""]
6 --> 7[""Route calculation to next node""]
7 --> 8[""Determine transport vehicle""]
8 --> 9{""Vehicle available?""}
9 --> |Yes| 10[""Load shipment onto transport vehicle""]
9 --> |No| 11[""Set waiting time limit""]
10 --> 12[""Update IS before transportation starts""]
11 --> 12
12 --> 13[""Transportation to next node starts""]
13 --> 14{""Destination warehouse reached?""}
14 --> |Yes| 15[""Unload shipment""]
14 --> |No| 16[""Update IS again""]
15 --> 17[""Place shipment in branch office""]
17 --> 18[""Update IS final time before process ends""]
18 --> 19[""EndNode""]
16 --> 13
"
278,"
graph LR
0[""StartNode""] --> 1[""Review the letter""]
1 --> 2{""Is the letter complete?""}
2 --> |""No""| 3[""Make a telephone call""]
3 --> 4[""EndNode""]
2 --> |""Yes""| 5[""Archive the letter""]
5 --> 6{""Is all necessary information present?""}
6 --> |""No""| 4
6 --> |""Yes""| 7{""Is the person a member?""}
7 --> |""No""| 8[""Send a denial""]
8 --> 4
7 --> |""Yes""| 9[""Stamp the letter""]
9 --> 10[""Register member in the member register""]
10 --> 11[""Calculate the fee""]
11 --> 12[""Write fee into the register""]
12 --> 13[""Prepare an invoice mail""]
13 --> 4
"
279,"
graph LR
StartNode --> DemandPlanning[""Demand Planning""]
DemandPlanning --> SafetyStock[""Safety Stock Calculation""]
DemandPlanning --> CurrentStock[""Current Stock Levels Update""]
DemandPlanning --> ForecastNetting[""Forecast Netting""]
SafetyStock --> PlanningData[""Planning Data Loading""]
CurrentStock --> PlanningData
ForecastNetting --> PlanningData
PlanningData --> WeeklyPlanning[""Weekly Planning Run""]
WeeklyPlanning --> ProductionPlanLoading[""Production Plan Loading""]
ProductionPlanLoading --> LocalProductionPlanning[""Local Production Planning""]
LocalProductionPlanning --> EndNode[""EndNode""]
"
280,"
flowchart LR
0[""StartNode""] --> 1[""Generate payment report""]
1 --> 2[""Pay vendor""] 
1 --> 3[""Send to Accounts Receivable""]
1 --> 4[""Send to registry""]

3 --> 5[""Generate monthly invoices for clients""]
5 --> 6[""Charge client $35 per invoice""]

4 --> 7[""Select paper-based invoices that have been paid""]

2 --> 8[""JoinNode1""]
3 --> 8
4 --> 8
7 --> 8

6 --> 9[""Archive invoices per vendor""]
6 --> 10[""Archive invoices per payment data""]
6 --> 11[""Track down the payment""]

9 --> 12[""JoinNode2""]
10 --> 12
11 --> 12

12 --> 13[""EndNode""]
"
281,"
graph LR
0[""StartNode""] --> 1[""Low Inventory""]
1 --> 2[""Materials Request""]
2 --> 3[""Purchase Materials""]
3 --> 4[""Receive Materials""]
4 --> 5{""Shipment OK?""}
5 --> |""Yes""|6[""Send Payment""]
5 --> |""No""|7[""Communicate Shipment Problem""]
6 --> 8[""EndNode""]
7 --> 8
"
282,"
graph LR
0[StartNode] --> 1{Production rule defined?}
1 -->|Yes| 2[Prepare production line]
1 -->|No| 3{Substitute rule found?}
3 -->|Yes|2
3 -->|No|4[Create alarm]
4 -->5[EndNode]
2 --> 6{Production rule defined again?}
6 -->|Yes| 2
6 -->|No|7{Substitute found?}
7 -->|Yes|2
7 -->|No|4
"
283,"
graph LR
0[""StartNode""] --> 1[""Check Customers' Credit History""]
0 --> 2[""Search Property Title""]
1 --> 3[""Conduct Property Survey""]
2 --> 3
3 --> 4[""EndNode""]
"
284,"
graph LR
0[StartNode] --> 1[""Process Starts""]
1 --> 2[""Inquire about Product""]
2 --> 3[""Prepare Quote""]
3 --> 4[""Verify terms and pricing""]
4 --> 5[""Create Sale Order""]
5 --> 6[""Prepare to Ship""]
6 --> 7[""Ship Order""]
7 --> 8[""Send Payment""]
8 --> 9{""Check Payment Sent?""}
9 -->|Yes| 10[""Process Payment""]
10 --> 11[EndNode]
9 -->|No| 12[""Send Reminder""]
12 --> 9
"
285,"
graph LR
0[""StartNode""] --> 1[""Prepare yourself to cut the banana""]
1 --> 2[""Hold the banana securely""]
1 --> 3[""Proceed with cutting it""]
2 --> 4[""EndNode""]
3 --> 4
"
286,"
graph LR
0[StartNode] --> 1[Informational meeting]
1 --> 2{""Meeting successful?""}
2 -->|Yes| 3[Create storyboard]
2 -->|No| 9[EndNode]
3 --> 4[ForkNode]
4 --> 5[""Design and develop website""]
4 --> 6[""Prepare content""]
4 --> 7[""Create initial draft""]
5 --> 8[JoinNode]
6 --> 8
7 --> 8
8 --> 9[Review initial draft]
9 --> 10{""Further review needed?""}
10 -->|Yes| 9
10 -->|No| 11[Prepare final version]
11 --> 12{""Is the site approved?""}
12 -->|Yes| 9
12 -->|No| 9
"
287,"
graph LR
StartNode[""StartNode""] --> A[Receive customer inquiry]
A --> B[Prepare quotation]
B --> C[Create sales order]
C --> D[Credit check]
D --> D1{""Credit approved?""}
D1 --> |""No""| EndNode[""EndNode""]
D1 --> |""Yes""| D2{""Stock available?""}
D2 --> |""No""| E[Check new stock delivery date]
E --> EndNode
D2 --> |""Yes""| F[Create outbound delivery]
F --> D3{""Stock available again?""}
D3 --> |""No""| E
D3 --> |""Yes""| G[Create outbound delivery]
G --> H[Picking]
H --> I[Goods issue posted]
I --> J[Billing created]
J --> K[Packing with invoice]
K --> L[Shipping]
L --> EndNode
"
288,"
flowchart LR
0[Start] --> |fork| 1[ T1 ]
0 --> |fork| 2[ T2 ]
1 --> 3[Join]
2 --> 3
3 --> 4[End]
"
289,"
graph LR
0[""StartNode""] --> 1[""Edit Report""]
1 --> 2{""Expense >1000?""}
2 --> |Yes|3[""Review Report""]
2 --> |No|4{""Check Translation Needed?""}
3 --> 5{""Evaluate Review Decision""}
4 --> |Yes|6[""Translate Receipts""]
4 --> |No|7[""Confirm Receipts""]
6 --> 5
7 --> 5
5 --> |Rejected|8[""Edit Report""]
8 --> 0
5 --> |Approved|9{""Check Translation Again?""}
9 --> |Yes|10[""Translate Receipts""]
9 --> |No|11[""Confirm Receipts""]
10 --> 12{""Evaluate Receipts Decision""}
11 --> 12
12 --> |Accepted|13[""Process Expense""]
12 --> |Rejected|14[""Edit Report""]
13 --> 15[""EndNode""]
14 --> 0
"
290,"
graph LR
0[""StartNode""] --> 1[""start_element""]
1 --> 2[""myTaskOne""]
2 --> 3{""Event Occurrence?""}
3 --> |""myMessageEvent""| 4[""myTaskTwo""]
3 --> |""myTimeEvent_60minutes""| 5[""myTaskThree""]
4 --> 6[""myEndEvent""]
5 --> 7[""myTermination""]
"
291,"
graph LR
0[""StartNode""] --> 1[""Send inquiry about product availability""]
1 --> 2[""Send product inquiry""]
2 --> 3[""Receive quotation""]
3 --> 4[""Analyze quotation""]
4 --> 5{""Check Purchase Decision""}
5 --> |""Accept""| 6[""Send purchase order""]
5 --> |""Decline""| 10[""EndNode""]
6 --> 7[""Wait for invoice to be received""]
7 --> 8[""Verify invoice accuracy""]
8 --> 9[""Send payment""]
9 --> 10
"
292,"
graph LR
0[""StartNode""] --> 1[""Confirm Order""]
1 --> 2[""Ship Item""]
1 --> 3[""Send Invoice""]
2 --> 4[""Activity after shipping""]
3 --> 5[""Activity after invoice""]
4 --> 6[""EndNode""]
5 --> 6
"
293,"
graph LR
0[""StartNode""] --> 1[""B-1""]
0 --> 2[""C-1""]
1 --> 3
2 --> 3
3 --> 4[""C-2""]
4 --> 5[""B-2""]
4 --> 6[""A-1""]
5 --> 7
6 --> 7
7 --> 8[""D-2""]
7 --> 9[""E-1""]
8 --> 10
9 --> 10
10 --> 11[""D-1""]
11 --> 12[""B-3""]
11 --> 13[""D-3""]
12 --> 14[""EndNode""]
13 --> 14
"
294,"
graph LR
0[""StartNode""] --> 1[""Check Customers Credit History""]
0 --> 2[""Conduct Property Survey""]
1 --> 3[""Search for the Property Title""]
2 --> 3
3 --> 4[""EndNode""]
"
295,"
graph LR
0[""StartNode""] --> 1[""Receive Order""]
1 --> 2[""Shipping Products""]
1 --> 3[""Send Invoice""]
2 --> 4[""Join""]
3 --> 4
4 --> 5[""Receive Payment""]
5 --> 6[""EndNode""]
"
296,"
graph LR
0[""StartNode""] --> 1[""Send email to support system""]
1 --> 2[""Allocate ticket""]
2 --> 3{""Can first level handle it?""}
3 -->|Yes| 4[""Document ticket""]
4 --> 5[""Send email to account manager""]
5 --> 6[""EndNode""]

3 -->|No| 7[""Ask the developer""]
7 --> 3
"
297,"
graph LR
0[""StartNode""] --> 1[""Register contract acceptation""]
0 --> 2[""Scan offer""]
1 --> 3[""Provide billing and pincode information""]
2 --> 3
3 --> 4[""EndNode""]
"
298,"
graph LR
0[""StartNode""] --> 1[""Receive customer inquiry""]
1 --> 2[""Prepare quotation""]
2 --> 3[""Create sales order""]
3 --> 4{""Perform credit check?""}
4 --> |""No credit approval""| 14[""EndNode1""]
4 --> |""Yes""| 5{""Check stock availability (first)""}
5 --> |""No""| 6[""Check new stock delivery date""]
5 --> |""Yes""| 7[""Create outbound delivery""]
7 --> 8{""Check stock availability (second)""}
8 --> |""No""| 6
8 --> |""Yes""| 9[""Pick items""]
9 --> 10[""Post goods issue""]
10 --> 11[""Create billing""]
11 --> 12[""Pack and invoice product""]
12 --> 13[""Ship product and invoice""]
13 --> 14[""EndNode3""]
6 --> 15[""EndNode2""]
"
299,"
graph LR
StartNode --> Activity1[""Sort invoices per client""]
Activity1 --> Activity2[""Sort invoices per vendor""]
Activity2 --> ForkNode
ForkNode --> Activity3[""Staple invoice entry form to invoice""]
ForkNode --> Activity4[""Enter vendor name on invoice entry form""]
ForkNode --> Activity5[""Enter client name on invoice entry form""]
ForkNode --> Activity6[""Enter invoice arrival date on invoice entry form""]
Activity3 --> JoinNode
Activity4 --> JoinNode
Activity5 --> JoinNode
Activity6 --> JoinNode
JoinNode --> EndNode
"
300,"
graph LR
0[""StartNode""] --> 1[""Send Invoice""]
1 --> 2[""Receive Invoice""]
2 --> 3[""Check Invoice Against Inventory""]
3 --> 4{""Instruction?""}
4 --> |""send over the invoice""|5[""Enter Invoice Info""]
4 --> |""contact the vendor""|6[""Revise Invoice""]
6 --> 2
5 --> 7[""Make Payment""]
7 --> 8[""Process Payment""]
8 --> 9[""Forward Payment to Vendor""]
9 --> 10[""Close Order""]
10 --> 11[""EndNode""]
"
301,"
graph LR
0[""StartNode""] --> 1[""Receive Order""]
1 --> 2[""Send Invoice""]
1 --> 3[""Ship Products""]
2 --> 4[""Receive Payment""]
3 --> 4
4 --> 5[""EndNode""]
"
302,"
graph LR
0[""StartNode""] --> 1[""Receive Order""]
1 --> 2[""Confirm Order""]
2 --> 3[""Arrange Shipment""]
2 --> 4[""Update Manufacturing Plan""]
2 --> 5[""Generate Order Summary""]
2 --> 6[""Review and Revise Order""]
3 --> 7[""Update Customer File""]
4 -->7
5 -->7
6 -->7
7 -->8[""Update Customer File Again""]
8 -->9[""EndNode""]
"
303,"
graph LR
0[""StartNode""] --> 1[""Check Customer Credit History""]
0 --> 2[""Search Property Title""]
0 --> 3[""Conduct Property Survey""]
1 --> 4[""EndNode""]
2 --> 4
3 --> 4
"
304,"  
graph LR  
0[""StartNode""] --> 1[""Request Order (atomic choreography task)""]  
1 --> 2[""Check Order Fulfillment""]  
2 --> 3{""Order fulfillment possible?""}  
3 --> |""Yes""|4[""Confirm Order""]  
3 --> |""No""|5[""Reject Order""]  
4 --> 6[""Deliver Order""]  
6 --> 7[""Notify Delivery Success""]  
7 --> 8[""EndNode""]  
5 --> 9[""Notify Rejection""]  
9 --> 10[""EndNode""]  
"
305,"
flowchart LR
0[""StartNode""] --> 1[""sendNewTransportEvent""]
1 --> 2[""receiveTransportOrder""]
2 --> 3[""sendTransportOrder""]
3 --> 4[Split]
4 --> 5[""executeTransport""]
4 --> 6[""distributeShipmentInfo""]
4 --> 7[""askForShipmentConfirmation""]
5 --> 8[Join]
6 --> 8
7 --> 8
8 --> 9[""distributeShipmentInfo""]
9 --> 10[""askShipmentConfirmViaSendShipment""]
10 --> 11[""sendShipmentConfirmation""]
11 --> 12[""EndNode""]
"
306,"
graph LR
0[StartNode] --> 1[""Reach out to 1st Level Support""]
1 --> 2{Can 1st Level handle the issue?}
2 --> |Yes| 3[""Provide feedback to account manager""]
2 --> |No| 4[""Ask developer for assistance""]
4 --> 3
3 --> 5[""Provide feedback to 1st Level Support and account manager""]
5 --> 6[EndNode]
"
307,"
graph LR
0[""StartNode""] --> 1[""Initiate scheduling process""]
1 --> |Fork| 2[""Manager creates Google Form""]
1 --> |Fork| 3[""Manager creates Excel template""]
2 --> 4[""Employee logs into Google account""]
4 --> 5[""Employee accesses the Google Form""]
5 --> 6[""Employee selects available times""]
6 --> 7[""Employee lists reasons for unavailability""]
6 --> |Parallel to 7| 11[""Manager prints schedules for employees""]
7 --> 8[""Employee submits the form""]
11 --> 12[""Manager emails schedule to Gmail accounts""]
8 --> 9[""Manager configures Excel schedule using results""]
8 --> 12
9 --> 10[""Manager enters schedule on portal""]
10 --> 11
12 --> 13[""Manager reviews results after deadline""]
13 --> 14[""EndNode""]
"
308,"
graph LR
0[""StartNode""] --> 1[""Create purchase requisition""]
1 --> 2[""Submit purchase order""]
2 --> 3[""Send ordered materials""]
3 --> 4[""Send packing list and shipment details""]
4 --> 5[""Send invoice""]
5 --> 6{""Verify shipment accuracy""}
6 --> |""Yes""| 7[""Send payment""]
7 --> 8[""EndNode""]
6 --> |""No""| 9[""Report problem""]
9 --> 3
"
309,"
graph LR
0[""StartNode""] --> 1[""Weekly initialization (in time for discounts)""]
1 --> 2[""Pay invoices (fully automated process)""]
2 --> 3[""Generate payment report""]
3 --> 4[""Send payment report to Accounts Receivable Department""]
3 --> 5[""Send payment report to registry""]
3 --> 6[""Generate monthly invoices (charge client $35 per invoice)""]
4 --> 7[""JoinNode""]
5 --> 7
6 --> 7
7 --> 8[""Send out invoices""]
8 --> 9[""EndNode""]
"
310,"
graph LR
0[""StartNode""] --> 1[""Place change request made""]
1 --> 2{""Check Delivery Conflicts?""}
2 --> |""Yes""|3[""Dismiss change request""]
3 --> 4[""End without modifications""]
2 --> |""No""|5{""Check Cancellation?""}
5 --> |""Yes""|6[""Cancel order""]
6 --> 7[""Mark as canceled""]
7 --> 8[""EndNode (Canceled)""]
5 --> |""No""|9{""Check Product on Sale?""}
9 --> |""Yes""|10[""Approve change request""]
10 --> 11[""End with modifications""]
9 --> |""No""|3
"
311,"
graph LR
0[""StartNode""] --> 1[""Experience computer problem""]
1 --> 2[""Describe problem""]
2 --> 3[""Receive repair time/cost info""]
3 --> 4{""Is time/cost acceptable?""}
4 --> |Yes|5[""Authorize repair""]
4 --> |No|6[""Take computer back""]
5 --> 7[""Inform repair authorized""]
7 --> 8[""Perform repair""]
8 --> 9{""Problem fixed?""}
9 --> |Yes|10[""Make payment""]
9 --> |No|11[""EndNode""]
10 --> 12[""Pick up computer""]
12 --> 11
6 --> 11
"
312,"
graph LR
1[""StartNode""] --> 2[""Send Order""]
2 --> 3[""Receive Items""]
2 --> 4[""Receive Invoice""]
3 --> 5[""Pay for Items""]
4 --> 5
5 --> 6[""EndNode""]
"
313,"
graph LR
1[""StartNode""] --> 2[""Analyze""]
2 --> 3{""Check Consistency""}
3 --> |""Yes""| 4[""EndNode""]
3 --> |""No""| 5[""Update""]
5 --> 2
"
314,"
graph LR
0[""StartNode""] --> 1[""Delay for 48 hours""]
0 --> 2[""Monitor issue votes""]
1 --> 3[""Send email warning""]
2 --> 3
3 --> 4[""Delay for 24 hours""]
4 --> 5[""Close the voting""]
5 --> 6[""Moderate voting discussion""]
6 --> 7[""EndNode""]
"
315,"
graph LR
0[""StartNode""] --> 1[""Discuss Web Design""]
1 --> 2{""First Meeting Success?""}
2 --> |""No""| 7[""EndNode""]
2 --> |""Yes""| 3[""Storyboard Meeting""]
3 --> 4{""Second Meeting Success?""}
4 --> |""No""| 7
4 --> |""Yes""| 5[""Create Storyboard""]
5 --> 7
"
316,"
graph LR
0[StartNode] --> 1[""Send Offer Manually""]
1 --> 2{""Address Available?""}
2 -->|Yes| 3[""Present Offer""]
2 -->|No| 4[""Contact Customer""]
4 --> 3
3 --> 5{""Customer has questions?""}
5 -->|Yes| 6[""Address Questions/Concerns""]
5 -->|No| 7[EndNode]
6 --> 7
"
317,"  
graph LR  
0[""StartNode""] --> 1[""Register Participation in Seminar""]  
1 --> 2{""Fees Required?""}  
2 --> |""Yes""|3[""Create Purchase Request""]  
2 --> |""No""|4[""Register Post-Seminar Results""]  
3 --> 5{""Purchase Request Approved?""}  
5 --> |""Rejected""|6[""Notify Rejection""]  
5 --> |""Approved""|7[""Send Appraisal Notification""]  
6 --> 8[""EndNode""]  
7 --> 4  
4 --> 8  
"
318,"
graph LR
StartNode --> Prepare[""Prepare shipment order""]
Prepare --> Send[""Send shipment order""]
Send --> D1{""Carrier Response?""}
D1 -->|Yes| Realize[""Realize shipment""]
Realize --> EndNode[""End""]
D1 -->|No| LinkA[""Link A (acquisition of carriers)""]
LinkA --> D2{""Carrier Response?""}
D2 -->|Yes| Realize
D2 -->|No| LinkARetry[""Link A (again)""]
LinkARetry --> EndNode
"
319,"
graph LR
0[""StartNode""] --> 1[""Check Customer Credit History""]
0 --> 2[""Search Property Title""]
0 --> 3[""Property Survey (generates Survey Document)""]
1 --> 4[""EndNode""]
2 --> 4
3 --> 4
"
320,"
graph LR
0[""StartNode""] --> 1[""Create M1""]
1 --> 2[""Handle Information""]
2 --> 3[""EndNode""]
"
321,"
graph LR
0[""StartNode""] --> 1[""Undress""]
1 --> 2[""ForkNode""]
2 --> 3[""Put on underwear""]
2 --> 4[""Put on trousers""]
2 --> 5[""Put on shirt""]
3 --> 6[""JoinNode""]
4 --> 6
5 --> 6
6 --> 7[""Fully dressed""]
"
322,"
graph LR
0[""StartNode""] --> 1[""Follow the recipe""]
1 --> |fork| 2[""Put eggs into bowl A""]
1 --> |fork| 3[""Put flour into bowl B""]
2 --> 4[""Add sugar to bowl A""]
4 --> 5[""Add butter to bowl A""]
3 --> 6[""Add baking powder to flour in bowl B""]
5 --> 7[""JoinNode""]
6 --> 7
7 --> 8[""Mix ingredients in bowl A""]
8 --> 9[""Bake the cake""]
9 --> 10[""EndNode""]
"
323,"
graph LR
0[""StartNode""] --> 1[""Check Customer Credit History""]
0 --> 2[""Search Property Title""]
1 --> 3[""Property Survey""]
2 --> 3
3 --> 4[""EndNode""]
"
324,"
graph LR
0[""StartNode""] --> 1[""Left join lips & it_likp → it_lipsm""]
1 --> 2[""Sort & dedup it_lipsm""]
2 --> 3[""Left join vbfa & it_likpsm → it_vbfa_completo""]
3 --> 4[""Filter it_vbfa_completo (plmin != '+')""]
4 --> 5[""Copy vbeln to it_unolips (dedup)""]
5 --> 6[""Left join lips & it_unolips → it_lips""]
6 --> 7[""Copy lifex from it_likp → it_lifex (sort)""]
7 --> 8[""Transfer lifex to it_vbfa_completo-secuencia""]
8 --> 9[""Execute busca_pedido_vbap""]
9 --> 10[""Execute busca_factura_vbap""]
10 --> 11{""c_si in r_valida?""}
11 --> |""Yes""|12{""pvstel in r_exclog?""}
11 --> |""No""|14[""Left join vbap & it_vbfa_completo → imaktl""]
14 --> 13{""pvstel in r_exclog?""}
12 --> |""Yes""|15[""Remove non-error rows from it_nofacturado""]
13 --> |""Yes""|15
12 --> |""No""|16[""Transfer maktl to it_vbfa_completo; enhance data""]
13 --> |""No""|16
15 --> 16
16 --> 17[""Transfer vbeln to itransp (dedup)""]
17 --> 18{""it_nofacturado empty?""}
18 --> |""No""|19[""Set & print error""]
19 --> 20{""error?""}
18 --> |""Yes""|20
20 --> |""Yes""|21[""EndNode""]
20 --> |""No""|22[""Left join vbap & it_vbfa_completo → imaktl""]
22 --> 23[""Left join vbfa & itransp → itnum (sorted/dedup)""]
23 --> 24{""error?""}
24 --> |""Yes""|21
24 --> |""No""|25[""Left join vbap & it_vbfa_completo → imaktl""]
25 --> 26[""Left join vttk & itnum → ivttk_t""]
26 --> 27[""Right join ivttk_t & itnum → itnum""]
27 --> 28[""Transfer tknum to it_vbfa_completo; remove rows without tknum""]
28 --> 29[""Remove rows in it_vbfa_completo with tknum in so_tknum""]
29 --> 21
"
325,"
flowchart LR
1[""StartNode""] --> 2[""Allocate the bank package""]
2 --> 3[""Verify data \n(Escalate if time limit exceeded)""]
3 --> 4[""Verify BR \n(Escalate if time limit exceeded)""]
4 -->5[""Enter bank data comparative analysis""]
5 -->6[""Simulate data""]
6 -->7[""Consolidate and verify \n(Escalate if time limit exceeded)""]
7 -->8[""Reconcile banking system""]
8 -->9[""Generate ratios & KPIs \n(Escalate if time limit exceeded)""]
9 -->10[""Verify ratios & KPIs \n(Escalate if time limit exceeded)""]
10 -->11[""Generate statistical reports""]
11 -->12[""Post to EIS""]
11 -->13[""Post to data warehouse""]
12 -->14[""EndNode""]
13 -->14
"
