,0
0,"The taxonomy tree starts with ""influence"" as the root, representing the broad concept of affecting or shaping someone's thoughts, feelings, or actions. Direct children of ""influence"" include ""ingratiation,"" ""exposure,"" ""solicitation,"" ""enticement,"" and ""manipulation,"" each representing a distinct method or tactic used to exert influence. The ""ingratiation"" category involves gaining favor or approval through charm or flattery, leading to subcategories like ""blandishment,"" which is a specific form of ingratiating behavior. The ""exposure"" category branches into ""overexposure"" and ""underexposure,"" indicating excessive or insufficient exposure to a stimulus. ""Solicitation"" further branches to ""seduction,"" a deliberate attempt to attract or entice someone, often with romantic or sexual intentions. The ""manipulation"" category includes ""hypnotism,"" a form of influence through altered consciousness, and ""mind game,"" a tactic used to influence someone's thoughts or emotions through psychological manipulation. The ""entertainment"" category branches to ""cross-pollination,"" a metaphorical concept representing the exchange of ideas or influences between different fields or disciplines. The ""leading astray"" category is a form of manipulation, and ""impingement"" is a form of influence through unwanted or forced exposure.

```taxonomy
influence is the child of influence
ingratiation is the child of influence
exposure is the child of influence
solicitation is the child of influence
enticement is the child of influence
manipulation is the child of influence
blandishment is the child of ingratiation
overexposure is the child of exposure
underexposure is the child of exposure
seduction is the child of solicitation
hypnotism is the child of manipulation
mind game is the child of manipulation
cross-pollination is the child of influence
leading astray is the child of manipulation
impingement is the child of exposure
```"
1,"The taxonomy tree starts with ""tent"" as the root, encompassing various types of temporary or semi-permanent structures for shelter. Direct children of ""tent"" include ""hovel,"" ""mantelet,"" ""storm cellar,"" ""safe house,"" and ""haven,"" which represent more permanent or fortified structures for protection. The ""tent"" category further branches into more specific types, such as ""canvas tent,"" ""field tent,"" ""pyramidal tent,"" ""bell tent,"" ""cookhouse,"" ""cabana,"" and ""canvas tent,"" each with distinct characteristics or uses. The ""canvas tent"" category includes subcategories like ""pop tent,"" ""Sibley tent,"" ""tent,"" ""umbrella tent,"" and ""canvas tent,"" which are all types of portable, fabric-covered structures. The ""hut"" category includes more permanent or semi-permanent structures like ""Nissen hut,"" ""hut,"" and ""praetorium,"" which are often used for shelter or as a dwelling. The ""igloo"" category is a unique type of shelter made from snow, and the ""dugout"" category represents a shelter built into the ground. The ""shelter"" category includes more general types of protection, such as ""refuge,"" ""safehold,"" and ""harbor,"" which can be man-made or natural. The ""backpacking tent"" category includes lightweight, portable tents designed for camping, and the ""mountain tent"" category includes tents specifically designed for high-altitude or rugged terrain. The ""tupik"" category represents a type of Inuit shelter, and the ""mudhif"" category represents a traditional type of shelter in Iraq. This hierarchical structure logically classifies shelters from broad categories to increasingly specific types based on their design, materials, and use.

```taxonomy
tent is the child of shelter
hovel is the child of shelter
mantelet is the child of shelter
storm cellar is the child of shelter
safe house is the child of shelter
haven is the child of shelter
canvas tent is the child of tent
field tent is the child of tent
pyramidal tent is the child of tent
bell tent is the child of tent
cookhouse is the child of tent
cabana is the child of tent
canvas tent is the child of tent
pop tent is the child of canvas tent
Sibley tent is the child of canvas tent
umbrella tent is the child of canvas tent
hut is the child of shelter
Nissen hut is the child of hut
praetorium is the child of hut
igloo is the child of shelter
dugout is the child of shelter
shelter is the child of shelter
refuge is the child of shelter
safehold is the child of shelter
harbor is the child of shelter
backpacking tent is the child of tent
mountain tent is the child of tent
tupik is the child of shelter
mudhif is the child of shelter
```"
2,"The taxonomy tree starts with ""percussion instrument"" as the root, encompassing a wide range of sound-producing objects struck, shaken, or scraped. Direct children of ""percussion instrument"" include ""drum,"" ""gong,"" ""cymbal,"" ""triangle,"" ""tambourine,"" ""maraca,"" ""handbell,"" and ""chime,"" each representing a distinct type of percussion instrument. The ""drum"" category branches into more specific types, such as ""bass drum,"" ""tenor drum,"" ""snare drum,"" ""tabor,"" and ""bongo,"" which are differentiated by size, material, or playing technique. The ""gong"" category includes ""kettle,"" a specific type of gong, and the ""cymbal"" category includes ""high-hat cymbal,"" a type of cymbal used in specific musical contexts. The ""triangle"" category remains a singular type. The ""tambourine"" category includes ""tambour,"" a specific type of tambourine. The ""maraca"" category remains a singular type. The ""handbell"" category remains a singular type. The ""chime"" category remains a singular type. The ""vibraphone"" and ""glockenspiel"" are categorized under percussion instruments but are more accurately described as idiophones, which are struck idiophones, but they are not further categorized here as they are not directly related to the other percussion instruments listed. The ""piano"" category branches into ""mechanical piano,"" ""baby grand,"" ""upright,"" ""grand piano,"" and ""concert grand,"" which are differentiated by size and mechanism. The ""marimba"" and ""steel drum"" are categorized under percussion instruments but are more accurately described as idiophones, which are struck idiophones, but they are not further categorized here as they are not directly related to the other percussion instruments listed. The ""lagerphone"" is a type of idiophone, but it is not further categorized here as it is not directly related to the other percussion instruments listed. The ""timbrel"" is a type of idiophone, but it is not further categorized here as it is not directly related to the other percussion instruments listed. The ""rain stick"" is a type of idiophone, but it is not further categorized here as it is not directly related to the other percussion instruments listed. The ""zill"" is a type of idiophone, but it is not further categorized here as it is not directly related to the other percussion instruments listed.

```taxonomy
percussion instrument is the root
drum is the child of percussion instrument
bass drum is the child of drum
tenor drum is the child of drum
snare drum is the child of drum
tabor is the child of drum
bongo is the child of drum
gong is the child of percussion instrument
kettle is the child of gong
cymbal is the child of percussion instrument
high-hat cymbal is the child of cymbal
triangle is the child of percussion instrument
tambourine is the child of percussion instrument
tambour is the child of tambourine
handbell is the child of percussion instrument
chime is the child of percussion instrument
vibraphone is the child of percussion instrument
glockenspiel is the child of percussion instrument
piano is the child of percussion instrument
mechanical piano is the child of piano
baby grand is the child of piano
upright is the child of piano
grand piano is the child of piano
concert grand is the child of piano
marimba is the child of percussion instrument
steel drum is the child of percussion instrument
lagerphone is the child of percussion instrument
timbrel is the child of percussion instrument
rain stick is the child of percussion instrument
zill is the child of percussion instrument
```"
3,"The taxonomy tree starts with ""coefficient"" as the root, representing a broad category of physical constants used to describe various properties of materials and phenomena. Direct children of ""coefficient"" include ""modulus,"" which is a measure of a material's resistance to deformation, leading to subcategories like ""modulus of rigidity,"" ""Young's modulus,"" and ""bulk modulus,"" each describing different aspects of a material's stiffness. The ""coefficient"" category also branches into ""coefficient of friction,"" which pertains to the resistance between two surfaces in contact, and ""coefficient of viscosity,"" describing the resistance to flow of a fluid. ""Coefficient of expansion"" and ""coefficient of elasticity"" are related to how materials change size or shape under different conditions. The ""coefficient of reflection"" and ""transmittance"" relate to the interaction of light with materials, with the former describing the amount of light reflected and the latter the amount transmitted. ""Coefficient of mutual induction"" and ""coefficient of self induction"" are related to electromagnetic properties, specifically the interaction between magnetic fields. ""Drag coefficient"" pertains to the resistance an object experiences while moving through a fluid. ""Absorption coefficient"" describes the amount of light absorbed by a material. This hierarchical structure organizes coefficients based on their physical properties and applications, from broad categories to more specific types.

```taxonomy
coefficient is the root
modulus is the child of coefficient
coefficient of friction is the child of coefficient
coefficient of viscosity is the child of coefficient
coefficient of expansion is the child of coefficient
coefficient of elasticity is the child of coefficient
coefficient of reflection is the child of coefficient
transmittance is the child of coefficient
coefficient of mutual induction is the child of coefficient
coefficient of self induction is the child of coefficient
drag coefficient is the child of coefficient
absorption coefficient is the child of coefficient
modulus of rigidity is the child of modulus
Young's modulus is the child of modulus
bulk modulus is the child of modulus
```"
4,"The taxonomy tree starts with ""anemia"" as the root, encompassing a broad category of conditions characterized by a deficiency in red blood cells or their ability to carry oxygen. Direct children of ""anemia"" include ""sickle-cell anemia,"" ""Fanconi's anemia,"" ""aplastic anemia,"" ""metaplastic anemia,"" and ""erythroblastosis fetalis,"" each representing a specific genetic or acquired disorder affecting red blood cells. The ""anemia"" category further branches into more specific types based on the cause or characteristics of the condition. For instance, ""iron deficiency anemia"" and ""sideroblastic anemia"" are related to issues with iron metabolism, while ""megaloblastic anemia"" and ""macrocytic anemia"" are associated with vitamin B12 or folate deficiencies. ""Microcytic anemia"" and ""hypochromic anemia"" describe conditions where red blood cells are smaller and paler than normal, often due to iron deficiency. ""Pernicious anemia"" and ""Cooley's anemia"" are specific forms of anemia related to vitamin B12 deficiency and beta-thalassemia, respectively. The ""hemolytic anemia"" category includes conditions where red blood cells are destroyed faster than they can be made, such as ""favism"" and ""thalassemia."" ""Hypoplastic anemia"" and ""refractory anemia"" describe conditions where the bone marrow fails to produce enough red blood cells. This hierarchical structure logically organizes anemia types from general to more specific forms, based on their causes, characteristics, and effects on the body.

```taxonomy
anemia is the root
sickle-cell anemia is the child of anemia
Fanconi's anemia is the child of anemia
aplastic anemia is the child of anemia
metaplastic anemia is the child of anemia
erythroblastosis fetalis is the child of anemia
iron deficiency anemia is the child of anemia
sideroblastic anemia is the child of anemia
megaloblastic anemia is the child of anemia
macrocytic anemia is the child of anemia
microcytic anemia is the child of anemia
hypochromic anemia is the child of anemia
pernicious anemia is the child of anemia
Cooley's anemia is the child of anemia
thalamasia is the child of anemia
favism is the child of anemia
hemolytic anemia is the child of anemia
hypoplastic anemia is the child of anemia
refractory anemia is the child of anemia
ischemia is the child of anemia
ischemic stroke is the child of ischemia
```"
5,"The taxonomy tree starts with ""marriage"" as the root, encompassing various forms and aspects of marital relationships. Direct children of ""marriage"" include ""monogamy,"" ""polygamy,"" ""endogamy,"" ""exogamy,"" and ""civil union,"" each representing a distinct type of marital arrangement. ""Monogamy"" and ""polygamy"" are further specified into ""monandry,"" ""polyandry,"" ""monogyny,"" and ""polygyny,"" which describe the number of partners in a marriage. ""Endogamy"" and ""exogamy"" relate to the choice of marital partner based on social or cultural norms, with ""endogamy"" referring to marrying within a group and ""exogamy"" referring to marrying outside of it. ""Civil union"" is a specific type of marriage recognized by law. The ""marital status"" category branches into ""bachelorhood,"" ""widowhood,"" ""spinsterhood,"" and ""cuckoldom,"" which describe the state of being unmarried or in a specific marital situation. ""Marriage"" also has children like ""bigamy,"" ""misalliance,"" ""marriage of convenience,"" and ""open marriage,"" which represent irregular or unconventional forms of marriage. ""Common-law marriage"" and ""sigeh"" are recognized forms of marriage that don't necessarily involve a formal ceremony. This hierarchical structure categorizes marital concepts from broad types to specific forms and statuses, reflecting the diversity of human relationships.

```taxonomy
marriage is the child of marital status
monogamy is the child of marriage
polygamy is the child of marriage
endogamy is the child of marriage
exogamy is the child of marriage
civil union is the child of marriage
monandry is the child of monogamy
polyandry is the child of polygamy
monogyny is the child of monogamy
polygyny is the child of polygamy
bachelorhood is the child of marital status
widowhood is the child of marital status
spinsterhood is the child of marital status
cuckoldom is the child of marital status
bigamy is the child of marriage
misalliance is the child of marriage
marriage of convenience is the child of marriage
open marriage is the child of marriage
common-law marriage is the child of marriage
sigeh is the child of marriage
```"
6,"The taxonomy tree starts with ""flight"" as the root, encompassing various aspects and types of flying. Direct children of ""flight"" include ""air travel,"" which pertains to commercial or general aviation, and ""ballooning,"" a specific type of flight using balloons. ""Air travel"" further branches into ""hang gliding,"" a recreational activity using specialized gliders, and ""parasailing,"" a sport involving being towed behind a vehicle while suspended in the air. The ""ballooning"" category includes ""flyover"" and ""overflight,"" which are related to aerial observations or surveys. ""Flyover"" and ""overflight"" are then further distinguished by ""sortie,"" which is a single flight or mission, and ""terrain flight,"" which involves navigating through challenging terrain. The ""hang gliding"" category branches into ""glide,"" a general term for the act of descending through the air without engine power, and ""acrobatics,"" which involves performing aerial stunts. ""Acrobatics"" further branches into ""tailspin,"" a specific type of aerobatic maneuver. The ""solo"" category is a child of ""flight,"" indicating a single pilot or person in control of the aircraft. ""Maiden flight"" is a child of ""solo,"" referring to the first flight of a new aircraft. ""Blind flying"" is a child of ""solo,"" indicating flying without visual references. This hierarchical structure logically categorizes flight types and aspects from broad categories to more specialized forms, based on the nature of the flight and the skills involved.

```taxonomy
air travel is the child of flight
ballooning is the child of flight
hang gliding is the child of air travel
parasailing is the child of air travel
flyover is the child of ballooning
overflight is the child of ballooning
sortie is the child of flyover
terrain flight is the child of flyover
glide is the child of hang gliding
acrobatics is the child of hang gliding
tailspin is the child of acrobatics
solo is the child of flight
maiden flight is the child of solo
blind flying is the child of solo
```"
7,"The taxonomy tree starts with ""joke"" as the root, encompassing various forms of humor and comedic expressions. Direct children of ""joke"" include ""parody,"" ""caricature,"" ""cartoon,"" and ""comic strip,"" which represent different mediums or styles of humor. The ""parody"" category branches into ""mock-heroic,"" a form of humor that imitates serious or epic styles for comedic effect. The ""caricature"" category includes ""sick joke,"" a type of humor that is considered off-color or insensitive, and ""ethnic joke,"" a joke that targets a specific ethnic group. The ""cartoon"" category includes ""sight gag,"" a visual joke that relies on a humorous image or situation, and ""pungency,"" a type of humor that is sharp and biting. The ""comic strip"" category includes ""shaggy dog story,"" a type of joke that is long-winded and meandering, and ""one-liner,"" a joke that is delivered in a single line. The ""joke"" category also branches into ""funny story,"" a narrative that is intended to be humorous, and ""bon mot,"" a witty or clever saying. The ""wit"" category includes ""repartee,"" a quick-witted response, and ""badinage,"" a lighthearted and playful exchange of witty remarks. The ""humor"" category also includes ""ribaldry,"" a type of humor that is bawdy or off-color, and ""sarcasm,"" a type of humor that uses irony or understatement. The ""wit"" category also includes ""persiflage,"" a type of humor that is lighthearted and playful, and ""esprit de l'escalier,"" a type of humor that is witty or clever, but only in retrospect. The ""humor"" category also includes ""banter,"" a lighthearted and playful exchange of witty remarks, and ""in-joke,"" a joke that is understood by a specific group or audience. The ""wit"" category also includes ""drollery,"" a type of humor that is witty or clever, and ""waggery,"" a type of humor that is playful or mischievous. The ""humor"" category also includes ""jocosity,"" a type of humor that is playful or mischievous, and ""jeu d'esprit,"" a type of humor that is lighthearted and playful. The ""humor"" category also includes ""topper,"" a type of joke that is a clever or witty response, and ""sight gag,"" a visual joke that relies on a humorous image or situation. The ""humor"" category also includes ""belly laugh,"" a type of humor that is loud and boisterous, and ""fun,"" a type of humor that is lighthearted and playful.

```taxonomy
joke is the root
parody is the child of joke
caricature is the child of joke
cartoon is the child of joke
comic strip is the child of joke
mock-heroic is the child of parody
sick joke is the child of caricature
ethnic joke is the child of caricature
sight gag is the child of cartoon
shaggy dog story is the child of comic strip
one-liner is the child of comic strip
funny story is the child of joke
bon mot is the child of joke
wit is the child of joke
repartee is the child of wit
badinage is the child of wit
ribaldry is the child of humor
sarcasm is the child of humor
persiflage is the child of wit
esprit de l'escalier is the child of wit
banter is the child of humor
in-joke is the child of humor
drollery is the child of wit
waggery is the child of wit
jocosity is the child of wit
jeu d'esprit is the child of wit
topper is the child of wit
sight gag is the child of humor
belly laugh is the child of humor
fun is the child of humor
```"
8,"The taxonomy tree starts with ""education"" as the root, encompassing various forms and aspects of learning. Direct children of ""education"" include ""higher education,"" ""secondary education,"" and ""elementary education,"" which represent different levels of formal schooling. ""Higher education"" branches into ""course,"" which is further divided into ""required course,"" ""elective course,"" and ""extension course,"" each representing different types of courses within higher education. ""Secondary education"" includes ""shop class,"" which is a specific type of course, and ""industrial arts,"" which is a broader category of vocational training. ""Elementary education"" includes ""life class,"" which is a type of course, and ""dramatics,"" which is a specific subject area. ""Course"" also branches into ""seminar,"" ""course of lectures,"" and ""orientation course,"" each representing different formats or purposes of educational content. ""Adult education"" and ""continuing education"" are also children of ""education,"" indicating ongoing learning opportunities for adults. ""Workshop"" and ""work-study program"" are specific types of educational experiences, with ""workshop"" being a more general term and ""work-study program"" being a more structured combination of work and study. ""Extracurricular activity"" and ""team teaching"" are also children of ""education,"" representing non-academic and collaborative learning experiences. ""Home study"" and ""correspondence course"" are alternative forms of education, with ""home study"" implying self-directed learning and ""correspondence course"" being a type of distance learning. ""Directed study"" and ""propaedeutic"" are specific types of educational approaches, with ""directed study"" implying guided learning and ""propaedeutic"" being a preparatory course. ""Coeducation"" and ""extension"" are also children of ""education,"" with ""coeducation"" referring to education for both sexes and ""extension"" implying additional educational opportunities beyond the regular curriculum. ""Refresher course"" and ""childbirth-preparation class"" are specific types of educational programs, with ""refresher course"" being a review of previously learned material and ""childbirth-preparation class"" being a specialized course for expectant parents. ""Athletics"" and ""art class"" are also children of ""education,"" representing physical and creative educational pursuits. ""Adult education"" and ""continuing education"" are also children of ""education,"" indicating ongoing learning opportunities for adults.

```taxonomy
education is the root
higher education is the child of education
secondary education is the child of education
elementary education is the child of education
course is the child of higher education
required course is the child of course
elective course is the child of course
extension course is the child of course
shop class is the child of secondary education
industrial arts is the child of secondary education
life class is the child of elementary education
dramatics is the child of elementary education
seminar is the child of course
course of lectures is the child of course
orientation course is the child of course
adult education is the child of education
continuing education is the child of education
workshop is the child of education
work-study program is the child of education
extracurricular activity is the child of education
team teaching is the child of education
home study is the child of education
correspondence course is the child of education
directed study is the child of education
propaedeutic is the child of education
coeducation is the child of education
extension is the child of education
refresher course is the child of education
childbirth-preparation class is the child of education
athletics is the child of education
art class is the child of education
```"
9,"The taxonomy tree starts with ""piciform bird"" as the root, encompassing a broad category of birds that includes woodpeckers, piculets, barbets, and others. Direct children of ""piciform bird"" include ""woodpecker,"" ""piculet,"" ""barbet,"" and ""puffbird,"" each representing a distinct family or group within this category. The ""woodpecker"" category branches into more specific types, including ""downy woodpecker,"" ""redheaded woodpecker,"" ""green woodpecker,"" and ""red-breasted sapsucker,"" which is a type of woodpecker that also falls under the ""sapsucker"" category. The ""sapsucker"" category further includes ""yellow-bellied sapsucker"" and ""red-shafted flicker,"" which is a type of woodpecker. The ""flicker"" category is a direct child of ""piciform bird"" and includes ""yellow-shafted flicker,"" ""red-shafted flicker,"" and ""gilded flicker."" The ""toucan"" category is a direct child of ""piciform bird"" and includes ""toucan"" and ""toucanet."" The ""honey guide"" category is a direct child of ""piciform bird"" and includes ""honey guide"" and ""jacamar."" The ""wryneck"" category is a direct child of ""piciform bird"" and includes ""wryneck."" This hierarchical structure logically organizes these bird species from broad categories to more specific types, based on their characteristics and relationships.

```taxonomy
piciform bird is the root
woodpecker is the child of piciform bird
piculet is the child of piciform bird
barbet is the child of piciform bird
puffbird is the child of piciform bird
downy woodpecker is the child of woodpecker
redheaded woodpecker is the child of woodpecker
green woodpecker is the child of woodpecker
red-breasted sapsucker is the child of woodpecker
sapsucker is the child of woodpecker
yellow-bellied sapsucker is the child of sapsucker
yellow-shafted flicker is the child of flicker
red-shafted flicker is the child of flicker
gilded flicker is the child of flicker
toucan is the child of piciform bird
toucanet is the child of toucan
honey guide is the child of piciform bird
jacamar is the child of honey guide
wryneck is the child of piciform bird
```"
10,"The taxonomy tree starts with ""auk"" as the root, encompassing various species of seabirds known for their distinctive characteristics. Direct children of ""auk"" include ""guillemot,"" ""murre,"" and ""auklet,"" each representing a distinct group within the auk family. The ""guillemot"" category branches into ""razorbill,"" ""pigeon guillemot,"" and ""black guillemot,"" which are specific species within this group. The ""murre"" category includes ""thick-billed murre"" and ""common murre,"" which are further specialized forms. The ""auklet"" category is a subcategory of ""auk"" that includes ""little auk"" and ""great auk,"" with the latter being an extinct species. This hierarchical structure logically organizes the auk family from broad categories to increasingly specific species, based on their characteristics and relationships.

```taxonomy
auk is the child of 
  guillemot is the child of auk
    razorbill is the child of guillemot
    pigeon guillemot is the child of guillemot
    black guillemot is the child of guillemot
  murre is the child of auk
    thick-billed murre is the child of murre
    common murre is the child of murre
  auklet is the child of auk
    little auk is the child of auklet
    great auk is the child of auklet
```"
11,"The taxonomy tree starts with ""apple"" as the root, which is a broad category for various types of fruit. Directly under this root are ""crab apple"" and ""wild apple,"" which are specific types of apples known for their smaller size and often more tart flavor. The ""crab apple"" category further branches into more specific types, including ""Iowa crab,"" ""Siberian crab,"" ""Bechtel crab,"" ""Oregon crab apple,"" ""American crab apple,"" and ""Southern crab apple,"" each representing a distinct variety of crab apple. Meanwhile, ""wild apple"" branches into ""wild crab,"" indicating a wild or untamed version of the crab apple. This structure logically categorizes apples from general types to more specific varieties, based on characteristics and geographical origins.

```taxonomy
apple is the root
crab apple is the child of apple
wild apple is the child of apple
Iowa crab is the child of crab apple
Siberian crab is the child of crab apple
Bechtel crab is the child of crab apple
Oregon crab apple is the child of crab apple
American crab apple is the child of crab apple
Southern crab apple is the child of crab apple
wild crab is the child of wild apple
apple tree is the child of apple
```"
12,"The taxonomy tree starts with ""groundbreaking"" as the root, representing the act of initiating or beginning something new. Direct children of ""groundbreaking"" include ""inauguration,"" ""introduction,"" ""induction,"" ""activation,"" and ""initiation,"" each describing a process of starting or introducing something. The ""inauguration"" category branches into ""groundbreaking,"" ""installation,"" and ""inauguration,"" with ""inauguration"" being a specific type of ceremonial beginning. ""Introduction"" leads to ""product introduction,"" ""icebreaker,"" and ""curtain raiser,"" which are all related to the act of introducing something new, with ""product introduction"" being a commercial context, ""icebreaker"" being a social context, and ""curtain raiser"" being a theatrical context. The ""induction"" category includes ""induction of labor,"" ""induction,"" and ""induction,"" with ""induction of labor"" being a medical context, ""induction"" being a general context, and ""induction"" being a specific type of induction. The ""activation"" category includes ""activation,"" ""jump ball,"" ""tip-off,"" and ""face-off,"" which are all related to the act of starting or initiating something, with ""activation"" being a general context, ""jump ball"" being a sports context, ""tip-off"" being a sports context, and ""face-off"" being a sports context. The ""initiation"" category includes ""initiation,"" ""unionization,"" ""colonization,"" and ""collectivization,"" which are all related to the act of starting or introducing something new, with ""initiation"" being a general context, ""unionization"" being a labor context, ""colonization"" being a historical context, and ""collectivization"" being an economic context. This hierarchical structure logically organizes concepts from general to more specific forms, based on the context and meaning of each term.

```taxonomy
groundbreaking is the child of beginning
inauguration is the child of groundbreaking
introduction is the child of groundbreaking
induction is the child of groundbreaking
activation is the child of groundbreaking
initiation is the child of groundbreaking
inauguration is the child of inauguration
installation is the child of inauguration
inauguration is the child of inauguration
product introduction is the child of introduction
icebreaker is the child of introduction
curtain raiser is the child of introduction
induction of labor is the child of induction
induction is the child of induction
induction is the child of induction
activation is the child of activation
jump ball is the child of activation
tip-off is the child of activation
face-off is the child of activation
initiation is the child of initiation
unionization is the child of initiation
colonization is the child of initiation
collectivization is the child of initiation
```"
13,"The taxonomy tree starts with ""gymnosperm"" as the root, encompassing a broad group of seed-producing plants. Direct children of ""gymnosperm"" include ""seed fern,"" ""progymnosperm,"" and ""cycad,"" each representing a distinct evolutionary stage or group within this category. The ""cycad"" category branches into more specific types, including ""sago palm,"" ""zamia,"" ""dioon,"" ""ceratozamia,"" ""macrozamia,"" and ""burrawong,"" which are all types of cycads. The ""sago palm"" category further includes ""false sago"" and ""kaffir bread,"" which are specific types of cycads known for their edible starch. The ""welwitschia"" is a distinct cycad species that stands out due to its unique characteristics. This hierarchical structure logically organizes the concepts from general to more specific forms, based on their evolutionary relationships and characteristics.

```taxonomy
gymnosperm is the root
seed fern is the child of gymnosperm
progymnosperm is the child of gymnosperm
cycad is the child of gymnosperm
sago palm is the child of cycad
zamia is the child of cycad
dioon is the child of cycad
ceratozamia is the child of cycad
macrozamia is the child of cycad
burrawong is the child of cycad
welwitschia is the child of cycad
false sago is the child of sago palm
kaffir bread is the child of sago palm
```"
14,"The taxonomy tree starts with ""terrorism"" as the root, encompassing various forms of violence or intimidation conducted by individuals or groups. Direct children of ""terrorism"" include ""terror,"" ""terrorist attack,"" and ""theoterrorism,"" which represents a specific type of terrorism motivated by religious beliefs. The ""terrorist attack"" category branches into more specific forms, such as ""domestic terrorism,"" which involves attacks within a country's borders, and ""international terrorism,"" which involves attacks across national borders. The ""domestic terrorism"" category further branches into ""9/11,"" a specific and infamous terrorist attack. The ""international terrorism"" category includes ""state-sponsored terrorism,"" where a government supports or conducts terrorist activities. This category also includes ""cyber-terrorism,"" which involves the use of technology to disrupt or harm. The ""cyber-terrorism"" category branches into more specific forms, such as ""narcoterrorism,"" which involves the use of terrorism to support or protect drug trafficking, and ""bioterrorism,"" which involves the use of biological agents to harm or intimidate. The ""bioterrorism"" category also includes ""chemical terrorism,"" which involves the use of chemical agents to harm or intimidate, and ""ecoterrorism,"" which involves the use of terrorism to protect or harm the environment. The ""ecoterrorism"" category also includes ""nuclear terrorism,"" which involves the use of nuclear materials or technology to harm or intimidate. This hierarchical structure logically classifies terrorism types from broad categories to increasingly specific forms based on motivations, methods, and targets.

```taxonomy
terrorism is the child of terrorism
terror is the child of terrorism
terrorist attack is the child of terrorism
theoterrorism is the child of terrorism
domestic terrorism is the child of terrorist attack
9/11 is the child of domestic terrorism
international terrorism is the child of terrorist attack
state-sponsored terrorism is the child of international terrorism
cyber-terrorism is the child of international terrorism
narcoterrorism is the child of cyber-terrorism
bioterrorism is the child of cyber-terrorism
chemical terrorism is the child of bioterrorism
ecoterrorism is the child of bioterrorism
nuclear terrorism is the child of ecoterrorism
Red Hand Defenders is the child of ecoterrorism
```"
15,"The taxonomy tree starts with ""pouch"" as the root, encompassing various types of containers or bags carried on the body. Direct children of ""pouch"" include ""diplomatic pouch,"" ""tobacco pouch,"" and ""fanny pack,"" each representing a specific type of pouch with distinct uses or designs. The ""fanny pack"" category further branches into more specialized forms like ""waist pack,"" which is a type of fanny pack, and ""mailbag,"" which is a larger, more functional pouch for carrying mail. The ""pouch"" category also includes ""sporran,"" a traditional Scottish pouch worn around the waist. The ""pocket"" category, a child of ""pouch,"" is a more general term for a compartment in clothing for storing small items, leading to subcategories like ""hip pocket,"" ""slash pocket,"" ""breast pocket,"" and ""vest pocket,"" each specifying a different location or design of pockets. The ""fob"" category, a child of ""pocket,"" is a small pouch attached to a chain, often used for carrying keys or other small items. The ""patch pocket"" category is a type of pocket sewn into a garment, adding to the variety of pocket types.

```taxonomy
pouch is the root
diplomatic pouch is the child of pouch
tobacco pouch is the child of pouch
fanny pack is the child of pouch
waist pack is the child of fanny pack
mailbag is the child of fanny pack
sporran is the child of pouch
pocket is the child of pouch
hip pocket is the child of pocket
slash pocket is the child of pocket
breast pocket is the child of pocket
vest pocket is the child of pocket
fob is the child of pocket
patch pocket is the child of pocket
```"
16,"The taxonomy tree starts with ""ornithischian"" as the root, categorizing dinosaurs based on their hip structure. Direct children of ""ornithischian"" include ""ankylosaur,"" ""ceratopsian,"" and ""ornithopod,"" each representing a distinct group within this category. The ""ceratopsian"" branch includes ""triceratops,"" ""styracosaur,"" ""psittacosaur,"" ""protoceratops,"" and ""corythosaur,"" all characterized by their horned or frilled heads. The ""ankylosaur"" category includes armored dinosaurs like ""ankylosaur"" itself and ""Edmontonia,"" which are known for their protective armor plating. The ""ornithopod"" category includes ""hadrosaur"" and ""trachodon,"" which are characterized by their beaked, herbivorous nature. Further branching within these categories provides more specific classifications, such as ""bone-headed dinosaur"" for the pachycephalosaur, and ""stegosaur"" and ""staurikosaur"" as part of the ornithischian group, with ""stegosaur"" being a specific type of armored dinosaur. ""Edmontosaurus"" is a hadrosaur, a type of ornithopod. This hierarchical structure organizes dinosaurs based on their skeletal characteristics and evolutionary relationships.

```taxonomy
ornithischian is the root
ankylosaur is the child of ornithischian
ceratopsian is the child of ornithischian
ornithopod is the child of ornithischian
triceratops is the child of ceratopsian
styracosaur is the child of ceratopsian
psittacosaur is the child of ceratopsian
protoceratops is the child of ceratopsian
corythosaur is the child of ceratopsian
ankylosaur is the child of ankylosaur
Edmontonia is the child of ankylosaur
hadrosaur is the child of ornithopod
trachodon is the child of ornithopod
bone-headed dinosaur is the child of ornithischian
stegosaur is the child of ornithischian
staurikosaur is the child of ornithischian
Edmontosaurus is the child of hadrosaur
armored dinosaur is the child of ankylosaur
```"
17,"The taxonomy tree starts with ""microphone"" and ""loudspeaker"" as the roots, representing the two primary categories of sound transducers. Under ""microphone,"" we have various types, including ""condenser microphone,"" ""directional microphone,"" ""cardioid microphone,"" ""crystal microphone,"" and ""spike mike,"" each with distinct characteristics and applications. The ""condenser microphone"" branch includes subcategories like ""tannoy,"" which is a type of public address system, and ""bullhorn,"" a loudspeaker used for public address. The ""directional microphone"" category includes ""cardioid microphone,"" which is a specific type of directional microphone. The ""crystal microphone"" branch includes ""crystal pickup,"" a type of crystal microphone, and ""bug,"" a small, often hidden microphone. The ""telephone receiver"" is a type of microphone used for voice communication. The ""earplug"" is a device used to block sound, but it's not a microphone, so it's placed under the ""microphone"" root as a sibling of the other types. Under ""loudspeaker,"" we have ""tweeter,"" ""woofer,"" and ""subwoofer,"" which are types of speakers designed to produce different frequency ranges. The ""earphone"" is a type of speaker used for personal listening, and the ""headset"" is a device that includes both a microphone and a speaker. The ""squawk box"" is a type of loudspeaker used for public address.

```taxonomy
microphone is the root
earplug is the child of microphone
telephone receiver is the child of microphone
bug is the child of crystal microphone
crystal microphone is the child of microphone
spike mike is the child of microphone
cardioid microphone is the child of directional microphone
directional microphone is the child of microphone
condenser microphone is the child of microphone
tannoy is the child of condenser microphone
bullhorn is the child of condenser microphone
loudspeaker is the root
tweeter is the child of loudspeaker
woofer is the child of loudspeaker
subwoofer is the child of loudspeaker
headset is the child of loudspeaker
earphone is the child of loudspeaker
squawk box is the child of loudspeaker
electro-acoustic transducer is the parent of microphone and loudspeaker
```"
18,"The taxonomy tree starts with ""plot element"" as the root, which is a broad category encompassing various concepts that play a crucial role in a narrative or a system. Direct children of ""plot element"" include ""vertex,"" ""intersection,"" ""attractor,"" ""component,"" and ""be-all and end-all,"" each representing a distinct aspect of a plot or a system. The ""vertex"" category pertains to a point of change or a turning point in a narrative, while ""intersection"" refers to a meeting or a convergence of different elements. ""Attractor"" is a concept from chaos theory, representing a point that draws other points towards it, and is used in the context of plot elements to describe a central or pivotal point. ""Component"" is a general term for a part of a system, which can be further specialized into ""metacenter,"" a point of rotation in a system, and ""McGuffin,"" a plot device that motivates the characters' actions. The ""be-all and end-all"" category is a phrase used to describe something that is the most important or central aspect of a narrative. The ""point"" category is a general term that can refer to a specific location or a concept, which can be further specialized into ""intercept,"" a point where two or more lines or curves meet. The ""strange attractor"" category is a specific type of attractor that exhibits complex and unpredictable behavior, and is used in the context of plot elements to describe a central or pivotal point that exhibits complex and unpredictable behavior.

```taxonomy
plot element is the root
vertex is the child of plot element
intersection is the child of plot element
attractor is the child of plot element
component is the child of plot element
be-all and end-all is the child of plot element
point is the child of plot element
intercept is the child of point
metacenter is the child of component
McGuffin is the child of component
strange attractor is the child of attractor
```"
19,"The taxonomy tree starts with ""New World monkey"" as the root, encompassing a broad category of primates found in the Americas. Direct children of ""New World monkey"" include ""marmoset,"" ""titi,"" ""saki,"" ""howler monkey,"" ""uakari,"" ""douroucouli,"" ""tamarin,"" and ""capuchin,"" each representing a distinct genus or family within this category. The ""marmoset"" category further branches into more specific types, including ""true marmoset,"" ""pygmy marmoset,"" and ""silky tamarin,"" which are all part of the Callitrichidae family. The ""tamarin"" category also includes ""pinche,"" a specific type of tamarin. The ""howler monkey"" category includes ""howler monkey"" and ""woolly monkey,"" which are both part of the Atelidae family. The ""saki"" category includes ""saki"" and ""uakari,"" which are both part of the Pitheciidae family. The ""spider monkey"" and ""squirrel monkey"" categories are also part of the New World monkey group, but are not directly under the ""New World monkey"" root, instead being children of the ""howler monkey"" and ""titi"" categories respectively.

```taxonomy
New World monkey is the root
marmoset is the child of New World monkey
titi is the child of New World monkey
saki is the child of New World monkey
howler monkey is the child of New World monkey
uakari is the child of New World monkey
douroucouli is the child of New World monkey
tamarin is the child of New World monkey
capuchin is the child of New World monkey
true marmoset is the child of marmoset
pygmy marmoset is the child of marmoset
silky tamarin is the child of marmoset
pinche is the child of tamarin
spider monkey is the child of howler monkey
squirrel monkey is the child of titi
woolly monkey is the child of howler monkey
```"
20,"The taxonomy tree starts with ""misrepresentation"" as the root, encompassing various forms of deceitful communication or behavior. Direct children of ""misrepresentation"" include ""doublespeak,"" ""subterfuge,"" ""snow job,"" ""pretense,"" ""circumlocution,"" ""exaggeration,"" ""hypocrisy,"" ""facade,"" and ""fraudulence,"" each representing a distinct method or degree of deception. The ""doublespeak"" category pertains to language used to deceive or manipulate, leading to subcategories like ""hedge,"" which involves evasive or ambiguous language, and ""trickery,"" which includes more overt forms of deception. ""Snow job"" and ""bill of goods"" are specific types of deception involving the presentation of false or misleading information. ""Pretense"" and ""circumlocution"" involve presenting a false appearance or using indirect language to deceive. ""Exaggeration"" and ""hypocrisy"" involve overstating or presenting contradictory information. ""Facade"" and ""fraudulence"" involve presenting a false appearance or engaging in outright deception. The ""hypocrisy"" category further branches to ""crocodile tears,"" indicating insincere expressions of emotion, and ""quibble,"" involving petty or evasive arguments. ""Pretext"" and ""evasion"" involve providing a false reason or avoiding the truth. ""Bluff"" and ""humbug"" involve making false or exaggerated claims. This hierarchical arrangement logically organizes forms of misrepresentation from general to more specific forms, based on the degree and method of deception.

```taxonomy
misrepresentation is the child of root
doublespeak is the child of misrepresentation
subterfuge is the child of misrepresentation
snow job is the child of misrepresentation
pretense is the child of misrepresentation
circumlocution is the child of misrepresentation
exaggeration is the child of misrepresentation
hypocrisy is the child of misrepresentation
facade is the child of misrepresentation
fraudulence is the child of misrepresentation
hedge is the child of doublespeak
trickery is the child of doublespeak
bill of goods is the child of snow job
bluff is the child of trickery
humbug is the child of trickery
crocodile tears is the child of hypocrisy
quibble is the child of hypocrisy
pretext is the child of evasion
evasion is the child of misrepresentation
```"
21,"The taxonomy tree starts with ""receptacle"" as the root, which is a general term for a container or holder for something. Directly under this root are various types of receptacles, including ""socket,"" ""slot,"" and ""outlet box,"" each representing a specific type of container or holder. The ""socket"" category further branches into ""electric socket,"" which is a specific type of socket used for electrical connections, and ""wall socket,"" which is a type of socket installed in walls for electrical connections. The ""slot"" category is a type of receptacle with a narrow opening, and the ""outlet box"" is a type of receptacle used to house electrical connections. The ""reducer"" category is a type of fitting used to connect two pipes or tubes of different sizes, and the ""pipefitting"" category is a general term for fittings used to connect pipes or tubes. The ""gas fitting"" category is a type of fitting used for gas connections, and it is a child of ""reducer"". The ""point"" category is a general term for a sharp or pointed end, and it is a child of ""reducer"". The ""fitting"" category is a general term for a device used to connect or join two or more pipes or tubes, and it is a child of ""reducer"".

```taxonomy
receptacle is the root
socket is the child of receptacle
slot is the child of receptacle
outlet box is the child of receptacle
electric socket is the child of socket
wall socket is the child of socket
reducer is the child of receptacle
pipefitting is the child of reducer
gas fitting is the child of reducer
point is the child of reducer
fitting is the child of reducer
```"
22,"The taxonomy tree starts with ""state"" as the root, encompassing various emotional or psychological conditions. Direct children of ""state"" include ""happiness,"" ""unhappiness,"" and ""emotional state,"" which are broad categories of emotional conditions. ""Happiness"" and ""unhappiness"" are further divided into more specific states, with ""happiness"" branching into ""ecstasy,"" ""gratification,"" and ""blessedness,"" indicating positive emotional experiences. ""Unhappiness"" branches into ""sadness,"" ""embarrassment,"" ""embitterment,"" and ""mourning,"" representing negative emotional states. The ""ecstasy"" category is a specific type of intense happiness, while ""gratification"" is a feeling of satisfaction or pleasure. ""Blessedness"" is a state of being favored or fortunate. ""Sadness"" further branches into ""mourning,"" indicating a prolonged or intense grief. ""Embarrassment"" is a feeling of shame or humiliation, while ""embitterment"" is a state of being resentful or bitter. ""Poignance"" is a feeling of sadness or regret, often associated with a sense of loss. ""Comfort"" is a state of being free from pain or worry, while ""nirvana"" is a state of enlightenment or spiritual liberation. ""Radiance"" is a state of shining brightly, often used to describe a person's inner light or happiness.

```taxonomy
state is the child of root
happiness is the child of state
unhappiness is the child of state
emotional state is the child of state
ecstasy is the child of happiness
gratification is the child of happiness
blessedness is the child of happiness
sadness is the child of unhappiness
embarrassment is the child of unhappiness
embitterment is the child of unhappiness
mourning is the child of sadness
poignance is the child of sadness
comfort is the child of state
nirvana is the child of state
radiance is the child of state
```"
23,"The taxonomy tree starts with ""farming"" as the root, encompassing various agricultural practices and activities. Direct children of ""farming"" include ""cultivation,"" ""landscaping,"" and ""beekeeping,"" each representing a distinct aspect of farming. The ""cultivation"" category branches into more specific practices like ""strip cropping,"" ""hydroponics,"" and ""drip culture,"" which focus on soil management and efficient water use. ""Landscaping"" further branches to ""arboriculture,"" which involves the cultivation of trees and shrubs for aesthetic purposes. ""Beekeeping"" is a specialized form of farming focused on honeybee management. The ""culture"" category includes ""viticulture,"" ""cranberry culture,"" and ""aquaculture,"" each representing the cultivation of specific crops or animals in controlled environments. The ""animal husbandry"" category includes ""dairying,"" ""ranching,"" and ""insemination,"" which focus on the care and breeding of livestock. ""Mixed farming"" and ""monoculture"" represent different approaches to farming, with the former combining multiple crops and the latter focusing on a single crop. The ""growing"" category includes ""planting,"" ""plowing,"" and ""tillage,"" which are essential steps in preparing the soil for cultivation. The ""market"" category includes ""truck farming,"" ""market gardening,"" and ""gardening,"" which focus on producing crops for sale. The ""subsistence"" category includes ""subsistence farming,"" which is a self-sufficient farming practice. ""Gardening"" is a more general term that encompasses various forms of small-scale farming.

```taxonomy
farming is the child of culture
cultivation is the child of farming
landscaping is the child of farming
beekeeping is the child of farming
culture is the child of farming
viticulture is the child of culture
cranberry culture is the child of culture
aquaculture is the child of culture
animal husbandry is the child of farming
dairying is the child of animal husbandry
ranching is the child of animal husbandry
insemination is the child of animal husbandry
mixed farming is the child of farming
monoculture is the child of farming
growing is the child of cultivation
planting is the child of growing
plowing is the child of growing
tillage is the child of growing
market is the child of cultivation
truck farming is the child of market
market gardening is the child of market
gardening is the child of market
subsistence farming is the child of farming
strip cropping is the child of cultivation
hydroponics is the child of cultivation
drip culture is the child of cultivation
arboriculture is the child of landscaping
roundup is the child of cultivation
insemination is the child of animal husbandry
```"
24,"The taxonomy tree starts with ""Niger-Congo"" as the root, representing a broad language family. Direct children of ""Niger-Congo"" include ""Bantu,"" ""Mande,"" and ""Gur,"" which are significant branches within this family. The ""Bantu"" branch further divides into ""Kongo,"" ""Kichaga,"" ""Luba,"" ""Luyia,"" ""Luyia,"" ""Ndebele,"" ""Nguni,"" ""Pokomo,"" ""Sango,"" ""Sesotho,"" ""Shona,"" ""Sotho,"" ""Swazi,"" ""Tswana,"" ""Tswana,"" ""Xhosa,"" ""Zulu,"" and ""ChiMwini,"" each representing a distinct Bantu language. The ""Mande"" branch includes ""Fula"" and ""Mande,"" with ""Mande"" being a more general category. The ""Gur"" branch includes ""Gikuyu,"" ""Giriama,"" and ""Kamba,"" which are languages within the Gur family. The ""West African"" category is a child of ""Niger-Congo,"" indicating languages spoken in West Africa, which includes ""Fang,"" ""Herero,"" ""Mashi,"" ""Mwera,"" ""Nyamwezi,"" ""Sango,"" ""Sesotho,"" ""Tonga,"" ""Umbundu,"" and ""Yoruba."" The ""Kwa"" branch includes ""Akan,"" ""Kiswahili,"" ""Kwa,"" and ""Swahili,"" which are languages within the Kwa branch of the Niger-Congo family. The ""Kongo"" branch includes ""Kongo"" and ""Kongo,"" with ""Kongo"" being a more specific language. The ""Kinyarwanda"" and ""Sango"" are also children of ""Niger-Congo,"" indicating their classification within this language family.

```taxonomy
Niger-Congo is the root
Bantu is the child of Niger-Congo
Mande is the child of Niger-Congo
Gur is the child of Niger-Congo
West African is the child of Niger-Congo
Kongo is the child of Bantu
Kichaga is the child of Bantu
Luba is the child of Bantu
Luyia is the child of Bantu
Ndebele is the child of Bantu
Nguni is the child of Bantu
Pokomo is the child of Bantu
Sango is the child of Bantu
Sesotho is the child of Bantu
Shona is the child of Bantu
Sotho is the child of Bantu
Swazi is the child of Bantu
Tswana is the child of Bantu
Xhosa is the child of Bantu
Zulu is the child of Bantu
ChiMwini is the child of Bantu
Fula is the child of Mande
Mande is the child of Mande
Gikuyu is the child of Gur
Giriama is the child of Gur
Kamba is the child of Gur
Fang is the child of West African
Herero is the child of West African
Mashi is the child of West African
Mwera is the child of West African
Nyamwezi is the child of West African
Sango is the child of West African
Sesotho is the child of West African
Tonga is the child of West African
Umbundu is the child of West African
Yoruba is the child of West African
Akan is the child of Kwa
Kiswahili is the child of Kwa
Kwa is the child of Kwa
Swahili is the child of Kwa
Kongo is the child of Kongo
Kinyarwanda is the child of Niger-Congo
Sango is the child of Niger-Congo
```"
25,"The taxonomy tree starts with ""computer file"" as the root, encompassing various types of digital data stored or processed by computers. Direct children of ""computer file"" include ""binary file,"" ""ASCII text file,"" and ""disk file,"" each representing a fundamental form of digital data storage. The ""binary file"" category includes files that store data in binary format, leading to ""input file,"" which is used to provide data for processing, and ""output file,"" which contains the results of processing. The ""ASCII text file"" category includes files that store text data in a human-readable format, branching to ""source code,"" which is the original code written by developers, and ""transaction file,"" which records specific actions or transactions. The ""disk file"" category includes ""master file,"" which is a primary file used for reference, and ""backup file,"" which is a copy of a file for recovery purposes. The ""read-only file"" category is a child of ""disk file,"" indicating files that cannot be modified. The ""web page"" category is a child of ""computer file,"" representing a specific type of file used for online content, further branching to ""home page,"" which is the main entry point of a website. This hierarchical structure logically organizes computer files from general to more specialized forms, based on their purpose, format, and functionality.

```taxonomy
computer file is the root
binary file is the child of computer file
ASCII text file is the child of computer file
disk file is the child of computer file
input file is the child of binary file
output file is the child of binary file
source code is the child of ASCII text file
transaction file is the child of ASCII text file
master file is the child of disk file
backup file is the child of disk file
read-only file is the child of disk file
web page is the child of computer file
home page is the child of web page
```"
26,"The taxonomy tree starts with ""agglomeration"" as the root, representing a general concept of a collection of things. Direct children of ""agglomeration"" include ""bunch,"" ""clot,"" ""knot,"" ""swad,"" and ""tuft,"" each describing a type of gathering or collection. The ""clot"" category branches into more specific forms like ""embolus,"" which is a blood clot that travels through the bloodstream, and ""thrombus,"" a blood clot that forms within a blood vessel. The ""knot"" category includes ""clew,"" a small bundle or knot, and ""gob,"" a small lump or mass. The ""bunch"" category includes ""ball,"" a rounded collection, and ""wisp,"" a small, thin cluster. The ""tuft"" category includes ""witches' broom,"" a type of star cluster, and ""Omega Centauri,"" a globular cluster. The ""coma"" category includes ""Pleiades,"" a star cluster, and ""Northern Cross,"" a asterism. This hierarchical structure logically categorizes agglomerations from general to more specific forms, based on their composition, shape, and context.

```taxonomy
agglomeration is the root
bunch is the child of agglomeration
clot is the child of agglomeration
knot is the child of agglomeration
swad is the child of agglomeration
tuft is the child of agglomeration
embolus is the child of clot
thrombus is the child of clot
clew is the child of knot
gob is the child of knot
ball is the child of bunch
wisp is the child of bunch
witches' broom is the child of tuft
Omega Centauri is the child of tuft
Pleiades is the child of coma
Northern Cross is the child of coma
```"
27,"The taxonomy tree starts with ""firework"" as the root, encompassing a broad category of pyrotechnic devices. Direct children of ""firework"" include ""sparkler,"" ""cannon cracker,"" ""squib,"" ""cherry bomb,"" ""firecracker,"" ""serpent,"" ""Roman candle,"" and ""catherine wheel,"" each representing a specific type of firework. The ""sparkler"" category is a general term for a firework that produces sparks, leading to ""fizgig,"" a type of sparkler. ""Cherry bomb"" and ""firecracker"" are both explosive firework types, with ""cherry bomb"" being a specific type of explosive firework. ""Serpent"" and ""Roman candle"" are types of firework that produce a series of explosions or sparks in a linear fashion. ""Catherine wheel"" is a type of firework that spins rapidly while producing sparks. ""Cannon cracker"" is a type of firework that produces a loud noise. ""Maroon"" is a type of firework that produces a red color, and ""torpedo"" is a type of firework that is shaped like a torpedo and often produces a loud noise. ""Low explosive"" and ""whizbang"" are not directly categorized under firework types but are related to pyrotechnics, with ""low explosive"" referring to a type of explosive that produces less force and ""whizbang"" being a colloquial term for a firework.

```taxonomy
firework is the child of firework
sparkler is the child of firework
cannon cracker is the child of firework
squib is the child of firework
cherry bomb is the child of firework
firecracker is the child of firework
serpent is the child of firework
Roman candle is the child of firework
catherine wheel is the child of firework
fizgig is the child of sparkler
maroon is the child of firework
torpedo is the child of firework
low explosive is the child of firework
whizbang is the child of firework
```"
28,"The taxonomy tree starts with ""means"" as the root, representing a broad category for any method, device, or resource used to achieve a goal. Direct children of ""means"" include ""instrument,"" ""instrumentation,"" and ""implementation,"" each representing a different aspect of utilizing tools or methods to accomplish something. The ""instrument"" category branches into more specific types, such as ""voice,"" ""wings,"" and ""tooth,"" which are metaphorical or literal tools used for various purposes. The ""instrumentation"" category includes ""motorization,"" which is the use of engines or motors for mechanical advantage, and ""instrument,"" which is a more general term for any tool or device. ""Implementation"" is a process-oriented term, indicating the act of putting a plan into action. The ""practice"" category includes ""crutch,"" ""makeshift,"" and ""expedient,"" which are all temporary or substitute solutions used when a more ideal solution is not available. The ""makeshift"" category further branches to ""improvisation,"" indicating the act of creating something on the spot using available resources. The ""expedient"" category includes ""pis aller,"" which is a last resort or desperate measure, and ""escape,"" which is a means of avoiding a situation. The ""desperate measure"" category includes ""open sesame,"" which is a magical solution, and ""invocation,"" which is a call for help or assistance. The ""stepping stone"" category includes ""road,"" ""fast track,"" and ""royal road,"" which are all metaphorical paths to success. The ""salvation"" category includes ""dint,"" which is a small amount of progress or success, and ""salvation,"" which is a broader concept of rescue or deliverance.

```taxonomy
means is the root
instrument is the child of means
instrumentation is the child of means
implementation is the child of means
practice is the child of means
crutch is the child of practice
makeshift is the child of practice
expedient is the child of practice
improvisation is the child of makeshift
pis aller is the child of expedient
escape is the child of expedient
desperate measure is the child of expedient
open sesame is the child of desperate measure
invocation is the child of desperate measure
stepping stone is the child of means
road is the child of stepping stone
fast track is the child of stepping stone
royal road is the child of stepping stone
salvation is the child of means
dint is the child of salvation
```"
29,"The taxonomy tree starts with ""garden"" as the root, encompassing various types of cultivated spaces. Direct children of ""garden"" include ""roof garden,"" ""sunken garden,"" ""victory garden,"" and ""landscaping,"" which represent different settings or purposes of gardens. The ""victory garden"" category leads to ""kitchen garden,"" which is a garden specifically designed for growing food for household use. The ""landscaping"" category branches into ""formal garden,"" which is a garden designed with symmetry and order, and ""parterre,"" a specific type of formal garden featuring intricate patterns. The ""formal garden"" category further includes ""topiary,"" which involves pruning trees or shrubs into ornamental shapes. The ""kitchen garden"" category includes ""market garden,"" which is a garden that produces fruits and vegetables for sale. The ""garden"" also branches into ""grove,"" which is a small group of trees, leading to ""peach orchard,"" ""apple orchard,"" ""lemon grove,"" and ""orange grove,"" each representing a specific type of fruit tree cultivation. The ""garden"" also includes ""flower garden,"" which branches into ""flowerbed,"" ""rose bed,"" ""tulip bed,"" and ""herb garden,"" each representing a specific type of flower or herb cultivation. The ""flower garden"" category also includes ""rock garden,"" which is a garden featuring plants that thrive in rocky conditions. The ""garden"" also includes ""hop garden,"" ""seedbed,"" ""asparagus bed,"" ""turnip bed,"" and ""hotbed,"" each representing a specific type of crop cultivation. The ""garden"" also includes ""Tuileries,"" ""Hanging Gardens of Babylon,"" and ""tea garden,"" which are specific historical or cultural examples of gardens. This hierarchical structure logically organizes gardens from general to more specialized forms, based on their purpose, design, or type of cultivation.

```taxonomy
landscaping is the child of garden
formal garden is the child of landscaping
parterre is the child of formal garden
topiary is the child of formal garden
kitchen garden is the child of victory garden
market garden is the child of kitchen garden
grove is the child of garden
peach orchard is the child of grove
apple orchard is the child of grove
lemon grove is the child of grove
orange grove is the child of grove
flower garden is the child of garden
flowerbed is the child of flower garden
rose bed is the child of flower garden
tulip bed is the child of flower garden
herb garden is the child of flower garden
rock garden is the child of flower garden
hop garden is the child of garden
seedbed is the child of garden
asparagus bed is the child of garden
turnip bed is the child of garden
hotbed is the child of garden
Tuileries is the child of garden
Hanging Gardens of Babylon is the child of garden
tea garden is the child of garden
```"
30,"The taxonomy tree starts with ""kinswoman"" as the root, which is a broad category encompassing female relatives. Directly under this root are more specific categories, including ""aunt,"" which branches into ""sister,"" ""niece,"" and ""great-niece,"" each representing a different generation or relationship. The ""sister"" category includes ""big sister,"" ""little sister,"" and ""half sister,"" which specify the age or familial relationship. The ""aunt"" category further branches into ""maiden aunt,"" indicating an unmarried aunt, and ""great-aunt,"" representing a more distant familial relationship. This hierarchical structure logically categorizes female relatives based on their familial relationship, generation, and marital status.

```taxonomy
kinswoman is the child of none
aunt is the child of kinswoman
sister is the child of kinswoman
niece is the child of aunt
great-niece is the child of niece
female sibling is the child of kinswoman
big sister is the child of sister
little sister is the child of sister
half sister is the child of sister
maiden aunt is the child of aunt
great-aunt is the child of aunt
```"
31,"The taxonomy tree starts with ""feather"" as the root, encompassing various types of feathers found on birds. Direct children of ""feather"" include ""down,"" ""plumule,"" and ""saddle hackle,"" each representing a distinct category of feathers. The ""down"" category branches into more specific types like ""duck down,"" ""goose down,"" and ""swan's down,"" which are used for insulation and filling. The ""plumule"" category includes ""marabou,"" a type of ostrich feather, and ""eiderdown,"" a soft, fluffy feather from eider ducks. The ""saddle hackle"" category is a specific type of feather found on the neck of birds, leading to the ""hackle"" category, which includes ""saddle hackle"" and ""bastard wing,"" a type of feather with a unique shape. The ""feather"" root also has a direct child ""contour feather,"" which is a type of feather that helps with contour and shape. The ""feather"" root also has a direct child ""tail feather,"" which is a type of feather found on the tail of birds. The ""feather"" root also has a direct child ""primary,"" which is a type of feather that is attached to the primary flight feathers. The ""feather"" root also has a direct child ""scapular,"" which is a type of feather found on the scapula of birds. The ""feather"" root also has a direct child ""aftershaft,"" which is a type of feather that has a long shaft. The ""feather"" root also has a direct child ""sickle feather,"" which is a type of feather that is shaped like a sickle. The ""feather"" root also has a direct child ""bastard wing,"" which is a type of feather that has a unique shape.

```taxonomy
feather is the root
down is the child of feather
plumule is the child of feather
saddle hackle is the child of feather
hackle is the child of feather
bastard wing is the child of hackle
saddle hackle is the child of hackle
marabou is the child of plumule
eiderdown is the child of plumule
duck down is the child of down
goose down is the child of down
swan's down is the child of down
contour feather is the child of feather
tail feather is the child of feather
primary is the child of feather
scapular is the child of feather
aftershaft is the child of feather
sickle feather is the child of feather
```"
32,"The taxonomy tree starts with ""surgical instrument"" as the root, encompassing a wide range of tools used in medical procedures. Direct children of ""surgical instrument"" include ""retractor,"" ""scalpel,"" ""speculum,"" ""curette,"" ""lancet,"" ""snare,"" ""hemostat,"" and ""surgical knife,"" which are basic instruments used for various tasks such as retracting tissue, cutting, and grasping. The ""medical instrument"" category branches into more specialized tools, including ""otoscope,"" ""ophthalmoscope,"" ""stethoscope,"" ""electroencephalograph,"" ""electromyograph,"" ""cardiograph,"" ""ballistocardiograph,"" ""polygraph,"" ""lie detector,"" and ""thermograph,"" which are used for diagnosing and monitoring various bodily functions. The ""endoscope"" category includes ""gastroscope,"" ""colonoscope,"" ""sigmoidoscope,"" ""proctoscope,"" ""bronchoscope,"" ""laryngoscope,"" ""arthroscope,"" ""culdoscope,"" and ""fiberscope,"" which are used for visualizing internal organs and structures. The ""diathermy machine"" category includes ""diathermy machine,"" ""microwave diathermy machine,"" ""shortwave diathermy machine,"" and ""photocoagulator,"" which are used for therapeutic purposes such as coagulation and tissue ablation. The ""artificial kidney"" category includes ""dialyzer"" and ""artificial kidney,"" which are used for treating kidney failure. The ""autoinjector"" category includes ""autoinjector"" and ""hypodermic syringe,"" which are used for injecting medications. The ""surgical instrument"" category also includes ""laparoscope,"" ""fetoscope,"" ""rhinoscope,"" ""orthoscope,"" and ""keratoscope,"" which are used for specific surgical procedures. This hierarchical structure logically organizes surgical instruments from general to more specialized forms, based on their function and application.

```taxonomy
surgical instrument is the root
retractor is the child of surgical instrument
scalpel is the child of surgical instrument
speculum is the child of surgical instrument
curette is the child of surgical instrument
lancet is the child of surgical instrument
snare is the child of surgical instrument
hemostat is the child of surgical instrument
surgical knife is the child of surgical instrument
medical instrument is the child of surgical instrument
otoscope is the child of medical instrument
ophthalmoscope is the child of medical instrument
stethoscope is the child of medical instrument
electroencephalograph is the child of medical instrument
electromyograph is the child of medical instrument
cardiograph is the child of medical instrument
ballistocardiograph is the child of medical instrument
polygraph is the child of medical instrument
lie detector is the child of medical instrument
thermograph is the child of medical instrument
endoscope is the child of medical instrument
gastroscope is the child of endoscope
colonoscope is the child of endoscope
sigmoidoscope is the child of endoscope
proctoscope is the child of endoscope
bronchoscope is the child of endoscope
laryngoscope is the child of endoscope
arthroscope is the child of endoscope
culdoscope is the child of endoscope
fiberscope is the child of endoscope
diathermy machine is the child of medical instrument
diathermy machine is the child of diathermy machine
microwave diathermy machine is the child of diathermy machine
shortwave diathermy machine is the child of diathermy machine
photocoagulator is the child of diathermy machine
artificial kidney is the child of medical instrument
dialyzer is the child of artificial kidney
autoinjector is the child of medical instrument
hypodermic syringe is the child of autoinjector
laparoscope is the child of surgical instrument
fetoscope is the child of surgical instrument
rhinoscope is the child of surgical instrument
orthoscope is the child of surgical instrument
keratoscope is the child of surgical instrument
```"
33,"The taxonomy tree starts with ""adhesive material"" as the root, encompassing a broad category of substances used for bonding or sticking. Direct children of ""adhesive material"" include ""glue,"" ""binder,"" and ""cement,"" each representing a general type of adhesive. The ""glue"" category branches into more specific types, such as ""casein glue,"" ""fish glue,"" ""animal glue,"" and ""marine glue,"" which are derived from natural sources. ""Glue"" also has a child ""spirit gum,"" a fast-drying adhesive. The ""cement"" category includes ""red-lead putty,"" a type of cement, and ""mastic,"" a specific type of cement used for sealing. ""Binder"" has a child ""putty,"" which includes ""iron putty"" and ""birdlime,"" a type of adhesive made from bird droppings. ""Rubber cement"" is a child of ""binder,"" representing a synthetic adhesive. ""Wafer"" is a child of ""binder,"" indicating a thin, flexible adhesive sheet. This hierarchical structure organizes adhesives from general categories to more specific types based on their composition and application.

```taxonomy
adhesive material is the root
glue is the child of adhesive material
binder is the child of adhesive material
cement is the child of adhesive material
casein glue is the child of glue
fish glue is the child of glue
animal glue is the child of glue
marine glue is the child of glue
spirit gum is the child of glue
red-lead putty is the child of cement
mastic is the child of cement
putty is the child of binder
iron putty is the child of putty
birdlime is the child of putty
rubber cement is the child of binder
wafer is the child of binder
```"
34,"The taxonomy tree starts with ""salad"" as the root, encompassing various types of dishes that combine ingredients, often vegetables, fruits, and sometimes proteins. Direct children of ""salad"" include ""green salad,"" which is a basic combination of leafy greens, and ""combination salad,"" which is a more general term for salads made from a variety of ingredients. The ""green salad"" category branches into more specific types, such as ""tabbouleh,"" a Middle Eastern salad made with parsley and bulgur, and ""Caesar salad,"" a classic salad made with romaine lettuce, croutons, and parmesan cheese. The ""combination salad"" category includes ""tossed salad,"" a general term for salads tossed with dressing, and ""molded salad,"" which is a salad made with a mixture of ingredients molded into a specific shape. The ""molded salad"" category further branches into ""Waldorf salad,"" a specific type of salad made with grapes, walnuts, and chicken, and ""salad nicoise,"" a salad made with tuna, hard-boiled eggs, and olives. The ""combination salad"" category also includes ""chef's salad,"" a salad made with a variety of ingredients, and ""crab Louis,"" a salad made with crab meat, lettuce, and dressing. The ""pasta salad"" category includes ""macaroni salad,"" a salad made with macaroni, vegetables, and dressing, and ""pasta salad,"" a more general term for salads made with pasta. The ""protein-based salad"" category includes ""tuna fish salad,"" a salad made with canned tuna, and ""herring salad,"" a salad made with pickled herring. The ""fruit-based salad"" category includes ""fruit salad,"" a salad made with a variety of fruits, and ""coleslaw,"" a salad made with shredded cabbage and sometimes fruit. The ""potato salad"" category includes ""potato salad,"" a salad made with boiled potatoes, and ""pasta salad,"" a salad made with pasta and potatoes. This hierarchical structure logically organizes salads from general to more specific types, based on ingredients and preparation methods.

```taxonomy
salad is the child of salad
green salad is the child of salad
combination salad is the child of salad
tossed salad is the child of combination salad
molded salad is the child of combination salad
tabbouleh is the child of green salad
Caesar salad is the child of green salad
Waldorf salad is the child of molded salad
salad nicoise is the child of molded salad
chef's salad is the child of combination salad
crab Louis is the child of combination salad
pasta salad is the child of combination salad
macaroni salad is the child of pasta salad
tuna fish salad is the child of combination salad
herring salad is the child of combination salad
fruit salad is the child of combination salad
coleslaw is the child of fruit salad
potato salad is the child of combination salad
```"
35,"The taxonomy tree starts with ""score"" as the root, encompassing various outcomes or achievements in different contexts. Direct children of ""score"" include ""touchdown,"" ""field goal,"" ""point after,"" ""sleeper,"" ""hat trick,"" ""run batted in,"" ""strike,"" ""spare,"" ""bull's eye,"" and ""basket,"" each representing a distinct type of scoring in sports or games. The ""touchdown"" category branches to ""safety,"" indicating a score resulting from a defensive action. The ""field goal"" category includes ""point after,"" which is a kick following a touchdown. The ""hat trick"" category pertains to achieving three goals or successes in a single game or match. The ""run batted in"" category is a specific type of score in baseball. The ""strike"" category includes ""spare,"" which is a strike in bowling that knocks down all ten pins. The ""bull's eye"" category is a specific type of score in archery or darts. The ""basket"" category is a score in basketball. The ""score"" category also includes ""conquest,"" which is a broader term for achieving a goal or success, leading to subcategories like ""sexual conquest,"" ""seduction,"" and ""coup,"" which are more specific types of conquest. The ""conquest"" category also includes ""own goal,"" which is a score achieved against one's own team. The ""score"" category further branches to ""solution,"" which is a score achieved in a problem-solving context, and ""break,"" which is a score achieved in a game of billiards or pool. This hierarchical arrangement logically organizes scores from general to more specialized forms, based on the context and type of achievement.

```taxonomy
score is the child of conversion
touchdown is the child of score
safety is the child of touchdown
field goal is the child of score
point after is the child of field goal
sleeper is the child of score
hat trick is the child of score
run batted in is the child of score
strike is the child of score
spare is the child of strike
bull's eye is the child of score
basket is the child of score
conquest is the child of score
sexual conquest is the child of conquest
seduction is the child of conquest
coup is the child of conquest
own goal is the child of conquest
solution is the child of score
break is the child of score
```"
36,"The taxonomy tree starts with ""recorder"" as the root, encompassing various devices used for recording and storing audio or video signals. Direct children of ""recorder"" include ""tape recorder,"" ""magnetic recorder,"" ""multichannel recorder,"" and ""Dictaphone,"" each representing a distinct type of recording technology. The ""tape recorder"" category branches into more specific forms like ""cassette recorder,"" which uses cassettes for storage, and ""videocassette recorder,"" which records and plays back video signals. The ""magnetic recorder"" category includes the ""wire recorder,"" which uses a wire to store audio signals, and the ""compact-disk burner,"" which records audio or data onto compact disks. The ""multichannel recorder"" is a device capable of recording multiple signals simultaneously, and the ""Dictaphone"" is a specific type of recorder used for dictation. The ""black box"" is a general term for a device that records data, often used in aviation or other fields, and is a child of ""recorder."" This hierarchical structure logically organizes recorders from broad categories to increasingly specialized devices based on their recording technology and functionality.

```taxonomy
recorder is the child of recorder
tape recorder is the child of recorder
magnetic recorder is the child of recorder
multichannel recorder is the child of recorder
Dictaphone is the child of recorder
black box is the child of recorder
cassette recorder is the child of tape recorder
videocassette recorder is the child of tape recorder
wire recorder is the child of magnetic recorder
compact-disk burner is the child of magnetic recorder
```"
37,"The taxonomy tree starts with ""loan"" as the root, encompassing various forms of financial borrowing. Direct children of ""loan"" include ""personal loan,"" ""business loan,"" ""home loan,"" ""automobile loan,"" ""installment credit,"" and ""interbank loan,"" each representing a distinct type of loan based on purpose or recipient. The ""installment credit"" category further branches into ""installment debt,"" which is a type of debt repayment plan, and ""participation loan,"" where multiple parties share the risk of lending. The ""home loan"" category includes ""real estate loan,"" which is a specific type of loan for property purchases or refinancing. The ""national debt"" category, which includes ""national debt ceiling"" and ""public debt,"" pertains to government borrowing and debt limits. The ""score"" and ""point"" categories relate to credit scoring and interest rates, respectively, while ""bad debt"" refers to uncollectible loans. ""Direct loan"" and ""time loan"" are specific types of loans, with ""direct loan"" being a government loan and ""time loan"" being a loan with a fixed repayment period. ""Arrears"" and ""debt limit"" are related to loan repayment and borrowing limits, respectively. ""Call loan"" is a type of short-term loan, and ""bank loan"" is a loan provided by a bank. This hierarchical structure logically organizes loan types from general to more specific forms, based on purpose, recipient, and characteristics.

```taxonomy
loan is the child of loan
personal loan is the child of loan
business loan is the child of loan
home loan is the child of loan
automobile loan is the child of loan
installment credit is the child of loan
interbank loan is the child of loan
installment debt is the child of installment credit
participation loan is the child of installment credit
real estate loan is the child of home loan
national debt is the child of loan
national debt ceiling is the child of national debt
public debt is the child of national debt
score is the child of loan
point is the child of loan
bad debt is the child of loan
direct loan is the child of loan
time loan is the child of loan
arrears is the child of loan
debt limit is the child of loan
call loan is the child of loan
bank loan is the child of loan
```"
38,"The taxonomy tree starts with ""leukocyte"" as the root, encompassing all white blood cells. Direct children of ""leukocyte"" include ""lymphocyte,"" ""monocyte,"" and ""granulocyte,"" which are broad categories of white blood cells. The ""lymphocyte"" category branches into ""B cell"" and ""T cell,"" which are specific types of lymphocytes involved in immune responses. The ""T cell"" category further branches into ""killer T cell"" and ""helper T cell,"" which are specialized T cells with distinct functions. The ""granulocyte"" category includes ""neutrophil,"" ""basophil,"" and ""eosinophil,"" which are types of white blood cells involved in combating infections and inflammation. The ""monocyte"" category includes ""monoblast,"" which is a precursor to monocytes, and ""monocyte"" itself. The ""lymphocyte"" category also includes ""lymphoblast,"" which is a precursor to lymphocytes, and ""plasmablast,"" which is a type of lymphocyte that matures into a plasma cell. The ""granulocyte"" category also includes ""myelocyte,"" which is a precursor to granulocytes, and ""myeloblast,"" which is a precursor to myelocytes. The ""monocyte"" category also includes ""microphage,"" which is a type of monocyte that engulfs and digests foreign particles. The ""granulocyte"" category also includes ""plasma cell,"" which is a mature B cell that produces antibodies.

```taxonomy
leukocyte is the root
lymphocyte is the child of leukocyte
monocyte is the child of leukocyte
granulocyte is the child of leukocyte
B cell is the child of lymphocyte
T cell is the child of lymphocyte
killer T cell is the child of T cell
helper T cell is the child of T cell
neutrophil is the child of granulocyte
basophil is the child of granulocyte
eosinophil is the child of granulocyte
monoblast is the child of monocyte
monocyte is the child of leukocyte
microphage is the child of monocyte
lymphoblast is the child of lymphocyte
plasmablast is the child of lymphocyte
plasma cell is the child of granulocyte
myelocyte is the child of granulocyte
myeloblast is the child of granulocyte
```"
39,"The taxonomy tree starts with ""disk"" as the root, encompassing various circular or disc-shaped objects. Direct children of ""disk"" include ""planchet,"" ""token,"" ""acetate disk,"" ""diskus,"" and ""Frisbee,"" each representing a distinct type of circular object. The ""token"" category branches into more specific forms like ""subway token,"" indicating a particular type of token used for public transportation. The ""disk"" category also includes ""brake disk,"" which is a component of a braking system, and ""deadeye,"" a circular target used in archery. The ""circle"" category, a more general term, is a parent of ""diaphragm,"" a component used in various mechanical and optical systems, and ""puck,"" a small, flat, circular object used in games like hockey. This hierarchical structure logically categorizes circular objects from broad categories to increasingly specialized forms, based on their function, material, or application.

```taxonomy
disk is the child of circle
planchet is the child of disk
token is the child of disk
acetate disk is the child of disk
diskus is the child of disk
Frisbee is the child of disk
subway token is the child of token
brake disk is the child of disk
deadeye is the child of disk
diaphragm is the child of circle
puck is the child of circle
```"
40,"The taxonomy tree starts with ""mathematical space"" as the root, encompassing various concepts related to mathematical structures and sets. Direct children of ""mathematical space"" include ""set,"" ""subset,"" ""superset,"" and ""universal set,"" which form the foundation of set theory. The ""set"" category branches into ""subset,"" indicating a part of a larger set, and ""superset,"" which is a set containing another set. The ""subset"" category further includes ""proper subset,"" which is a subset that is not equal to the original set, and ""universal set,"" which is the set that contains all elements under consideration. The ""set"" category also includes ""null set,"" which is a set with no elements, and ""subset"" includes ""proper subset,"" which is a subset that is not equal to the original set.

The ""mathematical space"" also branches into ""metric space,"" which is a space where distances between points can be measured, and ""Euclidean space,"" a specific type of metric space where distances follow the Euclidean metric. The ""metric space"" category includes ""Hilbert space,"" a complete inner product space, and ""manifold,"" a space that is locally Euclidean. The ""Euclidean space"" category includes ""closed interval,"" ""open interval,"" and ""sub-interval,"" which are specific types of intervals in Euclidean space.

The ""mathematical space"" also branches into ""group,"" which is a set with a binary operation that satisfies certain properties, and ""Abelian group,"" a specific type of group where the order of elements does not affect the result. The ""group"" category includes ""subgroup,"" which is a subset of a group that is itself a group, and ""Hilbert space,"" which is a complete inner product space.

The ""mathematical space"" also branches into ""locus,"" which is a set of points that satisfy certain conditions, and ""solution,"" which is a value that satisfies an equation or inequality. The ""locus"" category includes ""Mandelbrot set,"" a specific type of locus that is formed by iterating a complex function.

The ""mathematical space"" also branches into ""image,"" which is the set of all possible output values of a function, and ""domain,"" which is the set of all possible input values of a function. The ""image"" category includes ""range,"" which is the set of all possible output values of a function, and ""codomain,"" which is the set of all possible output values of a function.

The ""mathematical space"" also branches into ""diagonal,"" which is a line that connects two points on a plane, and ""origin,"" which is the point (0,0) in a coordinate system.

The ""mathematical space"" also branches into ""intersection,"" which is the set of all elements that are common to two or more sets, and ""union,"" which is the set of all elements that are in at least one of two or more sets.

The ""mathematical space"" also branches into ""null space,"" which is the set of all vectors that are mapped to the zero vector by a linear transformation, and ""solution space,"" which is the set of all solutions to a system of equations.

The ""mathematical space"" also branches into ""scalar field,"" which is a function that assigns a scalar value to each point in a space, and ""vector field,"" which is a function that assigns a vector value to each point in a space.

The ""mathematical space"" also branches into ""manifold,"" which is a space that is locally Euclidean, and ""metric space,"" which is a space where distances between points can be measured.

The ""mathematical space"" also branches into ""Hilbert space,"" which is a complete inner product space, and ""Euclidean space,"" which is a specific type of metric space where distances follow the Euclidean metric.

The ""mathematical space"" also branches into ""diagonal,"" which is a line that connects two points on a plane, and ""origin,"" which is the point (0,0) in a coordinate system.

The ""mathematical space"" also branches into ""intersection,"" which is the set of all elements that are common to two or more sets, and ""union,"" which is the set of all elements that are in at least one of two or more sets.

The ""mathematical space"" also branches into ""null space,"" which is the set of all vectors that are mapped to the zero vector by a linear transformation, and ""solution space,"" which is the set of all solutions to a system of equations.

The ""mathematical space"" also branches into ""scalar field,"" which is a function that assigns a scalar value to each point in a space, and ""vector field,"" which is a function that assigns a vector value to each point in a space.

The ""mathematical space"" also branches into ""manifold,"" which is a space that is locally Euclidean, and ""metric space,"" which is a space where distances between points can be measured.

The ""mathematical space"" also branches into ""Hilbert space,"" which is a complete inner product space, and ""Euclidean space,"" which is a specific type of metric space where distances follow the Euclidean metric.

```taxonomy
mathematical space is the root
set is the child of mathematical space
subset is the child of set
superset is the child of set
universal set is the child of set
null set is the child of set
proper subset is the child of subset
metric space is the child of mathematical space
Euclidean space is the child of metric space
Hilbert space is the child of metric space
manifold is the child of metric space
closed interval is the child of Euclidean space
open interval is the child of Euclidean space
sub-interval is the child of Euclidean space
group is the child of mathematical space
Abelian group is the child of group
subgroup is the child of group
locus is the child of mathematical space
Mandelbrot set is the child of locus
solution is the child of mathematical space
image is the child of mathematical space
domain is the child of mathematical space
diagonal is the child of mathematical space
origin is the child of mathematical space
intersection is the child of mathematical space
union is the child of mathematical space
null space is the child of mathematical space
solution space is the child of mathematical space
scalar field is the child of mathematical space
vector field is the child of mathematical space
```"
41,"The taxonomy tree starts with ""lien"" as the root, encompassing various types of claims or interests in property that are secured by a legal right. Direct children of ""lien"" include ""general lien,"" ""garageman's lien,"" ""landlord's lien,"" ""artisan's lien,"" ""mechanic's lien,"" ""warehouseman's lien,"" and ""pawn,"" each representing a specific type of lien based on the nature of the property or the relationship between the parties involved. The ""general lien"" category is a broad term for a lien that is not specific to a particular type of property or situation, leading to more specialized forms like ""garageman's lien,"" which is a lien held by a garage owner for unpaid storage fees, and ""artisan's lien,"" which is a lien held by an artisan for unpaid work. The ""tax lien"" category includes ""federal tax lien,"" ""state tax lien,"" and ""tax lien,"" each representing a lien placed on property due to unpaid taxes. The ""security interest"" category includes ""pledge,"" ""collateral,"" ""security interest,"" and ""chattel mortgage,"" which represent various ways in which a creditor can secure a loan by taking an interest in specific property. The ""mortgage"" category includes ""first mortgage,"" ""second mortgage,"" and ""mortgage,"" each representing a different type of mortgage based on priority and seniority. The ""guarantee"" category includes ""guarantee,"" which represents a promise to pay a debt if the primary debtor fails to do so. This hierarchical structure logically classifies liens and security interests from broad categories to more specific forms, based on the nature of the property, the relationship between parties, and the type of interest being secured.

```taxonomy
lien is the root
general lien is the child of lien
garageman's lien is the child of lien
landlord's lien is the child of lien
artisan's lien is the child of lien
mechanic's lien is the child of lien
warehouseman's lien is the child of lien
pawn is the child of lien
tax lien is the child of lien
federal tax lien is the child of tax lien
state tax lien is the child of tax lien
pledge is the child of security interest
collateral is the child of security interest
security interest is the child of security interest
chattel mortgage is the child of security interest
mortgage is the child of security interest
first mortgage is the child of mortgage
second mortgage is the child of mortgage
guarantee is the child of security interest
judgment lien is the child of lien
```"
42,"The taxonomy tree starts with ""legal action"" as the root, encompassing various forms of legal proceedings. Direct children of ""legal action"" include ""civil suit,"" ""criminal suit,"" ""litigation,"" and ""proceeding,"" each representing a broad category of legal actions. The ""civil suit"" category branches into more specific types, such as ""paternity suit,"" ""adoption,"" ""custody case,"" ""class action,"" and ""counterclaim,"" which pertain to family, property, and group rights. The ""criminal suit"" category includes ""court-martial,"" ""prosecution,"" and ""quo warranto,"" which relate to military, criminal, and governmental accountability. The ""litigation"" category further branches to ""lawsuit,"" ""trial,"" ""hearing,"" ""appeal,"" and ""judicial review,"" which represent the process of resolving disputes through the courts. The ""proceeding"" category includes ""administrative hearing,"" ""bankruptcy,"" ""receivership,"" and ""foreclosure,"" which pertain to financial, business, and property-related legal actions. The ""litigation"" category also includes ""vexatious litigation,"" ""show trial,"" and ""moot,"" which represent abusive, staged, or hypothetical legal proceedings. This hierarchical structure logically categorizes legal actions from broad categories to increasingly specific types, based on their nature and purpose.

```taxonomy
legal action is the child of root
civil suit is the child of legal action
criminal suit is the child of legal action
litigation is the child of legal action
proceeding is the child of legal action
paternity suit is the child of civil suit
adoption is the child of civil suit
custody case is the child of civil suit
class action is the child of civil suit
counterclaim is the child of civil suit
court-martial is the child of criminal suit
prosecution is the child of criminal suit
quo warranto is the child of criminal suit
lawsuit is the child of litigation
trial is the child of litigation
hearing is the child of litigation
appeal is the child of litigation
judicial review is the child of litigation
administrative hearing is the child of proceeding
bankruptcy is the child of proceeding
receivership is the child of proceeding
foreclosure is the child of proceeding
vexatious litigation is the child of litigation
show trial is the child of litigation
moot is the child of litigation
```"
43,"The taxonomy tree starts with ""graphic"" as the root, encompassing various forms of visual representation. Direct children of ""graphic"" include ""picture,"" ""slide,"" and ""viewgraph,"" each representing a distinct medium for displaying images. The ""picture"" category branches into more specific forms like ""portrait,"" which includes subcategories like ""self-portrait,"" ""half-length,"" and ""Identikit,"" each focusing on a particular aspect of human representation. The ""slide"" category includes ""bitmap,"" which pertains to digital images, and ""iconography,"" which deals with symbolic images. The ""viewgraph"" category includes ""photomontage,"" which involves combining multiple images, and ""panorama,"" which represents a wide, sweeping view. The ""picture"" category also includes ""chiaroscuro,"" which is an artistic technique using strong contrasts, and ""grisaille,"" which is a monochromatic drawing technique. The ""slide"" category includes ""bitmap,"" ""iconography,"" and ""scan,"" which is a process of converting an image into a digital format. The ""viewgraph"" category includes ""photomontage,"" ""panorama,"" and ""collage,"" which is a composition of different materials and images. The ""picture"" category also includes ""sonogram,"" which is an image of a fetus, and ""reflection,"" which is an image of an object or person reflected in a surface. The ""slide"" category includes ""foil,"" which is a thin sheet of material, and ""bitmap,"" which is a digital image. The ""viewgraph"" category includes ""inset,"" which is a small image or illustration inserted into a larger image.

```taxonomy
graphic is the root
picture is the child of graphic
slide is the child of graphic
viewgraph is the child of graphic
portrait is the child of picture
self-portrait is the child of portrait
half-length is the child of portrait
Identikit is the child of portrait
bitmap is the child of slide
iconography is the child of slide
scan is the child of slide
photomontage is the child of viewgraph
panorama is the child of viewgraph
collage is the child of viewgraph
chiaroscuro is the child of picture
grisaille is the child of picture
sonogram is the child of picture
reflection is the child of picture
foil is the child of slide
inset is the child of viewgraph
```"
44,"The taxonomy tree starts with ""lap"" as the root, encompassing various types of fabric folds or attachments found on clothing. Direct children of ""lap"" include ""lapel,"" ""trouser cuff,"" ""cuff,"" and ""coattail,"" each representing a distinct type of fold or attachment on garments. The ""lapel"" category branches into more specific types, such as ""revers,"" which is a type of lapel that folds back, and ""codpiece,"" a historical type of lapel that covers the groin area. The ""trouser cuff"" category includes ""barndoor,"" a type of cuff that is wide and flappy. The ""cuff"" category further branches to ""lappet,"" a type of cuff that is decorative and often found on women's clothing, and ""jag,"" a type of cuff with a jagged edge. The ""coattail"" category includes ""earflap,"" a type of coattail with flaps that cover the ears. The ""flap"" category includes ""pocket flap,"" a type of flap that covers a pocket, and ""tongue,"" a type of flap that is long and narrow. The ""tent-fly"" is a type of flap that is often found on outdoor gear, such as tents. This hierarchical arrangement logically organizes clothing features from general to more specialized forms, based on their function and design.

```taxonomy
lap is the child of root
lapel is the child of lap
revers is the child of lapel
codpiece is the child of lapel
trouser cuff is the child of lap
barndoor is the child of trouser cuff
cuff is the child of lap
lappet is the child of cuff
jag is the child of cuff
coattail is the child of lap
earflap is the child of coattail
flap is the child of lap
pocket flap is the child of flap
tongue is the child of flap
tent-fly is the child of flap
```"
45,"The taxonomy tree starts with ""bedclothes"" as the root, encompassing various items used to cover or adorn beds. Direct children of ""bedclothes"" include ""bedspread,"" ""manta,"" ""mackinaw,"" ""quilted bedspread,"" and ""electric blanket,"" each representing a distinct type of bed covering. The ""bedspread"" category branches into more specific forms like ""coverlet,"" which is a decorative bed covering, and ""crazy quilt,"" a type of quilt with intricate patterns. The ""quilt"" category includes various types of quilted bed coverings, such as ""afghan,"" ""quilt,"" and ""patchwork,"" each with its unique characteristics. The ""blanket"" category includes ""security blanket,"" a comfort item often associated with emotional security, and ""eiderdown,"" a type of down-filled bed covering. The ""manta"" and ""mackinaw"" are types of bed coverings that are often used for warmth and protection. The ""throw"" is a smaller, decorative blanket used to add warmth and style to a room. The ""bedroll"" is a type of bed covering used for camping or travel. The ""mattress cover"" is a protective covering for the mattress. This hierarchical structure logically organizes bedclothes from general to more specialized forms, based on their functionality, design, and purpose.

```taxonomy
bedclothes is the child of none
bedspread is the child of bedclothes
manta is the child of bedclothes
mackinaw is the child of bedclothes
quilted bedspread is the child of bedclothes
electric blanket is the child of bedclothes
coverlet is the child of bedspread
crazy quilt is the child of bedspread
afghan is the child of quilt
quilt is the child of quilt
patchwork is the child of quilt
security blanket is the child of blanket
eiderdown is the child of blanket
mattress cover is the child of none
bedroll is the child of none
throw is the child of none
```"
46,"The taxonomy tree starts with ""football play"" as the root, encompassing various strategies and actions in the game of football. Direct children of ""football play"" include ""pass,"" ""run,"" and ""tackle,"" which represent the fundamental actions of throwing, carrying, or stopping the ball. The ""pass"" category branches into more specific types, such as ""forward pass,"" ""lateral pass,"" ""spot pass,"" ""screen pass,"" and ""flare pass,"" each describing a distinct way of throwing the ball. The ""run"" category includes ""end run,"" which involves running around the end of the line, and ""handoff,"" where the ball is transferred to a teammate. The ""tackle"" category is further specified by ""draw,"" which involves a fake handoff to deceive the defense, and ""return,"" which pertains to gaining possession of the ball after a play. The ""reverse"" category includes ""double reverse,"" a complex play involving multiple handoffs, and ""return"" is also a child of ""reverse,"" indicating a return of the ball after a play. The ""rush"" category is a child of ""reverse,"" indicating a defensive action to quickly close the gap. The ""audible"" category is a child of ""rush,"" indicating a change in the play based on the defense's alignment. The ""power play"" category is a child of ""rush,"" indicating a strong, aggressive defensive action. The ""touchback"" category is a child of ""return,"" indicating a return of the ball to the team that kicked it, resulting in a dead ball.

```taxonomy
football play is the root
pass is the child of football play
run is the child of football play
tackle is the child of football play
forward pass is the child of pass
lateral pass is the child of pass
spot pass is the child of pass
screen pass is the child of pass
flare pass is the child of pass
end run is the child of run
handoff is the child of run
draw is the child of tackle
return is the child of tackle
reverse is the child of tackle
double reverse is the child of reverse
rush is the child of reverse
audible is the child of rush
power play is the child of rush
touchback is the child of return
```"
47,"The taxonomy tree starts with ""fancier"" as the root, which is a broad category for individuals who have a strong interest or enthusiasm for something. Direct children of ""fancier"" include ""animal fancier,"" which further branches into ""bird fancier"" and ""cat fancier,"" indicating a specific interest in birds or cats. Another child of ""fancier"" is ""suitor,"" which represents someone who is a romantic admirer, often in the context of seeking a partner. This leads to ""prince charming,"" a specific type of suitor who embodies the ideal romantic partner. The ""admirer"" category is a more general term for someone who has a strong admiration for something or someone, which can be applied to various contexts, including romantic relationships. The ""technophile"" is a child of ""admirer,"" indicating a strong enthusiasm for technology. The ""maniac"" is a child of ""admirer,"" indicating an excessive or obsessive enthusiasm. The ""hero worshiper"" is a child of ""admirer,"" indicating a strong admiration for a hero or a person of great influence. The ""horseman"" is a child of ""suitor,"" indicating a romantic interest in horse riding. The ""worshiper"" is a child of ""suitor,"" indicating a deep devotion to a romantic partner.

```taxonomy
fancier is the root
animal fancier is the child of fancier
bird fancier is the child of animal fancier
cat fancier is the child of animal fancier
suitor is the child of fancier
prince charming is the child of suitor
horseman is the child of suitor
worshiper is the child of suitor
admirer is the child of fancier
technophile is the child of admirer
maniac is the child of admirer
hero worshiper is the child of admirer
```"
48,"The taxonomy tree starts with ""vivacity"" as the root, encompassing a broad range of qualities related to energy, enthusiasm, and a lively spirit. Direct children of ""vivacity"" include ""energy,"" ""irrepressibility,"" ""sparkle,"" ""esprit,"" ""elan,"" and ""alacrity,"" each representing a distinct aspect of a lively or spirited nature. The ""energy"" category branches into more specific forms like ""vitality,"" ""mettlesomeness,"" and ""high-spiritedness,"" which emphasize the intensity or boldness of the energy. ""Mettlesomeness"" and ""high-spiritedness"" are further related to ""irrepressibility,"" indicating an inability to be restrained or subdued. The ""sparkle"" category includes ""pertness,"" ""airiness,"" and ""breeziness,"" which describe qualities of lightness, playfulness, or carefree nature. ""Pertness"" and ""airiness"" are closely related to ""liveliness,"" which is a general term for a lively or spirited quality. ""Mettlesomeness"" and ""high-spiritedness"" are also related to ""madness,"" which, in this context, suggests a wild or unbridled energy. ""Exuberance"" and ""pep"" are more general terms that encompass various aspects of a lively or spirited nature, making them direct children of ""vivacity."" This structure logically categorizes the concepts from broad to specific, highlighting the relationships between different qualities of energy and enthusiasm.

```taxonomy
vivacity is the root
energy is the child of vivacity
irrepressibility is the child of vivacity
sparkle is the child of vivacity
esprit is the child of vivacity
elan is the child of vivacity
alacrity is the child of vivacity
exuberance is the child of vivacity
pep is the child of vivacity
mettlesomeness is the child of energy
high-spiritedness is the child of energy
madness is the child of mettlesomeness
vitality is the child of energy
liveliness is the child of sparkle
pertness is the child of sparkle
airiness is the child of sparkle
breeziness is the child of sparkle
```"
49,"The taxonomy tree starts with ""club"" as the root, encompassing various types of blunt instruments used for striking or hitting. Direct children of ""club"" include ""cudgel,"" ""bludgeon,"" ""bastinado,"" and ""knobkerrie,"" each representing a distinct type of club or bludgeon. The ""cudgel"" category branches into more specific forms like ""lathi,"" a traditional Indian club, and ""shillelagh,"" a type of Irish club. The ""bludgeon"" category includes ""truncheon,"" a heavy stick used as a police baton, and ""bastinado,"" a flat club used for striking. The ""club"" also branches into ""bat,"" which further includes ""baseball bat,"" a specific type of bat used in the sport, and ""table-tennis racquet,"" a flat, lightweight bat used in the sport of table tennis. The ""club"" also includes ""paddle,"" a flat, broad club used for various purposes, and ""blackjack,"" a type of club used in various contexts, including as a term for a card game. This hierarchical structure organizes clubs from general to more specific types, based on their design, use, and geographical or cultural context.

```taxonomy
club is the child of club
cudgel is the child of club
bludgeon is the child of club
bastinado is the child of club
knobkerrie is the child of club
lathi is the child of cudgel
shillelagh is the child of cudgel
truncheon is the child of bludgeon
bastinado is the child of bludgeon
baseball bat is the child of bat
table-tennis racquet is the child of bat
paddle is the child of club
blackjack is the child of club
```"
50,"The taxonomy tree starts with ""deal"" as the root, which is a broad term for agreements or exchanges. Direct children of ""deal"" include ""award,"" ""grant,"" and ""block grant,"" each representing a type of financial or resource allocation. The ""award"" category pertains to recognition or prizes, while ""grant"" is more general, encompassing various forms of financial assistance. ""Block grant"" is a specific type of grant that provides a lump sum for a particular purpose. The ""grant"" category further branches into ""grant-in-aid,"" which is a type of financial assistance provided by a government to support a specific project or activity. The ""new deal"" is a historical program that also fits under the ""deal"" category, representing a comprehensive plan for economic recovery. The ""allotment"" and ""reshuffle"" concepts are related to the distribution or reallocation of resources, with ""allotment"" referring to a specific allocation of resources and ""reshuffle"" implying a reorganization or redistribution. The ""reallotment"" concept is similar to ""reshuffle,"" but with a focus on reallocation. The ""rationing"" concept is related to the distribution of resources, but with a focus on limiting or controlling the amount of resources available. The ""addiction"" concept is unrelated to the other concepts in this taxonomy, and is included as a separate category. The ""parcel"" concept is related to the distribution of resources, but with a focus on dividing or allocating resources into smaller units.

```taxonomy
award is the child of deal
grant is the child of deal
block grant is the child of deal
new deal is the child of deal
grant-in-aid is the child of grant
allotment is the child of grant
reshuffle is the child of grant
reallotment is the child of grant
rationing is the child of grant
parcel is the child of grant
addiction is the child of deal
```"
51,"The taxonomy tree starts with ""handicraft"" as the root, encompassing a broad range of creative activities involving manual skills. Direct children of ""handicraft"" include ""needlework,"" ""crocheting,"" ""knitting,"" ""sewing,"" ""suturing,"" ""netting,"" ""weaving,"" and ""lace making,"" each representing a specific technique or activity. The ""needlework"" category branches into more specialized forms like ""spinning,"" which involves preparing fibers for use in needlework, and ""bookbinding,"" which is a distinct application of needlework skills. The ""sewing"" category includes ""blind stitching,"" a technique used to conceal stitches, and ""arts and crafts,"" a broader category that encompasses a wide range of creative activities, including handicrafts. This hierarchical structure logically categorizes handicrafts from general to more specific techniques, based on the tools and materials used.

```taxonomy
handicraft is the child of root
needlework is the child of handicraft
crocheting is the child of needlework
knitting is the child of needlework
sewing is the child of needlework
suturing is the child of sewing
netting is the child of needlework
weaving is the child of needlework
lace making is the child of needlework
spinning is the child of needlework
bookbinding is the child of needlework
arts and crafts is the child of handicraft
blind stitching is the child of sewing
```"
52,"The taxonomy tree starts with ""culture"" as the root, encompassing various aspects of societal norms, values, and expressions. Direct children of ""culture"" include ""mass culture,"" representing the dominant and widespread cultural trends, and ""counterculture,"" which signifies a movement opposing or challenging mainstream culture. The ""mass culture"" category branches into ""taste,"" focusing on individual preferences and aesthetics, and ""fashion,"" which is a specific aspect of taste, concerned with clothing and style. ""Fashion"" further subcategories into ""haute couture,"" the highest level of fashion design, and ""vogue,"" a style or fashion trend. The ""counterculture"" category includes ""cult of personality,"" where an individual's personality or image becomes a central aspect of the movement, and ""flower power,"" a specific countercultural movement emphasizing peace and love. The ""taste"" category also includes ""delicacy,"" a refined and subtle appreciation for things, and ""virtu,"" a term used to describe a high level of skill or taste. The ""fashion"" category also includes ""retro,"" a style or aesthetic inspired by past eras, and ""New Look,"" a specific fashion movement. Additionally, ""letters"" is a child of ""culture,"" representing written communication and literature, and ""bandwagon"" is a child of ""culture,"" indicating a popular trend or movement that people follow.

```taxonomy
culture is the child of culture
mass culture is the child of culture
counterculture is the child of culture
taste is the child of mass culture
fashion is the child of taste
haute couture is the child of fashion
vogue is the child of fashion
delicacy is the child of taste
virtu is the child of taste
cult of personality is the child of counterculture
flower power is the child of counterculture
letters is the child of culture
bandwagon is the child of culture
retro is the child of fashion
New Look is the child of fashion
```"
53,"The taxonomy tree starts with ""statistic"" as the root, encompassing various measures and analyses used in data interpretation. Direct children of ""statistic"" include ""vital statistics,"" which pertains to demographic data, and ""nonparametric statistic,"" which refers to statistical methods that don't require a normal distribution. ""Parametric statistic"" is a child of ""statistic"" as well, indicating methods that assume a specific distribution. Under ""nonparametric statistic,"" we find ""rank-order correlation coefficient,"" which includes ""Kendall partial rank correlation,"" ""tau coefficient of correlation,"" and ""phi coefficient,"" all of which measure the strength of association between ranked data. The ""parametric statistic"" branch includes ""arithmetic mean,"" ""geometric mean,"" ""harmonic mean,"" and ""median,"" which are measures of central tendency. The ""mean"" category further branches into ""average,"" ""mean deviation,"" and ""standard deviation,"" which quantify variability. The ""correlation coefficient"" category includes ""product-moment correlation coefficient,"" ""biserial correlation coefficient,"" ""tetrachoric correlation coefficient,"" and ""multiple correlation coefficient,"" all of which measure the strength and direction of linear relationships. ""Regression coefficient"" is a child of ""correlation coefficient,"" indicating the slope of a linear relationship. ""Moment"" is a child of ""correlation coefficient,"" leading to ""second moment,"" which is a measure of variance. ""Outlier"" is a child of ""moment,"" indicating data points that deviate significantly from the mean. ""Deviation"" is a child of ""moment,"" encompassing various measures of variability. ""Time series"" is a child of ""deviation,"" indicating data points measured over time. ""Demographic"" is a child of ""time series,"" indicating data related to population characteristics. ""Age norm"" is a child of ""demographic,"" indicating data related to age distribution. ""Covariance"" is a child of ""deviation,"" indicating the measure of how much two variables vary together. ""Kendall test"" is a child of ""covariance,"" indicating a non-parametric test for correlation. ""Split-half correlation"" is a child of ""covariance,"" indicating a measure of correlation between two halves of a dataset. ""Coefficient of concordance"" is a child of ""covariance,"" indicating a measure of agreement among multiple variables.

```taxonomy
statistic is the root
vital statistics is the child of statistic
nonparametric statistic is the child of statistic
parametric statistic is the child of statistic
rank-order correlation coefficient is the child of nonparametric statistic
Kendall partial rank correlation is the child of rank-order correlation coefficient
tau coefficient of correlation is the child of rank-order correlation coefficient
phi coefficient is the child of rank-order correlation coefficient
arithmetic mean is the child of parametric statistic
geometric mean is the child of parametric statistic
harmonic mean is the child of parametric statistic
median is the child of parametric statistic
average is the child of mean
mean deviation is the child of mean
standard deviation is the child of mean
correlation coefficient is the child of parametric statistic
product-moment correlation coefficient is the child of correlation coefficient
biserial correlation coefficient is the child of correlation coefficient
tetrachoric correlation coefficient is the child of correlation coefficient
multiple correlation coefficient is the child of correlation coefficient
regression coefficient is the child of correlation coefficient
moment is the child of correlation coefficient
second moment is the child of moment
outlier is the child of moment
deviation is the child of moment
time series is the child of deviation
demographic is the child of time series
age norm is the child of demographic
covariance is the child of deviation
Kendall test is the child of covariance
split-half correlation is the child of covariance
coefficient of concordance is the child of covariance
```"
54,"The taxonomy tree starts with ""connection"" as the root, encompassing various concepts related to relationships or associations between entities. Direct children of ""connection"" include ""link,"" ""bridge,"" ""inclusion,"" ""involvement,"" and ""linkage,"" each representing a distinct aspect of connection. The ""link"" category branches into more specific types, such as ""silver cord,"" which metaphorically represents a strong, unbreakable bond, and ""concatenation,"" which emphasizes a series of connected elements. The ""bridge"" category includes ""communication,"" which highlights the exchange of information, and ""applicability,"" which focuses on the relevance of a connection to a particular context. The ""inclusion"" category further branches to ""relevance,"" ""implication,"" ""cogency,"" and ""materiality,"" each emphasizing different aspects of how something is connected or related. The ""involvement"" category includes ""alliance,"" which represents a formal agreement or partnership, and ""bearing,"" which pertains to the relevance or significance of something in a particular context. The ""linkage"" category includes ""series,"" which emphasizes a sequence of connected elements, and ""relatedness,"" which highlights the general concept of being connected or associated. This hierarchical structure logically organizes concepts from general to more specific forms, based on the nature and aspects of connections.

```taxonomy
connection is the child of point
link is the child of connection
bridge is the child of connection
inclusion is the child of connection
involvement is the child of connection
linkage is the child of connection
silver cord is the child of link
concatenation is the child of link
communication is the child of bridge
applicability is the child of bridge
relevance is the child of inclusion
implication is the child of inclusion
cogency is the child of inclusion
materiality is the child of inclusion
alliance is the child of involvement
bearing is the child of involvement
series is the child of linkage
relatedness is the child of linkage
```"
55,"The taxonomy tree starts with ""metric unit"" as the root, encompassing various types of measurement systems and units. Direct children of ""metric unit"" include ""metric capacity unit,"" ""metric weight unit,"" and ""metric linear unit,"" each representing a distinct category of measurement. The ""metric capacity unit"" category branches into various subunits, including ""liter,"" ""centiliter,"" ""deciliter,"" ""milliliter,"" ""kiloliter,"" ""cubic kilometer,"" and ""cubic millimeter,"" which are all related to volume measurements. The ""metric weight unit"" category includes ""gram,"" ""milligram,"" ""centigram,"" ""decigram,"" ""gram atom,"" ""gram molecule,"" ""kilogram,"" ""milligram,"" ""myriagram,"" ""dekagram,"" ""hectogram,"" and ""centner,"" which are all related to mass measurements. The ""metric linear unit"" category includes ""meter,"" ""millimeter,"" ""centimeter,"" ""decimeter,"" ""dekameter,"" ""hectometer,"" ""kilometer,"" ""myriameter,"" ""angstrom,"" ""micron,"" ""nanometer,"" ""picometer,"" and ""femtometer,"" which are all related to length measurements. This hierarchical arrangement logically organizes metric units from general to more specialized forms, based on the type of measurement.

```taxonomy
metric unit is the root
metric capacity unit is the child of metric unit
liter is the child of metric capacity unit
centiliter is the child of metric capacity unit
deciliter is the child of metric capacity unit
milliliter is the child of metric capacity unit
kiloliter is the child of metric capacity unit
cubic kilometer is the child of metric capacity unit
cubic millimeter is the child of metric capacity unit
metric weight unit is the child of metric unit
gram is the child of metric weight unit
milligram is the child of metric weight unit
centigram is the child of metric weight unit
decigram is the child of metric weight unit
gram atom is the child of metric weight unit
gram molecule is the child of metric weight unit
kilogram is the child of metric weight unit
milligram is the child of metric weight unit
myriagram is the child of metric weight unit
dekagram is the child of metric weight unit
hectogram is the child of metric weight unit
centner is the child of metric weight unit
metric linear unit is the child of metric unit
meter is the child of metric linear unit
millimeter is the child of metric linear unit
centimeter is the child of metric linear unit
decimeter is the child of metric linear unit
dekameter is the child of metric linear unit
hectometer is the child of metric linear unit
kilometer is the child of metric linear unit
myriameter is the child of metric linear unit
angstrom is the child of metric linear unit
micron is the child of metric linear unit
nanometer is the child of metric linear unit
picometer is the child of metric linear unit
femtometer is the child of metric linear unit
```"
56,"The taxonomy tree begins with ""priest"" as the root, encompassing various roles associated with spiritual or mystical practices. Direct children of ""priest"" include ""magus,"" ""shaman,"" ""votary,"" ""vestal virgin,"" and ""lama,"" each representing a distinct type of spiritual or mystical practitioner. The ""lama"" category further branches into ""Dalai Lama,"" a specific title held by the spiritual leader of Tibetan Buddhism, and ""Panchen Lama,"" another high-ranking title within Tibetan Buddhism. The ""shaman"" category leads to ""medicine man,"" a practitioner of traditional healing and spiritual practices in indigenous cultures. The ""magus"" category includes ""rainmaker,"" a figure associated with ancient cultures who could supposedly control the weather, and ""flamen,"" a priest in ancient Roman religion. The ""bacchant"" and ""bacchante"" are associated with ancient Greek and Roman rituals, respectively, and are children of ""bacchant,"" indicating a specific type of ritual participant. ""Hoodoo"" is a child of ""votary,"" representing a practitioner of a form of folk magic or spiritual practice, often associated with African diasporic traditions. This hierarchical structure organizes these concepts from general spiritual practitioners to more specific roles and titles, reflecting their unique characteristics and cultural associations.

```taxonomy
lama is the child of priest
Dalai Lama is the child of lama
Panchen Lama is the child of lama
shaman is the child of priest
medicine man is the child of shaman
magus is the child of priest
rainmaker is the child of magus
flamen is the child of magus
bacchant is the child of priest
bacchante is the child of bacchant
votary is the child of priest
hoodoo is the child of votary
Rhea Silvia is the child of priest
Ezra is the child of priest
```"
57,"The taxonomy tree starts with ""abstinence"" as the root, encompassing various forms of self-control or restraint from certain behaviors or desires. Direct children of ""abstinence"" include ""sobriety,"" ""diet,"" ""inhibition,"" and ""self-denial,"" each representing a distinct aspect of controlling or limiting oneself. ""Sobriety"" pertains to abstaining from intoxicating substances, leading to ""teetotaling,"" a specific form of sobriety focused on avoiding alcohol. ""Diet"" branches into more specific forms like ""fast,"" which involves abstaining from food, and ""sawm,"" a specific fast observed during Ramadan. ""Inhibition"" and ""self-denial"" are more general categories that can encompass a wide range of behaviors or desires being restrained. ""Chastity"" is a direct child of ""abstinence,"" focusing on sexual abstinence. ""Asceticism"" is a broader category that includes various forms of self-denial and abstinence, often for spiritual or philosophical reasons. ""Hunger strike"" is a specific form of abstinence, where an individual restricts food intake as a form of protest or demonstration. ""Ramadan"" is a specific fast observed during the Islamic holy month, and ""mortification"" is a more general term that can refer to various forms of self-denial or self-mortification.

```taxonomy
abstinence is the child of root
sobriety is the child of abstinence
diet is the child of abstinence
inhibition is the child of abstinence
self-denial is the child of abstinence
chastity is the child of abstinence
asceticism is the child of abstinence
teetotaling is the child of sobriety
hunger strike is the child of abstinence
fast is the child of diet
sawm is the child of fast
Ramadan is the child of fast
mortification is the child of root
```"
58,"The taxonomy tree starts with ""larceny"" as the root, encompassing various forms of theft or unauthorized taking of property. Direct children of ""larceny"" include ""grand larceny"" and ""petit larceny,"" which differ in the severity of the theft. ""Grand larceny"" is a more serious form, often involving larger quantities or more valuable items. ""Petit larceny"" is a less severe form, typically involving smaller or less valuable items. The ""larceny"" category also includes ""shoplifting,"" a specific type of theft that occurs in retail settings. ""Robbery"" is a distinct category that involves the use of force or intimidation to steal, with subcategories like ""highway robbery,"" ""armed robbery,"" and ""dacoity,"" which is a form of robbery that involves a group of people. ""Highjacking"" is a specific type of robbery that involves taking control of a vehicle. ""Breach of trust with fraudulent intent"" is a category that involves theft by someone in a position of trust, such as an employee or a fiduciary. ""Embezzlement"" and ""skimming"" are specific types of breach of trust that involve the theft of funds or assets. ""Pilferage"" and ""plunderage"" are categories that involve the theft of goods or assets, often in a more casual or opportunistic manner. ""Rustling"" is a specific type of theft that involves livestock. ""Raid"" and ""caper"" are categories that involve a group of people working together to steal or commit a crime. ""Piracy"" is a category that involves the theft of intellectual property or other forms of creative work. ""Biopiracy"" is a specific type of piracy that involves the theft of biological materials or genetic information.

```taxonomy
larceny is the root
grand larceny is the child of larceny
petit larceny is the child of larceny
shoplifting is the child of larceny
robbery is the child of larceny
highway robbery is the child of robbery
armed robbery is the child of robbery
dacoity is the child of robbery
highjacking is the child of robbery
breach of trust with fraudulent intent is the child of larceny
embezzlement is the child of breach of trust with fraudulent intent
skimming is the child of breach of trust with fraudulent intent
pilferage is the child of larceny
plunderage is the child of larceny
rustling is the child of larceny
raid is the child of larceny
caper is the child of larceny
piracy is the child of larceny
biopiracy is the child of piracy
```"
59,"The taxonomy tree starts with ""litigant"" as the root, representing a party involved in a legal dispute. Direct children of ""litigant"" include ""filer,"" ""plaintiff,"" ""appellant,"" ""respondent,"" ""defendant,"" and ""correspondent,"" each representing a specific role in the legal process. The ""filer"" category is a broad term for the party initiating a legal action, leading to more specific roles like ""plaintiff,"" who is the primary party initiating a lawsuit. The ""appellant"" category is a litigant who appeals a decision, while the ""respondent"" is the party against whom the appeal is made. The ""defendant"" category includes more specific roles like ""codefendant,"" who is a defendant in a lawsuit alongside another defendant, and ""accused,"" who is a defendant in a criminal case. The ""correspondent"" category is a party involved in a legal action, but the term is less commonly used in legal contexts. The ""prevailing party"" category is a litigant who wins a lawsuit, and the ""suer"" category is an archaic term for a plaintiff. This hierarchical structure categorizes legal parties based on their roles and positions in the legal process.

```taxonomy
litigant is the root
filer is the child of litigant
plaintiff is the child of litigant
appellant is the child of litigant
respondent is the child of litigant
defendant is the child of litigant
correspondent is the child of litigant
codefendant is the child of defendant
accused is the child of defendant
prevailing party is the child of litigant
suer is the child of litigant
```"
60,"The taxonomy tree begins with ""compassion"" as the root, encompassing various forms of emotional support and understanding towards others. Direct children of ""compassion"" include ""empathy,"" ""sympathy,"" ""solicitude,"" and ""concern,"" each representing a distinct aspect of emotional connection and support. The ""empathy"" category pertains to the ability to understand and share feelings with others, leading to subcategories like ""tenderness,"" which involves a gentle and caring attitude, and ""heartstrings,"" a metaphor for the emotional connection felt towards others. ""Sympathy"" further branches to ""compatibility,"" indicating a harmonious relationship or shared understanding, and ""kindheartedness,"" which emphasizes a benevolent and generous nature. The ""solicitude"" category includes ""mellowness,"" a quality of being gentle and soothing, and ""mercifulness,"" which involves showing compassion and forgiveness. ""Concern"" branches to ""forgiveness,"" which involves letting go of resentment and anger, and ""softheartedness,"" a quality of being gentle and compassionate. This hierarchical arrangement logically organizes emotional support types from general to more specific forms, based on the nature and intensity of the emotional connection.

```taxonomy
empathy is the child of compassion
sympathy is the child of compassion
solicitude is the child of compassion
concern is the child of compassion
tenderness is the child of empathy
heartstrings is the child of empathy
compatibility is the child of sympathy
kindheartedness is the child of sympathy
mellowness is the child of solicitude
mercifulness is the child of solicitude
forgiveness is the child of concern
softheartedness is the child of concern
```"
61,"The taxonomy tree starts with ""rider"" as the root, encompassing individuals who ride various vehicles or animals. Direct children of ""rider"" include ""cyclist,"" ""horseman,"" and ""jockey,"" each representing a distinct type of rider. The ""cyclist"" category branches into more specific types, such as ""unicyclist,"" who rides a unicycle, and ""pedaler,"" who pedals a bicycle. The ""horseman"" category includes subcategories like ""horsewoman,"" indicating a female horse rider, and ""fox hunter,"" who participates in a specific type of horse riding event. ""Jockey"" further branches into ""picador,"" a specific type of jockey involved in bullfighting, and ""roughrider,"" who rides horses in a rugged or challenging environment. ""Hinault"" and ""Merckx"" are specific individuals, likely notable cyclists, but in this context, they are treated as children of ""cyclist"" due to their association with the sport. ""Buster"" is not directly related to the other concepts in a clear manner, so it is not included in the taxonomy. ""Hang glider"" is not a rider but a type of aircraft, so it is not included in this taxonomy focused on riders.

```taxonomy
cyclist is the child of rider
horseman is the child of rider
jockey is the child of rider
unicyclist is the child of cyclist
pedaler is the child of cyclist
horsewoman is the child of horseman
fox hunter is the child of horseman
picador is the child of jockey
roughrider is the child of jockey
Hinault is the child of cyclist
Merckx is the child of cyclist
```"
62,"The taxonomy tree starts with ""cruciferous vegetable"" as the root, encompassing a broad category of vegetables that belong to the Brassica family. Direct children of ""cruciferous vegetable"" include ""cabbage,"" which branches into more specific types like ""head cabbage,"" ""savoy cabbage,"" ""Chinese cabbage,"" and ""red cabbage,"" each representing a distinct variety based on appearance or characteristics. The ""broccoli"" category includes ""broccoli rabe,"" a type of broccoli that is more bitter and has a stronger flavor. The ""turnip"" category includes ""white turnip,"" a specific type of turnip, and ""rutabaga,"" a cross between a cabbage and a turnip. The ""kale"" category includes ""collards,"" a type of kale that is often used in Southern cuisine. The ""mustard"" category includes ""bok choy,"" a type of Chinese mustard green, and ""broccoli rabe,"" which is also sometimes classified as a type of mustard green. The ""radish"" category is a separate branch, as radishes are not typically classified as cruciferous vegetables. The ""kohlrabi"" and ""cauliflower"" categories are also separate branches, as they are distinct types of vegetables within the Brassica family.

```taxonomy
cruciferous vegetable is the root
cabbage is the child of cruciferous vegetable
head cabbage is the child of cabbage
savoy cabbage is the child of cabbage
Chinese cabbage is the child of cabbage
red cabbage is the child of cabbage
broccoli is the child of cruciferous vegetable
broccoli rabe is the child of broccoli
turnip is the child of cruciferous vegetable
white turnip is the child of turnip
rutabaga is the child of turnip
kale is the child of cruciferous vegetable
collards is the child of kale
mustard is the child of cruciferous vegetable
bok choy is the child of mustard
kohlrabi is the child of cruciferous vegetable
cauliflower is the child of cruciferous vegetable
radish is the child of cruciferous vegetable
```"
63,"The taxonomy tree starts with ""pelagic bird"" as the root, encompassing a broad category of birds that spend a significant amount of time at sea. Direct children of ""pelagic bird"" include ""procellariiform seabird,"" which is a specific order of seabirds, and ""albatross,"" which is a distinct family within this order. The ""procellariiform seabird"" category branches into more specialized forms like ""petrel,"" which includes various species such as ""diving petrel,"" ""storm petrel,"" ""stormy petrel,"" and ""giant petrel."" The ""petrel"" category further branches into ""shearwater,"" which includes species like ""Manx shearwater,"" and ""albatross,"" which includes ""wandering albatross"" and ""black-footed albatross."" The ""albatross"" category is a specific family within the ""procellariiform seabird"" order. The ""petrel"" category also includes ""white-chinned petrel"" and ""fulmar,"" which are specific species within this group. This hierarchical structure logically categorizes seabirds from broad categories to increasingly specific species, based on their characteristics and relationships.

```taxonomy
pelagic bird is the root
procellariiform seabird is the child of pelagic bird
albatross is the child of procellariiform seabird
petrel is the child of procellariiform seabird
shearwater is the child of petrel
Manx shearwater is the child of shearwater
storm petrel is the child of petrel
stormy petrel is the child of petrel
giant petrel is the child of petrel
diving petrel is the child of petrel
white-chinned petrel is the child of petrel
fulmar is the child of petrel
wandering albatross is the child of albatross
black-footed albatross is the child of albatross
```"
64,"The taxonomy tree starts with ""tempo"" as the root, encompassing various aspects of time and rhythm in music. Direct children of ""tempo"" include ""rhythm,"" ""musical time,"" and ""common time,"" which represent broad categories of time measurement and rhythmic patterns. ""Rhythm"" further branches into ""duple time,"" ""triple time,"" and ""andante,"" each specifying a different rhythmic pattern or time signature. The ""duple time"" category includes ""downbeat"" and ""backbeat,"" which are specific rhythmic elements within duple time. ""Triple time"" branches into ""meno mosso,"" indicating a slower tempo within triple time, and ""allegro con spirito,"" which is a faster tempo. The ""andante"" category includes ""allegretto,"" a slightly faster tempo, and ""rubato,"" which is a flexible tempo allowing for expressive variations. ""Allegro"" is a direct child of ""tempo,"" representing a fast tempo, while ""accelerando"" indicates a gradual increase in tempo. ""Syncopation"" is a rhythmic effect that can occur in any tempo, making it a child of ""rhythm."" ""Upbeat"" and ""downbeat"" are specific rhythmic elements that can occur in any tempo, making them children of ""rhythm."" ""In time"" is a child of ""rhythm"" as well, indicating a rhythmic pattern that is in sync with the music's time signature.

```taxonomy
tempo is the root
rhythm is the child of tempo
musical time is the child of tempo
common time is the child of tempo
duple time is the child of rhythm
downbeat is the child of duple time
backbeat is the child of duple time
triple time is the child of rhythm
meno mosso is the child of triple time
allegro con spirito is the child of triple time
andante is the child of rhythm
allegretto is the child of andante
rubato is the child of andante
allegro is the child of tempo
accelerando is the child of tempo
syncopation is the child of rhythm
upbeat is the child of rhythm
in time is the child of rhythm
```"
65,"The taxonomy tree starts with ""hominid"" as the root, encompassing a broad category of bipedal primates. Direct children of ""hominid"" include ""homo,"" which represents the genus to which modern humans belong, and ""australopithecine,"" a subcategory of early bipedal hominids. The ""homo"" category branches into various species, including ""Homo sapiens,"" ""Homo sapiens sapiens,"" ""Homo erectus,"" ""Homo habilis,"" and ""Homo soloensis,"" each representing a distinct stage in human evolution. The ""australopithecine"" category includes early bipedal species like ""Australopithecus afarensis,"" ""Australopithecus africanus,"" ""Australopithecus robustus,"" and ""Australopithecus boisei,"" which are further divided into subcategories like ""Paranthropus"" and ""Zinjanthropus."" The ""hominid"" category also includes extinct species like ""Pithecanthropus,"" ""Java man,"" ""Peking man,"" ""Boskop man,"" ""Neandertal man,"" and ""Cro-magnon,"" which are grouped under the ""hominid"" root due to their shared characteristics and evolutionary relationships. This hierarchical structure logically organizes hominid species from broad categories to increasingly specific and extinct forms.

```taxonomy
hominid is the root
homo is the child of hominid
australopithecine is the child of hominid
Homo sapiens is the child of homo
Homo sapiens sapiens is the child of Homo sapiens
Homo erectus is the child of homo
Homo habilis is the child of homo
Homo soloensis is the child of homo
Australopithecus afarensis is the child of australopithecine
Australopithecus africanus is the child of australopithecine
Australopithecus robustus is the child of australopithecine
Australopithecus boisei is the child of australopithecine
Paranthropus is the child of Australopithecus robustus
Zinjanthropus is the child of Australopithecus robustus
Pithecanthropus is the child of hominid
Java man is the child of Pithecanthropus
Peking man is the child of Pithecanthropus
Boskop man is the child of hominid
Neandertal man is the child of hominid
Cro-magnon is the child of hominid
Sivapithecus is the child of hominid
Rudapithecus is the child of hominid
Dryopithecine is the child of hominid
Rhodesian man is the child of hominid
Solo man is the child of Homo erectus
Javanthropus is the child of Homo erectus
Sinanthropus is the child of Homo erectus
Lucy is the child of Australopithecus afarensis
```"
66,"The taxonomy tree starts with ""nonsteroidal anti-inflammatory"" as the root, encompassing a broad category of drugs that reduce inflammation and pain. Direct children of ""nonsteroidal anti-inflammatory"" include ""aspirin,"" which branches into more specific forms like ""aspirin powder,"" ""enteric-coated aspirin,"" and ""buffered aspirin,"" each with distinct formulations or delivery methods. The ""aspirin"" category also includes ""salicylate,"" which is a chemical compound found in aspirin. Another branch under ""nonsteroidal anti-inflammatory"" is ""ibuprofen,"" which further includes ""naproxen,"" with ""naproxen sodium"" and ""naproxen"" being distinct forms of this drug. The ""ibuprofen"" category also includes ""ketoprofen,"" ""flurbiprofen,"" and ""diclofenac,"" with ""diclofenac potassium"" and ""diclofenac sodium"" being different salt forms of diclofenac. The ""ibuprofen"" category also includes ""ketorolac,"" with ""ketorolac tromethamine"" being a specific salt form. The ""ibuprofen"" category also includes ""fenoprofen,"" ""tolmetin sodium,"" and ""mefenamic acid."" The ""aspirin"" category also includes ""methyl salicylate,"" ""diflunisal,"" ""oxaprozin,"" ""nabumetone,"" ""etodolac,"" ""sulindac,"" ""meclofenamate,"" and ""ketorolac,"" with some of these being specific drugs or salt forms. The ""aspirin"" category also includes ""salol,"" which is a specific type of salicylate compound. This hierarchical structure categorizes nonsteroidal anti-inflammatory drugs based on their chemical composition, formulation, and delivery method.

```taxonomy
nonsteroidal anti-inflammatory is the root
aspirin is the child of nonsteroidal anti-inflammatory
aspirin powder is the child of aspirin
enteric-coated aspirin is the child of aspirin
buffered aspirin is the child of aspirin
salicylate is the child of aspirin
ibuprofen is the child of nonsteroidal anti-inflammatory
naproxen is the child of ibuprofen
naproxen sodium is the child of naproxen
ketoprofen is the child of ibuprofen
flurbiprofen is the child of ibuprofen
diclofenac is the child of ibuprofen
diclofenac potassium is the child of diclofenac
diclofenac sodium is the child of diclofenac
ketorolac is the child of ibuprofen
ketorolac tromethamine is the child of ketorolac
fenoprofen is the child of ibuprofen
tolmetin sodium is the child of ibuprofen
mefenamic acid is the child of ibuprofen
methyl salicylate is the child of aspirin
diflunisal is the child of aspirin
oxaprozin is the child of aspirin
nabumetone is the child of aspirin
etodolac is the child of aspirin
sulindac is the child of aspirin
meclofenamate is the child of aspirin
ketorolac is the child of aspirin
salol is the child of aspirin
```"
67,"The taxonomy tree starts with ""venereal disease"" as the root, encompassing sexually transmitted infections. Direct children of ""venereal disease"" include ""gonorrhea,"" ""genital herpes,"" ""syphilis,"" and ""chlamydia,"" each representing a distinct sexually transmitted infection. ""Syphilis"" branches into more specific stages: ""primary syphilis,"" the initial stage of syphilis infection; ""secondary syphilis,"" the second stage characterized by widespread symptoms; and ""tertiary syphilis,"" the final stage with potential long-term complications. ""Syphilis"" also has a child ""neurosyphilis,"" indicating the infection's impact on the nervous system. ""Genital herpes"" has a child ""lymphogranuloma venereum,"" a specific type of genital herpes infection. ""Granuloma inguinale"" is a separate child of ""venereal disease,"" representing another sexually transmitted infection.

```taxonomy
venereal disease is the root
gonorrhea is the child of venereal disease
genital herpes is the child of venereal disease
syphilis is the child of venereal disease
chlamydia is the child of venereal disease
primary syphilis is the child of syphilis
secondary syphilis is the child of syphilis
tertiary syphilis is the child of syphilis
neurosyphilis is the child of syphilis
lymphogranuloma venereum is the child of genital herpes
granuloma inguinale is the child of venereal disease
```"
68,"The taxonomy tree starts with ""post"" as the root, encompassing a wide variety of vertical structures used for support, boundary marking, or other purposes. Direct children of ""post"" include ""standard,"" ""support column,"" ""stanchion,"" ""caryatid,"" ""pilaster,"" and ""column,"" which represent more formal or architectural uses of vertical elements. The ""standard"" category branches into ""lamppost,"" ""telephone pole,"" and ""bollard,"" which are specific types of posts used for lighting, communication, or barrier functions. ""Support column"" further branches into ""king post,"" ""queen post,"" and ""hinging post,"" which are structural elements in buildings, with ""king post"" and ""queen post"" being specific types of roof supports and ""hinging post"" referring to a post that supports a door or gate. The ""stanchion"" category includes ""lally,"" ""rider bitt,"" and ""carrick bitt,"" which are specialized posts used in various contexts. ""Pilaster"" branches into ""pilaster"" and ""caryatid,"" with ""caryatid"" being a specific type of pilaster used as a decorative column. ""Column"" further branches into ""shaft,"" ""newel,"" and ""doorjamb,"" with ""shaft"" being a general term for a vertical column, ""newel"" being a post at the base of a staircase, and ""doorjamb"" being the vertical post on either side of a door. The ""pile"" category includes ""sheet pile,"" ""stake,"" and ""timber,"" which are types of vertical elements used for construction or boundary marking. ""Stake"" further branches into ""hitching post,"" ""gatepost,"" and ""shutting post,"" which are used for securing animals or marking boundaries. ""Newel"" branches into ""newel post"" and ""maypole,"" with ""newel post"" being a post at the base of a staircase and ""maypole"" being a tall post used in traditional May Day celebrations. ""Rudderpost"" is a specialized post used in boats, and ""corner post"" is a post at the corner of a building. ""Upright"" is a general term for a vertical post, and ""whipping post"" is a post used for punishment. ""Scantling"" is a type of post used in construction, and ""jamb"" is the vertical post on either side of a door or window.

```taxonomy
standard is the child of post
support column is the child of post
stanchion is the child of post
caryatid is the child of post
pilaster is the child of post
column is the child of post
lamppost is the child of standard
telephone pole is the child of standard
bollard is the child of standard
king post is the child of support column
queen post is the child of support column
hinging post is the child of support column
lally is the child of stanchion
rider bitt is the child of stanchion
carrick bitt is the child of stanchion
pilaster is the child of pilaster
caryatid is the child of pilaster
column is the child of column
shaft is the child of column
newel is the child of column
doorjamb is the child of column
sheet pile is the child of pile
stake is the child of pile
timber is the child of pile
hitching post is the child of stake
gatepost is the child of stake
shutting post is the child of stake
newel post is the child of newel
maypole is the child of newel
rudderpost is the child of upright
corner post is the child of upright
whipping post is the child of upright
scantling is the child of upright
jamb is the child of upright
```"
69,"The taxonomy tree starts with ""clubmoss"" as the root, which is a broad category encompassing various types of vascular plants that belong to the division Lycopodiophyta. Direct children of ""clubmoss"" include ""shining clubmoss,"" ""alpine clubmoss,"" ""fir clubmoss,"" and ""ground fir,"" each representing a distinct species within this division. The ""horsetail"" category is a child of ""clubmoss,"" and it further branches into ""common horsetail,"" ""marsh horsetail,"" ""wood horsetail,"" ""variegated horsetail,"" and ""swamp horsetail,"" which are all species of the genus Equisetum. The ""spikemoss"" category is also a child of ""clubmoss,"" and it includes ""rock spikemoss,"" ""meadow spikemoss,"" and ""desert selaginella,"" which is actually a member of the genus Selaginella, a type of spikemoss. The ""selaginella"" category is a child of ""spikemoss,"" and it includes ""florida selaginella"" and ""desert selaginella."" The ""fern ally"" category is a child of ""clubmoss,"" and it includes ""skeleton fork fern,"" ""whisk fern,"" and ""resurrection plant,"" which is actually a type of resurrection fern. The ""horsetail"" category also includes ""foxtail grass,"" which is actually a type of grass, and ""running pine,"" which is actually a type of clubmoss. The ""ground pine"" category is a child of ""clubmoss,"" and it includes ""ground pine"" and ""scouring rush,"" which is actually a type of horsetail. The ""quillwort"" category is a child of ""clubmoss,"" and it includes ""quillwort.""

```taxonomy
clubmoss is the root
shining clubmoss is the child of clubmoss
alpine clubmoss is the child of clubmoss
fir clubmoss is the child of clubmoss
ground fir is the child of clubmoss
horsetail is the child of clubmoss
common horsetail is the child of horsetail
marsh horsetail is the child of horsetail
wood horsetail is the child of horsetail
variegated horsetail is the child of horsetail
swamp horsetail is the child of horsetail
spikemoss is the child of clubmoss
rock spikemoss is the child of spikemoss
meadow spikemoss is the child of spikemoss
desert selaginella is the child of spikemoss
selaginella is the child of spikemoss
florida selaginella is the child of selaginella
fern ally is the child of clubmoss
skeleton fork fern is the child of fern ally
whisk fern is the child of fern ally
resurrection plant is the child of fern ally
ground pine is the child of clubmoss
scouring rush is the child of ground pine
quillwort is the child of clubmoss
foxtail grass is the child of horsetail
running pine is the child of horsetail
```"
70,"The taxonomy tree starts with ""society"" as the root, encompassing various forms of human organization and culture. Direct children of ""society"" include ""culture,"" ""civilization,"" and ""tribal society,"" each representing a distinct level of complexity and organization. The ""culture"" category branches into more specific forms, such as ""Western culture,"" which includes various subcultures and traditions, and ""Paleo-American culture,"" which pertains to the earliest human cultures in the Americas. The ""civilization"" category includes ancient civilizations like ""Minoan civilization,"" ""Mycenaean civilization,"" ""Helladic civilization,"" and ""Indus civilization,"" each with its unique characteristics and contributions. The ""tribal society"" branch includes ""hunting and gathering tribe,"" which represents a more primitive form of human organization, and ""Aegean civilization,"" which encompasses the cultural and historical aspects of the Aegean region. The ""Clovis culture"" and ""Folsom culture"" are specific examples of Paleo-American cultures, known for their stone tool technologies. The ""Islam"" category represents a distinct cultural and religious identity. This hierarchical structure logically classifies societies and cultures from general to more specific forms, based on their complexity, geographical location, and historical period.

```taxonomy
society is the root
culture is the child of society
civilization is the child of society
tribal society is the child of society
Western culture is the child of culture
Paleo-American culture is the child of culture
hunting and gathering tribe is the child of tribal society
Islam is the child of culture
Aegean civilization is the child of civilization
Minoan civilization is the child of civilization
Mycenaean civilization is the child of civilization
Helladic civilization is the child of civilization
Indus civilization is the child of civilization
Clovis culture is the child of Paleo-American culture
Folsom culture is the child of Paleo-American culture
```"
71,"The taxonomy tree starts with ""paraphilia"" as the root, which is a broad category encompassing unusual or abnormal sexual behaviors. Direct children of ""paraphilia"" include ""perversion,"" which is a general term for sexual behaviors that are considered abnormal or deviant, and ""fetishism,"" which involves sexual attraction to non-living objects or specific body parts. The ""perversion"" category further branches into more specific types, such as ""zoophilia,"" which involves sexual attraction to animals, and ""pedophilia,"" which involves sexual attraction to prepubescent children. The ""fetishism"" category includes ""exhibitionism,"" which involves deriving sexual pleasure from exposing one's genitals to an unsuspecting person, and ""voyeurism,"" which involves deriving sexual pleasure from watching others engage in sexual activity or undress. The ""zoophilia"" category includes ""sodomy,"" which involves anal or oral sex with animals, and ""pedophilia"" includes ""soixante-neuf,"" which is a specific type of sexual activity involving a prepubescent child. The ""perversion"" category also includes ""oral sex,"" which is a general term for sexual activities involving the mouth, and ""fellatio"" and ""cunnilingus"" are specific types of oral sex. The ""perversion"" category also includes ""pederasty,"" which involves sexual attraction to older males by younger males.

```taxonomy
paraphilia is the root
perversion is the child of paraphilia
fetishism is the child of paraphilia
zoophilia is the child of perversion
pedophilia is the child of perversion
exhibitionism is the child of fetishism
voyeurism is the child of fetishism
sodomy is the child of zoophilia
soixante-neuf is the child of pedophilia
oral sex is the child of perversion
fellatio is the child of oral sex
cunnilingus is the child of oral sex
pederasty is the child of perversion
```"
72,"The taxonomy tree starts with ""card"" as the root, a broad category encompassing various types of flat, rigid materials. Direct children of ""card"" include ""paperboard,"" ""millboard,"" ""pasteboard,"" ""cardboard,"" and ""binder's board,"" each representing a distinct type of card material. The ""paperboard"" category branches into more specific types, including ""corrugated board,"" which is a type of paperboard with a wavy structure for added strength, and ""strawboard,"" made from straw pulp. ""Cardboard"" further branches into ""excelsior,"" a type of cardboard used for packing and insulation. ""Binder's board"" is a specific type of cardboard used in bookbinding for its durability and resistance to wear. ""Timecard"" is a child of ""card,"" representing a card used for tracking work hours, and ""packing material"" is a child of ""excelsior,"" indicating its use in packaging and shipping. This hierarchical structure logically categorizes cards from general to more specialized forms, based on material composition and application.

```taxonomy
timecard is the child of card
paperboard is the child of card
millboard is the child of card
pasteboard is the child of card
cardboard is the child of card
binder's board is the child of cardboard
excelsior is the child of cardboard
packing material is the child of excelsior
corrugated board is the child of paperboard
strawboard is the child of paperboard
```"
73,"The taxonomy tree starts with ""squash"" as the root, a broad category encompassing various types of vegetables. Direct children of ""squash"" include ""winter squash"" and ""summer squash,"" which represent the primary distinction based on the season they are typically harvested. ""Winter squash"" further branches into more specific types, such as ""acorn squash,"" ""butternut squash,"" ""hubbard squash,"" ""spaghetti squash,"" ""turbin squash,"" and ""buttercup squash,"" each with unique characteristics and appearances. The ""summer squash"" category includes ""zucchini,"" ""yellow squash,"" ""cocozelle,"" and ""cushaw,"" which are typically harvested when immature and have a softer, more edible skin. ""Pumpkin"" is a distinct type of squash, often used for decoration and cooking, and is a child of ""squash."" ""Marrow"" and ""winter crookneck"" are also children of ""squash,"" with ""marrow"" being a type of summer squash and ""winter crookneck"" being a type of winter squash. ""Cymling"" is a child of ""summer squash,"" representing a specific type of summer squash.

```taxonomy
squash is the root
winter squash is the child of squash
summer squash is the child of squash
acorn squash is the child of winter squash
butternut squash is the child of winter squash
hubbard squash is the child of winter squash
spaghetti squash is the child of winter squash
turbin squash is the child of winter squash
buttercup squash is the child of winter squash
zucchini is the child of summer squash
yellow squash is the child of summer squash
cocozelle is the child of summer squash
cushaw is the child of summer squash
cymling is the child of summer squash
pumpkin is the child of squash
marrow is the child of summer squash
winter crookneck is the child of winter squash
```"
74,"The taxonomy tree starts with ""salesperson"" as the root, encompassing various roles involved in sales and customer service. Direct children of ""salesperson"" include ""salesman,"" ""salesgirl,"" and ""salesclerk,"" which represent general categories of sales professionals. The ""salesman"" category branches into more specialized roles like ""traveling salesman,"" indicating a salesperson who travels to different locations, and ""pitchman,"" a salesperson who uses persuasive techniques to sell products. The ""salesgirl"" category includes ""shop girl,"" a salesperson working in a retail setting, and ""midinette,"" a salesgirl in a department store. The ""salesclerk"" category includes ""demonstrator,"" a salesperson who showcases products to customers, and ""tallyman,"" a salesclerk who keeps track of sales and inventory. The ""book agent"" category is a specialized salesperson focused on selling books. The ""shop boy"" category is a salesperson working in a retail setting, often assisting customers and handling inventory. This hierarchical structure logically categorizes sales roles from general to more specialized forms, based on job responsibilities and settings.

```taxonomy
salesperson is the child of root
salesman is the child of salesperson
traveling salesman is the child of salesman
pitchman is the child of salesman
salesgirl is the child of salesperson
shop girl is the child of salesgirl
midinette is the child of salesgirl
salesclerk is the child of salesperson
demonstrator is the child of salesclerk
tallyman is the child of salesclerk
book agent is the child of salesperson
shop boy is the child of salesperson
```"
75,"The taxonomy tree starts with ""aphid"" as the root, encompassing various types of sap-sucking insects. Direct children of ""aphid"" include ""greenfly,"" ""blackfly,"" ""woolly adelgid,"" and ""adelgid,"" each representing a distinct group of aphid-like insects. The ""greenfly"" category branches into more specific types like ""green peach aphid,"" ""apple aphid,"" and ""woolly apple aphid,"" which are all characterized by their green color and specific host plants. The ""blackfly"" category includes ""blackfly"" itself, which is a broad term for several species of biting flies. The ""woolly adelgid"" category includes ""woolly adelgid,"" ""woolly alder aphid,"" and ""balsam woolly aphid,"" which are all characterized by their woolly appearance and specific host plants. The ""adelgid"" category includes ""adelgid"" itself, which is a broad term for several species of sap-sucking insects, and ""woolly adelgid,"" which is a specific type of adelgid. The ""plant louse"" category is a broad term that includes several types of sap-sucking insects, including ""pine leaf aphid,"" ""spruce gall aphid,"" and ""jumping plant louse."" The ""oak blight"" category is a specific type of disease caused by an aphid, and the ""ant cow"" category is a specific type of insect that is not directly related to the other categories. The ""grape louse"" and ""pale chrysanthemum aphid"" categories are specific types of aphids that are not directly related to the other categories.

```taxonomy
aphid is the child of plant louse
greenfly is the child of aphid
blackfly is the child of aphid
woolly adelgid is the child of adelgid
adelgid is the child of plant louse
green peach aphid is the child of greenfly
apple aphid is the child of greenfly
woolly apple aphid is the child of greenfly
woolly alder aphid is the child of woolly adelgid
balsam woolly aphid is the child of woolly adelgid
pine leaf aphid is the child of plant louse
spruce gall aphid is the child of plant louse
jumping plant louse is the child of plant louse
oak blight is the child of aphid
ant cow is the child of plant louse
grape louse is the child of plant louse
pale chrysanthemum aphid is the child of plant louse
```"
76,"The taxonomy tree starts with ""great ape"" as the root, encompassing various species of large, intelligent primates. Direct children of ""great ape"" include ""gorilla,"" ""chimpanzee,"" and ""orangutan,"" each representing a distinct genus of great apes. The ""gorilla"" category branches into ""mountain gorilla,"" ""western lowland gorilla,"" and ""eastern lowland gorilla,"" which are subspecies of gorillas. The ""chimpanzee"" category includes ""western chimpanzee,"" ""eastern chimpanzee,"" and ""pygmy chimpanzee,"" which are subspecies of chimpanzees. The ""chimpanzee"" category also includes ""central chimpanzee,"" a subspecies of chimpanzees. The ""chimpanzee"" category also includes ""silverback,"" which is a term used to describe a dominant male chimpanzee. The ""chimpanzee"" category also includes ""lesser ape,"" which is a term used to describe a chimpanzee, and ""anthropoid ape,"" which is a broader term that includes great apes. The ""gibbon"" category is a distinct branch, representing a different genus of apes. The ""siamang"" category is a distinct branch, representing a species of gibbon.

```taxonomy
great ape is the child of anthropoid ape
gorilla is the child of great ape
mountain gorilla is the child of gorilla
western lowland gorilla is the child of gorilla
eastern lowland gorilla is the child of gorilla
chimpanzee is the child of great ape
western chimpanzee is the child of chimpanzee
eastern chimpanzee is the child of chimpanzee
pygmy chimpanzee is the child of chimpanzee
central chimpanzee is the child of chimpanzee
silverback is the child of chimpanzee
lesser ape is the child of chimpanzee
anthropoid ape is the child of great ape
gibbon is the child of anthropoid ape
siamang is the child of gibbon
orangutan is the child of great ape
```"
77,"The taxonomy tree begins with ""fragment"" as the root, encompassing various types of small pieces or parts. Direct children of ""fragment"" include ""dandruff,"" ""ember,"" ""iron filing,"" ""splinter,"" ""spark,"" ""bit,"" ""dander,"" ""cinder,"" ""scraping,"" ""scale,"" and ""clast,"" each representing a distinct type of fragment. The ""splinter"" category further branches to ""splint,"" which is a specific type of splinter used for support or protection. The ""filing"" category includes ""filing,"" ""metal filing,"" and ""restriction fragment,"" which are all related to the process of filing or breaking down materials into smaller pieces. The ""scraping"" category includes ""paring,"" ""scraping,"" and ""turning,"" which are all related to the process of removing or shaping material through scraping or cutting. The ""brickbat"" and ""matchwood"" categories are specific types of fragments that result from the breaking or chipping of materials. This hierarchical arrangement logically organizes fragments from general to more specialized forms, based on their origin, composition, or function.

```taxonomy
fragment is the child of root
dandruff is the child of fragment
ember is the child of fragment
iron filing is the child of fragment
splinter is the child of fragment
spark is the child of fragment
bit is the child of fragment
dander is the child of fragment
cinder is the child of fragment
scraping is the child of fragment
scale is the child of fragment
clast is the child of fragment
splint is the child of splinter
filing is the child of fragment
metal filing is the child of filing
restriction fragment is the child of filing
paring is the child of scraping
scraping is the child of scraping
turning is the child of scraping
brickbat is the child of fragment
matchwood is the child of fragment
```"
78,"The taxonomy tree starts with ""diviner"" as the root, encompassing various individuals who claim to possess the ability to foresee or interpret the future. Direct children of ""diviner"" include ""prophet,"" ""prophetess,"" ""sibyl,"" and ""augur,"" each representing a distinct type of diviner based on their methods or roles. The ""prophet"" category branches into more specialized forms like ""pyromancer,"" who interprets fire or flames for insight, and ""geomancer,"" who uses earth or geography for divination. The ""prophetess"" category includes ""Cassandra,"" a legendary figure known for her prophecies, and ""water witch,"" who uses water or aquatic elements for divination, leading to ""hydromancer,"" a more specific term for water diviners. The ""sibyl"" category branches into ""onomancer,"" who interprets sounds or words, and ""oneiromancer,"" who interprets dreams. The ""augur"" category includes ""lithomancer,"" who uses stones or minerals for divination, and ""necromancer,"" who claims to communicate with the dead, indicating a darker or more esoteric form of divination. This hierarchical structure logically organizes diviners from general to more specialized forms, based on their methods, roles, or areas of expertise.

```taxonomy
diviner is the child of root
prophet is the child of diviner
prophetess is the child of diviner
sibyl is the child of diviner
augur is the child of diviner
geomancer is the child of augur
pyromancer is the child of augur
lithomancer is the child of augur
necromancer is the child of augur
onomancer is the child of sibyl
oneiromancer is the child of sibyl
water witch is the child of prophetess
hydromancer is the child of water witch
Cassandra is the child of prophetess
```"
79,"The taxonomy tree starts with ""dementia"" as the root, encompassing various conditions characterized by cognitive decline. Direct children of ""dementia"" include ""senile dementia,"" ""alcoholic dementia,"" and ""presenile dementia,"" each representing a specific cause or age-related form of dementia. The ""senile dementia"" category branches into more specific forms like ""Alzheimer's disease,"" a common cause of dementia, and ""Pick's disease,"" a rare form of dementia. The ""dementia"" category also includes ""irrationality,"" which is a broader term for a lack of reason or logic, and ""lunacy,"" indicating a state of madness or insanity. ""Craziness"" is a more general term for a state of being mentally unstable or erratic, which can be a symptom or characteristic of various conditions. ""Derangement"" is a term that can refer to a state of being mentally unstable or disordered, which can be a characteristic of several conditions. This hierarchical structure organizes the concepts from general to specific, categorizing them based on their nature and causes.

```taxonomy
dementia is the child of derangement
irrationality is the child of derangement
lunacy is the child of derangement
craziness is the child of derangement
senile dementia is the child of dementia
alcoholic dementia is the child of dementia
presenile dementia is the child of dementia
Alzheimer's disease is the child of senile dementia
Pick's disease is the child of senile dementia
```"
80,"The taxonomy tree starts with ""ascomycete"" as the root, encompassing a broad group of fungi characterized by their ascospores. Direct children of ""ascomycete"" include ""Clavicipitaceae,"" ""Sarcosomataceae,"" and ""Geglossaceae,"" which are families within this phylum. The ""Clavicipitaceae"" family includes ""devil's cigar,"" a specific type of fungus, and ""Caloscypha fulgens,"" which is a species within this family. The ""Sarcosomataceae"" family includes ""Sarcoscypha coccinea,"" a species known for its bright red color, and ""Sarcosomataceae"" also includes ""winter urn,"" ""devil's urn,"" and ""black felt cup,"" which are all species within this family. The ""Geglossaceae"" family includes ""Galiella rufa,"" a species with a reddish hue. The ""discomycete"" category, a subclass of ascomycetes, includes ""Peziza domicilina,"" ""Mitrula elegans,"" ""Leotia lubrica,"" and ""blood cup,"" which are all species within this subclass. The ""discomycete"" category also includes ""charred pancake cup,"" which is a specific type of fungus. The ""Rufous rubber cup"" and ""soldier grainy club"" are also classified under ""discomycete."" The ""Urnula craterium"" and ""Aleuria aurantia"" are classified under ""Sarcosomataceae"" and ""discomycete"" respectively. The ""Jafnea semitosta"" is classified under ""Clavicipitaceae"". This hierarchical structure categorizes fungi based on their families, subclasses, and specific species, providing a logical progression from general to more specialized forms.

```taxonomy
ascomycete is the root
Clavicipitaceae is the child of ascomycete
devil's cigar is the child of Clavicipitaceae
Caloscypha fulgens is the child of Clavicipitaceae
Sarcosomataceae is the child of ascomycete
Sarcoscypha coccinea is the child of Sarcosomataceae
winter urn is the child of Sarcosomataceae
devil's urn is the child of Sarcosomataceae
black felt cup is the child of Sarcosomataceae
Geglossaceae is the child of ascomycete
Galiella rufa is the child of Geglossaceae
discomycete is the child of ascomycete
Peziza domicilina is the child of discomycete
Mitrula elegans is the child of discomycete
Leotia lubrica is the child of discomycete
blood cup is the child of discomycete
charred pancake cup is the child of discomycete
Rufous rubber cup is the child of discomycete
soldier grainy club is the child of discomycete
Jafnea semitosta is the child of Clavicipitaceae
Urnula craterium is the child of Sarcosomataceae
Aleuria aurantia is the child of discomycete
```"
81,"The taxonomy tree starts with ""calculator"" as the root, encompassing various devices used for mathematical calculations. Direct children of ""calculator"" include ""abacus,"" ""hand calculator,"" and ""counter,"" each representing a distinct method or tool for calculation. The ""abacus"" category, a traditional counting tool, branches into ""adder"" and ""subtractor,"" indicating its basic arithmetic functions. The ""hand calculator"" category includes more portable and mechanical devices like ""Napier's bones,"" which uses rods to perform arithmetic operations, and ""pulse counter,"" used for counting pulses or events. The ""counter"" category includes ""scaler,"" which is used for counting or measuring quantities, often in scientific or industrial contexts. This hierarchical structure organizes calculators from traditional and manual tools to more modern and portable devices, based on their functionality and mechanism.

```taxonomy
calculator is the child of root
abacus is the child of calculator
hand calculator is the child of calculator
counter is the child of calculator
adder is the child of abacus
subtractor is the child of abacus
Napier's bones is the child of hand calculator
pulse counter is the child of hand calculator
scaler is the child of counter
```"
82,"The taxonomy tree starts with ""law enforcement agency"" as the root, encompassing various organizations and entities involved in enforcing laws and maintaining order. Direct children of ""law enforcement agency"" include ""police,"" ""gendarmerie,"" ""posse,"" and ""secret police,"" each representing a distinct type of law enforcement entity. The ""police"" category branches into more specialized forms like ""Scotland Yard,"" a renowned police force in the UK, and ""Royal Canadian Mounted Police,"" a national police force in Canada. The ""gendarmerie"" category includes military-style police forces, such as the ""Mutawa'een"" in Saudi Arabia, which combines law enforcement with military functions. The ""posse"" category includes volunteer groups, like the ""Criminal Investigation Command,"" which is a specialized investigative unit. The ""secret police"" category includes organizations like the ""Schutzstaffel"" and ""Gestapo,"" which were notorious for their authoritarian and often repressive roles. Under ""law enforcement agency,"" the ""Federal Law Enforcement Training Center"" and ""National Institute of Justice"" are included as entities focused on training and research, respectively. The ""Federal Judiciary"" is a separate branch of government, overseeing the administration of justice, and is not directly a law enforcement agency but is included in the taxonomy due to its relevance. The ""United States Marshals Service"" and ""Federal Bureau of Prisons"" are also included, as they are involved in law enforcement and corrections, respectively. The ""Federal Bureau of Investigation"" and ""Drug Enforcement Administration"" are specialized agencies within the US Department of Justice, focusing on domestic and international law enforcement, respectively. The ""Bureau of Alcohol Tobacco and Firearms"" is another specialized agency, focusing on enforcing laws related to firearms and explosives. The ""Financial Crimes Enforcement Network"" is a specialized agency focused on combating financial crimes. This hierarchical structure logically categorizes law enforcement entities from general to more specialized forms, based on their functions and characteristics.

```taxonomy
law enforcement agency is the child of 
police is the child of law enforcement agency
Scotland Yard is the child of police
Royal Canadian Mounted Police is the child of police
gendarmerie is the child of law enforcement agency
Mutawa'een is the child of gendarmerie
posse is the child of law enforcement agency
Criminal Investigation Command is the child of posse
secret police is the child of law enforcement agency
Schutzstaffel is the child of secret police
Gestapo is the child of secret police
Federal Law Enforcement Training Center is the child of law enforcement agency
National Institute of Justice is the child of law enforcement agency
Federal Judiciary is the child of 
United States Marshals Service is the child of law enforcement agency
Federal Bureau of Prisons is the child of law enforcement agency
Federal Bureau of Investigation is the child of law enforcement agency
Drug Enforcement Administration is the child of law enforcement agency
Bureau of Alcohol Tobacco and Firearms is the child of law enforcement agency
Financial Crimes Enforcement Network is the child of law enforcement agency
```"
83,"The taxonomy tree starts with ""accident"" as the root, encompassing various types of unfortunate events involving damage or harm. Direct children of ""accident"" include ""collision,"" ""crash,"" ""capsizing,"" and ""shipwreck,"" each representing a distinct type of accident involving vehicles, structures, or vessels. The ""collision"" category branches into more specific types, such as ""fender-bender,"" a minor collision, and ""pileup,"" a more severe and complex multi-vehicle accident. The ""crash"" category includes ""smash,"" indicating a severe impact, and ""prang,"" a colloquial term for a minor collision. The ""capsizing"" category pertains to accidents involving vessels, leading to ""shipwreck,"" a more severe outcome. The ""accident"" category also includes ""fatal accident,"" indicating an accident resulting in death. The ""injury"" category includes ""concussion,"" a type of head injury, and ""mutilation,"" a severe and disfiguring injury. The ""collateral damage"" category represents damage or harm resulting from an accident, but not directly caused by it. This hierarchical structure logically organizes accidents from general to more specific forms, based on severity, type, and consequences.

```taxonomy
accident is the child of root
collision is the child of accident
crash is the child of accident
capsizing is the child of accident
shipwreck is the child of accident
fatal accident is the child of accident
injury is the child of accident
concussion is the child of injury
mutilation is the child of injury
collateral damage is the child of accident
fender-bender is the child of collision
prang is the child of collision
smash is the child of crash
pileup is the child of collision
```"
84,"The taxonomy tree starts with ""behavior"" as the root, encompassing various forms of human interaction and social conduct. Direct children of ""behavior"" include ""aggression,"" ""presumption,"" ""indelicacy,"" ""insult,"" ""discourtesy,"" and ""self-assertion,"" each representing a distinct aspect of human behavior. The ""aggression"" category branches into more specific forms like ""bullying,"" ""terrorization,"" and ""aggro,"" which describe actions aimed at intimidating or dominating others. The ""presumption"" category includes ""snub,"" ""rebuff,"" and ""insult,"" which involve acts of rejection or disrespect. ""Indelicacy"" further branches to ""indignity,"" ""scandalization,"" and ""dirty tricks,"" which involve actions that are considered impolite or unseemly. The ""insult"" category includes ""mock,"" ""twit,"" and ""derision,"" which involve verbal or non-verbal acts of ridicule or contempt. ""Discourtesy"" branches to ""easiness,"" ""bohemianism,"" and ""raising hell,"" which describe behaviors that are considered informal or unconventional. The ""self-assertion"" category includes ""bitchery"" and ""aggro,"" which involve assertive or confrontational behavior. This hierarchical structure logically organizes behavior types from general to more specific forms, based on their nature and impact on others.

```taxonomy
behavior is the root
aggression is the child of behavior
bullying is the child of aggression
terrorization is the child of aggression
aggro is the child of aggression
presumption is the child of behavior
snub is the child of presumption
rebuff is the child of presumption
insult is the child of presumption
indelicacy is the child of behavior
indignity is the child of indelicacy
scandalization is the child of indelicacy
dirty tricks is the child of indelicacy
insult is the child of behavior
mock is the child of insult
twit is the child of insult
derision is the child of insult
discourtesy is the child of behavior
easiness is the child of discourtesy
bohemianism is the child of discourtesy
raising hell is the child of discourtesy
self-assertion is the child of behavior
bitchery is the child of self-assertion
aggro is the child of self-assertion
silent treatment is the child of behavior
dirty pool is the child of behavior
scandalization is the child of indelicacy
```"
85,"The taxonomy tree starts with ""light"" as the root, encompassing various forms of illumination or radiant energy. Direct children of ""light"" include ""sunlight,"" ""moonlight,"" ""starlight,"" ""daylight,"" and ""radiance,"" each representing a broad category of natural or celestial light. The ""sunlight"" category branches into ""sunbeam,"" ""sunburst,"" and ""sunset glow,"" which are specific manifestations of sunlight. The ""moonlight"" category includes ""moonbeam,"" which is a direct beam of light from the moon, and ""twilight,"" which is the period of partial illumination between day and night. The ""starlight"" category includes ""starlight,"" which is the collective light from all stars, and ""meteor,"" which is a bright streak of light in the sky caused by a meteoroid entering the atmosphere. The ""daylight"" category includes ""daylight,"" which is the general illumination during the day, and ""sunburst,"" which is a specific type of illumination characterized by a bright, sun-like appearance. The ""radiance"" category includes ""radiance,"" which is the general term for the intensity of light, and ""incandescence,"" which is the light emitted by an object due to its temperature. The ""laser beam"" category includes ""laser beam,"" which is a concentrated beam of light, and ""high beam,"" which is a specific type of laser beam used in headlights. The ""glow"" category includes ""glow,"" which is a general term for a soft, diffuse light, and ""chemiluminescence,"" which is a specific type of glow that occurs when a chemical reaction releases light. The ""fluorescence"" category includes ""fluorescence,"" which is a type of glow that occurs when a substance absorbs light and then emits it at a different wavelength, and ""phosphorescence,"" which is a type of glow that occurs when a substance absorbs light and then emits it over a longer period of time. The ""autofluorescence"" category includes ""autofluorescence,"" which is a type of fluorescence that occurs naturally in living organisms, and ""bioluminescence,"" which is a type of light produced by living organisms. The ""infrared ray"" category includes ""infrared ray,"" which is a type of electromagnetic radiation with a longer wavelength than visible light, and ""heat ray,"" which is a specific type of infrared ray that is used to heat objects. The ""beam"" category includes ""beam,"" which is a general term for a concentrated stream of light, and ""torchlight,"" which is a specific type of beam produced by a handheld light source. The ""candlelight"" category includes ""candlelight,"" which is a specific type of beam produced by a candle, and ""lamplight,"" which is a specific type of beam produced by a lamp. The ""firelight"" category includes ""firelight,"" which is a specific type of beam produced by a fire, and ""friar's lantern,"" which is a specific type of beam produced by a lantern. The ""glow"" category includes ""glow,"" which is a general term for a soft, diffuse light, and ""counterglow,"" which is a specific type of glow that occurs when a substance absorbs light and then emits it at a different wavelength. The ""streamer"" category includes ""streamer,"" which is a specific type of glow that occurs when a substance absorbs light and then emits it in a stream-like fashion. The ""scintillation"" category includes ""scintillation,"" which is a specific type of glow that occurs when a substance absorbs light and then emits it in a rapid, flickering fashion. The ""aureole"" category includes ""aureole,"" which is a specific type of glow that occurs when a substance absorbs light and then emits it in a ring-like fashion. The ""corona"" category includes ""corona,"" which is a specific type of glow that occurs when a substance absorbs light and then emits it in a crown-like fashion. The ""sky glow"" category includes ""sky glow,"" which is a specific type of glow that occurs when a substance absorbs light and then emits it in a diffuse, sky-like fashion. The ""gaslight"" category includes ""gaslight,"" which is a specific type of glow that occurs when a gas is heated and then emits light. The ""twinlight"" category includes ""twinlight,"" which is a specific type of glow that occurs when two light sources are combined to produce a unique effect.

```taxonomy
light is the root
sunlight is the child of light
sunbeam is the child of sunlight
sunburst is the child of sunlight
sunset glow is the child of sunlight
moonlight is the child of light
moonbeam is the child of moonlight
twilight is the child of moonlight
starlight is the child of light
meteor is the child of starlight
daylight is the child of light
radiance is the child of light
incandescence is the child of radiance
laser beam is the child of radiance
high beam is the child of laser beam
glow is the child of radiance
chemiluminescence is the child of glow
fluorescence is the child of glow
phosphorescence is the child of fluorescence
autofluorescence is the child of fluorescence
bioluminescence is the child of autofluorescence
infrared ray is the child of radiance
heat ray is the child of infrared ray
beam is the child of radiance
torchlight is the child of beam
candlelight is the child of beam
lamplight is the child of beam
firelight is the child of beam
friar's lantern is the child of firelight
counterglow is the child of glow
streamer is the child of glow
scintillation is the child of glow
aureole is the child of glow
corona is the child of glow
sky glow is the child of glow
gaslight is the child of glow
```"
86,"The taxonomy tree starts with ""gymnastic exercise"" as the root, encompassing a wide range of physical movements and poses. Direct children of ""gymnastic exercise"" include ""hang,"" ""straddle,"" ""kip,"" and ""dip,"" each representing a fundamental movement or pose. The ""hang"" category branches into more specific types, such as ""straight hang,"" ""inverted hang,"" ""reverse hang,"" and ""lever hang,"" which describe variations in the position of the body while hanging. The ""straddle"" category includes ""scissors,"" which is a specific type of straddle movement. The ""kip"" category includes ""double leg circle,"" which is a variation of the kip movement. The ""dip"" category includes ""bent hang,"" ""piked reverse hang,"" and ""grand circle,"" which are specific types of dips with varying degrees of difficulty or movement. The ""handstand"" is a distinct category that is a child of ""gymnastic exercise."" This hierarchical structure logically organizes gymnastic exercises from general to more specialized forms, based on movement and pose.

```taxonomy
gymnastic exercise is the root
hang is the child of gymnastic exercise
straddle is the child of gymnastic exercise
kip is the child of gymnastic exercise
dip is the child of gymnastic exercise
straight hang is the child of hang
inverted hang is the child of hang
reverse hang is the child of hang
lever hang is the child of hang
scissors is the child of straddle
double leg circle is the child of kip
bent hang is the child of dip
piked reverse hang is the child of dip
grand circle is the child of dip
long fly is the child of dip
crucifix is the child of gymnastic exercise
handstand is the child of gymnastic exercise
```"
87,"The taxonomy tree starts with ""necktie"" as the root, encompassing various types of neckwear. Direct children of ""necktie"" include ""ascot,"" ""bow tie,"" ""cravat,"" ""four-in-hand,"" and ""Windsor tie,"" each representing a specific style of necktie. The ""bow tie"" category branches into ""bolo tie,"" a type of bow tie with a cord or string, and ""old school tie,"" a traditional type of bow tie often associated with formal wear. The ""ascot"" category is a specific type of necktie characterized by a wide, formal design. The ""necktie"" also has a child ""neckcloth,"" which is a more general term for any type of neckwear, including ties, leading to ""white tie,"" a highly formal type of neckcloth, and ""black tie,"" a semi-formal type. This hierarchical structure organizes neckties from general to specific styles, based on their design and formality.

```taxonomy
necktie is the child of neckwear
ascot is the child of necktie
bow tie is the child of necktie
cravat is the child of necktie
four-in-hand is the child of necktie
Windsor tie is the child of necktie
bolo tie is the child of bow tie
old school tie is the child of bow tie
neckcloth is the child of neckwear
white tie is the child of neckcloth
black tie is the child of neckcloth
```"
88,"The taxonomy tree starts with ""vestment"" as the root, encompassing various types of garments worn for ceremonial, professional, or academic purposes. Direct children of ""vestment"" include ""chasuble,"" ""soutane,"" ""gown,"" ""alb,"" ""pontifical,"" ""pallium,"" ""cassock,"" and ""surplice,"" each representing a distinct type of garment. The ""chasuble"" and ""surplice"" categories are specific to liturgical use, with ""chasuble"" being a type of Eucharistic vestment and ""surplice"" a type of liturgical vestment. The ""soutane"" and ""cassock"" categories are more formal, with ""soutane"" being a type of clerical garment and ""cassock"" a type of long, loose-fitting garment. The ""gown"" category branches into more specialized forms like ""academic gown,"" which is worn by university professors, and ""Geneva gown,"" a specific type of gown. The ""alb"" and ""pontifical"" categories are related to liturgical use, with ""alb"" being a type of white vestment and ""pontifical"" being a type of vestment worn by bishops. The ""pallium"" category is a specific type of vestment worn by bishops, and the ""humeral veil"" is a type of veil worn by clergy.

```taxonomy
vestment is the child of vestment
chasuble is the child of vestment
soutane is the child of vestment
gown is the child of vestment
alb is the child of vestment
pontifical is the child of vestment
pallium is the child of vestment
cassock is the child of vestment
surplice is the child of vestment
academic gown is the child of gown
Geneva gown is the child of gown
humeral veil is the child of alb
```"
89,"The taxonomy tree is structured with ""acrobatic stunt"" as the root, encompassing various forms of aerial or balancing movements. Direct children of ""acrobatic stunt"" include ""handspring,"" ""cartwheel,"" ""headstand,"" ""backbend,"" ""somersault,"" and ""back circle,"" each representing a distinct type of movement. The ""handspring"" category branches into ""walkover,"" which involves a specific type of handspring movement, and ""flip-flop,"" a colloquial term for a specific type of handspring. The ""cartwheel"" category is a specific type of acrobatic movement, while ""headstand"" and ""backbend"" are more general categories that encompass various stances or movements. ""Somersault"" is a broad category that includes various types of acrobatic movements, including ""tumble,"" which is a more general term for a fall or a series of falls, often used in gymnastics. This hierarchical arrangement logically organizes acrobatic stunts from general to more specific forms, based on movement type and complexity.

```taxonomy
acrobatic stunt is the child of root
handspring is the child of acrobatic stunt
cartwheel is the child of acrobatic stunt
headstand is the child of acrobatic stunt
backbend is the child of acrobatic stunt
somersault is the child of acrobatic stunt
back circle is the child of acrobatic stunt
walkover is the child of handspring
flip-flop is the child of handspring
tumble is the child of somersault
```"
90,"The taxonomy tree starts with ""endocrine gland"" as the root, encompassing various glands that secrete hormones directly into the bloodstream. Direct children of ""endocrine gland"" include ""adrenal gland,"" ""thyroid gland,"" ""pituitary,"" ""parathyroid gland,"" ""prostate gland,"" ""ovary,"" ""testis,"" and ""thymus gland,"" each representing a distinct type of endocrine organ. The ""adrenal gland"" further branches into ""adrenal cortex"" and ""adrenal medulla,"" which are its two main parts. The ""pituitary"" gland has two main parts as well: ""anterior pituitary"" and ""posterior pituitary."" The ""ovary"" and ""testis"" are further classified into ""corpus luteum,"" ""islands of Langerhans,"" and ""undescended testis,"" respectively. The ""gonad"" category is a parent of both ""ovary"" and ""testis,"" indicating a broader classification of reproductive organs. The ""thyroid gland"" has no direct children, and the ""parathyroid gland"" is not further classified in this taxonomy. The ""pineal gland"" and ""ovotestis"" are also not further classified in this taxonomy. The ""cobblers"" is not related to the endocrine system and is not included in this taxonomy.

```taxonomy
endocrine gland is the root
adrenal gland is the child of endocrine gland
thyroid gland is the child of endocrine gland
pituitary is the child of endocrine gland
parathyroid gland is the child of endocrine gland
prostate gland is the child of endocrine gland
ovary is the child of endocrine gland
testis is the child of endocrine gland
thymus gland is the child of endocrine gland
adrenal cortex is the child of adrenal gland
adrenal medulla is the child of adrenal gland
anterior pituitary is the child of pituitary
posterior pituitary is the child of pituitary
corpus luteum is the child of ovary
islands of Langerhans is the child of ovary
undescended testis is the child of testis
gonad is the parent of ovary and testis
```"
91,"The taxonomy tree starts with ""material"" as the root, which is a broad category that encompasses various types of entities or concepts. However, given the context of the other concepts, it seems more appropriate to start with ""applicant"" or ""job candidate"" as the root, as they are more directly related to the other concepts in the list. 

Under ""applicant"" or ""job candidate,"" we have various types of individuals or entities that apply or submit for something. Direct children of ""applicant"" include ""bidder,"" ""claimant,"" ""aspirant,"" ""postulant,"" and ""petitioner,"" each representing a specific type of applicant. The ""bidder"" category pertains to individuals or entities submitting a bid for a project or contract, while ""claimant"" refers to someone making a claim for something. ""Aspirant"" and ""postulant"" are more general terms for someone who aspires or is a candidate for a position or role, and ""petitioner"" is someone who submits a petition for a cause or issue. 

The ""fundraiser"" and ""solicitor"" categories are slightly different, as they involve individuals or entities seeking support or donations for a cause or project. ""Fundraiser"" is a more general term, while ""solicitor"" is often used in a legal context.

The ""besieger"" and ""pretender"" categories are more specific and less directly related to the concept of applicants. ""Besieger"" refers to someone who is attacking or surrounding a place, and ""pretender"" is someone who falsely claims a title or position.

The ""probable"" and ""possible"" categories are not directly related to the concept of applicants, but rather are terms used to describe the likelihood of something happening.

```taxonomy
applicant is the child of material
bidder is the child of applicant
claimant is the child of applicant
aspirant is the child of applicant
postulant is the child of applicant
petitioner is the child of applicant
fundraiser is the child of applicant
solicitor is the child of applicant
besieger is the child of material
pretender is the child of material
probable is the child of material
possible is the child of material
```"
92,"The taxonomy tree starts with ""saw"" as the root, encompassing various types of cutting tools. Direct children of ""saw"" include ""handsaw,"" which is a broad category of handheld saws, and ""pruning saw,"" which is a specialized type of saw for cutting branches. The ""handsaw"" category branches into more specific types, such as ""backsaw,"" ""keyhole saw,"" ""compass saw,"" ""coping saw,"" and ""folding saw,"" each designed for different tasks or environments. The ""backsaw"" category further branches into ""ripsaw"" and ""crosscut saw,"" which are specialized for cutting wood in specific directions. The ""pruning saw"" category includes ""pruner,"" a handheld tool for cutting small branches, and ""buck saw,"" a larger, more powerful saw for cutting thicker branches. The ""handsaw"" category also includes ""two-handed saw,"" a saw that requires both hands to operate, and ""pitsaw,"" a type of saw used in the past for cutting wood with a partner. The ""compass saw"" category includes ""crown saw,"" a specialized saw for cutting curved or irregular shapes. This hierarchical structure logically organizes saws from general to more specialized forms, based on their design, functionality, and application.

```taxonomy
saw is the root
handsaw is the child of saw
pruning saw is the child of saw
backsaw is the child of handsaw
keyhole saw is the child of handsaw
compass saw is the child of handsaw
coping saw is the child of handsaw
folding saw is the child of handsaw
ripsaw is the child of backsaw
crosscut saw is the child of backsaw
pruner is the child of pruning saw
buck saw is the child of pruning saw
two-handed saw is the child of handsaw
pitsaw is the child of handsaw
crown saw is the child of compass saw
```"
93,"The taxonomy tree starts with ""spore"" as the root, encompassing a wide variety of reproductive structures found in fungi, plants, and other organisms. Direct children of ""spore"" include ""pollen,"" which is a specific type of spore produced by plants for reproduction, and ""zoospore,"" ""chlamydospore,"" ""aeciospore,"" ""ascospore,"" ""basidiospore,"" ""oospore,"" ""zYGospore,"" ""carpospore,"" ""microspore,"" ""megaspore,"" ""tetraspore,"" ""resting spore,"" and ""teliospore,"" each representing a distinct type of spore based on its function, structure, or origin. The ""pollen"" category further branches into ""ragweed pollen,"" a specific type of pollen known for its allergenic properties. The ""spore"" category also includes ""agamete,"" a type of spore that reproduces asexually, and ""conidium,"" a type of spore produced by fungi. The ""fern seed"" is a specific type of spore produced by ferns, and the ""endospore"" is a type of spore that is highly resistant to environmental stress. The ""pollinium"" is a specialized structure found in some orchids that functions as a spore-bearing organ. This hierarchical structure logically categorizes spores based on their characteristics, functions, and origins.

```taxonomy
spore is the root
pollen is the child of spore
zoospore is the child of spore
chlamydospore is the child of spore
aeciospore is the child of spore
ascospore is the child of spore
basidiospore is the child of spore
oospore is the child of spore
zYGospore is the child of spore
carpospore is the child of spore
microspore is the child of spore
megaspore is the child of spore
tetraspore is the child of spore
resting spore is the child of spore
teliospore is the child of spore
ragweed pollen is the child of pollen
agamete is the child of spore
conidium is the child of spore
fern seed is the child of spore
endospore is the child of spore
pollinium is the child of spore
```"
94,"The taxonomy tree starts with ""native"" as the root, representing individuals from a particular region or country. Direct children of ""native"" include ""Russian,"" ""Udmurt,"" ""Mordva,"" ""Selkup,"" ""Veps,"" ""Nganasan,"" ""Cheremis,"" ""Ostyak,"" ""Vogul,"" ""Yeniseian,"" and ""Samoyed,"" each representing a distinct ethnic group or nationality. The ""Russian"" category further branches into more specific subgroups, such as ""Muscovite,"" ""Siberian,"" and ""Great Russian,"" indicating different regional or cultural identities within the broader Russian nationality. The ""Udmurt"" category includes ""Komi,"" which is a related ethnic group. The ""Georgian"" category is a distinct ethnic group, separate from the Russian and Udmurt groups. The ""Filipino"" category is a nationality from the Philippines, with subcategories like ""Tagalog,"" ""Moro,"" and ""Visayan,"" representing different ethnic groups within the Philippines. The ""Levantine"" category is a broad term for people from the Levant region, which includes various ethnic groups. The ""Chechen"" category is a distinct ethnic group from the North Caucasus region. The ""Mauritian"" and ""Seychellois"" categories are nationalities from Mauritius and Seychelles, respectively, with diverse ethnic compositions. This hierarchical structure categorizes individuals based on their nationality, ethnicity, or regional identity, from broad categories to more specific subgroups.

```taxonomy
native is the child of native
Russian is the child of native
Udmurt is the child of native
Mordva is the child of native
Selkup is the child of native
Veps is the child of native
Nganasan is the child of native
Cheremis is the child of native
Ostyak is the child of native
Vogul is the child of native
Yeniseian is the child of native
Samoyed is the child of native
Muscovite is the child of Russian
Siberian is the child of Russian
Great Russian is the child of Russian
Komi is the child of Udmurt
Georgian is the child of native
Filipino is the child of native
Tagalog is the child of Filipino
Moro is the child of Filipino
Visayan is the child of Filipino
Levantine is the child of native
Chechen is the child of native
Mauritian is the child of native
Seychellois is the child of native
```"
95,"The taxonomy tree starts with ""country-dance"" as the root, encompassing various traditional forms of folk dances. Direct children of ""country-dance"" include ""square dance,"" which involves a specific formation and steps, and ""longways,"" indicating a type of dance where participants move in a line. The ""square dance"" category further branches into ""promenade,"" a specific step within square dancing, and ""do-si-do,"" a fundamental movement in square dancing. The ""longways"" category includes ""eightsome,"" a traditional Scottish dance involving eight couples, and ""lancers,"" a type of longways dance. The ""lancers"" category also includes ""quadrille,"" a French dance that involves four couples, and ""highland fling,"" a traditional Scottish dance. The ""highland fling"" category further branches into ""Virginia reel,"" a type of reel dance, and ""reel,"" a general category for reel dances. The ""reel"" category also includes ""sashay,"" a type of dance characterized by a gliding or swaying movement, and ""swing,"" a general category for swing dances. This hierarchical structure logically organizes country dances from broad categories to more specific forms, based on their structure, steps, and origins.

```taxonomy
country-dance is the child of 
square dance is the child of country-dance
longways is the child of country-dance
promenade is the child of square dance
do-si-do is the child of square dance
eightsome is the child of longways
lancers is the child of longways
quadrille is the child of lancers
highland fling is the child of lancers
Virginia reel is the child of highland fling
reel is the child of highland fling
sashay is the child of reel
swing is the child of reel
landler is the child of country-dance
```"
96,"The taxonomy tree starts with ""whale"" as the root, which encompasses various marine mammals. Direct children of ""whale"" include ""toothed whale,"" which represents a broad category of whales with teeth, and ""dolphin,"" which is a distinct group of marine mammals. The ""toothed whale"" category branches into ""killer whale,"" ""pilot whale,"" ""vaquita,"" ""beaked whale,"" and ""sperm whale,"" each representing a specific type of toothed whale. The ""dolphin"" category includes ""bottlenose dolphin,"" ""river dolphin,"" ""common dolphin,"" ""Pacific bottlenose dolphin,"" ""Atlantic bottlenose dolphin,"" ""pygmy sperm whale,"" and ""dwarf sperm whale,"" which are all types of dolphins. The ""killer whale"" category is further divided into ""bottlenose whale"" and ""grampus,"" which are specific types of killer whales. The ""porpoise"" category is a distinct group of marine mammals, with the ""harbor porpoise"" being a specific type. This hierarchical structure logically classifies whales and dolphins from broad categories to increasingly specific types based on their characteristics and classifications.

```taxonomy
whale is the root
toothed whale is the child of whale
dolphin is the child of whale
killer whale is the child of toothed whale
pilot whale is the child of toothed whale
vaquita is the child of toothed whale
beaked whale is the child of toothed whale
sperm whale is the child of toothed whale
bottlenose dolphin is the child of dolphin
river dolphin is the child of dolphin
common dolphin is the child of dolphin
Pacific bottlenose dolphin is the child of bottlenose dolphin
Atlantic bottlenose dolphin is the child of bottlenose dolphin
pygmy sperm whale is the child of dolphin
dwarf sperm whale is the child of dolphin
bottlenose whale is the child of killer whale
grampus is the child of killer whale
porpoise is the child of whale
harbor porpoise is the child of porpoise
white whale is the child of toothed whale
```"
97,"The taxonomy tree starts with ""examination"" as the root, encompassing various forms of inspection or investigation. Direct children of ""examination"" include ""checkup,"" ""screening,"" ""audit,"" and ""palpation,"" each representing a broad category of examination types. ""Checkup"" and ""screening"" are further divided into more specific types: ""checkup"" branches into ""spot check,"" ""check,"" and ""once-over,"" which are all about brief, casual inspections; ""screening"" branches into ""genetic screening,"" ""sigmoidoscopy,"" and ""colonoscopy,"" which are more in-depth screenings for specific conditions. ""Audit"" is a broad category that includes ""bank examination,"" a financial audit, and ""time and motion study,"" an analysis of efficiency. ""Palpation"" is a tactile examination method that includes ""ballottement,"" a specific technique used in medical examinations. ""Examination"" also has children like ""endoscopy,"" which includes ""gastroscopy,"" ""hysteroscopy,"" ""sigmoidoscopy,"" ""colonoscopy,"" ""celioscopy,"" ""proctoscopy,"" and ""gonioscopy,"" all involving the use of a scope to examine internal structures. ""Examination"" also includes ""rhinoscopy,"" a nasal examination, and ""ophthalmoscopy,"" an eye examination. ""Examination"" further branches into ""contrast,"" ""comparison,"" ""collation,"" ""scan,"" ""likening,"" and ""analogy,"" which are more about comparing or evaluating, but not necessarily involving direct physical inspection. ""Examination"" also includes ""confrontation,"" a direct and often challenging form of examination, and ""likening,"" a comparison or analogy. This structure organizes examinations from broad categories to specific types, based on the method, purpose, or area of the body being examined.

```taxonomy
examination is the root
checkup is the child of examination
screening is the child of examination
audit is the child of examination
palpation is the child of examination
spot check is the child of checkup
check is the child of checkup
once-over is the child of checkup
genetic screening is the child of screening
sigmoidoscopy is the child of screening
colonoscopy is the child of screening
bank examination is the child of audit
time and motion study is the child of audit
ballottement is the child of palpation
endoscopy is the child of examination
gastroscopy is the child of endoscopy
hysteroscopy is the child of endoscopy
sigmoidoscopy is the child of endoscopy
colonoscopy is the child of endoscopy
celioscopy is the child of endoscopy
proctoscopy is the child of endoscopy
gonioscopy is the child of endoscopy
rhinoscopy is the child of examination
ophthalmoscopy is the child of examination
contrast is the child of examination
comparison is the child of examination
collation is the child of examination
scan is the child of examination
likening is the child of examination
analogy is the child of examination
confrontation is the child of examination
```"
98,"The taxonomy tree starts with ""addict"" as the root, encompassing individuals who have a compulsive need for a substance. Direct children of ""addict"" include ""drug addict,"" which branches into more specific categories like ""speed freak,"" ""pill head,"" ""hash head,"" ""pothead,"" ""acid head,"" ""heroin addict,"" ""cocaine addict,"" ""crack addict,"" and ""caffeine addict,"" each representing a distinct type of substance abuse. The ""drug addict"" category also includes ""opium addict,"" which is a more general term for addiction to opium or its derivatives. The ""withdrawer"" category is a child of ""addict,"" indicating individuals experiencing withdrawal symptoms due to substance cessation. The ""tripper"" category, a child of ""addict,"" refers to individuals who experience altered states of consciousness due to substance use. This hierarchical structure logically categorizes addiction types from general to more specific forms, based on the substance or behavior involved.

```taxonomy
withdrawer is the child of addict
tripper is the child of addict
drug addict is the child of addict
speed freak is the child of drug addict
head is the child of drug addict
opium addict is the child of drug addict
pill head is the child of drug addict
hash head is the child of drug addict
pothead is the child of drug addict
acid head is the child of drug addict
heroin addict is the child of drug addict
cocaine addict is the child of drug addict
crack addict is the child of drug addict
caffeine addict is the child of drug addict
drug user is the child of addict
```"
99,"The taxonomy tree starts with ""Scout"" as the root, encompassing various groups or roles that involve young individuals, particularly boys, in a structured or organized setting. Direct children of ""Scout"" include ""Boy Scout,"" ""Girl Scout,"" and ""Sea Scout,"" which represent specific organizations or programs for young people. The ""Boy Scout"" category branches into more specific ranks or roles, such as ""Eagle Scout,"" which signifies a high level of achievement within the Boy Scouts. The ""Boy Scout"" also leads to ""Cub Scout,"" which is a preparatory program for younger boys, and ""Rover,"" indicating a more advanced or mature stage within the Boy Scouts. The ""Boy Scout"" also includes ""Fauntleroy,"" which is a term for a young boy, and ""catamite,"" historically referring to a young male companion or servant. The ""Boy Scout"" category also includes ""ball boy,"" ""altar boy,"" and ""shop boy,"" which are roles or positions that young boys may hold. The ""Boy Scout"" also includes ""plowboy,"" which is a young farmhand, and ""farm boy,"" which is a general term for a young boy working on a farm. The ""Boy Scout"" also includes ""schoolboy,"" which is a general term for a young boy in school. The ""Boy Scout"" also includes ""male child,"" which is a general term for a young boy. The ""Girl Scout"" category includes ""Brownie,"" which is a preparatory program for younger girls.

```taxonomy
Scout is the root
Boy Scout is the child of Scout
Girl Scout is the child of Scout
Sea Scout is the child of Scout
Eagle Scout is the child of Boy Scout
Cub Scout is the child of Boy Scout
Rover is the child of Boy Scout
Fauntleroy is the child of Boy Scout
catamite is the child of Boy Scout
ball boy is the child of Boy Scout
altar boy is the child of Boy Scout
shop boy is the child of Boy Scout
plowboy is the child of Boy Scout
farm boy is the child of Boy Scout
schoolboy is the child of Boy Scout
male child is the child of Boy Scout
Brownie is the child of Girl Scout
```"
