,0
0,"The taxonomy tree starts with ""influence"" as the root, encompassing various means of affecting or shaping the thoughts, feelings, or actions of others. Direct children of ""influence"" include ""manipulation,"" ""exposure,"" ""hypnotism,"" and ""seduction,"" each representing a distinct method of exerting influence. The ""manipulation"" category branches into subcategories like ""mind game,"" which involves psychological tactics, and ""ingratiation,"" which focuses on gaining favor through flattery or charm. ""Solicitation"" and ""enticement"" are also forms of manipulation, with ""enticement"" further specifying the use of temptation or allure. ""Blandishment"" and ""leading astray"" are additional subcategories under manipulation, highlighting the use of flattery or deception. The ""exposure"" category includes ""overexposure"" and ""underexposure,"" indicating the impact of excessive or insufficient revelation of information. ""Cross-pollination"" is a unique form of influence through the exchange of ideas or practices. ""Hypnotism"" stands as a distinct category, involving the use of hypnosis to influence thoughts or actions. This hierarchical structure organizes influence types from broad methods to more specific tactics, based on the nature of the influence exerted.

```taxonomy
manipulation is the child of influence
exposure is the child of influence
hypnotism is the child of influence
seduction is the child of influence
mind game is the child of manipulation
ingratiation is the child of manipulation
solicitation is the child of manipulation
enticement is the child of manipulation
blandishment is the child of manipulation
leading astray is the child of manipulation
overexposure is the child of exposure
underexposure is the child of exposure
cross-pollination is the child of influence
```"
1,"The taxonomy tree starts with ""shelter"" as the root, encompassing various structures or places that provide protection or refuge. Direct children of ""shelter"" include ""haven,"" ""refuge,"" ""harbor,"" and ""tent,"" each representing a distinct type of shelter. The ""tent"" category is further divided into numerous subtypes based on design, functionality, and purpose, such as ""backpacking tent,"" ""pavilion,"" ""bell tent,"" ""pyramidal tent,"" ""pup tent,"" ""wall tent,"" ""mountain tent,"" ""circus tent,"" ""lean-to tent,"" ""igloo,"" ""fly tent,"" ""two-man tent,"" ""umbrella tent,"" ""Sibley tent,"" ""field tent,"" ""tupik,"" and ""canvas tent."" These subcategories reflect variations in tent design, size, and intended use. Other children of ""shelter"" include ""hut,"" which branches into ""mudhif,"" ""Nissen hut,"" and ""hovel,"" representing different types of permanent or semi-permanent structures. ""Safe house"" and ""safehold"" are specific types of shelters designed for safety and security. ""Loft,"" ""cabana,"" ""cottage tent,"" ""cookhouse,"" ""dugout,"" ""praetorium,"" ""fallout shelter,"" and ""storm cellar"" are also distinct types of shelters, each with unique characteristics or purposes. This taxonomy organizes shelters from general categories to increasingly specific types, based on their design, functionality, and intended use.

```taxonomy
haven is the child of shelter
refuge is the child of shelter
harbor is the child of shelter
tent is the child of shelter
hut is the child of shelter
safe house is the child of shelter
safehold is the child of shelter
loft is the child of shelter
cabana is the child of shelter
cookhouse is the child of shelter
dugout is the child of shelter
praetorium is the child of shelter
fallout shelter is the child of shelter
storm cellar is the child of shelter
backpacking tent is the child of tent
pavilion is the child of tent
bell tent is the child of tent
pyramidal tent is the child of tent
pup tent is the child of tent
wall tent is the child of tent
mountain tent is the child of tent
circus tent is the child of tent
lean-to tent is the child of tent
igloo is the child of tent
fly tent is the child of tent
two-man tent is the child of tent
umbrella tent is the child of tent
Sibley tent is the child of tent
field tent is the child of tent
tupik is the child of tent
canvas tent is the child of tent
cottage tent is the child of shelter
mudhif is the child of hut
Nissen hut is the child of hut
hovel is the child of hut
```"
2,"The taxonomy tree starts with ""percussion instrument"" as the root, encompassing a wide range of instruments that produce sound when struck, shaken, or scraped. Direct children of ""percussion instrument"" include ""drum,"" ""cymbal,"" ""gong,"" ""marimba,"" ""xylophone,"" ""piano,"" and ""chime,"" each representing a distinct category of percussion instruments. The ""drum"" category branches into various types such as ""bass drum,"" ""snare drum,"" ""tenor drum,"" ""bongo,"" and ""tambour,"" each with unique characteristics and uses. The ""cymbal"" category includes ""high-hat cymbal"" and ""triangle,"" which are used in different musical contexts. The ""gong"" category is a distinct type of percussion instrument, often used in orchestral and ceremonial settings. The ""marimba"" category includes instruments like ""vibraphone"" and ""glockenspiel,"" which are played by striking keys or bars. The ""piano"" category, although often considered a keyboard instrument, is also a percussion instrument as it produces sound when hammers strike strings, and it branches into ""grand piano,"" ""baby grand,"" ""concert grand,"" ""spinet,"" and ""mechanical piano,"" each with its own size and functionality. Other percussion instruments like ""tambourine,"" ""maraca,"" ""bones,"" ""zill,"" ""tabor,"" ""timbrel,"" ""handbell,"" ""rain stick,"" ""steel drum,"" ""lagerphone,"" ""carillon,"" and ""chime"" are also included in the taxonomy, showcasing the diversity of percussion instruments.

```taxonomy
drum is the child of percussion instrument
cymbal is the child of percussion instrument
gong is the child of percussion instrument
marimba is the child of percussion instrument
piano is the child of percussion instrument
chime is the child of percussion instrument
bass drum is the child of drum
snare drum is the child of drum
tenor drum is the child of drum
bongo is the child of drum
tambour is the child of drum
high-hat cymbal is the child of cymbal
triangle is the child of cymbal
vibraphone is the child of marimba
glockenspiel is the child of marimba
grand piano is the child of piano
baby grand is the child of piano
concert grand is the child of piano
spinet is the child of piano
mechanical piano is the child of piano
tambourine is the child of percussion instrument
maraca is the child of percussion instrument
bones is the child of percussion instrument
zill is the child of percussion instrument
tabor is the child of percussion instrument
timbrel is the child of percussion instrument
handbell is the child of percussion instrument
rain stick is the child of percussion instrument
steel drum is the child of percussion instrument
lagerphone is the child of percussion instrument
carillon is the child of percussion instrument
```"
3,"The taxonomy tree starts with ""coefficient"" as the root, encompassing various numerical values used to describe physical properties or relationships. Direct children of ""coefficient"" include ""modulus,"" which pertains to measures of elasticity and rigidity, and specific coefficients like ""coefficient of friction,"" ""drag coefficient,"" ""coefficient of elasticity,"" ""coefficient of mutual induction,"" ""coefficient of self induction,"" ""coefficient of reflection,"" ""coefficient of expansion,"" ""coefficient of viscosity,"" and ""absorption coefficient."" The ""modulus"" category branches into more specific types, including ""Young's modulus,"" ""modulus of rigidity,"" and ""bulk modulus,"" each describing different aspects of material elasticity. Additionally, ""transmittance"" is related to the coefficient of reflection, indicating the proportion of light that passes through a material. This hierarchical structure organizes coefficients from general to specific, based on the physical properties they describe.

```taxonomy
modulus is the child of coefficient
coefficient of friction is the child of coefficient
drag coefficient is the child of coefficient
coefficient of elasticity is the child of coefficient
coefficient of mutual induction is the child of coefficient
coefficient of self induction is the child of coefficient
coefficient of reflection is the child of coefficient
coefficient of expansion is the child of coefficient
coefficient of viscosity is the child of coefficient
absorption coefficient is the child of coefficient
Young's modulus is the child of modulus
modulus of rigidity is the child of modulus
bulk modulus is the child of modulus
transmittance is the child of coefficient of reflection
```"
4,"The taxonomy tree starts with ""anemia"" as the root, encompassing various conditions characterized by a deficiency in the number or quality of red blood cells. Direct children of ""anemia"" include broad categories such as ""microcytic anemia,"" ""macrocytic anemia,"" ""normocytic anemia"" (implied by the presence of other categories), ""hemolytic anemia,"" and ""aplastic anemia,"" each representing a distinct pathophysiological mechanism. 

""Microcytic anemia"" branches into ""hypochromic anemia,"" indicating cells with reduced hemoglobin, and further into ""iron deficiency anemia,"" a common cause of this condition. ""Thalassemia"" and ""sideroblastic anemia"" are also children of ""microcytic anemia,"" representing genetic and metabolic disorders affecting hemoglobin production. ""Chlorosis"" is an outdated term for iron deficiency anemia, making it a synonym or a historical classification within this branch.

""Macrocytic anemia"" includes ""megaloblastic anemia,"" characterized by abnormally large red blood cells, and ""pernicious anemia,"" a specific type caused by vitamin B12 deficiency. ""Fanconi's anemia"" is a rare genetic disorder leading to bone marrow failure, classified under ""aplastic anemia.""

""Hemolytic anemia"" encompasses conditions where red blood cells are destroyed faster than they can be made, including ""sickle-cell anemia,"" ""favism,"" and ""erythroblastosis fetalis,"" each with distinct causes and mechanisms.

Other forms of anemia, such as ""hypoplastic anemia,"" ""refractory anemia,"" ""Cooley's anemia"" (a form of thalassemia), and ""metaplastic anemia,"" are also included in the taxonomy, reflecting various degrees of bone marrow dysfunction or abnormal cell development.

Ischemia and its subcategories (""transient ischemic attack"" and ""ischemic stroke"") are not directly related to anemia but are included in the list, indicating a need for a separate taxonomy branch for vascular conditions. However, given the instruction to construct a taxonomy from the provided list, these concepts are not integrated into the anemia taxonomy.

```taxonomy
microcytic anemia is the child of anemia
macrocytic anemia is the child of anemia
hemolytic anemia is the child of anemia
aplastic anemia is the child of anemia
hypochromic anemia is the child of microcytic anemia
iron deficiency anemia is the child of hypochromic anemia
thalassemia is the child of microcytic anemia
sideroblastic anemia is the child of microcytic anemia
chlorosis is the child of hypochromic anemia
megaloblastic anemia is the child of macrocytic anemia
pernicious anemia is the child of macrocytic anemia
Fanconi's anemia is the child of aplastic anemia
sickle-cell anemia is the child of hemolytic anemia
favism is the child of hemolytic anemia
erythroblastosis fetalis is the child of hemolytic anemia
hypoplastic anemia is the child of aplastic anemia
refractory anemia is the child of aplastic anemia
Cooley's anemia is the child of thalassemia
metaplastic anemia is the child of aplastic anemia
```"
5,"The taxonomy tree starts with ""marital status"" as the root, encompassing various states or forms of union between individuals. Direct children of ""marital status"" include ""marriage,"" ""bachelorhood,"" ""widowhood,"" ""spinsterhood,"" and ""civil union,"" each representing a distinct category of relationship or lack thereof. The ""marriage"" category branches into several subtypes, including ""monogamy,"" which involves one partner, and ""polygamy,"" which involves multiple partners. ""Monogamy"" further divides into ""monogyny"" (one husband, multiple wives) and ""monandry"" (one wife, multiple husbands), while ""polygamy"" includes ""polygyny"" (one husband, multiple wives) and ""polyandry"" (one wife, multiple husbands). Other forms of marriage include ""open marriage,"" ""marriage of convenience,"" ""common-law marriage,"" and ""sigeh"" (a temporary marriage). Additionally, ""marriage"" can be classified based on the relationship between partners, such as ""endogamy"" (marriage within a group) and ""exogamy"" (marriage outside a group). The ""bachelorhood"" and ""spinsterhood"" categories represent unmarried individuals, while ""widowhood"" represents those who have lost a spouse. This hierarchical structure organizes marital statuses from general categories to more specific forms, based on the nature of the relationship and the number of partners involved.

```taxonomy
marriage is the child of marital status
bachelorhood is the child of marital status
widowhood is the child of marital status
spinsterhood is the child of marital status
civil union is the child of marital status
monogamy is the child of marriage
polygamy is the child of marriage
monogyny is the child of monogamy
monandry is the child of monogamy
polygyny is the child of polygamy
polyandry is the child of polygamy
open marriage is the child of marriage
marriage of convenience is the child of marriage
common-law marriage is the child of marriage
sigeh is the child of marriage
endogamy is the child of marriage
exogamy is the child of marriage
bigamy is the child of polygamy
cuckoldom is the child of marriage
mesalliance is the child of marriage
misalliance is the child of marriage
serial monogamy is the child of monogamy
```"
6,"The taxonomy tree starts with ""flight"" as the root, encompassing various forms of aerial movement. Direct children of ""flight"" include ""air travel,"" ""ballooning,"" ""glide,"" ""hang gliding,"" ""parasailing,"" and ""acrobatics,"" each representing a distinct type of flight activity. The ""air travel"" category branches into ""solo,"" indicating a single-person flight, and ""commercial"" aspects are implied but not explicitly listed, suggesting a focus on personal or recreational flight. ""Ballooning"" is a specific type of flight using balloons, while ""glide"" and ""hang gliding"" involve using air currents for lift without engine power. ""Parasailing"" is a recreational activity where a person is towed behind a vehicle while attached to a parachute. ""Acrobatics"" includes specialized maneuvers like ""tailspin,"" a specific type of spinning flight. Other categories under ""flight"" include ""terrain flight,"" which involves flying close to the ground, and ""blind flying,"" which requires navigation without visual references. ""Flyover,"" ""overflight,"" ""sortie,"" ""pass,"" and ""maiden flight"" are all specific instances or types of flights, with ""maiden flight"" being the first flight of a new aircraft. This structure organizes flight concepts from broad categories to more specialized activities and instances.

```taxonomy
air travel is the child of flight
ballooning is the child of flight
glide is the child of flight
hang gliding is the child of glide
parasailing is the child of flight
acrobatics is the child of flight
terrain flight is the child of flight
blind flying is the child of flight
flyover is the child of flight
overflight is the child of flight
sortie is the child of flight
pass is the child of flight
maiden flight is the child of flight
solo is the child of air travel
tailspin is the child of acrobatics
```"
7,"The taxonomy tree starts with ""jocosity"" as the root, encompassing various forms of humor and wit. Direct children of ""jocosity"" include ""wit,"" ""banter,"" ""sarcasm,"" ""joke,"" and ""fun,"" each representing a distinct aspect of humor. The ""joke"" category branches into several subcategories, including ""one-liner,"" ""shaggy dog story,"" ""ethnic joke,"" ""dirty joke,"" ""sick joke,"" and ""in-joke,"" each specifying a particular type of joke based on its structure, content, or audience. ""Wit"" further divides into ""bon mot,"" ""jeu d'esprit,"" ""waggery,"" ""badinage,"" and ""repartee,"" highlighting quick, clever, and often sarcastic forms of humor. ""Banter"" includes ""persiflage,"" ""ribaldry,"" and ""drollery,"" which involve playful, teasing, or mocking exchanges. The ""sarcasm"" branch leads to ""mock-heroic,"" indicating a form of irony that mocks heroic language or situations. ""Fun"" encompasses ""belly laugh,"" ""cartoon,"" ""comic strip,"" and ""sight gag,"" which are all forms of humorous entertainment. This hierarchical structure organizes humor and wit from broad categories to more specific forms, based on their characteristics and applications.

```taxonomy
wit is the child of jocosity
banter is the child of jocosity
sarcasm is the child of jocosity
joke is the child of jocosity
fun is the child of jocosity
one-liner is the child of joke
shaggy dog story is the child of joke
ethnic joke is the child of joke
dirty joke is the child of joke
sick joke is the child of joke
in-joke is the child of joke
bon mot is the child of wit
jeu d'esprit is the child of wit
waggery is the child of wit
badinage is the child of wit
repartee is the child of wit
persiflage is the child of banter
ribaldry is the child of banter
drollery is the child of banter
mock-heroic is the child of sarcasm
belly laugh is the child of fun
cartoon is the child of fun
comic strip is the child of fun
sight gag is the child of fun
pungency is the child of jocosity
topper is the child of joke
parody is the child of joke
caricature is the child of joke
esprit de l'escalier is the child of wit
pun is the child of joke
```"
8,"The taxonomy tree starts with ""education"" as the root, encompassing various forms of learning and instructional activities. Direct children of ""education"" include broad categories like ""elementary education,"" ""secondary education,"" ""higher education,"" and ""adult education,"" which represent different stages or levels of educational pursuit. Under ""education,"" the ""course"" category is a significant branch, leading to various types of instructional programs such as ""extension course,"" ""correspondence course,"" ""workshop,"" ""seminar,"" and ""orientation course,"" each with distinct delivery methods or purposes. The ""course"" category further divides into more specific types like ""required course,"" ""elective course,"" and ""refresher course,"" indicating different levels of necessity or focus. Other branches under ""education"" include ""dramatics,"" ""art class,"" ""industrial arts,"" and ""shop class,"" which represent specialized subjects or activities. ""Coeducation"" and ""team teaching"" are also children of ""education,"" highlighting specific approaches to learning. Additionally, ""extracurricular activity"" and ""athletics"" are included as supplementary educational experiences. This taxonomy organizes educational concepts from broad levels of education to specific courses, subjects, and approaches, providing a comprehensive framework for understanding the diverse landscape of educational activities.

```taxonomy
elementary education is the child of education
secondary education is the child of education
higher education is the child of education
adult education is the child of education
continuing education is the child of education
course is the child of education
dramatics is the child of education
art class is the child of education
industrial arts is the child of education
shop class is the child of education
coeducation is the child of education
team teaching is the child of education
extracurricular activity is the child of education
athletics is the child of education
extension course is the child of course
correspondence course is the child of course
workshop is the child of course
seminar is the child of course
orientation course is the child of course
required course is the child of course
elective course is the child of course
refresher course is the child of course
home study is the child of course
directed study is the child of course
life class is the child of course
childbirth-preparation class is the child of course
propaedeutic is the child of course
work-study program is the child of education
extension is the child of education
course of lectures is the child of education
```"
9,"The taxonomy tree starts with ""piciform bird"" as the root, encompassing a broad group of birds characterized by their zygodactyl feet and pecking behavior. Direct children of ""piciform bird"" include ""woodpecker,"" ""jacamar,"" ""puffbird,"" ""toucan,"" ""barbet,"" and ""piculet,"" each representing distinct families within the piciform order. The ""woodpecker"" category branches into various species, including ""flicker,"" which further divides into ""gilded flicker,"" ""yellow-shafted flicker,"" and ""red-shafted flicker,"" highlighting regional variations. Other woodpecker species include ""downy woodpecker,"" ""redheaded woodpecker,"" ""green woodpecker,"" and ""wryneck,"" showcasing the diversity within this group. The ""sapsucker"" is another subset of woodpeckers, with ""red-breasted sapsucker"" and ""yellow-bellied sapsucker"" as specific examples. The ""toucan"" family includes ""toucanet,"" a smaller relative, and ""ivorybill,"" a distinct species. This hierarchical structure organizes piciform birds from a broad category to increasingly specific families and species, reflecting their evolutionary relationships and characteristics.

```taxonomy
woodpecker is the child of piciform bird
jacamar is the child of piciform bird
puffbird is the child of piciform bird
toucan is the child of piciform bird
barbet is the child of piciform bird
piculet is the child of piciform bird
flicker is the child of woodpecker
downy woodpecker is the child of woodpecker
redheaded woodpecker is the child of woodpecker
green woodpecker is the child of woodpecker
wryneck is the child of woodpecker
sapsucker is the child of woodpecker
gilded flicker is the child of flicker
yellow-shafted flicker is the child of flicker
red-shafted flicker is the child of flicker
red-breasted sapsucker is the child of sapsucker
yellow-bellied sapsucker is the child of sapsucker
toucanet is the child of toucan
ivorybill is the child of toucan
honey guide is the child of piciform bird
```"
10,"The taxonomy tree starts with ""auk"" as the root, representing a broad category of seabirds. Direct children of ""auk"" include ""guillemot,"" ""murre,"" and ""auklet,"" each representing distinct subgroups within the auk family. The ""guillemot"" category branches into more specific species like ""black guillemot"" and ""pigeon guillemot,"" highlighting variations within this subgroup. The ""murre"" category includes ""common murre,"" ""thick-billed murre,"" and ""little auk,"" which is sometimes classified as a type of murre, showcasing the diversity within this subgroup. ""Razorbill"" is also a type of auk, closely related to guillemots and murres. The ""auklet"" subgroup remains as a distinct category. Notably, ""great auk"" is an extinct species that fits within the broader ""auk"" category. This hierarchical structure organizes auk species from general to more specific classifications, based on their characteristics and relationships.

```taxonomy
guillemot is the child of auk
murre is the child of auk
auklet is the child of auk
black guillemot is the child of guillemot
pigeon guillemot is the child of guillemot
common murre is the child of murre
thick-billed murre is the child of murre
little auk is the child of murre
razorbill is the child of auk
great auk is the child of auk
```"
11,"The taxonomy tree starts with ""apple"" as the root, encompassing various types of apples and related species. Direct children of ""apple"" include ""apple tree,"" which represents the plant itself, and ""crab apple,"" a broad category for smaller, often tart apples. The ""crab apple"" category branches into more specific types, including ""American crab apple,"" ""Southern crab apple,"" ""Oregon crab apple,"" ""Iowa crab,"" ""Siberian crab,"" ""Bechtel crab,"" and ""wild crab,"" each representing distinct varieties or cultivars of crab apples. Additionally, ""wild apple"" is a child of ""apple,"" indicating apples that grow naturally without cultivation. This structure organizes apples from the general category to more specific varieties, highlighting the diversity within the crab apple group.

```taxonomy
apple tree is the child of apple
crab apple is the child of apple
wild apple is the child of apple
American crab apple is the child of crab apple
Southern crab apple is the child of crab apple
Oregon crab apple is the child of crab apple
Iowa crab is the child of crab apple
Siberian crab is the child of crab apple
Bechtel crab is the child of crab apple
wild crab is the child of crab apple
```"
12,"The taxonomy tree starts with ""beginning"" as the root, encompassing various concepts related to starts, initiations, and introductions. Direct children of ""beginning"" include ""introduction,"" ""inauguration,"" ""initiation,"" ""startup,"" and ""creation,"" each representing a distinct type of commencement. The ""introduction"" category branches into subcategories like ""product introduction,"" ""face-off,"" ""tip-off,"" ""kickoff,"" ""curtain raiser,"" and ""icebreaker,"" which are specific types of introductions in various contexts such as business, sports, and social events. ""Inauguration"" leads to ""installation,"" ""induction,"" and ""activation,"" which pertain to formal beginnings of roles, processes, or systems. ""Initiation"" further divides into ""initiation of labor,"" ""hypnogenesis,"" and ""induction,"" focusing on the start of specific processes or states. ""Startup"" includes ""housing start,"" ""groundbreaking,"" and ""springboard,"" which are related to new projects or ventures. ""Creation"" encompasses ""authorship,"" ""constitution,"" and ""population,"" highlighting the origin of entities, documents, or groups. This hierarchical structure categorizes beginnings based on their nature, context, and scope, providing a comprehensive framework for understanding various types of initiations and introductions.

```taxonomy
introduction is the child of beginning
inauguration is the child of beginning
initiation is the child of beginning
startup is the child of beginning
creation is the child of beginning
product introduction is the child of introduction
face-off is the child of introduction
tip-off is the child of introduction
kickoff is the child of introduction
curtain raiser is the child of introduction
icebreaker is the child of introduction
installation is the child of inauguration
induction is the child of inauguration
activation is the child of inauguration
induction of labor is the child of initiation
hypnogenesis is the child of initiation
housing start is the child of startup
groundbreaking is the child of startup
springboard is the child of startup
authorship is the child of creation
constitution is the child of creation
population is the child of creation
unionization is the child of creation
communization is the child of creation
collectivization is the child of creation
colonization is the child of creation
federation is the child of creation
naturalization is the child of creation
usher in is the child of beginning
peace initiative is the child of beginning
scrum is the child of beginning
jump ball is the child of beginning
first base is the child of beginning
first step is the child of beginning
resumption is the child of beginning
attack is the child of beginning
```"
13,"The taxonomy tree starts with ""gymnosperm"" as the root, representing a group of seed-producing plants that have cones and seeds without an outer covering. Direct children of ""gymnosperm"" include ""cycad,"" ""progymnosperm,"" and ""seed fern,"" each representing distinct subgroups within the gymnosperms. The ""cycad"" category branches into several specific genera, including ""encephalartos,"" ""ceratozamia,"" ""macrozamia,"" ""dioon,"" and ""zamia,"" which are all types of cycads. Additionally, ""cycad"" also includes ""sago palm,"" ""coontie,"" and ""false sago,"" which are common names for certain species within this group. ""Progymnosperm"" is a more ancient group that is thought to be ancestral to modern gymnosperms. ""Seed fern"" is a group of extinct plants that are characterized by their fern-like leaves and seed-producing cones. ""Welwitschia"" is a unique plant that is often classified as a gymnosperm, but its exact relationships are still debated. ""Burrawong"" and ""kaffir bread"" are common names for specific species of cycads. This hierarchical structure organizes the concepts from general to more specific, based on their evolutionary relationships and characteristics.

```taxonomy
cycad is the child of gymnosperm
progymnosperm is the child of gymnosperm
seed fern is the child of gymnosperm
encephalartos is the child of cycad
ceratozamia is the child of cycad
macrozamia is the child of cycad
dioon is the child of cycad
zamia is the child of cycad
sago palm is the child of cycad
coontie is the child of cycad
false sago is the child of cycad
burrawong is the child of cycad
kaffir bread is the child of cycad
welwitschia is the child of gymnosperm
```"
14,"The taxonomy tree starts with ""terrorism"" as the root, encompassing various forms of violence or intimidation used to achieve political, ideological, or religious goals. Direct children of ""terrorism"" include broad categories like ""terror,"" ""terrorist attack,"" and specific types such as ""domestic terrorism,"" ""international terrorism,"" and ""state-sponsored terrorism,"" which differentiate based on the scope, origin, and sponsorship of the acts. The ""domestic terrorism"" category includes ""ecoterrorism,"" focusing on environmental causes, and ""narcoterrorism,"" which involves narcotics trafficking. ""International terrorism"" branches into ""chemical terrorism,"" ""bioterrorism,"" and ""nuclear terrorism,"" each specifying the use of different agents or weapons. ""Cyber-terrorism"" is a distinct category under ""international terrorism,"" highlighting the use of digital technologies for terrorist purposes. ""Theoterrorism"" is a form of terrorism motivated by religious extremism. Specific groups like ""Red Hand Defenders"" are classified under ""domestic terrorism"" due to their regional focus. Notable events like ""9/11"" are categorized under ""terrorist attack,"" as they represent significant instances of terrorism. This structure organizes terrorism types from general to specific, based on scope, motivation, and methods.

```taxonomy
terror is the child of terrorism
terrorist attack is the child of terrorism
domestic terrorism is the child of terrorism
international terrorism is the child of terrorism
state-sponsored terrorism is the child of terrorism
ecoterrorism is the child of domestic terrorism
narcoterrorism is the child of domestic terrorism
Red Hand Defenders is the child of domestic terrorism
chemical terrorism is the child of international terrorism
bioterrorism is the child of international terrorism
nuclear terrorism is the child of international terrorism
cyber-terrorism is the child of international terrorism
theoterrorism is the child of international terrorism
9/11 is the child of terrorist attack
```"
15,"The taxonomy tree starts with ""pouch"" as the root, encompassing various types of bags or containers used for carrying items. Direct children of ""pouch"" include ""vest pocket,"" ""breast pocket,"" ""hip pocket,"" ""patch pocket,"" ""slash pocket,"" ""fob,"" ""sporran,"" ""tobacco pouch,"" ""waist pack,"" ""fanny pack,"" ""mailbag,"" and ""diplomatic pouch,"" each representing a distinct type of pouch or pocket. The ""pocket"" category branches into more specific types like ""vest pocket,"" ""breast pocket,"" and ""hip pocket,"" which are located on different parts of clothing. The ""slash pocket"" is a type of pocket with a diagonal or slanted opening. The ""fob"" is a small pouch or pocket attached to a belt or chain. The ""sporran"" is a traditional Scottish pouch worn around the waist. The ""tobacco pouch"" is a small pouch used to carry tobacco. The ""waist pack"" and ""fanny pack"" are types of pouches worn around the waist. The ""mailbag"" is a large pouch used to carry mail. The ""diplomatic pouch"" is a special type of pouch used to carry sensitive or confidential documents. This hierarchical arrangement logically organizes pouches and pockets from general to more specialized forms, based on their location, function, and design.

```taxonomy
vest pocket is the child of pouch
breast pocket is the child of pouch
hip pocket is the child of pouch
patch pocket is the child of pouch
slash pocket is the child of pouch
fob is the child of pouch
sporran is the child of pouch
tobacco pouch is the child of pouch
waist pack is the child of pouch
fanny pack is the child of pouch
mailbag is the child of pouch
diplomatic pouch is the child of pouch
```"
16,"The taxonomy tree starts with ""ornithischian"" as the root, representing a group of primarily herbivorous dinosaurs. Direct children of ""ornithischian"" include ""ceratopsian,"" ""armored dinosaur,"" ""ornithopod,"" and ""stegosaur,"" each representing distinct subgroups within the ornithischians. The ""ceratopsian"" category branches into more specific types like ""psittacosaur,"" ""protoceratops,"" ""triceratops,"" ""styracosaur,"" and ""corythosaur,"" which are characterized by their distinctive horns and frills. The ""armored dinosaur"" category includes ""ankylosaur"" and ""edmontonia,"" which are known for their protective armor plating. The ""ornithopod"" category includes ""hadrosaur,"" ""edmontosaurus,"" ""anatotitan,"" and ""trachodon,"" which are characterized by their duck-billed snouts and herbivorous diets. The ""stegosaur"" category is a distinct group with a row of plates running down their backs. The ""pachycephalosaur"" or ""bone-headed dinosaur"" is a unique group with a distinctive dome-shaped skull. This hierarchical structure logically organizes the ornithischian dinosaurs based on their shared characteristics and evolutionary relationships.

```taxonomy
ceratopsian is the child of ornithischian
armored dinosaur is the child of ornithischian
ornithopod is the child of ornithischian
stegosaur is the child of ornithischian
psittacosaur is the child of ceratopsian
protoceratops is the child of ceratopsian
triceratops is the child of ceratopsian
styracosaur is the child of ceratopsian
corythosaur is the child of ceratopsian
ankylosaur is the child of armored dinosaur
edmontonia is the child of armored dinosaur
hadrosaur is the child of ornithopod
edmontosaurus is the child of ornithopod
anatotitan is the child of ornithopod
trachodon is the child of ornithopod
pachycephalosaur is the child of ornithischian
pisanosaur is the child of ornithischian
staurikosaur is the child of ornithischian
```"
17,"The taxonomy tree starts with ""electro-acoustic transducer"" as the root, encompassing devices that convert electrical signals into sound or vice versa. Direct children of this root include ""microphone"" and ""loudspeaker,"" which represent the two primary functions of electro-acoustic transducers: capturing sound and producing sound, respectively. Under ""microphone,"" we have various types such as ""condenser microphone,"" ""crystal microphone,"" ""directional microphone,"" ""cardioid microphone,"" and ""spike mike,"" each with distinct characteristics or applications. The ""loudspeaker"" category branches into ""tweeter,"" ""woofer,"" and ""subwoofer,"" which are specialized speakers for different frequency ranges. Additionally, ""loudspeaker"" leads to ""earphone,"" ""headset,"" and ""earplug,"" which are designed for personal listening or hearing protection. Other devices like ""bullhorn,"" ""squawk box,"" and ""tannoy"" are also classified under ""loudspeaker,"" as they are used for amplifying sound. The ""telephone receiver"" is a specific type of ""earphone"" used in telecommunication. This taxonomy organizes electro-acoustic transducers based on their primary function and then further categorizes them by their specific characteristics, applications, or design.

```taxonomy
microphone is the child of electro-acoustic transducer
loudspeaker is the child of electro-acoustic transducer
condenser microphone is the child of microphone
crystal microphone is the child of microphone
directional microphone is the child of microphone
cardioid microphone is the child of microphone
spike mike is the child of microphone
tweeter is the child of loudspeaker
woofer is the child of loudspeaker
subwoofer is the child of loudspeaker
earphone is the child of loudspeaker
headset is the child of earphone
earplug is the child of earphone
telephone receiver is the child of earphone
bullhorn is the child of loudspeaker
squawk box is the child of loudspeaker
tannoy is the child of loudspeaker
crystal pickup is the child of microphone
cartridge is the child of microphone
bug is the child of microphone
```"
18,"The taxonomy tree starts with ""point"" as the root, representing a fundamental concept in various fields, including mathematics, literature, and physics. Direct children of ""point"" include ""vertex,"" ""intersection,"" ""attractor,"" ""component,"" and ""plot element,"" each representing a distinct application or interpretation of a point. The ""vertex"" category pertains to the meeting point of lines or edges in geometry, while ""intersection"" refers to the point where two or more paths or lines cross. ""Attractor"" branches into ""strange attractor,"" a concept from chaos theory describing a set towards which a system evolves over time. ""Component"" is a broad term that can refer to a part of a larger system, and ""plot element"" is a narrative device used in storytelling. Within ""plot element,"" the ""McGuffin"" is a specific type of element that motivates the plot but is often unimportant in itself. ""Be-all and end-all"" is a related concept, representing the central or most important element of a narrative. ""Metacenter"" is a specialized term from physics and engineering, referring to the point where the buoyancy force acts on a floating body. ""Intercept"" is a point where a line or curve crosses an axis or another line. This taxonomy organizes the concepts from a general notion of a point to more specific applications and interpretations across various disciplines.

```taxonomy
vertex is the child of point
intersection is the child of point
attractor is the child of point
component is the child of point
plot element is the child of point
strange attractor is the child of attractor
McGuffin is the child of plot element
be-all and end-all is the child of plot element
metacenter is the child of point
intercept is the child of point
```"
19,"The taxonomy tree starts with ""New World monkey"" as the root, encompassing a diverse group of primates found in the Americas. Direct children of ""New World monkey"" include ""capuchin,"" ""squirrel monkey,"" ""titi,"" ""tamarin,"" ""marmoset,"" ""uakari,"" ""howler monkey,"" and ""spider monkey,"" each representing a distinct family or genus within this group. The ""tamarin"" category branches into ""silky tamarin"" and ""saki,"" which are specific types of tamarins. The ""marmoset"" category further divides into ""pygmy marmoset"" and ""true marmoset,"" indicating different species within the marmoset genus. Additionally, ""uakari"" is a distinct genus, and ""howler monkey"" and ""spider monkey"" are also separate genera. The ""douroucouli"" and ""woolly monkey"" are specific types of New World monkeys, but their exact placement within the taxonomy is not explicitly stated, so they are left as direct children of ""New World monkey."" The ""pinche"" is a type of tamarin, so it is placed under the ""tamarin"" category.

```taxonomy
capuchin is the child of New World monkey
squirrel monkey is the child of New World monkey
titi is the child of New World monkey
tamarin is the child of New World monkey
marmoset is the child of New World monkey
uakari is the child of New World monkey
howler monkey is the child of New World monkey
spider monkey is the child of New World monkey
douroucouli is the child of New World monkey
woolly monkey is the child of New World monkey
silky tamarin is the child of tamarin
saki is the child of tamarin
pygmy marmoset is the child of marmoset
true marmoset is the child of marmoset
pinche is the child of tamarin
```"
20,"The taxonomy tree starts with ""misrepresentation"" as the root, encompassing various forms of deception or distortion of truth. Direct children of ""misrepresentation"" include broad categories like ""evasion,"" ""trickery,"" ""fraudulence,"" and ""pretense,"" each representing a distinct approach to misrepresenting reality. The ""evasion"" category branches into more specific tactics such as ""circumlocution,"" which involves indirect or evasive speech, and ""quibble,"" which focuses on petty or trivial objections. ""Trickery"" includes subcategories like ""subterfuge,"" indicating a clever or deceitful strategy, and ""bluff,"" which involves pretending to have a capability or intention. ""Fraudulence"" encompasses ""facade,"" which presents a false appearance, and ""humbug,"" which is a type of deceitful or false talk. ""Pretense"" further divides into ""pretext,"" a false reason or excuse, and ""hypocrisy,"" which involves a discrepancy between what is said and what is done. Other forms of misrepresentation, such as ""exaggeration,"" ""half-truth,"" ""doublespeak,"" ""snow job,"" ""hedge,"" ""bill of goods,"" ""crocodile tears,"" and ""putoff,"" are also categorized under the broader categories, highlighting the complexity and variety of misrepresentation tactics.

```taxonomy
evasion is the child of misrepresentation
trickery is the child of misrepresentation
fraudulence is the child of misrepresentation
pretense is the child of misrepresentation
circumlocution is the child of evasion
quibble is the child of evasion
subterfuge is the child of trickery
bluff is the child of trickery
facade is the child of fraudulence
humbug is the child of fraudulence
pretext is the child of pretense
hypocrisy is the child of pretense
exaggeration is the child of misrepresentation
half-truth is the child of misrepresentation
doublespeak is the child of misrepresentation
snow job is the child of misrepresentation
hedge is the child of misrepresentation
bill of goods is the child of misrepresentation
crocodile tears is the child of misrepresentation
putoff is the child of misrepresentation
```"
21,"The taxonomy tree starts with ""fitting"" as the root, encompassing various components used to connect, adapt, or terminate pipes, tubes, or electrical connections. Direct children of ""fitting"" include ""pipefitting,"" which pertains to plumbing and piping systems, and ""socket,"" which is more related to electrical connections. The ""pipefitting"" category branches into ""gas fitting,"" indicating fittings specifically designed for gas pipes, and ""reducer,"" which is used to connect pipes of different diameters. The ""socket"" category further divides into ""electric socket,"" a general term for electrical connectors, and ""wall socket,"" a specific type of electric socket mounted in a wall. Additionally, ""electric socket"" has subcategories like ""outlet box,"" which houses the socket, and ""receptacle,"" a more general term for a socket that receives a plug. The ""point"" and ""slot"" concepts are more abstract and could be considered as features or components of various fittings, but for the sake of this taxonomy, they are placed as children of ""fitting,"" indicating their role as parts of a larger fitting system. This structure organizes fittings from broad categories to more specific types based on their application and functionality.

```taxonomy
pipefitting is the child of fitting
socket is the child of fitting
point is the child of fitting
slot is the child of fitting
gas fitting is the child of pipefitting
reducer is the child of pipefitting
electric socket is the child of socket
wall socket is the child of electric socket
outlet box is the child of electric socket
receptacle is the child of electric socket
```"
22,"The taxonomy tree starts with ""emotional state"" as the root, encompassing various feelings and conditions that individuals experience. Direct children of ""emotional state"" include ""happiness,"" ""unhappiness,"" and ""state,"" which represent broad categories of emotional experiences. The ""happiness"" category branches into more specific positive emotions like ""gratification,"" ""blessedness,"" ""nirvana,"" and ""radiance,"" each capturing a unique aspect of joyful or fulfilling experiences. ""Gratification"" further leads to ""comfort,"" indicating a sense of satisfaction or relief. On the other hand, ""unhappiness"" includes negative emotions such as ""sadness,"" ""embarrassment,"" ""embitterment,"" and ""mourning,"" each representing a distinct form of distress or discomfort. ""Sadness"" further branches into ""poignance,"" which adds a sense of deep emotional pain or regret. The ""state"" category remains more general, encompassing any condition or status of being, without specifying the emotional tone. This structure logically organizes emotional states from broad categories to more nuanced and specific feelings.

```taxonomy
happiness is the child of emotional state
unhappiness is the child of emotional state
state is the child of emotional state
gratification is the child of happiness
blessedness is the child of happiness
nirvana is the child of happiness
radiance is the child of happiness
comfort is the child of gratification
sadness is the child of unhappiness
embarrassment is the child of unhappiness
embitterment is the child of unhappiness
mourning is the child of unhappiness
poignance is the child of sadness
ecstasy is the child of happiness
```"
23,"The taxonomy tree starts with ""farming"" as the root, encompassing various practices related to agriculture and cultivation. Direct children of ""farming"" include broad categories like ""cultivation,"" ""animal husbandry,"" ""gardening,"" and ""culture,"" each representing a distinct aspect of farming. The ""cultivation"" category branches into more specific practices such as ""tillage,"" ""plowing,"" ""tilling,"" and ""strip cropping,"" which are all related to soil preparation and crop management. ""Gardening"" further divides into ""flower gardening,"" ""market gardening,"" ""truck farming,"" and ""cranberry culture,"" highlighting different types of gardening based on the produce or method. ""Animal husbandry"" includes subcategories like ""beekeeping,"" ""dairying,"" ""ranching,"" and ""aquaculture,"" focusing on the care and management of different types of animals. ""Culture"" encompasses specialized practices such as ""arboriculture,"" ""viticulture,"" and ""hydroponics,"" each dealing with specific types of plants or cultivation methods. Additionally, ""farming"" directly includes ""mixed farming,"" ""monoculture,"" ""subsistence farming,"" and ""landscaping,"" which represent different approaches or scales of farming. This hierarchical structure organizes farming practices from general to specific, based on the type of activity, produce, or method.

```taxonomy
cultivation is the child of farming
animal husbandry is the child of farming
gardening is the child of farming
culture is the child of farming
mixed farming is the child of farming
monoculture is the child of farming
subsistence farming is the child of farming
landscaping is the child of farming
tillage is the child of cultivation
plowing is the child of cultivation
tilling is the child of cultivation
strip cropping is the child of cultivation
flower gardening is the child of gardening
market gardening is the child of gardening
truck farming is the child of gardening
cranberry culture is the child of gardening
beekeeping is the child of animal husbandry
dairying is the child of animal husbandry
ranching is the child of animal husbandry
aquaculture is the child of animal husbandry
arboriculture is the child of culture
viticulture is the child of culture
hydroponics is the child of culture
drip culture is the child of culture
roundup is the child of farming
insemination is the child of animal husbandry
planting is the child of cultivation
```"
24,"The taxonomy tree here is organized with ""Niger-Congo"" as the root, representing a broad language family in Africa. Direct children of ""Niger-Congo"" include ""Bantu,"" ""Mande,"" ""Gur,"" ""Kwa,"" and ""West African,"" each representing a distinct branch within the Niger-Congo family. The ""Bantu"" category is extensive and includes numerous languages such as ""Swahili,"" ""Gikuyu,"" ""Luyia,"" ""Luba,"" ""Kongo,"" ""Shona,"" ""Nguni,"" ""Zulu,"" ""Xhosa,"" ""Swazi,"" ""Ndebele,"" ""Sotho,"" ""Sesotho,"" ""Tswana,"" ""Herero,"" ""Kamba,"" ""Giriama,"" ""Pokomo,"" ""Mwera,"" ""Nyamwezi,"" ""LuGanda,"" ""Chichewa,"" ""Chishona,"" ""Kinyarwanda,"" ""Kichaga,"" and ""ChiMwini,"" which are all part of the Bantu language group. The ""Mande"" category includes languages like ""Fula"" and ""Sango."" The ""Gur"" category includes languages like ""Fang."" The ""Kwa"" category includes languages like ""Akan"" and ""Ewe."" The ""West African"" category includes languages like ""Yoruba,"" ""Wolof,"" and ""Serer."" This hierarchical arrangement logically organizes languages within the Niger-Congo family based on their linguistic relationships and geographical distribution.

```taxonomy
Bantu is the child of Niger-Congo
Mande is the child of Niger-Congo
Gur is the child of Niger-Congo
Kwa is the child of Niger-Congo
West African is the child of Niger-Congo
Swahili is the child of Bantu
Gikuyu is the child of Bantu
Luyia is the child of Bantu
Luba is the child of Bantu
Kongo is the child of Bantu
Shona is the child of Bantu
Nguni is the child of Bantu
Zulu is the child of Nguni
Xhosa is the child of Nguni
Swazi is the child of Nguni
Ndebele is the child of Nguni
Sotho is the child of Bantu
Sesotho is the child of Sotho
Tswana is the child of Bantu
Herero is the child of Bantu
Kamba is the child of Bantu
Giriama is the child of Bantu
Pokomo is the child of Bantu
Mwera is the child of Bantu
Nyamwezi is the child of Bantu
LuGanda is the child of Bantu
Chichewa is the child of Bantu
Chishona is the child of Shona
Kinyarwanda is the child of Bantu
Kichaga is the child of Bantu
ChiMwini is the child of Bantu
Fula is the child of Mande
Sango is the child of Mande
Fang is the child of Gur
Akan is the child of Kwa
Ewe is the child of Kwa
Yoruba is the child of West African
Wolof is the child of West African
Serer is the child of West African
Kiswahili is the child of Swahili
```"
25,"The taxonomy tree starts with ""computer file"" as the root, encompassing various types of digital files used in computing. Direct children of ""computer file"" include ""text file,"" ""binary file,"" and ""disk file,"" each representing a fundamental category based on content or storage. The ""text file"" category branches into more specific types like ""ASCII text file,"" which contains plain text encoded in ASCII, and ""source code,"" which is a text file containing programming instructions. The ""binary file"" category includes ""executable file"" (implied, not explicitly listed), but more notably, it encompasses ""web page,"" which, while often containing text, is primarily a binary file due to its formatting and multimedia content. ""Disk file"" is a broad category that includes any file stored on a disk, which can be further divided into ""input file,"" ""output file,"" and ""backup file,"" based on their purpose in data processing and management. Additionally, ""transaction file"" and ""master file"" are specific types of files used in data processing and management, often stored on disks. This structure logically organizes computer files from general categories to more specific types based on content, purpose, and storage.

```taxonomy
text file is the child of computer file
binary file is the child of computer file
disk file is the child of computer file
ASCII text file is the child of text file
source code is the child of text file
web page is the child of binary file
input file is the child of disk file
output file is the child of disk file
backup file is the child of disk file
transaction file is the child of disk file
master file is the child of disk file
read-only file is the child of computer file
home page is the child of web page
```"
26,"The taxonomy tree starts with ""agglomeration"" as the root, representing a general collection or gathering of things. Direct children of ""agglomeration"" include ""clot,"" ""tuft,"" ""knot,"" ""coma,"" ""ball,"" and ""bunch,"" each signifying a distinct type of aggregation. The ""clot"" category pertains to coagulated masses, specifically leading to ""thrombus,"" a blood clot within a vessel, and ""embolus,"" a clot that has broken loose and travels through the bloodstream. The ""tuft"" category includes ""wisp,"" a small, wispy collection, and ""swad,"" a bundle or cluster. The ""knot"" category branches into ""clew,"" a ball of thread or yarn, and ""gob,"" a lump or mass. The ""coma"" category is more astronomical, referring to a nebula or a comet's tail. The ""ball"" category is straightforward, while the ""bunch"" category includes ""bunch"" as a general term and ""witches' broom,"" a colloquialism for a bundle of twigs. Additionally, there are several astronomical clusters listed as children of ""agglomeration,"" including ""Pleiades,"" ""Northern Cross,"" ""Omega Centauri,"" which are all names of star clusters or nebulae. This hierarchical structure categorizes agglomerations from general to more specific types, based on their composition, shape, or context.

```taxonomy
clot is the child of agglomeration
tuft is the child of agglomeration
knot is the child of agglomeration
coma is the child of agglomeration
ball is the child of agglomeration
bunch is the child of agglomeration
thrombus is the child of clot
embolus is the child of clot
wisp is the child of tuft
swad is the child of tuft
clew is the child of knot
gob is the child of knot
Pleiades is the child of agglomeration
Northern Cross is the child of agglomeration
Omega Centauri is the child of agglomeration
witches' broom is the child of bunch
```"
27,"The taxonomy tree starts with ""firework"" as the root, encompassing various devices designed to produce a visual or auditory effect through combustion or explosion. Direct children of ""firework"" include ""low explosive,"" which refers to a type of firework that produces a relatively slow-burning explosion, and several categories of pyrotechnic devices. The ""low explosive"" category branches into ""firecracker,"" ""cannon cracker,"" and ""cherry bomb,"" which are all types of explosive devices. The pyrotechnic devices include ""sparkler,"" a handheld device that produces sparks; ""squib,"" a small explosive device; ""fizgig,"" a type of firework that produces a whistling sound; and ""whizbang,"" a firework that produces a loud noise. The ""firework"" category also includes ""skyrocket,"" which propels into the air; ""Roman candle,"" a type of firework that shoots out stars; ""serpent,"" a firework that moves on the ground; ""catherine wheel,"" a spinning firework; ""torpedo,"" a firework that shoots out a projectile; and ""maroon,"" a type of firework that produces a loud noise. This hierarchical structure organizes firework types from general to more specific forms, based on their characteristics and effects.

```taxonomy
low explosive is the child of firework
sparkler is the child of firework
squib is the child of firework
fizgig is the child of firework
whizbang is the child of firework
skyrocket is the child of firework
Roman candle is the child of firework
serpent is the child of firework
catherine wheel is the child of firework
torpedo is the child of firework
maroon is the child of firework
firecracker is the child of low explosive
cannon cracker is the child of low explosive
cherry bomb is the child of low explosive
```"
28,"The taxonomy tree starts with ""means"" as the root, encompassing various concepts that represent ways, methods, or tools used to achieve an end. Direct children of ""means"" include ""instrument,"" ""instrumentation,"" ""motorization,"" ""implementation,"" and ""practice,"" each representing a distinct category of methods or tools. The ""instrument"" category branches into more specific types like ""voice,"" ""tooth,"" and ""wings,"" which are natural or inherent means of achieving something. ""Instrumentation"" further specifies the use of tools or devices, including ""dint,"" which implies force or effort, and ""motorization,"" which involves the use of engines or motors. The ""implementation"" category includes concepts like ""expedient,"" ""makeshift,"" ""pis aller,"" and ""desperate measure,"" which are all about finding temporary or last-resort solutions. ""Practice"" leads to ""improvisation,"" indicating a spontaneous or unplanned approach. The ""road"" category, which includes ""stepping stone,"" ""fast track,"" ""royal road,"" and ""open sesame,"" represents pathways or methods that facilitate progress or achievement. ""Escape"" and ""salvation"" are also children of ""means,"" indicating ways to avoid or overcome difficulties. This hierarchical structure organizes means from general categories to more specific tools, methods, or pathways, based on their nature and application.

```taxonomy
instrument is the child of means
instrumentation is the child of means
motorization is the child of means
implementation is the child of means
practice is the child of means
road is the child of means
escape is the child of means
salvation is the child of means
voice is the child of instrument
tooth is the child of instrument
wings is the child of instrument
dint is the child of instrumentation
makeshift is the child of implementation
expedient is the child of implementation
pis aller is the child of implementation
desperate measure is the child of implementation
improvisation is the child of practice
stepping stone is the child of road
fast track is the child of road
royal road is the child of road
open sesame is the child of road
crutch is the child of means
invocation is the child of means
```"
29,"The taxonomy tree starts with ""garden"" as the root, encompassing various types of cultivated outdoor spaces. Direct children of ""garden"" include broad categories like ""plot,"" ""bed,"" ""grove,"" and ""landscaping,"" each representing a distinct aspect of gardening. The ""bed"" category branches into specific types such as ""flowerbed,"" ""rose bed,"" ""tulip bed,"" ""asparagus bed,"" and ""turnip bed,"" indicating beds dedicated to specific plants. ""Grove"" further categorizes into ""lemon grove,"" ""orange grove,"" and ""apple orchard,"" highlighting orchards dedicated to specific fruit trees. The ""plot"" category includes ""seedbed,"" ""hotbed,"" and ""market garden,"" focusing on areas for seed cultivation, warm-season crops, and commercial gardening, respectively. ""Landscaping"" is a broader category that encompasses the design and maintenance of outdoor spaces, including ""formal garden,"" ""kitchen garden,"" ""herb garden,"" ""flower garden,"" ""rose garden,"" ""tea garden,"" ""victory garden,"" and ""topiary,"" each representing a specific style or purpose. Notable examples like ""Tuileries,"" ""Hanging Gardens of Babylon,"" and ""pot farm"" are also included, showcasing famous or unique gardens. This hierarchical structure organizes gardens from general types to more specific forms, based on their purpose, design, and the types of plants they feature.

```taxonomy
plot is the child of garden
bed is the child of garden
grove is the child of garden
landscaping is the child of garden
flowerbed is the child of bed
rose bed is the child of bed
tulip bed is the child of bed
asparagus bed is the child of bed
turnip bed is the child of bed
lemon grove is the child of grove
orange grove is the child of grove
apple orchard is the child of grove
peach orchard is the child of grove
seedbed is the child of plot
hotbed is the child of plot
market garden is the child of plot
formal garden is the child of landscaping
kitchen garden is the child of landscaping
herb garden is the child of landscaping
flower garden is the child of landscaping
rose garden is the child of landscaping
tea garden is the child of landscaping
victory garden is the child of landscaping
topiary is the child of landscaping
Tuileries is the child of garden
Hanging Gardens of Babylon is the child of garden
pot farm is the child of garden
parterre is the child of garden
rock garden is the child of garden
sunken garden is the child of garden
roof garden is the child of garden
hop garden is the child of garden
```"
30,"The taxonomy tree starts with ""kinswoman"" as the root, representing a broad category of female relatives. Directly under this root are ""sister"" and ""aunt,"" which are primary categories of female familial relationships. The ""sister"" category branches into more specific types, including ""female sibling,"" which is a general term for a sister; ""big sister,"" indicating an older sibling; ""little sister,"" signifying a younger sibling; and ""half sister,"" denoting a sister with whom one shares only one biological parent. The ""aunt"" category includes ""great-aunt,"" representing the sister of one's grandparent, and ""maiden aunt,"" an unmarried aunt. Additionally, ""aunt"" leads to ""niece,"" which is the daughter of one's sibling, and further to ""great-niece,"" the daughter of one's niece or nephew. This hierarchical structure logically organizes female relatives from general categories to more specific familial relationships based on generation and sibling status.

```taxonomy
sister is the child of kinswoman
aunt is the child of kinswoman
female sibling is the child of sister
big sister is the child of sister
little sister is the child of sister
half sister is the child of sister
great-aunt is the child of aunt
maiden aunt is the child of aunt
niece is the child of aunt
great-niece is the child of niece
```"
31,"The taxonomy tree starts with ""feather"" as the root, encompassing various types of feathers found on birds. Direct children of ""feather"" include ""flight feather,"" ""contour feather,"" ""down,"" and ""plumule,"" each representing a distinct category based on function, structure, or development stage. The ""flight feather"" category branches into ""primary,"" which are crucial for flight, and ""tail feather,"" which provide stability and steering. ""Contour feather"" includes ""sickle feather,"" ""scapular,"" ""hackle,"" and ""saddle hackle,"" which are involved in shaping the bird's outline and providing insulation. ""Hackle"" further specifies into ""saddle hackle,"" indicating feathers on the bird's back. The ""down"" category includes ""eiderdown,"" ""duck down,"" ""goose down,"" and ""swan's down,"" which are soft, insulating feathers used for warmth. ""Down"" also branches into ""aftershaft,"" a smaller, softer feather growing from the base of a larger feather. ""Plumule"" represents the earliest stage of feather development. This hierarchical structure logically organizes feathers based on their function, structure, and type, providing a comprehensive classification system.

```taxonomy
flight feather is the child of feather
contour feather is the child of feather
down is the child of feather
plumule is the child of feather
primary is the child of flight feather
tail feather is the child of flight feather
sickle feather is the child of contour feather
scapular is the child of contour feather
hackle is the child of contour feather
saddle hackle is the child of hackle
eiderdown is the child of down
duck down is the child of down
goose down is the child of down
swan's down is the child of down
aftershaft is the child of down
marabou is the child of down
bastard wing is the child of flight feather
```"
32,"The taxonomy tree starts with ""medical instrument"" as the root, encompassing a wide range of tools used in medical practices. Direct children of ""medical instrument"" include ""surgical instrument,"" ""diagnostic instrument,"" and ""therapeutic instrument,"" each representing a distinct category of medical tools. The ""surgical instrument"" category branches into subcategories like ""scalpel,"" ""surgical knife,"" ""retractor,"" ""dilator,"" ""speculum,"" ""curette,"" ""snare,"" ""hemostat,"" ""trepan,"" and ""dermatome,"" which are all used in surgical procedures. The ""diagnostic instrument"" category includes tools like ""stethoscope,"" ""ophthalmoscope,"" ""otoscope,"" ""laryngoscope,"" ""rhinoscope,"" ""arthroscope,"" ""gastroscope,"" ""sigmoidoscope,"" ""colonoscope,"" ""bronchoscope,"" ""proctoscope,"" ""culdoscope,"" ""fetoscope,"" ""keratoscope,"" and ""endoscope,"" which are used to examine and diagnose various parts of the body. The ""therapeutic instrument"" category includes tools like ""diathermy machine,"" ""microwave diathermy machine,"" ""shortwave diathermy machine,"" ""photocoagulator,"" ""dialyzer,"" ""artificial kidney,"" and ""autoinjector,"" which are used to treat various medical conditions. Additionally, ""medical instrument"" also branches into ""monitoring instrument,"" which includes tools like ""electroencephalograph,"" ""electromyograph,"" ""cardiograph,"" ""ballistocardiograph,"" ""polygraph,"" and ""lie detector,"" used to monitor and record various bodily functions.

```taxonomy
surgical instrument is the child of medical instrument
diagnostic instrument is the child of medical instrument
therapeutic instrument is the child of medical instrument
monitoring instrument is the child of medical instrument
scalpel is the child of surgical instrument
surgical knife is the child of surgical instrument
retractor is the child of surgical instrument
dilator is the child of surgical instrument
speculum is the child of surgical instrument
curette is the child of surgical instrument
snare is the child of surgical instrument
hemostat is the child of surgical instrument
trepan is the child of surgical instrument
dermatome is the child of surgical instrument
stethoscope is the child of diagnostic instrument
ophthalmoscope is the child of diagnostic instrument
otoscope is the child of diagnostic instrument
laryngoscope is the child of diagnostic instrument
rhinoscope is the child of diagnostic instrument
arthroscope is the child of diagnostic instrument
gastroscope is the child of diagnostic instrument
sigmoidoscope is the child of diagnostic instrument
colonoscope is the child of diagnostic instrument
bronchoscope is the child of diagnostic instrument
proctoscope is the child of diagnostic instrument
culdoscope is the child of diagnostic instrument
fetoscope is the child of diagnostic instrument
keratoscope is the child of diagnostic instrument
endoscope is the child of diagnostic instrument
diathermy machine is the child of therapeutic instrument
microwave diathermy machine is the child of diathermy machine
shortwave diathermy machine is the child of diathermy machine
photocoagulator is the child of therapeutic instrument
dialyzer is the child of therapeutic instrument
artificial kidney is the child of therapeutic instrument
autoinjector is the child of therapeutic instrument
electroencephalograph is the child of monitoring instrument
electromyograph is the child of monitoring instrument
cardiograph is the child of monitoring instrument
ballistocardiograph is the child of monitoring instrument
polygraph is the child of monitoring instrument
lie detector is the child of monitoring instrument
```"
33,"The taxonomy tree starts with ""adhesive material"" as the root, encompassing various substances used for bonding or sticking. Direct children of ""adhesive material"" include ""glue,"" ""cement,"" ""putty,"" ""paste,"" and ""binder,"" each representing a distinct category of adhesives. The ""glue"" category branches into more specific types like ""animal glue,"" ""casein glue,"" ""fish glue,"" and ""marine glue,"" which are derived from different sources or have specific applications. ""Animal glue"" further narrows down to ""hide glue,"" which is not explicitly listed but implied through the context of animal-derived adhesives. The ""putty"" category includes ""red-lead putty"" and ""iron putty,"" which are used for specific tasks like filling holes or sealing joints. ""Paste"" leads to ""mastic,"" a type of adhesive paste, and ""wafer,"" a thin, adhesive disc. ""Cement"" is a broad category that includes various binding agents, while ""binder"" is more general, encompassing any substance that holds things together. ""Spirit gum"" and ""birdlime"" are specialized adhesives with unique properties or uses, and ""rubber cement"" is a specific type of adhesive used for bonding rubber or other flexible materials. This structure logically organizes adhesive materials from general categories to more specific types based on their composition, application, or properties.

```taxonomy
glue is the child of adhesive material
cement is the child of adhesive material
putty is the child of adhesive material
paste is the child of adhesive material
binder is the child of adhesive material
animal glue is the child of glue
casein glue is the child of glue
fish glue is the child of glue
marine glue is the child of glue
red-lead putty is the child of putty
iron putty is the child of putty
mastic is the child of paste
wafer is the child of paste
spirit gum is the child of adhesive material
birdlime is the child of adhesive material
rubber cement is the child of cement
```"
34,"The taxonomy tree starts with ""salad"" as the root, encompassing a wide variety of dishes consisting of mixed ingredients. Direct children of ""salad"" include broad categories like ""green salad,"" ""fruit salad,"" ""tossed salad,"" ""molded salad,"" and ""combination salad,"" each representing a distinct preparation method or primary ingredient. The ""green salad"" category branches into more specific types like ""Caesar salad,"" ""tabbouleh,"" and ""salad nicoise,"" which are characterized by their unique ingredients and dressings. The ""combination salad"" category includes dishes that combine multiple main ingredients, such as ""chef's salad,"" ""Waldorf salad,"" and ""salmagundi,"" each with its own signature mix of components. Other categories like ""pasta salad,"" ""macaroni salad,"" and ""potato salad"" focus on specific starch-based ingredients, while ""coleslaw"" is a type of salad made primarily from shredded cabbage. Protein-centric salads like ""tuna fish salad,"" ""herring salad,"" ""chicken salad,"" and ""crab Louis"" are also included, highlighting the diversity of ingredients used in salads. This hierarchical structure organizes salads from general categories to more specific types based on ingredients, preparation, and composition.

```taxonomy
green salad is the child of salad
fruit salad is the child of salad
tossed salad is the child of salad
molded salad is the child of salad
combination salad is the child of salad
Caesar salad is the child of green salad
tabbouleh is the child of green salad
salad nicoise is the child of green salad
chef's salad is the child of combination salad
Waldorf salad is the child of combination salad
salmagundi is the child of combination salad
pasta salad is the child of salad
macaroni salad is the child of pasta salad
potato salad is the child of salad
coleslaw is the child of salad
tuna fish salad is the child of salad
herring salad is the child of salad
chicken salad is the child of salad
crab Louis is the child of salad
```"
35,"The taxonomy tree starts with ""success"" as the root, encompassing various concepts related to achieving a desired outcome or accomplishment. Direct children of ""success"" include ""conquest,"" ""winning,"" and ""score,"" each representing a broad category of success. The ""conquest"" category branches into ""sexual conquest,"" indicating a romantic or intimate victory, and ""coup,"" signifying a sudden, often violent, takeover. ""Cuckoldry"" is a specific type of conquest where one person's partner is unfaithful. ""Winning"" includes subcategories like ""blockbuster,"" a highly successful outcome, and ""bell ringer,"" a notable achievement. The ""score"" category is further divided into sports-related successes, such as ""goal,"" ""touchdown,"" ""field goal,"" ""basket,"" and ""point after,"" each representing a specific type of scoring achievement in various sports. ""Goal"" branches into ""own goal,"" where a team scores against themselves, and ""equalizer,"" a score that ties the game. ""Strike"" is a specific type of score in bowling or other games. ""Spare"" is another bowling-related success, where all pins are knocked down with the remaining balls. ""Run"" and its subcategories, including ""earned run,"" ""unearned run,"" and ""run batted in,"" pertain to baseball successes. ""Hat trick"" is a specific achievement in sports, where a player scores three times in a single game. ""Bull's eye"" and ""conversion"" represent successes in target-based games and achieving a desired outcome, respectively. ""Solution"" is a broad success category, encompassing finding answers or resolving problems. ""Passing"" and ""flying colors"" indicate successful completion or achievement with distinction. ""Break"" and ""sleeper"" represent unexpected or hidden successes. This hierarchical structure organizes success concepts from general to specific, based on context and achievement type.

```taxonomy
conquest is the child of success
winning is the child of success
score is the child of success
solution is the child of success
passing is the child of success
flying colors is the child of success
break is the child of success
sleeper is the child of success
sexual conquest is the child of conquest
coup is the child of conquest
cuckoldry is the child of conquest
blockbuster is the child of winning
bell ringer is the child of winning
goal is the child of score
touchdown is the child of score
field goal is the child of score
basket is the child of score
point after is the child of score
own goal is the child of goal
equalizer is the child of goal
strike is the child of score
spare is the child of score
run is the child of score
earned run is the child of run
unearned run is the child of run
run batted in is the child of run
hat trick is the child of score
bull's eye is the child of score
conversion is the child of score
```"
36,"The taxonomy tree starts with ""recorder"" as the root, encompassing various devices used for capturing and storing audio or video information. Direct children of ""recorder"" include ""tape recorder,"" ""Dictaphone,"" ""wire recorder,"" ""magnetic recorder,"" ""cassette recorder,"" ""videocassette recorder,"" and ""compact-disk burner,"" each representing a distinct type of recording technology. The ""tape recorder"" category branches into ""cassette recorder,"" which uses compact cassettes, and ""wire recorder,"" an early type using wire as the recording medium. ""Magnetic recorder"" is a broader category that includes both ""tape recorder"" and ""wire recorder,"" as well as ""multichannel recorder,"" which can capture multiple audio signals simultaneously. ""Dictaphone"" is a specific type of recorder designed for dictation purposes. ""Videocassette recorder"" is a device for recording video content, while ""compact-disk burner"" is used for recording digital data onto compact disks. ""Black box"" and ""oscillograph"" are specialized recorders used in specific contexts, such as aviation and scientific research, respectively. This hierarchical structure organizes recorders based on their recording medium, functionality, and application.

```taxonomy
tape recorder is the child of recorder
Dictaphone is the child of recorder
wire recorder is the child of magnetic recorder
magnetic recorder is the child of recorder
cassette recorder is the child of tape recorder
videocassette recorder is the child of recorder
compact-disk burner is the child of recorder
multichannel recorder is the child of magnetic recorder
black box is the child of recorder
oscillograph is the child of recorder
```"
37,"The taxonomy tree starts with ""debt"" as the root, encompassing various forms of financial obligations. Direct children of ""debt"" include ""loan,"" ""installment debt,"" ""public debt,"" and ""bad debt,"" each representing a distinct type of debt. The ""loan"" category branches into numerous subcategories, including ""bank loan,"" ""personal loan,"" ""business loan,"" ""home loan,"" ""real estate loan,"" ""automobile loan,"" ""participation loan,"" ""direct loan,"" ""call loan,"" and ""time loan,"" each specifying a particular purpose or arrangement of the loan. ""Installment debt"" includes ""installment credit,"" highlighting debts repaid in regular installments. ""Public debt"" encompasses ""national debt"" and ""national debt ceiling,"" which relate to government borrowing and the limit on such borrowing. ""Bad debt"" includes ""arrears,"" indicating debts in default or overdue. Additionally, ""loan"" has a child ""point,"" which refers to a percentage of the loan amount paid as interest or fees. This hierarchical structure organizes debt types from general to specific, based on the nature, purpose, and characteristics of the debt.

```taxonomy
loan is the child of debt
installment debt is the child of debt
public debt is the child of debt
bad debt is the child of debt
bank loan is the child of loan
personal loan is the child of loan
business loan is the child of loan
home loan is the child of loan
real estate loan is the child of loan
automobile loan is the child of loan
participation loan is the child of loan
direct loan is the child of loan
call loan is the child of loan
time loan is the child of loan
installment credit is the child of installment debt
national debt is the child of public debt
national debt ceiling is the child of public debt
arrears is the child of bad debt
point is the child of loan
```"
38,"The taxonomy tree starts with ""leukocyte"" as the root, representing white blood cells crucial for the immune system. Direct children of ""leukocyte"" include ""lymphocyte"" and ""granulocyte,"" which are broad categories of white blood cells. The ""lymphocyte"" category branches into ""B cell"" and ""T cell,"" each with further subcategories. ""B cell"" leads to ""plasmablast"" and ""plasma cell,"" which are involved in antibody production, with ""plasma cell"" being the mature form responsible for large-scale antibody secretion. ""T cell"" divides into ""helper T cell"" and ""killer T cell,"" which play roles in coordinating immune responses and directly killing infected cells, respectively. The ""granulocyte"" category includes ""basophil,"" ""eosinophil,"" and ""neutrophil,"" each characterized by distinct granules and functions. ""Granulocyte"" also leads to ""myeloblast,"" ""myelocyte,"" and ""microphage"" (more accurately known as macrophage, but following the provided term), representing stages of development and types of granulocytes. ""Monocyte"" is a type of leukocyte that matures into ""microphage"" (macrophage), and ""monoblast"" is its precursor. This hierarchical structure categorizes leukocytes based on their lineage, function, and developmental stages.

```taxonomy
lymphocyte is the child of leukocyte
granulocyte is the child of leukocyte
monocyte is the child of leukocyte
B cell is the child of lymphocyte
T cell is the child of lymphocyte
plasmablast is the child of B cell
plasma cell is the child of B cell
helper T cell is the child of T cell
killer T cell is the child of T cell
basophil is the child of granulocyte
eosinophil is the child of granulocyte
neutrophil is the child of granulocyte
myeloblast is the child of granulocyte
myelocyte is the child of granulocyte
microphage is the child of monocyte
monoblast is the parent of monocyte
```"
39,"The taxonomy tree starts with ""disk"" as the root, encompassing various flat, circular objects. Direct children of ""disk"" include ""circle,"" a geometric shape; ""token,"" a small, flat object used for a specific purpose; ""planchet,"" a flat metal piece used for minting coins; ""discus,"" a flat, circular object used in sports; and ""diaphragm,"" a flat, flexible structure used in various contexts. The ""token"" category branches into ""subway token,"" a specific type of token used for public transportation, and ""puck,"" a flat, circular object used in games like hockey. The ""disk"" category also includes ""brake disk,"" a flat, circular component used in braking systems, and ""acetate disk,"" a type of disk made from acetate material. Additionally, ""Frisbee"" is a type of disk designed for recreational throwing and catching. This hierarchical structure organizes disk-like objects based on their purpose, material, and functionality.

```taxonomy
circle is the child of disk
token is the child of disk
planchet is the child of disk
discus is the child of disk
diaphragm is the child of disk
subway token is the child of token
puck is the child of token
brake disk is the child of disk
acetate disk is the child of disk
Frisbee is the child of disk
deadeye is the child of disk
```"
40,"The taxonomy tree starts with ""mathematical space"" as the root, encompassing various concepts related to spaces and sets in mathematics. Direct children of ""mathematical space"" include ""set,"" ""group,"" ""field,"" ""vector space,"" and ""locus,"" each representing a fundamental concept in mathematics. The ""set"" category branches into ""subset,"" ""subgroup,"" ""subspace,"" and ""null set,"" which are all types of sets with specific properties. ""Subset"" further branches into ""interval,"" which can be ""open interval,"" ""closed interval,"" or ""sub-interval."" The ""group"" category includes ""Abelian group,"" which is a specific type of group with commutative properties. The ""field"" category includes ""scalar field,"" which is a field that assigns a scalar value to each point in space. The ""vector space"" category includes ""Hilbert space,"" ""Euclidean space,"" and ""metric space,"" which are all types of vector spaces with specific properties. ""Locus"" branches into ""Mandelbrot set,"" which is a specific type of locus in the complex plane. Additionally, ""origin"" is a point in a mathematical space, and ""diagonal"" is a line or curve that connects two opposite points in a space. ""Image"" is a set of points that are mapped to by a function, and ""null space"" is the set of all vectors that are mapped to the zero vector by a linear transformation. This hierarchical arrangement logically organizes mathematical spaces and sets from general to more specialized forms, based on their properties and relationships.

```taxonomy
set is the child of mathematical space
group is the child of mathematical space
field is the child of mathematical space
vector space is the child of mathematical space
locus is the child of mathematical space
subset is the child of set
subgroup is the child of group
subspace is the child of vector space
null set is the child of set
interval is the child of subset
open interval is the child of interval
closed interval is the child of interval
sub-interval is the child of interval
Abelian group is the child of group
scalar field is the child of field
Hilbert space is the child of vector space
Euclidean space is the child of vector space
metric space is the child of vector space
Mandelbrot set is the child of locus
origin is the child of mathematical space
diagonal is the child of mathematical space
image is the child of mathematical space
null space is the child of vector space
domain is the child of set
universal set is the child of set
solution is the child of set
intersection is the child of set
manifold is the child of mathematical space
```"
41,"The taxonomy tree starts with ""lien"" as the root, representing a claim or security interest in a property to secure a debt or obligation. Direct children of ""lien"" include ""mortgage,"" ""pledge,"" ""guarantee,"" and ""security interest,"" each representing a distinct type of security arrangement. The ""mortgage"" category branches into ""first mortgage,"" ""second mortgage,"" and ""chattel mortgage,"" specifying different types of mortgages based on priority and the type of property involved. ""Pledge"" includes ""pawn,"" a specific type of pledge involving personal property, and ""conditional sale,"" a type of pledge where ownership is conditional on payment. The ""lien"" category itself further divides into various specialized types, such as ""artisan's lien,"" ""warehouseman's lien,"" ""mechanic's lien,"" ""tax lien"" (which includes ""state tax lien"" and ""federal tax lien""), ""judgment lien,"" ""landlord's lien,"" and ""garageman's lien,"" each representing a lien tied to a specific profession, service, or circumstance. ""Collateral"" is also a child of the root, representing the property or asset used to secure a loan or debt, and can be seen as a broader concept that encompasses various types of liens and security interests.

```taxonomy
mortgage is the child of lien
pledge is the child of lien
guarantee is the child of lien
security interest is the child of lien
collateral is the child of lien
first mortgage is the child of mortgage
second mortgage is the child of mortgage
chattel mortgage is the child of mortgage
pawn is the child of pledge
conditional sale is the child of pledge
artisan's lien is the child of lien
warehouseman's lien is the child of lien
mechanic's lien is the child of lien
tax lien is the child of lien
state tax lien is the child of tax lien
federal tax lien is the child of tax lien
judgment lien is the child of lien
landlord's lien is the child of lien
garageman's lien is the child of lien
general lien is the child of lien
```"
42,"The taxonomy tree starts with ""legal action"" as the root, encompassing various types of actions taken within the legal system. Direct children of ""legal action"" include ""litigation,"" ""administrative hearing,"" ""bureaucratic procedure,"" and ""judicial review,"" each representing a distinct category of legal proceedings. The ""litigation"" category branches into numerous subcategories, including ""lawsuit,"" ""civil suit,"" ""criminal suit,"" ""class action,"" ""paternity suit,"" ""custody case,"" ""adoption,"" and ""bankruptcy,"" among others, each specifying a particular type of legal dispute or process. Within ""lawsuit,"" further subcategories like ""counterclaim,"" ""countersuit,"" ""intervention,"" and ""lis pendens"" detail specific aspects of lawsuit proceedings. The ""administrative hearing"" category includes ""fair hearing"" and ""competence hearing,"" focusing on due process and individual competency assessments. ""Judicial review"" encompasses ""appeal,"" ""retrial,"" and ""bill of review,"" highlighting the review processes within the judiciary. This hierarchical structure organizes legal actions from broad categories to increasingly specific types, reflecting the complexity and nuance of legal proceedings.

```taxonomy
litigation is the child of legal action
administrative hearing is the child of legal action
bureaucratic procedure is the child of legal action
judicial review is the child of legal action
lawsuit is the child of litigation
civil suit is the child of lawsuit
criminal suit is the child of lawsuit
class action is the child of lawsuit
paternity suit is the child of lawsuit
custody case is the child of lawsuit
adoption is the child of lawsuit
bankruptcy is the child of lawsuit
counterclaim is the child of lawsuit
countersuit is the child of lawsuit
intervention is the child of lawsuit
lis pendens is the child of lawsuit
fair hearing is the child of administrative hearing
competence hearing is the child of administrative hearing
appeal is the child of judicial review
retrial is the child of judicial review
bill of review is the child of judicial review
test case is the child of lawsuit
naturalization is the child of administrative hearing
ordeal is the child of litigation
objection is the child of litigation
mistrial is the child of litigation
hearing is the child of litigation
custody battle is the child of lawsuit
receivership is the child of lawsuit
moot is the child of litigation
court-martial is the child of lawsuit
quo warranto is the child of lawsuit
recusation is the child of judicial review
review is the child of judicial review
trial is the child of litigation
procedure is the child of litigation
proceeding is the child of litigation
show trial is the child of litigation
vexatious litigation is the child of litigation
antitrust case is the child of lawsuit
double jeopardy is the child of litigation
Scopes trial is the child of lawsuit
foreclosure is the child of lawsuit
```"
43,"The taxonomy tree starts with ""picture"" as the root, encompassing various forms of visual representations. Direct children of ""picture"" include broad categories like ""graphic,"" ""portrait,"" ""panorama,"" and ""iconography,"" each representing a distinct type of visual content. The ""graphic"" category branches into ""bitmap,"" a digital representation, and ""collage,"" a composite image made from multiple sources. ""Collage"" further leads to ""photomontage,"" a specific technique using photographs. The ""portrait"" category includes ""self-portrait,"" ""half-length,"" and ""likeness,"" each specifying a particular type of representation. ""Iconography"" is a study of images and their meanings, while ""panorama"" represents a wide-angle view. Other subcategories include ""chiaroscuro,"" a technique emphasizing contrasts; ""grisaille,"" a monochrome painting; ""Identikit,"" a composite image used for identification; ""inset,"" a smaller image within a larger one; ""reflection,"" an image showing a reflected view; ""scan,"" a digital image created by scanning; ""slide,"" a transparent image for projection; ""sonogram,"" an image created using sound waves; and ""viewgraph,"" a transparent image for overhead projection. This hierarchical structure organizes pictures from general types to more specific techniques, applications, and forms.

```taxonomy
graphic is the child of picture
portrait is the child of picture
panorama is the child of picture
iconography is the child of picture
bitmap is the child of graphic
collage is the child of graphic
photomontage is the child of collage
self-portrait is the child of portrait
half-length is the child of portrait
likeness is the child of portrait
chiaroscuro is the child of picture
grisaille is the child of picture
Identikit is the child of picture
inset is the child of picture
reflection is the child of picture
scan is the child of picture
slide is the child of picture
sonogram is the child of picture
viewgraph is the child of picture
foil is the child of picture
```"
44,"The taxonomy tree starts with ""flap"" as the root, encompassing various types of folds, extensions, or coverings that serve different purposes. Direct children of ""flap"" include ""lap,"" ""cuff,"" ""earflap,"" ""revers,"" ""lapel,"" and ""pocket flap,"" each representing a distinct type of flap found in clothing, architecture, or other contexts. The ""lap"" category branches into ""lappet,"" a decorative fold, and ""coattail,"" a part of a coat that extends behind the wearer. ""Cuff"" further divides into ""trouser cuff,"" a specific type of cuff found on trousers. ""Earflap"" is a type of flap found on hats or headgear, designed to cover the ears. ""Revers"" refers to a turned-back flap, often found on clothing or uniforms. ""Lapel"" is a flap found on the front of a garment, typically on a coat or jacket. ""Pocket flap"" is a flap that covers a pocket, providing additional security or protection. Other specialized flaps include ""codpiece,"" a flap or covering for the groin area, historically found in men's clothing; ""barndoor,"" a type of flap or door found on a barn; ""tent-fly,"" a flap or covering for a tent; ""tongue,"" a flap or extension that serves as a fastening or closure; and ""jag,"" a decorative or functional flap found on clothing or textiles. This hierarchical structure categorizes flaps based on their location, function, and design.

```taxonomy
lap is the child of flap
cuff is the child of flap
earflap is the child of flap
revers is the child of flap
lapel is the child of flap
pocket flap is the child of flap
lappet is the child of lap
coattail is the child of lap
trouser cuff is the child of cuff
codpiece is the child of flap
barndoor is the child of flap
tent-fly is the child of flap
tongue is the child of flap
jag is the child of flap
```"
45,"The taxonomy tree starts with ""bedclothes"" as the root, encompassing various items used for covering and comfort on a bed. Direct children of ""bedclothes"" include ""bedspread,"" ""blanket,"" and ""quilt,"" each representing a distinct category of bed coverings. The ""blanket"" category branches into ""electric blanket,"" a modern, heated version; ""security blanket,"" often associated with emotional comfort; and ""mackinaw,"" a type of woolen blanket. The ""quilt"" category includes ""patchwork,"" a decorative style made from pieced fabric; ""crazy quilt,"" a specific type of patchwork with irregular shapes; and ""quilted bedspread,"" which combines quilting with bedspread functionality. ""Bedspread"" further branches into ""coverlet,"" a lightweight, decorative covering; ""afghan,"" a type of blanket or throw often used as a bedspread; and ""throw,"" a small, decorative blanket. Additionally, ""bedclothes"" includes ""manta,"" a type of blanket or bed covering; ""eiderdown,"" a type of quilted bed covering filled with down; and ""bedroll,"" a compact, portable bed covering. This hierarchical structure organizes bedclothes from general categories to more specific types, based on functionality, design, and materials.

```taxonomy
bedspread is the child of bedclothes
blanket is the child of bedclothes
quilt is the child of bedclothes
manta is the child of bedclothes
eiderdown is the child of bedclothes
bedroll is the child of bedclothes
electric blanket is the child of blanket
security blanket is the child of blanket
mackinaw is the child of blanket
patchwork is the child of quilt
crazy quilt is the child of patchwork
quilted bedspread is the child of quilt
coverlet is the child of bedspread
afghan is the child of bedspread
throw is the child of bedspread
mattress cover is the child of bedclothes
```"
46,"The taxonomy tree starts with ""football play"" as the root, encompassing various strategic actions in a football game. Direct children of ""football play"" include ""run,"" ""pass,"" ""rush,"" and ""return,"" which represent the main categories of plays. The ""run"" category branches into ""handoff,"" a play where the ball is handed to a teammate, and ""draw,"" a fake pass play that turns into a run. ""End run"" is a specific type of run where the player runs to the outside. The ""pass"" category includes ""forward pass,"" ""lateral pass,"" ""screen pass,"" ""flare pass,"" and ""spot pass,"" each describing a different type of throwing play. ""Forward pass"" further branches into ""touchback,"" a play where the ball is passed into the end zone, resulting in a touchback. The ""rush"" category includes ""tackle,"" a defensive play where a player is tackled to the ground. The ""return"" category is a play where the ball is returned after a score or a punt. ""Power play"" is a play that involves a strong, aggressive action, and ""audible"" is a play that is changed at the line of scrimmage. ""Double reverse"" is a play that involves a reverse handoff, and ""reverse"" is a play where the ball is handed to a player running in the opposite direction.

```taxonomy
run is the child of football play
pass is the child of football play
rush is the child of football play
return is the child of football play
handoff is the child of run
draw is the child of run
end run is the child of run
forward pass is the child of pass
lateral pass is the child of pass
screen pass is the child of pass
flare pass is the child of pass
spot pass is the child of pass
touchback is the child of forward pass
tackle is the child of rush
power play is the child of football play
audible is the child of football play
double reverse is the child of football play
reverse is the child of football play
```"
47,"The taxonomy tree starts with ""fancier"" as the root, representing individuals who have a strong interest or enthusiasm for something. Direct children of ""fancier"" include ""animal fancier,"" ""technophile,"" and ""hero worshiper,"" each denoting a specific area of interest. The ""animal fancier"" category branches into more specialized types, such as ""cat fancier,"" ""bird fancier,"" and ""horseman,"" indicating a strong affinity for specific animals. The ""technophile"" remains a distinct category, representing those with a passion for technology. The ""hero worshiper"" category includes ""worshiper"" and ""admirer,"" both of which convey a sense of reverence or admiration, with ""admirer"" further branching into ""suitor,"" indicating a romantic interest, and ""prince charming,"" a specific archetype of an idealized suitor. Lastly, ""maniac"" is a child of ""fancier,"" suggesting an extreme or obsessive enthusiasm. This structure categorizes individuals based on the focus and intensity of their interests.

```taxonomy
animal fancier is the child of fancier
technophile is the child of fancier
hero worshiper is the child of fancier
maniac is the child of fancier
cat fancier is the child of animal fancier
bird fancier is the child of animal fancier
horseman is the child of animal fancier
worshiper is the child of hero worshiper
admirer is the child of hero worshiper
suitor is the child of admirer
prince charming is the child of admirer
```"
48,"The taxonomy tree starts with ""energy"" as the root, encompassing various concepts related to dynamism, enthusiasm, and lively qualities. Direct children of ""energy"" include ""vitality,"" ""exuberance,"" ""vivacity,"" ""liveliness,"" and ""high-spiritedness,"" each representing a distinct aspect of energetic qualities. The ""vitality"" category branches into ""mettlesomeness,"" indicating a strong and courageous energy, and ""irrepressibility,"" suggesting an unstoppable or uncontainable energy. ""Exuberance"" further divides into ""pep,"" a lively and enthusiastic quality, and ""sparkle,"" implying a bright and lively appearance or atmosphere. ""Vivacity"" includes subcategories like ""elan,"" a refined and elegant energy, and ""airiness,"" suggesting a light and carefree quality. ""Liveliness"" branches into ""breeziness,"" a casual and effortless energy, and ""pertness,"" indicating a lively and slightly cheeky quality. ""High-spiritedness"" includes ""alacrity,"" a brisk and cheerful readiness, and ""lyricism,"" suggesting a poetic or musical quality. ""Esprit"" and ""madness"" are also children of ""energy,"" representing a lively and spirited quality and an intense or wild energy, respectively. This hierarchical structure categorizes energetic concepts from broad to more specific and nuanced forms, based on their characteristics and connotations.

```taxonomy
vitality is the child of energy
exuberance is the child of energy
vivacity is the child of energy
liveliness is the child of energy
high-spiritedness is the child of energy
esprit is the child of energy
madness is the child of energy
mettlesomeness is the child of vitality
irrepressibility is the child of vitality
pep is the child of exuberance
sparkle is the child of exuberance
elan is the child of vivacity
airiness is the child of vivacity
breeziness is the child of liveliness
pertness is the child of liveliness
alacrity is the child of high-spiritedness
lyricism is the child of high-spiritedness
```"
49,"The taxonomy tree starts with ""club"" as the root, encompassing various types of blunt instruments used for striking or hitting. Direct children of ""club"" include ""bat,"" ""cudgel,"" ""paddle,"" and ""truncheon,"" each representing a distinct category of clubs. The ""bat"" category branches into ""baseball bat,"" a specific type used in the sport of baseball, and ""table-tennis racquet,"" which, despite its name, is a type of bat used in table tennis. The ""cudgel"" category includes ""bludgeon,"" a heavy club used for striking, and ""shillelagh,"" a traditional Irish club. The ""paddle"" category is more specific to flat, broad clubs, often used in sports or for propulsion. The ""truncheon"" category includes ""lathi,"" a type of club used by police in India, and ""knobkerrie,"" a club with a knobbed end, traditionally used in Africa. Additionally, ""club"" branches into ""blackjack,"" a small, handheld club, and ""Indian club,"" a type of club used for exercise and martial arts. The ""bastinado"" is a specific type of club used for punishment, and it is also a child of ""club."" This hierarchical structure organizes clubs based on their design, use, and cultural context.

```taxonomy
bat is the child of club
cudgel is the child of club
paddle is the child of club
truncheon is the child of club
blackjack is the child of club
Indian club is the child of club
bastinado is the child of club
baseball bat is the child of bat
table-tennis racquet is the child of bat
bludgeon is the child of cudgel
shillelagh is the child of cudgel
lathi is the child of truncheon
knobkerrie is the child of truncheon
```"
50,"The taxonomy tree starts with ""deal"" as the root, encompassing various concepts related to agreements, allocations, or distributions. Direct children of ""deal"" include ""grant,"" ""allotment,"" ""rationing,"" and ""award,"" each representing a distinct type of allocation or provision. The ""grant"" category branches into more specific forms like ""block grant,"" a type of funding allocation, and ""grant-in-aid,"" which involves financial assistance. ""Allotment"" further specifies into ""parcel,"" indicating a portion or share, and ""reallotment,"" which involves reassigning or redistributing resources. The ""rationing"" category pertains to controlled distribution, often in times of scarcity. ""Award"" represents recognition or provision of something, often in a competitive context. Additionally, ""deal"" has a child ""new deal,"" which historically refers to a package of economic and social reforms, and ""reshuffle,"" which involves reorganizing or redistributing resources, often in a political or administrative context. ""Addiction"" is not directly related to the other concepts and could be considered a separate root, but in this context, it is placed under ""deal"" as it can be seen as a type of ""deal"" with oneself or a substance. However, this placement is not ideal and might be reconsidered in a more nuanced taxonomy.

```taxonomy
grant is the child of deal
allotment is the child of deal
rationing is the child of deal
award is the child of deal
new deal is the child of deal
reshuffle is the child of deal
addiction is the child of deal
block grant is the child of grant
grant-in-aid is the child of grant
parcel is the child of allotment
reallotment is the child of allotment
```"
51,"The taxonomy tree starts with ""handicraft"" as the root, encompassing various manual skills and crafts. Direct children of ""handicraft"" include ""needlework,"" ""arts and crafts,"" ""bookbinding,"" and ""textile crafts,"" each representing a broad category of manual skills. The ""needlework"" category branches into more specific techniques like ""sewing,"" ""embroidery"" is not present but ""blind stitching"" is, indicating a specific sewing method, and ""suturing,"" which is a medical application of sewing. ""Textile crafts"" is not explicitly listed but implied through its children, including ""knitting,"" ""crocheting,"" ""weaving,"" ""netting,"" and ""lace making,"" each representing a distinct method of creating fabric or textiles. ""Spinning"" is also a child of ""textile crafts,"" as it is a fundamental step in creating yarn for these crafts. This hierarchical structure organizes handicrafts from general categories to more specialized skills, highlighting the diversity of manual crafts.

```taxonomy
needlework is the child of handicraft
arts and crafts is the child of handicraft
bookbinding is the child of handicraft
sewing is the child of needlework
blind stitching is the child of sewing
suturing is the child of sewing
knitting is the child of handicraft
crocheting is the child of handicraft
weaving is the child of handicraft
netting is the child of handicraft
lace making is the child of handicraft
spinning is the child of handicraft
```"
52,"The taxonomy tree starts with ""culture"" as the root, encompassing various aspects of societal expression and trends. Direct children of ""culture"" include ""mass culture,"" which pertains to widespread cultural phenomena, and ""counterculture,"" representing movements that oppose mainstream culture. Under ""mass culture,"" we find ""fashion,"" which is a broad category for styles and trends in clothing and aesthetics. ""Fashion"" branches into several subcategories, including ""haute couture,"" which refers to high-end, custom-made clothing; ""vogue,"" indicating current or popular styles; and ""New Look,"" a specific fashion movement. ""Fashion"" also leads to ""retro,"" which involves revivals of past styles, and ""cut,"" which can refer to specific styles or techniques in fashion. Additionally, ""fashion"" is related to ""taste,"" which encompasses personal preferences and sensibilities, and ""delicacy,"" which can refer to refined or subtle aspects of fashion. ""Cult of personality"" is a subcategory of ""culture,"" highlighting the phenomenon of excessive admiration for a person. ""Bandwagon"" and ""fad"" are related concepts under ""culture,"" representing temporary or fleeting trends. ""Flower power"" is a specific countercultural movement, and ""virtu"" refers to a refined or cultured appreciation for art and beauty. ""Letters"" is a distinct category under ""culture,"" representing literary or intellectual pursuits.

```taxonomy
mass culture is the child of culture
counterculture is the child of culture
cult of personality is the child of culture
bandwagon is the child of culture
fad is the child of culture
letters is the child of culture
fashion is the child of mass culture
haute couture is the child of fashion
vogue is the child of fashion
New Look is the child of fashion
retro is the child of fashion
cut is the child of fashion
taste is the child of fashion
delicacy is the child of fashion
flower power is the child of counterculture
virtu is the child of culture
```"
53,"The taxonomy tree starts with ""statistic"" as the root, encompassing various measures and analyses used in statistics. Direct children of ""statistic"" include ""mean,"" ""deviation,"" ""moment,"" ""correlation coefficient,"" ""nonparametric statistic,"" ""parametric statistic,"" ""demographic,"" and ""vital statistics,"" each representing a broad category of statistical concepts. The ""mean"" category branches into more specific types like ""arithmetic mean,"" ""geometric mean,"" ""harmonic mean,"" and ""average,"" which are different methods for calculating central tendency. The ""deviation"" category includes ""mean deviation,"" ""standard deviation,"" and ""variance,"" which measure dispersion from the mean. The ""moment"" category includes ""second moment,"" which is related to variance. The ""correlation coefficient"" category is extensive, including ""product-moment correlation coefficient,"" ""Kendall partial rank correlation,"" ""rank-order correlation coefficient,"" ""tau coefficient of correlation,"" ""tetrachoric correlation coefficient,"" ""biserial correlation coefficient,"" ""phi coefficient,"" and ""split-half correlation,"" each measuring different aspects of relationship between variables. Additionally, ""correlation coefficient"" leads to ""multiple correlation coefficient,"" which involves multiple variables. The ""nonparametric statistic"" category includes ""Kendall test,"" which is used for ordinal data. Other categories like ""mode,"" ""median,"" ""outlier,"" ""covariance,"" and ""regression coefficient"" represent distinct statistical concepts. This hierarchical structure organizes statistical concepts from broad categories to more specific measures and analyses.

```taxonomy
mean is the child of statistic
deviation is the child of statistic
moment is the child of statistic
correlation coefficient is the child of statistic
nonparametric statistic is the child of statistic
parametric statistic is the child of statistic
demographic is the child of statistic
vital statistics is the child of statistic
arithmetic mean is the child of mean
geometric mean is the child of mean
harmonic mean is the child of mean
average is the child of mean
mean deviation is the child of deviation
standard deviation is the child of deviation
variance is the child of deviation
second moment is the child of moment
product-moment correlation coefficient is the child of correlation coefficient
Kendall partial rank correlation is the child of correlation coefficient
rank-order correlation coefficient is the child of correlation coefficient
tau coefficient of correlation is the child of correlation coefficient
tetrachoric correlation coefficient is the child of correlation coefficient
biserial correlation coefficient is the child of correlation coefficient
phi coefficient is the child of correlation coefficient
split-half correlation is the child of correlation coefficient
multiple correlation coefficient is the child of correlation coefficient
Kendall test is the child of nonparametric statistic
mode is the child of statistic
median is the child of statistic
outlier is the child of statistic
covariance is the child of statistic
regression coefficient is the child of statistic
age norm is the child of demographic
coefficient of concordance is the child of statistic
time series is the child of statistic
```"
54,"The taxonomy tree starts with ""connection"" as the root, representing various forms of relationships or associations between entities. Direct children of ""connection"" include ""link,"" ""linkage,"" ""bridge,"" ""series,"" ""concatenation,"" and ""alliance,"" each signifying a distinct type of connection. The ""link"" category branches into ""relevance,"" ""germaneness,"" ""applicability,"" and ""materiality,"" which all pertain to the significance or pertinence of a connection. ""Relevance"" further specifies into ""bearing,"" indicating a direct relationship, and ""implication,"" suggesting a logical consequence. ""Linkage"" leads to ""relatedness,"" emphasizing the nature of the connection, and ""inclusion,"" which denotes a part-whole relationship. ""Series"" and ""concatenation"" both relate to sequences or chains of connections, with ""concatenation"" specifically implying a linking of things in a series. ""Alliance"" represents a connection based on cooperation or mutual interest. ""Bridge"" is a metaphorical connection between two things, and ""silver cord"" is a poetic or symbolic connection. ""Point"" and ""involvement"" are more abstract connections, with ""point"" indicating a specific aspect or detail, and ""involvement"" suggesting participation or engagement. ""Cogency"" and ""communication"" are connections based on logical coherence and exchange of information, respectively. This taxonomy organizes connections from general to specific, based on their nature, significance, and form.

```taxonomy
link is the child of connection
linkage is the child of connection
bridge is the child of connection
series is the child of connection
concatenation is the child of connection
alliance is the child of connection
relevance is the child of link
germaneness is the child of link
applicability is the child of link
materiality is the child of link
bearing is the child of relevance
implication is the child of relevance
relatedness is the child of linkage
inclusion is the child of linkage
point is the child of connection
involvement is the child of connection
cogency is the child of connection
communication is the child of connection
silver cord is the child of bridge
```"
55,"The taxonomy tree starts with ""metric unit"" as the root, encompassing various units of measurement within the metric system. Direct children of ""metric unit"" include ""metric linear unit,"" ""metric capacity unit,"" and ""metric weight unit,"" each representing a distinct category of measurement. 

Under ""metric linear unit,"" we find units of length such as ""meter,"" ""kilometer,"" ""centimeter,"" ""millimeter,"" ""micron,"" ""nanometer,"" ""picometer,"" ""femtometer,"" ""angstrom,"" ""decameter,"" ""hectometer,"" ""myriameter,"" and ""decimeter,"" which are organized by their size and application.

The ""metric capacity unit"" category includes units of volume like ""liter,"" ""kiloliter,"" ""hectoliter,"" ""dekaliter,"" ""deciliter,"" ""centiliter,"" ""milliliter,"" and ""cubic millimeter,"" as well as ""cubic kilometer,"" which represents a much larger volume.

The ""metric weight unit"" branch encompasses units of mass, including ""gram,"" ""kilogram,"" ""metric ton,"" ""centner,"" ""quintal,"" ""hundredweight,"" ""dekagram,"" ""hectogram,"" ""decigram,"" ""gram atom,"" ""gram molecule,"" ""milligram,"" ""microgram,"" ""nanogram,"" ""carat,"" and ""grain,"" which are organized by their size and application.

This hierarchical structure logically organizes metric units from broad categories to increasingly specialized units based on their type and size.

```taxonomy
metric linear unit is the child of metric unit
metric capacity unit is the child of metric unit
metric weight unit is the child of metric unit
meter is the child of metric linear unit
kilometer is the child of metric linear unit
centimeter is the child of metric linear unit
millimeter is the child of metric linear unit
micron is the child of metric linear unit
nanometer is the child of metric linear unit
picometer is the child of metric linear unit
femtometer is the child of metric linear unit
angstrom is the child of metric linear unit
decameter is the child of metric linear unit
hectometer is the child of metric linear unit
myriameter is the child of metric linear unit
decimeter is the child of metric linear unit
liter is the child of metric capacity unit
kiloliter is the child of metric capacity unit
hectoliter is the child of metric capacity unit
dekaliter is the child of metric capacity unit
deciliter is the child of metric capacity unit
centiliter is the child of metric capacity unit
milliliter is the child of metric capacity unit
cubic millimeter is the child of metric capacity unit
cubic kilometer is the child of metric capacity unit
gram is the child of metric weight unit
kilogram is the child of metric weight unit
metric ton is the child of metric weight unit
centner is the child of metric weight unit
quintal is the child of metric weight unit
hundredweight is the child of metric weight unit
dekagram is the child of metric weight unit
hectogram is the child of metric weight unit
decigram is the child of metric weight unit
gram atom is the child of metric weight unit
gram molecule is the child of metric weight unit
milligram is the child of metric weight unit
microgram is the child of metric weight unit
nanogram is the child of metric weight unit
carat is the child of metric weight unit
grain is the child of metric weight unit
```"
56,"The taxonomy tree starts with ""priest"" as the root, encompassing various roles associated with spiritual, mystical, or religious practices. Direct children of ""priest"" include ""lama,"" ""shaman,"" ""magus,"" ""Druid,"" ""flamen,"" and ""votary,"" each representing a distinct type of spiritual practitioner. The ""lama"" category branches into ""Dalai Lama"" and ""Panchen Lama,"" indicating high-ranking spiritual leaders in Tibetan Buddhism. The ""shaman"" category includes ""medicine man,"" ""rainmaker,"" and ""hoodoo,"" which are specific types of shamans with expertise in healing, weather control, and mystical practices, respectively. The ""magus"" category is associated with mystical and magical practices, while ""Druid"" and ""flamen"" represent ancient spiritual practitioners from Celtic and Roman traditions, respectively. ""Votary"" is a devotee or follower of a particular deity or cult, and can include ""bacchant"" and ""bacchante,"" which are male and female followers of Dionysus. ""Vestal virgin"" is a specific type of votary dedicated to the Roman goddess Vesta. ""Rhea Silvia"" and ""Ezra"" are not directly related to the other concepts, but can be considered as examples of individuals who held spiritual or priestly roles in their respective mythological and historical contexts.

```taxonomy
lama is the child of priest
shaman is the child of priest
magus is the child of priest
Druid is the child of priest
flamen is the child of priest
votary is the child of priest
Dalai Lama is the child of lama
Panchen Lama is the child of lama
medicine man is the child of shaman
rainmaker is the child of shaman
hoodoo is the child of shaman
bacchant is the child of votary
bacchante is the child of votary
vestal virgin is the child of votary
```"
57,"The taxonomy tree starts with ""self-denial"" as the root, encompassing various practices of restraint or renunciation. Direct children of ""self-denial"" include ""abstinence,"" ""asceticism,"" and ""mortification,"" each representing a distinct approach to self-restraint. The ""abstinence"" category pertains to the act of refraining from certain behaviors or substances, leading to subcategories like ""sobriety,"" indicating abstinence from intoxicating substances, and ""teetotaling,"" a specific form of sobriety that involves complete avoidance of alcohol. ""Asceticism"" branches into ""fast,"" which involves abstaining from food or drink, and ""mortification"" further specifies practices that involve self-inflicted discomfort or pain for spiritual or disciplinary purposes. ""Fast"" includes specific types like ""sawm,"" a fasting practice during Ramadan, and ""hunger strike,"" a form of protest or activism through fasting. ""Chastity"" and ""inhibition"" are also forms of self-denial, focusing on restraint in sexual and behavioral aspects, respectively. This hierarchical structure organizes self-denial practices from broad categories to more specific forms, based on the nature and purpose of the restraint.

```taxonomy
abstinence is the child of self-denial
asceticism is the child of self-denial
mortification is the child of self-denial
sobriety is the child of abstinence
teetotaling is the child of sobriety
fast is the child of asceticism
sawm is the child of fast
hunger strike is the child of fast
Ramadan is the child of sawm
chastity is the child of self-denial
inhibition is the child of self-denial
diet is the child of abstinence
```"
58,"The taxonomy tree starts with ""robbery"" as the root, encompassing various forms of theft and unauthorized taking of property. Direct children of ""robbery"" include ""larceny,"" ""piracy,"" ""highway robbery,"" and ""plunderage,"" each representing a distinct category of theft. The ""larceny"" category branches into more specific types, such as ""petit larceny"" for smaller-scale thefts, ""grand larceny"" for more significant thefts, and ""pilferage"" for the act of stealing small amounts or items. ""Larceny"" also includes ""shoplifting,"" ""skimming,"" and ""embezzlement,"" which involve theft in specific contexts like retail, financial transactions, and entrusted funds. ""Piracy"" encompasses ""biopiracy,"" which involves the unauthorized use of biological resources, and ""highjacking,"" which involves the takeover of vehicles or cargo. ""Highway robbery"" leads to ""armed robbery,"" indicating the use of force or threat, and ""dacoity,"" a type of organized robbery. ""Plunderage"" includes ""raid,"" ""caper,"" and ""heist,"" which represent various forms of organized or daring thefts. ""Breach of trust with fraudulent intent"" and ""rustling"" are also forms of robbery, with the former involving a betrayal of trust and the latter specifically referring to the theft of livestock. This hierarchical structure categorizes robbery types based on the nature of the theft, the context in which it occurs, and the level of force or organization involved.

```taxonomy
larceny is the child of robbery
piracy is the child of robbery
highway robbery is the child of robbery
plunderage is the child of robbery
petit larceny is the child of larceny
grand larceny is the child of larceny
pilferage is the child of larceny
shoplifting is the child of larceny
skimming is the child of larceny
embezzlement is the child of larceny
biopiracy is the child of piracy
highjacking is the child of piracy
armed robbery is the child of highway robbery
dacoity is the child of highway robbery
raid is the child of plunderage
caper is the child of plunderage
heist is the child of plunderage
breach of trust with fraudulent intent is the child of robbery
rustling is the child of robbery
rolling is the child of robbery
```"
59,"The taxonomy tree starts with ""litigant"" as the root, encompassing all parties involved in a lawsuit. Direct children of ""litigant"" include ""plaintiff,"" ""defendant,"" and ""respondent,"" each representing a distinct role in a legal proceeding. The ""plaintiff"" category includes ""filer,"" who initiates the lawsuit, and ""suer,"" a more general term for the party bringing the action. The ""defendant"" category branches into ""accused,"" indicating the party against whom charges are brought, and ""codefendant,"" specifying a situation where two or more parties are jointly charged. The ""respondent"" category includes ""corespondent,"" a party responding to a lawsuit alongside another, and ""appellant,"" the party appealing a decision. Additionally, ""prevailing party"" is a child of ""litigant,"" indicating the party that wins the lawsuit, which can be either the plaintiff or the defendant. This hierarchical structure logically organizes the roles of parties involved in a lawsuit, from general to more specific positions.

```taxonomy
plaintiff is the child of litigant
defendant is the child of litigant
respondent is the child of litigant
prevailing party is the child of litigant
filer is the child of plaintiff
suer is the child of plaintiff
accused is the child of defendant
codefendant is the child of defendant
corespondent is the child of respondent
appellant is the child of respondent
```"
60,"The taxonomy tree starts with ""compassion"" as the root, encompassing various forms of emotional responses and attitudes that involve concern and care for others. Direct children of ""compassion"" include ""sympathy,"" ""empathy,"" ""forgiveness,"" ""tenderness,"" and ""mercifulness,"" each representing a distinct aspect of compassionate behavior. The ""sympathy"" category branches into ""commiseration,"" which involves sharing feelings of sorrow or disappointment, and ""solicitude,"" indicating a deep concern for someone's well-being. ""Empathy"" further divides into ""compatibility,"" suggesting an ability to understand and connect with others, and ""mellowness,"" implying a softening of one's emotional stance. ""Tenderness"" includes ""kindheartedness,"" ""softheartedness,"" and ""heartstrings,"" which all convey a sense of gentle and caring feelings. ""Mercifulness"" is closely related to ""forgiveness,"" highlighting the act of showing mercy and pardon. This hierarchical structure categorizes compassionate behaviors from broad concepts to more nuanced and specific expressions of emotional support and understanding.

```taxonomy
sympathy is the child of compassion
empathy is the child of compassion
forgiveness is the child of compassion
tenderness is the child of compassion
mercifulness is the child of compassion
commiseration is the child of sympathy
solicitude is the child of sympathy
compatibility is the child of empathy
mellowness is the child of empathy
kindheartedness is the child of tenderness
softheartedness is the child of tenderness
heartstrings is the child of tenderness
concern is the child of compassion
```"
61,"The taxonomy tree starts with ""rider"" as the root, encompassing individuals who operate or control various vehicles or animals. Direct children of ""rider"" include ""cyclist,"" ""horseman,"" and ""hang glider,"" each representing a distinct mode of transportation or activity. The ""cyclist"" category branches into ""unicyclist,"" a specialized form of cycling, and ""pedaler,"" focusing on the action of pedaling. Notable cyclists like ""Merckx"" and ""Hinault"" are included as specific instances within this category. The ""horseman"" category includes subcategories like ""jockey,"" who rides horses for racing, ""postilion,"" who rides a horse-drawn carriage, ""horsewoman,"" indicating a female horse rider, ""fox hunter,"" who participates in fox hunting on horseback, and ""roughrider,"" often associated with rodeos or rough handling of horses. ""Picador"" and ""buster"" are also included under ""horseman,"" as they involve specific roles or actions related to horse riding. This hierarchical structure organizes riders based on the mode of transportation or activity, with further specialization based on the specific role or notable individuals.

```taxonomy
cyclist is the child of rider
horseman is the child of rider
hang glider is the child of rider
unicyclist is the child of cyclist
pedaler is the child of cyclist
Merckx is the child of cyclist
Hinault is the child of cyclist
jockey is the child of horseman
postilion is the child of horseman
horsewoman is the child of horseman
fox hunter is the child of horseman
roughrider is the child of horseman
picador is the child of horseman
buster is the child of horseman
```"
62,"The taxonomy tree starts with ""cruciferous vegetable"" as the root, encompassing a broad category of vegetables belonging to the Brassica family. Direct children of ""cruciferous vegetable"" include ""cabbage,"" ""broccoli,"" ""kale,"" ""radish,"" ""turnip,"" and ""mustard,"" each representing a distinct group within this family. The ""cabbage"" category branches into more specific types like ""head cabbage,"" ""red cabbage,"" ""savoy cabbage,"" and ""Chinese cabbage,"" which differ in appearance and flavor. ""Broccoli"" leads to ""broccoli rabe,"" a variant with smaller florets and a stronger flavor. ""Kale"" is closely related to ""collards,"" which are essentially a type of kale. ""Turnip"" includes ""rutabaga,"" a cross between a turnip and a cabbage, and ""white turnip,"" a specific variety. ""Radish"" stands alone as a distinct group. ""Mustard"" is related to ""bok choy,"" which, while not a true mustard, shares some characteristics. ""Brussels sprouts"" and ""cauliflower"" are also part of this family, each with unique growth habits and flavors. ""Kohlrabi"" is a less common cruciferous vegetable that rounds out this classification. This structure organizes cruciferous vegetables from broad categories to more specific types based on botanical relationships and culinary uses.

```taxonomy
cabbage is the child of cruciferous vegetable
broccoli is the child of cruciferous vegetable
kale is the child of cruciferous vegetable
radish is the child of cruciferous vegetable
turnip is the child of cruciferous vegetable
mustard is the child of cruciferous vegetable
head cabbage is the child of cabbage
red cabbage is the child of cabbage
savoy cabbage is the child of cabbage
Chinese cabbage is the child of cabbage
broccoli rabe is the child of broccoli
collards is the child of kale
rutabaga is the child of turnip
white turnip is the child of turnip
Brussels sprouts is the child of cruciferous vegetable
cauliflower is the child of cruciferous vegetable
kohlrabi is the child of cruciferous vegetable
bok choy is the child of mustard
```"
63,"The taxonomy tree starts with ""procellariiform seabird"" as the root, encompassing a group of seabirds that are characterized by their adaptations to marine environments. Direct children of ""procellariiform seabird"" include ""albatross,"" ""petrel,"" and ""shearwater,"" each representing a distinct family within this order. The ""albatross"" category branches into ""wandering albatross"" and ""black-footed albatross,"" which are specific species within this family. The ""petrel"" category is further divided into ""giant petrel,"" ""fulmar,"" ""stormy petrel,"" ""storm petrel,"" ""white-chinned petrel,"" and ""diving petrel,"" each representing different species or subspecies within the petrel family. Additionally, ""Mother Carey's chicken"" is another name for the storm petrel, indicating a synonym rather than a distinct species. The ""shearwater"" category includes ""Manx shearwater,"" a specific species within this family. This hierarchical arrangement logically classifies procellariiform seabirds from general to more specific families and species, based on their characteristics and relationships.

```taxonomy
albatross is the child of procellariiform seabird
petrel is the child of procellariiform seabird
shearwater is the child of procellariiform seabird
wandering albatross is the child of albatross
black-footed albatross is the child of albatross
giant petrel is the child of petrel
fulmar is the child of petrel
stormy petrel is the child of petrel
storm petrel is the child of petrel
white-chinned petrel is the child of petrel
diving petrel is the child of petrel
Manx shearwater is the child of shearwater
Mother Carey's chicken is the child of storm petrel
```"
64,"The taxonomy tree starts with ""musical time"" as the root, encompassing various concepts related to the duration and organization of music. Direct children of ""musical time"" include ""tempo,"" ""rhythm,"" and ""time signature"" categories. The ""tempo"" category branches into specific pace indications like ""allegro,"" ""allegretto,"" ""andante,"" and ""meno mosso,"" each describing a different speed. ""Allegro"" further specifies to ""allegro con spirito,"" indicating a lively and spirited fast tempo. The ""rhythm"" category includes concepts like ""syncopation,"" which involves emphasizing off-beat rhythms, and ""rubato,"" which allows for flexible tempo adjustments. Under ""time signature,"" we find ""common time,"" ""triple time,"" and ""duple time,"" representing different rhythmic patterns. ""Common time"" is further divided into ""downbeat"" and ""upbeat,"" specifying the strong and weak beats within a measure. ""Backbeat"" is a specific type of rhythmic accentuation, often found in popular music. ""Accelerando"" and ""in time"" relate to tempo changes and maintaining a steady tempo, respectively. This structure logically organizes musical time concepts from broad categories to specific tempo markings, rhythmic patterns, and time signatures.

```taxonomy
tempo is the child of musical time
rhythm is the child of musical time
time signature is the child of musical time
allegro is the child of tempo
allegretto is the child of tempo
andante is the child of tempo
meno mosso is the child of tempo
allegro con spirito is the child of allegro
syncopation is the child of rhythm
rubato is the child of rhythm
common time is the child of time signature
triple time is the child of time signature
duple time is the child of time signature
downbeat is the child of common time
upbeat is the child of common time
backbeat is the child of rhythm
accelerando is the child of tempo
in time is the child of tempo
```"
65,"The taxonomy tree starts with ""hominid"" as the root, encompassing a broad group of bipedal primates that include modern humans and their extinct relatives. Direct children of ""hominid"" include ""australopithecine,"" ""dryopithecine,"" and ""homo,"" each representing distinct subgroups within the hominid family. The ""australopithecine"" category branches into specific species like ""Australopithecus africanus,"" ""Australopithecus robustus,"" ""Australopithecus boisei,"" and ""Australopithecus afarensis,"" which are characterized by their bipedalism and primitive traits. Notably, ""Lucy"" is a famous specimen of ""Australopithecus afarensis."" The ""dryopithecine"" subgroup includes ""Sivapithecus"" and ""Rudapithecus,"" which are more ancient and less human-like. The ""homo"" category is further divided into ""Homo habilis,"" ""Homo erectus,"" ""Homo sapiens,"" and ""Homo soloensis,"" representing a progression towards more modern human characteristics. ""Homo sapiens"" then branches into ""Homo sapiens sapiens,"" which is the species to which modern humans belong. Other notable species within the ""homo"" category include ""Neandertal man,"" ""Cro-magnon,"" ""Peking man,"" ""Java man,"" ""Rhodesian man,"" ""Boskop man,"" and ""Solo man,"" each representing different stages or regional variations of human evolution. This taxonomy logically organizes hominids from broad categories to more specific species based on their evolutionary relationships and physical characteristics.

```taxonomy
australopithecine is the child of hominid
dryopithecine is the child of hominid
homo is the child of hominid
Australopithecus africanus is the child of australopithecine
Australopithecus robustus is the child of australopithecine
Australopithecus boisei is the child of australopithecine
Australopithecus afarensis is the child of australopithecine
Lucy is the child of Australopithecus afarensis
Sivapithecus is the child of dryopithecine
Rudapithecus is the child of dryopithecine
Homo habilis is the child of homo
Homo erectus is the child of homo
Homo sapiens is the child of homo
Homo soloensis is the child of homo
Homo sapiens sapiens is the child of Homo sapiens
Neandertal man is the child of Homo sapiens
Cro-magnon is the child of Homo sapiens
Peking man is the child of Homo erectus
Java man is the child of Homo erectus
Rhodesian man is the child of Homo sapiens
Boskop man is the child of Homo sapiens
Solo man is the child of Homo soloensis
Paranthropus is the child of australopithecine
Zinjanthropus is the child of Paranthropus
Sinanthropus is the child of Homo erectus
Javanthropus is the child of Homo erectus
Pithecanthropus is the child of Homo erectus
```"
66,"The taxonomy tree starts with ""nonsteroidal anti-inflammatory"" (NSAID) as the root, encompassing a broad category of medications used to reduce inflammation and pain. Direct children of ""NSAID"" include ""salicylate,"" ""aspirin,"" and various other specific types of NSAIDs. The ""aspirin"" category branches into more specialized forms like ""buffered aspirin,"" ""enteric-coated aspirin,"" and ""aspirin powder,"" each designed to reduce side effects or enhance delivery. ""Salicylate"" leads to ""methyl salicylate"" and ""salol,"" indicating compounds with similar chemical properties. Other direct children of ""NSAID"" include ""ibuprofen,"" ""naproxen,"" ""diclofenac,"" ""indomethacin,"" ""ketoprofen,"" ""fenoprofen,"" ""meclofenamate,"" ""sulindac,"" ""tolmetin,"" ""ketorolac,"" ""nabumetone,"" ""oxaprozin,"" ""piroxicam,"" ""etodolac,"" ""flurbiprofen,"" and ""diflunisal,"" each representing a distinct chemical compound used for anti-inflammatory purposes. Some of these, like ""diclofenac,"" further branch into specific formulations such as ""diclofenac sodium"" and ""diclofenac potassium,"" highlighting variations in chemical composition. This hierarchical structure categorizes NSAIDs based on their chemical properties and specific formulations, providing a detailed classification system.

```taxonomy
salicylate is the child of nonsteroidal anti-inflammatory
aspirin is the child of nonsteroidal anti-inflammatory
ibuprofen is the child of nonsteroidal anti-inflammatory
naproxen is the child of nonsteroidal anti-inflammatory
diclofenac is the child of nonsteroidal anti-inflammatory
indomethacin is the child of nonsteroidal anti-inflammatory
ketoprofen is the child of nonsteroidal anti-inflammatory
fenoprofen is the child of nonsteroidal anti-inflammatory
meclofenamate is the child of nonsteroidal anti-inflammatory
sulindac is the child of nonsteroidal anti-inflammatory
tolmetin is the child of nonsteroidal anti-inflammatory
ketorolac is the child of nonsteroidal anti-inflammatory
nabumetone is the child of nonsteroidal anti-inflammatory
oxaprozin is the child of nonsteroidal anti-inflammatory
piroxicam is the child of nonsteroidal anti-inflammatory
etodolac is the child of nonsteroidal anti-inflammatory
flurbiprofen is the child of nonsteroidal anti-inflammatory
diflunisal is the child of nonsteroidal anti-inflammatory
methyl salicylate is the child of salicylate
salol is the child of salicylate
buffered aspirin is the child of aspirin
enteric-coated aspirin is the child of aspirin
aspirin powder is the child of aspirin
diclofenac sodium is the child of diclofenac
diclofenac potassium is the child of diclofenac
naproxen sodium is the child of naproxen
ketorolac tromethamine is the child of ketorolac
mefenamic acid is the child of nonsteroidal anti-inflammatory
```"
67,"The taxonomy tree starts with ""venereal disease"" as the root, encompassing various sexually transmitted infections (STIs). Direct children of ""venereal disease"" include ""syphilis,"" ""gonorrhea,"" ""chlamydia,"" ""genital herpes,"" ""lymphogranuloma venereum,"" and ""granuloma inguinale,"" each representing a distinct type of STI. The ""syphilis"" category branches into stages of the disease: ""primary syphilis,"" ""secondary syphilis,"" and ""tertiary syphilis,"" which represent the progression of the disease. ""Tertiary syphilis"" further branches into ""neurosyphilis"" and ""tabes dorsalis,"" indicating specific complications that can arise in the late stage of syphilis. This hierarchical structure logically organizes venereal diseases from general categories to more specific types and stages of diseases, based on their characteristics and progression.

```taxonomy
syphilis is the child of venereal disease
gonorrhea is the child of venereal disease
chlamydia is the child of venereal disease
genital herpes is the child of venereal disease
lymphogranuloma venereum is the child of venereal disease
granuloma inguinale is the child of venereal disease
primary syphilis is the child of syphilis
secondary syphilis is the child of syphilis
tertiary syphilis is the child of syphilis
neurosyphilis is the child of tertiary syphilis
tabes dorsalis is the child of tertiary syphilis
```"
68,"The taxonomy tree starts with ""post"" as the root, encompassing various types of vertical structures used for support, division, or other functions. Direct children of ""post"" include ""column,"" ""pile,"" ""upright,"" ""stanchion,"" ""shaft,"" and ""timber,"" each representing a distinct category of posts based on their design, material, or application. The ""column"" category branches into more specific types like ""pilaster,"" which is a projecting column, and ""support column,"" indicating a column used for structural support. The ""pile"" category includes ""sheet pile,"" used for retaining walls, and ""stake,"" a small, pointed post. The ""upright"" category leads to ""corner post,"" ""gatepost,"" ""doorjamb,"" and ""newel,"" each specifying a post's location or function in a structure. The ""stanchion"" category includes ""caryatid,"" a sculpted female figure serving as a post, and ""bollard,"" a short, sturdy post used for barriers. Other categories like ""hitching post,"" ""whipping post,"" ""lamppost,"" ""telephone pole,"" and ""goalpost"" represent specialized posts for specific uses. This hierarchical structure organizes posts from general to specific types, based on their form, function, and application.

```taxonomy
column is the child of post
pile is the child of post
upright is the child of post
stanchion is the child of post
shaft is the child of post
timber is the child of post
pilaster is the child of column
support column is the child of column
sheet pile is the child of pile
stake is the child of pile
corner post is the child of upright
gatepost is the child of upright
doorjamb is the child of upright
newel is the child of upright
caryatid is the child of stanchion
bollard is the child of stanchion
hitching post is the child of post
whipping post is the child of post
lamppost is the child of post
telephone pole is the child of post
goalpost is the child of post
maypole is the child of post
hop pole is the child of post
hinging post is the child of post
carrick bitt is the child of post
rudderpost is the child of post
stump is the child of post
standard is the child of post
scantling is the child of post
shutting post is the child of post
newel post is the child of post
stile is the child of post
king post is the child of post
queen post is the child of post
lally is the child of post
riding bitt is the child of post
jamb is the child of post
atlas is the child of post
```"
69,"The taxonomy tree starts with ""fern ally"" as the root, encompassing a group of ancient, vascular plants that are not true ferns but share similarities. Direct children of ""fern ally"" include ""club moss,"" ""horsetail,"" and ""quillwort,"" each representing a distinct lineage within this group. The ""club moss"" category branches into various species like ""ground pine,"" ""running pine,"" ""alpine clubmoss,"" and ""shining clubmoss,"" which are characterized by their club-like appearance. The ""horsetail"" category includes ""common horsetail,"" ""wood horsetail,"" ""swamp horsetail,"" ""marsh horsetail,"" and ""scouring rush,"" which are known for their hollow, jointed stems resembling horse tails. ""Quillwort"" is a more specific group, with ""desert selaginella"" and ""florida selaginella"" as examples, characterized by their quill-like leaves. Other categories like ""spikemoss"" include ""rock spikemoss,"" ""meadow spikemoss,"" and ""fir clubmoss,"" which are distinguished by their spiky or moss-like appearance. ""Whisk fern"" and ""resurrection plant"" are also part of this taxonomy, representing unique, fern-like plants with specialized adaptations. This hierarchical structure organizes fern allies based on their morphological characteristics and evolutionary relationships.

```taxonomy
club moss is the child of fern ally
horsetail is the child of fern ally
quillwort is the child of fern ally
spikemoss is the child of fern ally
whisk fern is the child of fern ally
resurrection plant is the child of fern ally
ground pine is the child of club moss
running pine is the child of club moss
alpine clubmoss is the child of club moss
shining clubmoss is the child of club moss
common horsetail is the child of horsetail
wood horsetail is the child of horsetail
swamp horsetail is the child of horsetail
marsh horsetail is the child of horsetail
scouring rush is the child of horsetail
desert selaginella is the child of quillwort
florida selaginella is the child of quillwort
rock spikemoss is the child of spikemoss
meadow spikemoss is the child of spikemoss
fir clubmoss is the child of spikemoss
ground fir is the child of spikemoss
ground cedar is the child of spikemoss
variegated horsetail is the child of horsetail
skeleton fork fern is the child of whisk fern
foxtail grass is the child of whisk fern
```"
70,"The taxonomy tree starts with ""culture"" as the root, encompassing various forms of human expression, values, and ways of life. Direct children of ""culture"" include ""society,"" which pertains to organized groups of people, and specific cultural identities like ""Western culture"" and ""Paleo-American culture."" The ""society"" category branches into ""open society,"" which values freedom and inclusivity, and ""tribal society,"" which is characterized by a more traditional, often isolated, community structure. ""Tribal society"" further includes ""hunting and gathering tribe,"" a specific type of society based on subsistence strategies. The ""culture"" root also has a child in ""civilization,"" which represents complex societies with advanced social structures. ""Civilization"" branches into various regional and historical civilizations, such as ""Indus civilization,"" ""Aegean civilization,"" ""Minoan civilization,"" ""Mycenaean civilization,"" ""Cycladic civilization,"" and ""Helladic civilization."" Additionally, ""civilization"" includes ""Folsom culture"" and ""Clovis culture,"" which are specific Paleo-American cultures. ""Islam"" is also a child of ""culture,"" representing a major world religion that encompasses a broad cultural identity. This hierarchical structure organizes cultures from broad categories to more specific historical and regional forms.

```taxonomy
society is the child of culture
Western culture is the child of culture
Paleo-American culture is the child of culture
Islam is the child of culture
open society is the child of society
tribal society is the child of society
hunting and gathering tribe is the child of tribal society
civilization is the child of culture
Indus civilization is the child of civilization
Aegean civilization is the child of civilization
Minoan civilization is the child of civilization
Mycenaean civilization is the child of civilization
Cycladic civilization is the child of civilization
Helladic civilization is the child of civilization
Folsom culture is the child of civilization
Clovis culture is the child of civilization
```"
71,"The taxonomy tree starts with ""paraphilia"" as the root, encompassing various forms of atypical sexual interests or behaviors. Direct children of ""paraphilia"" include ""perversion,"" ""exhibitionism,"" ""voyeurism,"" ""fetishism,"" and ""pedophilia,"" each representing a distinct category of unusual sexual inclinations. The ""pedophilia"" category branches into ""pederasty,"" which specifies a sexual attraction towards pubescent or adolescent males. ""Exhibitionism"" involves deriving sexual pleasure from exposing oneself to others, while ""voyeurism"" involves deriving pleasure from observing others, often in private or intimate moments. ""Fetishism"" is a broad category that includes deriving sexual pleasure from specific objects or body parts, but does not further branch in this taxonomy. ""Perversion"" is a more general term that can encompass various forms of non-normative sexual behavior, including ""sodomy,"" which refers to anal sex, and ""zoophilia,"" which involves sexual attraction to animals. The ""oral sex"" category includes ""fellatio"" (oral sex performed on a male), ""cunnilingus"" (oral sex performed on a female), and ""soixante-neuf"" (a position where two people simultaneously perform oral sex on each other). ""Cock sucking"" is a synonym for ""fellatio."" This hierarchical structure categorizes paraphilias based on their nature and focus, providing a logical progression from general categories to more specific forms.

```taxonomy
perversion is the child of paraphilia
exhibitionism is the child of paraphilia
voyeurism is the child of paraphilia
fetishism is the child of paraphilia
pedophilia is the child of paraphilia
pederasty is the child of pedophilia
sodomy is the child of perversion
zoophilia is the child of perversion
oral sex is the child of perversion
fellatio is the child of oral sex
cunnilingus is the child of oral sex
soixante-neuf is the child of oral sex
cock sucking is the child of fellatio
```"
72,"The taxonomy tree starts with ""card"" as the root, encompassing various types of stiff, flat materials, often made from paper or similar substances. Direct children of ""card"" include ""paperboard,"" ""cardboard,"" and ""pasteboard,"" each representing a distinct type of card material. ""Paperboard"" branches into ""corrugated board,"" which features a wavy layer for added strength, and ""millboard,"" a type of thick, stiff paperboard. ""Cardboard"" further branches into ""strawboard,"" a type made from straw pulp, and ""binder's board,"" a high-quality cardboard used in bookbinding. The ""pasteboard"" category includes ""pasteboard"" itself, often used for crafts and modeling. Additionally, ""card"" has a child ""timecard,"" which is a specific type of card used for recording time worked. The ""packing material"" category, while not a direct child of ""card,"" is related to the use of these materials and includes ""excelsior,"" a type of packing material made from shredded paper or wood. This hierarchical arrangement logically organizes card types from general to more specialized forms, based on composition and application.

```taxonomy
paperboard is the child of card
cardboard is the child of card
pasteboard is the child of card
timecard is the child of card
corrugated board is the child of paperboard
millboard is the child of paperboard
strawboard is the child of cardboard
binder's board is the child of cardboard
excelsior is the child of packing material
```"
73,"The taxonomy tree starts with ""squash"" as the root, encompassing various types of vegetables belonging to the Cucurbitaceae family. Direct children of ""squash"" include ""summer squash"" and ""winter squash,"" which represent two broad categories based on the time of year they are harvested and their characteristics. The ""summer squash"" category includes ""zucchini,"" ""yellow squash,"" ""cymling,"" ""cushaw,"" ""cocozelle,"" and ""marrow,"" which are typically harvested when immature and the rind is tender. The ""winter squash"" category branches into ""acorn squash,"" ""butternut squash,"" ""hubbard squash,"" ""turban squash,"" ""spaghetti squash,"" ""buttercup squash,"" and ""pumpkin,"" which are harvested when mature and the rind is hard. ""Winter crookneck"" is a type of ""summer squash"" that is often harvested in the late summer or early fall, but is still classified under the ""summer squash"" category due to its tender rind. This hierarchical structure organizes squash types based on their seasonal availability and characteristics.

```taxonomy
summer squash is the child of squash
winter squash is the child of squash
zucchini is the child of summer squash
yellow squash is the child of summer squash
cymling is the child of summer squash
cushaw is the child of summer squash
cocozelle is the child of summer squash
marrow is the child of summer squash
winter crookneck is the child of summer squash
acorn squash is the child of winter squash
butternut squash is the child of winter squash
hubbard squash is the child of winter squash
turban squash is the child of winter squash
spaghetti squash is the child of winter squash
buttercup squash is the child of winter squash
pumpkin is the child of winter squash
```"
74,"The taxonomy tree starts with ""salesperson"" as the root, encompassing various roles involved in selling or promoting products. Direct children of ""salesperson"" include ""salesman,"" ""salesgirl,"" ""salesclerk,"" and ""pitchman,"" each representing different types of sales roles. The ""salesman"" category branches into more specialized forms like ""traveling salesman,"" who conducts sales on the move, and ""book agent,"" who specifically deals with book sales. The ""salesgirl"" category includes ""shop girl"" and ""midinette,"" which refer to young women working in retail or sales environments. ""Salesclerk"" is a more general term that encompasses both ""shop boy"" and ""shop girl,"" indicating a sales role in a retail setting. Additionally, ""pitchman"" and ""demonstrator"" are specialized roles focused on showcasing products, with ""pitchman"" often associated with persuasive sales techniques and ""demonstrator"" focused on product demonstrations. ""Tallyman"" is a specific type of salesperson who keeps track of sales or inventory. This hierarchical structure organizes sales roles from general to more specialized and nuanced positions, reflecting the diversity of roles within the sales profession.

```taxonomy
salesman is the child of salesperson
salesgirl is the child of salesperson
salesclerk is the child of salesperson
pitchman is the child of salesperson
traveling salesman is the child of salesman
book agent is the child of salesman
shop girl is the child of salesgirl
midinette is the child of salesgirl
shop boy is the child of salesclerk
demonstrator is the child of pitchman
tallyman is the child of salesperson
```"
75,"The taxonomy tree starts with ""aphid"" as the root, encompassing a wide range of small, sap-sucking insects. Direct children of ""aphid"" include ""plant louse,"" ""adelgid,"" and specific types like ""greenfly,"" ""blackfly,"" and ""green peach aphid,"" each representing distinct characteristics or host preferences. The ""adelgid"" category branches into more specialized forms like ""woolly adelgid,"" ""balsam woolly aphid,"" and ""spruce gall aphid,"" which are known for their woolly appearance and specific host trees. The ""plant louse"" category includes ""woolly aphid,"" which further divides into ""woolly apple aphid,"" ""woolly alder aphid,"" and ""pine leaf aphid,"" highlighting their host specificity and woolly appearance. Other specific types like ""apple aphid,"" ""jumping plant louse,"" ""pale chrysanthemum aphid,"" and ""oak blight"" are also classified under ""aphid,"" showcasing the diversity within this group. ""Ant cow"" is a unique classification, as it refers to aphids that are tended by ants for their honeydew, indicating a symbiotic relationship. This hierarchical structure organizes aphids based on their characteristics, host plants, and behaviors, providing a comprehensive classification.

```taxonomy
plant louse is the child of aphid
adelgid is the child of aphid
greenfly is the child of aphid
blackfly is the child of aphid
green peach aphid is the child of aphid
woolly adelgid is the child of adelgid
balsam woolly aphid is the child of adelgid
spruce gall aphid is the child of adelgid
woolly aphid is the child of plant louse
woolly apple aphid is the child of woolly aphid
woolly alder aphid is the child of woolly aphid
pine leaf aphid is the child of woolly aphid
apple aphid is the child of aphid
jumping plant louse is the child of aphid
pale chrysanthemum aphid is the child of aphid
oak blight is the child of aphid
ant cow is the child of aphid
grape louse is the child of aphid
```"
76,"The taxonomy tree starts with ""anthropoid ape"" as the root, encompassing a broad category of primates that includes both great and lesser apes. Direct children of ""anthropoid ape"" are ""great ape"" and ""lesser ape."" The ""great ape"" category branches into ""gorilla,"" ""chimpanzee,"" and ""orangutan,"" each representing a distinct genus of large primates. The ""gorilla"" category further divides into ""eastern gorilla"" and ""western gorilla,"" with ""eastern gorilla"" including ""eastern lowland gorilla"" and ""mountain gorilla,"" and ""western gorilla"" including ""western lowland gorilla."" The ""chimpanzee"" category includes ""central chimpanzee,"" ""eastern chimpanzee,"" and ""western chimpanzee,"" as well as ""pygmy chimpanzee,"" which is a distinct species within the chimpanzee genus. The ""silverback"" is a specific type of gorilla, typically an adult male with a distinctive silver-colored saddle-shaped patch on its back. The ""lesser ape"" category includes ""gibbon"" and ""siamang,"" both of which are smaller, more agile primates compared to the great apes. This hierarchical structure logically organizes the anthropoid apes from broad categories to more specific species and sub-species based on their evolutionary relationships and physical characteristics.

```taxonomy
great ape is the child of anthropoid ape
lesser ape is the child of anthropoid ape
gorilla is the child of great ape
chimpanzee is the child of great ape
orangutan is the child of great ape
eastern gorilla is the child of gorilla
western gorilla is the child of gorilla
eastern lowland gorilla is the child of eastern gorilla
mountain gorilla is the child of eastern gorilla
western lowland gorilla is the child of western gorilla
central chimpanzee is the child of chimpanzee
eastern chimpanzee is the child of chimpanzee
western chimpanzee is the child of chimpanzee
pygmy chimpanzee is the child of chimpanzee
silverback is the child of gorilla
gibbon is the child of lesser ape
siamang is the child of lesser ape
```"
77,"The taxonomy tree starts with ""fragment"" as the root, encompassing various types of small pieces or particles that have broken off or been removed from a larger whole. Direct children of ""fragment"" include ""clast,"" which pertains to geological fragments, and ""splinter,"" which refers to small, sharp pieces of material, often wood. The ""splinter"" category branches into more specific types like ""matchwood,"" indicating small, thin pieces of wood, and ""splint,"" which can be a small, thin piece of wood or other material used for support. Another child of ""fragment"" is ""scraping,"" which involves the removal of small pieces from a surface, leading to subcategories like ""paring,"" which specifies the removal of a thin layer, and ""filing,"" which involves the removal of small particles through abrasion. ""Filing"" further branches into ""metal filing,"" which includes ""iron filing,"" and ""scurf,"" which refers to small, loose particles, often from metal or stone. The ""ember"" and ""cinder"" categories fall under ""fragment"" as well, representing small, glowing or burnt pieces of material. Additionally, ""dander"" and ""dandruff"" are included as types of small, flaky fragments, often from skin or hair. This hierarchical structure categorizes fragments based on their origin, composition, and the process by which they are created or removed.

```taxonomy
clast is the child of fragment
splinter is the child of fragment
scraping is the child of fragment
ember is the child of fragment
cinder is the child of fragment
dander is the child of fragment
dandruff is the child of fragment
matchwood is the child of splinter
splint is the child of splinter
paring is the child of scraping
filing is the child of scraping
metal filing is the child of filing
iron filing is the child of metal filing
scurf is the child of filing
brickbat is the child of fragment
spall is the child of fragment
turning is the child of fragment
bit is the child of fragment
scale is the child of fragment
restriction fragment is the child of fragment
spark is the child of fragment
```"
78,"The taxonomy tree starts with ""diviner"" as the root, encompassing various practitioners who claim to gain insight into the future or unknown through different means. Direct children of ""diviner"" include ""prophet,"" ""augur,"" ""geomancer,"" ""hydromancer,"" ""pyromancer,"" ""necromancer,"" ""oneiromancer,"" ""lithomancer,"" and ""onomancer,"" each representing a distinct type of divination practice. The ""prophet"" category includes ""prophetess,"" ""sibyl,"" and ""Cassandra,"" which are specific titles or names for female prophets known for their ability to foresee the future. The ""geomancer"" is a practitioner who uses earth or geographical features for divination, while ""hydromancer"" uses water, ""pyromancer"" uses fire, ""necromancer"" communicates with the dead, ""oneiromancer"" interprets dreams, ""lithomancer"" uses stones, and ""onomancer"" uses names. ""Water witch"" is a specific type of ""hydromancer"" who uses water for divination. This hierarchical structure organizes diviners based on their methods and areas of expertise, providing a logical progression from general to more specialized forms of divination.

```taxonomy
prophet is the child of diviner
augur is the child of diviner
geomancer is the child of diviner
hydromancer is the child of diviner
pyromancer is the child of diviner
necromancer is the child of diviner
oneiromancer is the child of diviner
lithomancer is the child of diviner
onomancer is the child of diviner
prophetess is the child of prophet
sibyl is the child of prophet
Cassandra is the child of prophet
water witch is the child of hydromancer
```"
79,"The taxonomy tree starts with ""dementia"" as the root, encompassing various conditions characterized by cognitive decline and impaired mental faculties. Direct children of ""dementia"" include ""Alzheimer's disease,"" ""Pick's disease,"" ""alcoholic dementia,"" and ""senile dementia,"" each representing a distinct type of dementia. ""Senile dementia"" further branches into ""presenile dementia,"" indicating an earlier onset, and ""senile dementia,"" which typically affects older individuals. The ""irrationality"" category, which is a child of the root ""dementia,"" includes conditions characterized by a loss of rational thinking, leading to subcategories like ""insanity,"" ""craziness,"" and ""lunacy,"" which are often used interchangeably to describe severe mental instability. ""Derangement"" is also a child of ""irrationality,"" specifying a state of extreme mental disturbance. This hierarchical structure logically organizes dementia and related conditions from general to more specific forms, based on causes, symptoms, and severity.

```taxonomy
Alzheimer's disease is the child of dementia
Pick's disease is the child of dementia
alcoholic dementia is the child of dementia
senile dementia is the child of dementia
presenile dementia is the child of senile dementia
irrationality is the child of dementia
insanity is the child of irrationality
craziness is the child of irrationality
lunacy is the child of irrationality
derangement is the child of irrationality
```"
80,"The taxonomy tree starts with ""ascomycete"" as the root, representing a broad group of fungi. Directly under this root are ""discomycete"" and several families and genera, including ""Clavicipitaceae,"" ""Sarcosomataceae,"" and ""Geglossaceae."" The ""discomycete"" category branches into various genera and species, such as ""Peziza,"" ""Aleuria,"" ""Sarcoscypha,"" ""Caloscypha,"" and ""Leotia,"" each representing distinct types of cup fungi. Within these genera, specific species are listed, including ""Peziza domicilina,"" ""Aleuria aurantia,"" ""Sarcoscypha coccinea,"" ""Caloscypha fulgens,"" and ""Leotia lubrica."" Other specific species and common names, like ""devil's cigar,"" ""Mitrula elegans,"" ""Rufous rubber cup,"" ""charred pancake cup,"" ""black felt cup,"" ""blood cup,"" ""Jafnea semitosta,"" ""Galiella rufa,"" ""Urnula craterium,"" ""devil's urn,"" and ""winter urn,"" are also included, often as children of the aforementioned genera or as standalone entries under the broader categories. This structure organizes the fungi into a logical hierarchy based on their taxonomic relationships.

```taxonomy
discomycete is the child of ascomycete
Clavicipitaceae is the child of ascomycete
Sarcosomataceae is the child of ascomycete
Geglossaceae is the child of ascomycete
Peziza is the child of discomycete
Aleuria is the child of discomycete
Sarcoscypha is the child of discomycete
Caloscypha is the child of discomycete
Leotia is the child of discomycete
Peziza domicilina is the child of Peziza
Aleuria aurantia is the child of Aleuria
Sarcoscypha coccinea is the child of Sarcoscypha
Caloscypha fulgens is the child of Caloscypha
Leotia lubrica is the child of Leotia
devil's cigar is the child of Clavicipitaceae
Mitrula elegans is the child of Sarcosomataceae
Rufous rubber cup is the child of Peziza
charred pancake cup is the child of Peziza
black felt cup is the child of Peziza
blood cup is the child of Peziza
Jafnea semitosta is the child of Geglossaceae
Galiella rufa is the child of Geglossaceae
Urnula craterium is the child of Peziza
devil's urn is the child of Urnula
winter urn is the child of Urnula
grainy club is the child of Clavicipitaceae
soldier grainy club is the child of grainy club
```"
81,"The taxonomy tree starts with ""calculator"" as the root, encompassing various devices used for mathematical calculations. Direct children of ""calculator"" include ""abacus,"" ""adder,"" ""subtracter,"" ""adder,"" ""counter,"" and ""hand calculator,"" each representing a distinct type of calculation tool. The ""counter"" category branches into ""pulse counter,"" used for counting pulses or signals, and ""scaler,"" which counts and scales quantities. The ""abacus"" category includes ""Napier's bones,"" a historical tool for multiplication and division. The ""adder"" category is a basic form of calculator, leading to more advanced forms like ""adding machine,"" which can perform multiple arithmetic operations. The ""hand calculator"" represents portable, manual calculation devices, while ""quipu"" is an ancient, non-electronic device used for record-keeping and calculation. This hierarchical structure logically organizes calculators from general to more specialized forms, based on functionality and historical development.

```taxonomy
abacus is the child of calculator
adder is the child of calculator
subtracter is the child of calculator
counter is the child of calculator
hand calculator is the child of calculator
pulse counter is the child of counter
scaler is the child of counter
Napier's bones is the child of abacus
adding machine is the child of adder
quipu is the child of calculator
```"
82,"The taxonomy tree starts with ""law enforcement agency"" as the root, encompassing various organizations responsible for enforcing laws and maintaining public order. Direct children of ""law enforcement agency"" include ""police,"" ""secret police,"" ""gendarmerie,"" and ""federal law enforcement agency,"" each representing a distinct type of law enforcement organization. The ""police"" category branches into more specialized forms like ""local police"" (not explicitly listed but implied by the presence of ""Scotland Yard"" and ""Royal Canadian Mounted Police""), and ""national police"" (again, not explicitly listed but implied by the presence of ""National Institute of Justice"" and ""United States Marshals Service""). The ""secret police"" category includes organizations like ""Gestapo"" and ""Mutawa'een,"" which operate covertly. The ""gendarmerie"" category is a type of military or paramilitary law enforcement agency. The ""federal law enforcement agency"" category includes organizations like ""Federal Bureau of Investigation,"" ""Drug Enforcement Administration,"" ""Bureau of Alcohol Tobacco and Firearms,"" and ""United States Marshals Service,"" which operate at the national level. This category also branches into more specialized forms like ""Federal Law Enforcement Training Center,"" which provides training for federal law enforcement officers, and ""Financial Crimes Enforcement Network,"" which focuses on financial crimes. Additionally, ""Europol"" is a supranational law enforcement agency that coordinates efforts across European countries. The ""posse"" is a type of law enforcement group that is typically formed on an ad-hoc basis to assist in law enforcement efforts.

```taxonomy
police is the child of law enforcement agency
secret police is the child of law enforcement agency
gendarmerie is the child of law enforcement agency
federal law enforcement agency is the child of law enforcement agency
Scotland Yard is the child of police
Royal Canadian Mounted Police is the child of police
Gestapo is the child of secret police
Mutawa'een is the child of secret police
Federal Bureau of Investigation is the child of federal law enforcement agency
Drug Enforcement Administration is the child of federal law enforcement agency
Bureau of Alcohol Tobacco and Firearms is the child of federal law enforcement agency
United States Marshals Service is the child of federal law enforcement agency
Federal Law Enforcement Training Center is the child of federal law enforcement agency
Financial Crimes Enforcement Network is the child of federal law enforcement agency
Europol is the child of federal law enforcement agency
posse is the child of law enforcement agency
National Institute of Justice is the child of law enforcement agency
Criminal Investigation Command is the child of law enforcement agency
Federal Bureau of Prisons is the child of law enforcement agency
Federal Judiciary is the child of law enforcement agency
Schutzstaffel is the child of secret police
```"
83,"The taxonomy tree starts with ""accident"" as the root, encompassing various types of unfortunate events resulting in damage or harm. Direct children of ""accident"" include ""collision,"" ""injury,"" and ""shipwreck,"" each representing a distinct category of accidents. The ""collision"" category branches into more specific types, such as ""crash,"" ""smash,"" ""prang,"" and ""pileup,"" which describe different severities or types of impacts. ""Crash"" further specifies into ""fender-bender,"" indicating a minor collision, and ""fatal accident,"" highlighting a collision resulting in loss of life. The ""injury"" category includes subcategories like ""concussion,"" ""mutilation,"" and ""dismemberment,"" which describe different severities or types of harm inflicted. ""Shipwreck"" and ""capsizing"" are specific types of accidents related to maritime incidents. This hierarchical structure organizes accidents from general to more specific forms, based on the nature of the event and its consequences.

```taxonomy
collision is the child of accident
injury is the child of accident
shipwreck is the child of accident
crash is the child of collision
smash is the child of collision
prang is the child of collision
pileup is the child of collision
fender-bender is the child of crash
fatal accident is the child of crash
concussion is the child of injury
mutilation is the child of injury
dismemberment is the child of injury
capsizing is the child of shipwreck
collateral damage is the child of accident
```"
84,"The taxonomy tree starts with ""behavior"" as the root, encompassing various forms of human conduct. Direct children of ""behavior"" include ""aggression,"" ""indelicacy,"" ""discourtesy,"" ""insolence,"" ""bohemianism,"" and ""self-assertion,"" each representing a distinct category of behavior. The ""aggression"" category branches into more specific forms like ""bullying,"" ""terrorization,"" ""aggro,"" and ""dirty tricks,"" which all involve hostile or harmful behavior towards others. ""Insult"" is a child of ""aggression,"" further dividing into ""mock,"" ""derision,"" ""snub,"" ""rebuff,"" and ""bitchery,"" which are all forms of verbal or non-verbal disrespect. ""Indelicacy"" includes ""discourtesy,"" ""presumption,"" and ""dirty pool,"" which involve a lack of tact or propriety. ""Bohemianism"" represents unconventional behavior, while ""self-assertion"" can sometimes manifest as ""raising hell"" or ""scandalization."" The ""silent treatment"" is a form of behavior that can be a response to various stimuli, including ""last straw"" situations. This hierarchical structure categorizes behaviors from general to more specific forms, based on their nature and impact.

```taxonomy
aggression is the child of behavior
indelicacy is the child of behavior
discourtesy is the child of indelicacy
insolence is the child of behavior
bohemianism is the child of behavior
self-assertion is the child of behavior
bullying is the child of aggression
terrorization is the child of aggression
aggro is the child of aggression
dirty tricks is the child of aggression
insult is the child of aggression
mock is the child of insult
derision is the child of insult
snub is the child of insult
rebuff is the child of insult
bitchery is the child of insult
presumption is the child of indelicacy
dirty pool is the child of indelicacy
raising hell is the child of self-assertion
scandalization is the child of bohemianism
silent treatment is the child of behavior
last straw is the child of behavior
twit is the child of behavior
easiness is the child of behavior
the way of the world is the child of behavior
aggravation is the child of behavior
indignity is the child of behavior
```"
85,"The taxonomy tree starts with ""light"" as the root, encompassing various forms and sources of illumination. Direct children of ""light"" include ""radiance,"" ""luminescence,"" ""incandescence,"" and ""beam,"" each representing a distinct category of light. The ""luminescence"" category branches into ""fluorescence,"" ""phosphorescence,"" ""chemiluminescence,"" and ""bioluminescence,"" which are different mechanisms of light emission. ""Bioluminescence"" further includes ""firefly's lantern"" or ""friar's lantern,"" a specific example of biological light production. The ""incandescence"" category includes ""candlelight,"" ""torchlight,"" ""gaslight,"" ""lamplight,"" and ""sunlight,"" which are all forms of light produced by heat. ""Sunlight"" further branches into ""sunbeam,"" ""sunburst,"" and ""corona,"" representing different aspects of solar illumination. ""Beam"" includes ""laser beam,"" ""moonbeam,"" ""high beam,"" and ""low beam,"" which are all concentrated forms of light. ""Radiance"" includes ""glow,"" ""streamer,"" ""scintillation,"" ""aureole,"" and ""sky glow,"" which are all forms of light that radiate or shine. ""Glow"" further branches into ""half-light,"" ""twilight,"" and ""daylight,"" representing different levels of illumination. This hierarchical arrangement logically organizes light sources and forms from general to more specialized types, based on their mechanisms and characteristics.

```taxonomy
radiance is the child of light
luminescence is the child of light
incandescence is the child of light
beam is the child of light
fluorescence is the child of luminescence
phosphorescence is the child of luminescence
chemiluminescence is the child of luminescence
bioluminescence is the child of luminescence
friar's lantern is the child of bioluminescence
candlelight is the child of incandescence
torchlight is the child of incandescence
gaslight is the child of incandescence
lamplight is the child of incandescence
sunlight is the child of incandescence
sunbeam is the child of sunlight
sunburst is the child of sunlight
corona is the child of sunlight
laser beam is the child of beam
moonbeam is the child of beam
high beam is the child of beam
low beam is the child of beam
glow is the child of radiance
streamer is the child of radiance
scintillation is the child of radiance
aureole is the child of radiance
sky glow is the child of radiance
half-light is the child of glow
twilight is the child of glow
daylight is the child of glow
starlight is the child of radiance
moonlight is the child of radiance
infrared ray is the child of radiance
heat ray is the child of radiance
bolide is the child of radiance
meteor is the child of radiance
counterglow is the child of radiance
```"
86,"The taxonomy tree starts with ""gymnastic exercise"" as the root, encompassing various physical activities used in gymnastics training. Direct children of ""gymnastic exercise"" include ""hang,"" ""handstand,"" ""dip,"" and ""lever hang,"" each representing a distinct type of exercise or movement. The ""hang"" category pertains to exercises where the body is suspended from a bar, leading to subcategories like ""straight hang,"" ""inverted hang,"" ""reverse hang,"" ""piked reverse hang,"" and ""crucifix,"" each specifying a different body position or orientation while hanging. The ""hang"" category also branches to ""kip,"" which involves a dynamic movement from a hang position, and ""scissors,"" which involves a specific leg movement. The ""lever hang"" category includes exercises like ""bent hang"" and ""straddle,"" which involve different body positions and movements while hanging. The ""handstand"" category includes exercises like ""grand circle,"" which involves a circular movement while in a handstand position, and ""long fly,"" which involves a dynamic movement from a handstand position. The ""dip"" category includes exercises like ""double leg circle,"" which involves a specific leg movement while performing a dip.

```taxonomy
hang is the child of gymnastic exercise
handstand is the child of gymnastic exercise
dip is the child of gymnastic exercise
lever hang is the child of gymnastic exercise
straight hang is the child of hang
inverted hang is the child of hang
reverse hang is the child of hang
piked reverse hang is the child of reverse hang
crucifix is the child of hang
kip is the child of hang
scissors is the child of hang
bent hang is the child of lever hang
straddle is the child of lever hang
grand circle is the child of handstand
long fly is the child of handstand
double leg circle is the child of dip
```"
87,"The taxonomy tree starts with ""neckwear"" as the root, encompassing various types of clothing worn around the neck. Direct children of ""neckwear"" include ""necktie,"" ""bow tie,"" ""cravat,"" and ""ascot,"" each representing a distinct category of neck adornments. The ""necktie"" category branches into more specific types like ""four-in-hand,"" a classic style of necktie; ""Windsor tie,"" known for its wide and triangular shape; ""bolo tie,"" characterized by a cord and decorative clasp; and ""old school tie,"" often associated with traditional or alumni affiliations. The ""bow tie"" category includes ""black tie,"" a formal style typically worn with tuxedos, and ""white tie,"" the most formal type of bow tie, worn with tailcoats. The ""cravat"" category leads to ""neckcloth,"" a type of cravat that was historically worn, and ""string tie,"" a variation of the cravat with a string-like closure. This hierarchical structure organizes neckwear from broad categories to more specific styles, based on design, functionality, and formality.

```taxonomy
necktie is the child of neckwear
bow tie is the child of neckwear
cravat is the child of neckwear
ascot is the child of neckwear
four-in-hand is the child of necktie
Windsor tie is the child of necktie
bolo tie is the child of necktie
old school tie is the child of necktie
black tie is the child of bow tie
white tie is the child of bow tie
neckcloth is the child of cravat
string tie is the child of cravat
```"
88,"The taxonomy tree starts with ""vestment"" as the root, encompassing various types of garments worn for ceremonial, liturgical, or academic purposes. Direct children of ""vestment"" include ""alb,"" ""chasuble,"" ""cassock,"" ""surplice,"" ""pallium,"" and ""gown,"" each representing a distinct type of vestment. The ""gown"" category branches into ""academic gown,"" which is worn for academic ceremonies, and ""Geneva gown,"" a specific type of gown associated with the Reformed tradition. The ""cassock"" category includes ""soutane,"" a type of cassock worn by Catholic clergy, and ""pontifical,"" which refers to a cassock worn by bishops. The ""chasuble"" is a specific type of vestment worn by priests during the Eucharist, and ""humeral veil"" is a type of veil worn over the chasuble. This hierarchical structure logically organizes vestments from general categories to more specific types, based on their use, design, and tradition.

```taxonomy
alb is the child of vestment
chasuble is the child of vestment
cassock is the child of vestment
surplice is the child of vestment
pallium is the child of vestment
gown is the child of vestment
academic gown is the child of gown
Geneva gown is the child of gown
soutane is the child of cassock
pontifical is the child of cassock
humeral veil is the child of chasuble
```"
89,"The taxonomy tree starts with ""acrobatic stunt"" as the root, encompassing various physical movements that require agility, balance, and coordination. Direct children of ""acrobatic stunt"" include ""tumble,"" ""flip-flop,"" ""headstand,"" ""backbend,"" and ""split,"" each representing a distinct type of acrobatic movement. The ""tumble"" category branches into more dynamic movements like ""cartwheel,"" which involves rotating while airborne, and ""handspring,"" a forward-moving flip. ""Handsprint"" further leads to ""walkover,"" a movement that transitions from a handstand to a standing position. The ""flip-flop"" category includes ""somersault,"" a rolling movement, and ""back circle,"" which involves a circular motion. ""Headstand"" and ""backbend"" are more static poses that require balance and flexibility, while ""split"" is a stretch-based movement. This hierarchical structure categorizes acrobatic stunts from general to more specific movements, based on the type of motion and the body positions involved.

```taxonomy
tumble is the child of acrobatic stunt
flip-flop is the child of acrobatic stunt
headstand is the child of acrobatic stunt
backbend is the child of acrobatic stunt
split is the child of acrobatic stunt
cartwheel is the child of tumble
handspring is the child of tumble
walkover is the child of handspring
somersault is the child of flip-flop
back circle is the child of flip-flop
```"
90,"The taxonomy tree starts with ""endocrine gland"" as the root, encompassing organs that produce and secrete hormones directly into the bloodstream. Direct children of ""endocrine gland"" include ""pituitary,"" ""thyroid gland,"" ""adrenal gland,"" ""pineal gland,"" ""gonad,"" ""parathyroid gland,"" ""thymus gland,"" and ""islands of Langerhans,"" each representing a distinct type of endocrine gland. The ""pituitary"" category branches into ""anterior pituitary"" and ""posterior pituitary,"" highlighting the two distinct parts of the pituitary gland. The ""anterior pituitary"" further divides into ""pars distalis"" and ""pars intermedia,"" specifying regions within the anterior pituitary. The ""adrenal gland"" category includes ""adrenal cortex"" and ""adrenal medulla,"" representing the two functional parts of the adrenal gland. The ""gonad"" category branches into ""ovary,"" ""testis,"" and ""ovotestis,"" representing different types of reproductive glands. Additionally, ""ovary"" leads to ""corpus luteum,"" a temporary endocrine structure in the female reproductive system. The ""testis"" category includes ""undescended testis,"" a condition where the testis fails to descend into the scrotum. The ""prostate gland"" is also included as a type of endocrine gland, although it is primarily known for its role in the male reproductive system. This hierarchical structure logically organizes endocrine glands based on their function, location, and specificity.

```taxonomy
pituitary is the child of endocrine gland
thyroid gland is the child of endocrine gland
adrenal gland is the child of endocrine gland
pineal gland is the child of endocrine gland
gonad is the child of endocrine gland
parathyroid gland is the child of endocrine gland
thymus gland is the child of endocrine gland
islands of Langerhans is the child of endocrine gland
prostate gland is the child of endocrine gland
anterior pituitary is the child of pituitary
posterior pituitary is the child of pituitary
pars distalis is the child of anterior pituitary
pars intermedia is the child of anterior pituitary
adrenal cortex is the child of adrenal gland
adrenal medulla is the child of adrenal gland
ovary is the child of gonad
testis is the child of gonad
ovotestis is the child of gonad
corpus luteum is the child of ovary
undescended testis is the child of testis
```"
91,"The taxonomy tree starts with ""applicant"" as the root, encompassing various individuals or entities that express interest or make requests in different contexts. Direct children of ""applicant"" include ""petitioner,"" ""bidder,"" ""fundraiser,"" ""submitter,"" and ""claimant,"" each representing a distinct type of application or request. The ""petitioner"" category pertains to individuals making formal requests, often in a legal or official context, which leads to subcategories like ""postulant,"" indicating a person seeking a position or status, and ""pretender,"" suggesting someone making a claim, often in a more dubious or contentious manner. The ""bidder"" category includes individuals making offers, such as in auctions or business proposals. The ""fundraiser"" and ""submitter"" categories are more specific, focusing on individuals seeking financial support or submitting proposals, respectively. The ""claimant"" category includes ""besieger,"" indicating a more aggressive or forceful claim, and ""probable"" and ""possible"" are related concepts that suggest potential or likelihood, rather than direct applications. ""Aspirant"" and ""solicitor"" are also related, with ""aspirant"" indicating a person with ambitions or desires, and ""solicitor"" being a professional who makes requests or applications on behalf of others. ""Material"" and ""job candidate"" are more specific types of applicants, with ""material"" referring to a person or thing considered suitable for a particular purpose, and ""job candidate"" being an individual applying for a job. This hierarchical structure organizes applicants based on their goals, methods, and contexts.

```taxonomy
petitioner is the child of applicant
bidder is the child of applicant
fundraiser is the child of applicant
submitter is the child of applicant
claimant is the child of applicant
postulant is the child of petitioner
pretender is the child of petitioner
besieger is the child of claimant
probable is the child of applicant
possible is the child of applicant
aspirant is the child of applicant
solicitor is the child of applicant
material is the child of applicant
job candidate is the child of applicant
```"
92,"The taxonomy tree starts with ""saw"" as the root, encompassing various tools used for cutting through materials. Direct children of ""saw"" include broad categories like ""handsaw,"" ""backsaw,"" and ""pruning saw,"" each representing a distinct type of saw based on its application or design. The ""handsaw"" category branches into more specific types, including ""coping saw,"" used for curved cuts; ""keyhole saw,"" designed for precision cuts in tight spaces; ""compass saw,"" featuring a narrow, flexible blade for intricate cuts; and ""hacksaw,"" used for cutting metal pipes and tubing. The ""backsaw"" category includes ""pruning saw,"" used for cutting branches, and ""crown saw,"" a specialized saw for cutting crowns or curved surfaces. The ""two-handed saw"" category includes ""ripsaw,"" used for cutting with the grain, and ""crosscut saw,"" used for cutting across the grain. Additionally, ""pitsaw,"" ""bucksaw,"" and ""folding saw"" are types of saws that are often used in specific contexts or for particular tasks. This hierarchical structure organizes saws from general categories to more specialized tools based on their design, application, and functionality.

```taxonomy
handsaw is the child of saw
backsaw is the child of saw
pruning saw is the child of saw
coping saw is the child of handsaw
keyhole saw is the child of handsaw
compass saw is the child of handsaw
hacksaw is the child of handsaw
two-handed saw is the child of saw
ripsaw is the child of two-handed saw
crosscut saw is the child of two-handed saw
pitsaw is the child of two-handed saw
bucksaw is the child of two-handed saw
folding saw is the child of handsaw
crown saw is the child of backsaw
pruner is the child of pruning saw
bill is the child of pruning saw
```"
93,"The taxonomy tree starts with ""spore"" as the root, encompassing various types of reproductive units found in plants, fungi, and other organisms. Direct children of ""spore"" include broad categories like ""pollen,"" ""endospore,"" and specific types such as ""basidiospore,"" ""ascospore,"" ""conidium,"" and ""zoospore."" The ""pollen"" category branches into more specialized forms like ""ragweed pollen,"" ""pollinium,"" and ""microspore,"" which are associated with seed plants and their reproductive cycles. ""Endospore"" leads to ""resting spore,"" indicating a dormant state, and ""chlamydospore,"" a type of fungal spore. Other fungal spores include ""aeciospore,"" ""teliospore,"" and ""basidiospore,"" each with distinct roles in fungal life cycles. ""Fern seed"" is a misnomer for the spores of ferns, which are actually ""tetraspore"" in nature. ""Agamete"" is a non-motile spore, while ""oospore"" and ""carpospore"" are types of spores associated with algae and red algae, respectively. ""Zygospore"" is a type of spore resulting from the union of two gametes. This hierarchical structure categorizes spores based on their origin, function, and characteristics, providing a comprehensive classification system.

```taxonomy
pollen is the child of spore
endospore is the child of spore
basidiospore is the child of spore
ascospore is the child of spore
conidium is the child of spore
zoospore is the child of spore
ragweed pollen is the child of pollen
pollinium is the child of pollen
microspore is the child of pollen
resting spore is the child of endospore
chlamydospore is the child of endospore
aeciospore is the child of spore
teliospore is the child of spore
tetraspore is the child of spore
fern seed is the child of tetraspore
agamete is the child of spore
oospore is the child of spore
carpospore is the child of spore
zygospore is the child of spore
megaspore is the child of spore
```"
94,"The taxonomy tree starts with ""native"" as the root, encompassing various ethnic and national groups. Direct children of ""native"" include broad categories like ""Russian,"" ""Georgian,"" ""Filipino,"" ""Mauritian,"" ""Seychellois,"" and ""Chechen,"" each representing a distinct national or ethnic identity. The ""Russian"" category branches into more specific groups, including ""Great Russian,"" ""Muscovite,"" ""Ingrian,"" ""Karelian,"" ""Veps,"" ""Komi,"" ""Udmurt,"" and ""Siberian,"" which denote different ethnic or regional identities within Russia. The ""Filipino"" category includes ""Tagalog,"" ""Cebuan,"" and ""Visayan,"" representing major ethnic groups in the Philippines. Other categories like ""Georgian,"" ""Mauritian,"" ""Seychellois,"" and ""Chechen"" remain as distinct national identities. The ""Siberian"" branch further includes ""Tatar,"" ""Selkup,"" ""Ostyak,"" ""Vogul,"" ""Nganasan,"" ""Samoyed,"" ""Yeniseian,"" ""Mordva,"" ""Cheremis,"" and ""Chukchi,"" which are indigenous groups of Siberia. This structure logically organizes ethnic and national groups from broad categories to more specific identities based on geography and cultural heritage.

```taxonomy
Russian is the child of native
Georgian is the child of native
Filipino is the child of native
Mauritian is the child of native
Seychellois is the child of native
Chechen is the child of native
Great Russian is the child of Russian
Muscovite is the child of Russian
Ingrian is the child of Russian
Karelian is the child of Russian
Veps is the child of Russian
Komi is the child of Russian
Udmurt is the child of Russian
Siberian is the child of Russian
Tagalog is the child of Filipino
Cebuan is the child of Filipino
Visayan is the child of Filipino
Tatar is the child of Siberian
Selkup is the child of Siberian
Ostyak is the child of Siberian
Vogul is the child of Siberian
Nganasan is the child of Siberian
Samoyed is the child of Siberian
Yeniseian is the child of Siberian
Mordva is the child of Siberian
Cheremis is the child of Siberian
Chukchi is the child of Siberian
Levantine is the child of native
Moro is the child of native
```"
95,"The taxonomy tree starts with ""country-dance"" as the root, encompassing various traditional dances often performed in groups. Direct children of ""country-dance"" include ""longways,"" ""square dance,"" and ""quadrille,"" each representing a distinct formation or style of dance. The ""longways"" category pertains to dances performed in lines, leading to subcategories like ""Virginia reel,"" which involves a series of figures performed by couples in a line. ""Square dance"" branches into ""do-si-do,"" a specific call within square dancing, and ""promenade,"" which involves a procession of couples around the dance floor. The ""quadrille"" category includes ""lancers,"" a specific type of quadrille dance. ""Reel"" is a type of dance that can be performed in various formations, including ""highland fling,"" a traditional Scottish dance, and ""eightsome,"" a type of reel performed by eight dancers. ""Swing"" is a style of dance that can be performed in various contexts, including country-dance. ""Sashay"" is a movement that can be used in various dances, including country-dance. This hierarchical arrangement logically organizes country-dance types from general to more specialized forms, based on formation and style.

```taxonomy
longways is the child of country-dance
square dance is the child of country-dance
quadrille is the child of country-dance
Virginia reel is the child of longways
do-si-do is the child of square dance
promenade is the child of square dance
lancers is the child of quadrille
highland fling is the child of reel
eightsome is the child of reel
swing is the child of country-dance
sashay is the child of country-dance
landler is the child of country-dance
```"
96,"The taxonomy tree starts with ""toothed whale"" as the root, encompassing various cetaceans characterized by their toothed dentition. Direct children of ""toothed whale"" include ""sperm whale,"" ""pilot whale,"" ""dolphin,"" ""porpoise,"" and ""beaked whale,"" each representing a distinct family or genus within toothed whales. The ""dolphin"" category branches into more specific types, such as ""bottlenose dolphin,"" which further divides into ""Atlantic bottlenose dolphin"" and ""Pacific bottlenose dolphin,"" highlighting geographical variations. ""Bottlenose dolphin"" also has a synonym, ""bottle-nosed whale,"" indicating a common naming variation. The ""dolphin"" category also includes ""common dolphin"" and ""river dolphin,"" representing different habitats and characteristics. The ""porpoise"" category includes ""harbor porpoise,"" specifying a particular species. The ""sperm whale"" category branches into ""pygmy sperm whale"" and ""dwarf sperm whale,"" indicating smaller species within this group. ""Beaked whale"" and ""pilot whale"" remain as distinct categories without further sub-classification in this taxonomy. This structure logically organizes toothed whales from broad categories to more specific species based on their characteristics and habitats.

```taxonomy
sperm whale is the child of toothed whale
pilot whale is the child of toothed whale
dolphin is the child of toothed whale
porpoise is the child of toothed whale
beaked whale is the child of toothed whale
bottlenose dolphin is the child of dolphin
common dolphin is the child of dolphin
river dolphin is the child of dolphin
Atlantic bottlenose dolphin is the child of bottlenose dolphin
Pacific bottlenose dolphin is the child of bottlenose dolphin
bottle-nosed whale is the child of bottlenose dolphin
harbor porpoise is the child of porpoise
pygmy sperm whale is the child of sperm whale
dwarf sperm whale is the child of sperm whale
grampus is the child of dolphin
killer whale is the child of dolphin
vaquita is the child of porpoise
white whale is the child of toothed whale
```"
97,"The taxonomy tree starts with ""examination"" as the root, encompassing various methods of investigation, assessment, or scrutiny. Direct children of ""examination"" include broad categories like ""inspection,"" ""testing,"" ""screening,"" ""survey,"" ""comparison,"" and ""audit,"" each representing a distinct approach to examination. The ""inspection"" category branches into more specific types such as ""checkup,"" ""scan,"" ""palpation,"" ""endoscopy,"" and ""going-over,"" which involve different techniques for assessing conditions or detecting issues. ""Endoscopy"" further specializes into various types like ""sigmoidoscopy,"" ""hysteroscopy,"" ""rhinoscopy,"" ""gastroscopy,"" ""culdoscopy,"" ""celioscopy,"" ""ophthalmoscopy,"" ""keratoscopy,"" ""proctoscopy,"" and ""colonoscopy,"" each focusing on a specific area of the body. ""Screening"" includes ""genetic screening"" and ""ballottement,"" which are methods for detecting specific conditions. ""Survey"" branches into ""resurvey"" and ""time and motion study,"" indicating different scopes of assessment. ""Comparison"" includes ""likening,"" ""analogy,"" and ""contrast,"" which are methods for evaluating similarities and differences. ""Audit"" includes ""bank examination"" and ""spot check,"" which are specific types of financial or quality assessments. This hierarchical structure organizes examination types from general to highly specialized methods, based on their purpose, technique, and scope.

```taxonomy
inspection is the child of examination
testing is the child of examination
screening is the child of examination
survey is the child of examination
comparison is the child of examination
audit is the child of examination
checkup is the child of inspection
scan is the child of inspection
palpation is the child of inspection
endoscopy is the child of inspection
going-over is the child of inspection
sigmoidoscopy is the child of endoscopy
hysteroscopy is the child of endoscopy
rhinoscopy is the child of endoscopy
gastroscopy is the child of endoscopy
culdoscopy is the child of endoscopy
celioscopy is the child of endoscopy
ophthalmoscopy is the child of endoscopy
keratoscopy is the child of endoscopy
proctoscopy is the child of endoscopy
colonoscopy is the child of endoscopy
genetic screening is the child of screening
ballottement is the child of screening
resurvey is the child of survey
time and motion study is the child of survey
likening is the child of comparison
analogy is the child of comparison
contrast is the child of comparison
bank examination is the child of audit
spot check is the child of audit
fine-tooth comb is the child of inspection
once-over is the child of inspection
check is the child of inspection
search is the child of inspection
confrontation is the child of comparison
collation is the child of comparison
follow-up is the child of examination
autopsy is the child of examination
```"
98,"The taxonomy tree starts with ""drug user"" as the root, encompassing various individuals who consume substances for non-medical purposes. Direct children of ""drug user"" include ""drug addict,"" which specifies a user with a compulsive need for a substance, and ""withdrawer,"" indicating someone experiencing withdrawal symptoms. The ""drug addict"" category branches into more specific types based on the substance of addiction, such as ""caffeine addict,"" ""heroin addict,"" ""cocaine addict,"" ""opium addict,"" and others. These substance-specific addictions can further be categorized into slang terms or colloquialisms used to describe individuals with those addictions, like ""pill head"" for someone addicted to pills, ""hash head"" for hashish, ""acid head"" for LSD, and ""pothead"" for marijuana. Additionally, terms like ""triper"" and ""speed freak"" describe users of specific substances, while ""head"" is a more general term for someone who frequently uses a particular substance. This hierarchical structure organizes drug users from a broad category to more specific types based on the substance used and colloquial terms associated with those substances.

```taxonomy
drug addict is the child of drug user
withdrawer is the child of drug user
caffeine addict is the child of drug addict
heroin addict is the child of drug addict
cocaine addict is the child of drug addict
opium addict is the child of drug addict
pill head is the child of drug addict
hash head is the child of drug addict
acid head is the child of drug addict
pothead is the child of drug addict
triper is the child of drug addict
speed freak is the child of drug addict
head is the child of drug addict
crack addict is the child of cocaine addict
```"
99,"The taxonomy tree starts with ""male child"" as the root, encompassing various terms that describe boys or young males in different contexts. Direct children of ""male child"" include ""schoolboy,"" ""shop boy,"" and ""farm boy,"" which describe boys in specific environments or roles. The ""schoolboy"" category is straightforward, while ""shop boy"" and ""farm boy"" indicate boys working or living in those settings.

A significant branch under ""male child"" is ""Scout,"" which includes various scouting organizations and roles. ""Scout"" branches into ""Boy Scout,"" ""Cub Scout,"" ""Sea Scout,"" and ""Eagle Scout,"" each representing different levels or types of scouting involvement. ""Cub Scout"" further branches into ""cub,"" indicating a younger member of the Cub Scouts. ""Boy Scout"" also has a subcategory, ""rover,"" which typically refers to an older scout.

Other categories under ""male child"" include ""altar boy,"" a boy who assists in religious ceremonies, and ""ball boy"" or ""bat boy,"" boys who assist in sports settings. ""Plowboy"" is a term for a boy who works with plows, often in an agricultural context. ""Fauntleroy"" is a term for a boy who is excessively refined or elegant, often in a way considered affected.

The term ""catamite"" is a historical term for a young boy kept for sexual purposes, and it is included in this taxonomy as a term that has been used to describe a male child, although its connotations are very different from the other terms.

""Brownie"" and ""Girl Scout"" are included as they relate to scouting organizations, but they are not direct children of ""male child"" as they refer to girls. However, they are included in the taxonomy to show their relationship to the scouting organizations.

```taxonomy
schoolboy is the child of male child
shop boy is the child of male child
farm boy is the child of male child
Scout is the child of male child
altar boy is the child of male child
ball boy is the child of male child
bat boy is the child of male child
plowboy is the child of male child
Fauntleroy is the child of male child
catamite is the child of male child
Boy Scout is the child of Scout
Cub Scout is the child of Scout
Sea Scout is the child of Scout
Eagle Scout is the child of Scout
cub is the child of Cub Scout
rover is the child of Boy Scout
Brownie is the child of Scout
Girl Scout is the child of Scout
```"
