,0
0,"
graph LR
0[""StartNode""] --> 1[""Interview Patients""]
0 --> 2[""File results and expertise""]
1 --> 3[""Create report""]
2 --> 3
3 --> 4{""Answer to expertise request""}
4 --> |""No""|5[""Ask for external expertise""]
4 --> |""Yes""|6[""Forward report to referee""]
5 --> 7{""Expert responds in time""}
7 --> |""Yes""|6
7 --> |""No""|5
6 --> 8[""Fill out check to pay for expenses""]
8 --> 9[""EndNode""]
"
1,"
graph LR
0[""StartNode""] --> 1[""Register participation""]
1 --> 2{""Fees required?""}
2 --> |""No""|3[""Register post-seminar results""]
2 --> |""Yes""|4[""Create purchase request""]
4 --> 5{""Purchase approved?""}
5 --> |""No""|6[""Notify rejection""]
5 --> |""Yes""|7[""Send approval notification""]
6 --> 8[""EndNode""]
7 --> 3
3 --> 9[""EndNode""]
"
2,"
graph LR
0[""StartNode""] --> 1[""Accept item""]
1 --> 2[""Dairy""]
1 --> 3[""Other""]
1 --> 4[""Vegetable""]
2 --> 5[""Fruits""]
5 --> 6[""Fruit Categorization""]
4 --> 7[""Vegetable Categorization""]
7 --> 8[""Milk""]
7 --> 9[""Cheese""]
6 --> 10[""Non-perishable""]
6 --> 11[""Perishable""]
8 --> 12[""Temperature Weight and Date Center""]
9 --> 12
10 --> 12
11 --> 12
12 --> 13[""Store items""]
"
3,"
graph LR
0[""StartNode""] --> 1[""Detect Incident""]
1 --> 2{""Financial Impact?""}
2 --> |""NO""|3[""EndNode""]
2 --> |""YES""|4[""Open EMS""]
4 --> 5[""Contact Application Team""]
4 --> 6[""Contact SA Team""]
4 --> 7[""Contact DBA Team""]
5 --> 8[""Open Conference Line""]
6 --> 8
7 --> 8
8 --> 9[""Troubleshoot Issue""]
9 --> 10{""Resolution Known?""}
10 --> |""YES""|11[""Fix Issue""]
10 --> |""NO""|12[""Check with Vendor""]
12 --> 13{""Vendor has Fix?""}
13 --> |""NO""|14[""Failover to COB""]
13 --> |""YES""|11
11 --> 15[""Resolve and Close EMS""]
15 --> 16[""EndNode""]
"
4,"
graph LR
0[""StartNode""] --> 1[""Open event creation page""]
1 --> 2[""Populate name form""]
2 --> 3[""Populate time forms""]
3 --> 4[""Populate location forms""]
4 --> 5[""Populate additional information""]
5 --> 6[""Configure privacy settings""]
6 --> 7[""Confirm event creation""]
7 --> 8{""Is name form populated?""}
8 --> |""No""|2
8 --> |""Yes""|9{""Is end time after start time?""}
9 --> |""No""|10[""Display incorrect time notification""]
10 --> 11[""Go back and populate time forms""]
11 --> 3
9 --> |""Yes""|12[""Save event information""]
12 --> 13[""Event information saved on Facebook""]
13 --> 14[""EndNode""]
"
5,"
graph LR
0[""StartNode""] --> 1[""Weekly""]
1 --> 2[""Pay invoices""]
2 --> 3[""Generate payment report""]
3 --> 4[""Send payment report to Accounts Receivable Department""]
3 --> 5[""Send payment report to registry""]
5 --> 6[""Generate monthly invoices""]
6 --> 7[""Send out invoices""]
7 --> 8[""EndNode""]
"
6,"
graph LR
0[""StartNode""] --> 1[""Submit Purchase Order""]
1 --> 2[""Select Warehouse""]
2 --> 3[""Reserve Inventory""]
3 --> 4{""Purpose of Purchase Order""}
4 --> |""Replenish Inventory""|5[""Replenish Inventory""]
4 --> |""Confirm Order for Delivery""|6[""Confirm Order for Delivery""]
5 --> 6
6 --> 7[""EndNode""]
"
7,"
graph LR
0[""StartNode""] --> 1[""Verify RFQ""]
1 --> 2{""RFQ verified?""}
2 --> |""No""|3[""Ask for more information""]
2 --> |""Yes""|4[""Analyze RFQ""]
3 --> 5[""Provide clarification""]
4 --> 2
5 --> 2
2 --> |""Yes""|6[""Add overhead costs""]
6 --> 7[""Generate pricing options""]
7 --> 8[""Generate sales quote""]
8 --> 9[""EndNode""]
"
8,"
graph LR
0[""StartNode""] --> 1[""Receive negotiated conditions""]
1 --> 2[""Check for completeness""]
2 --> 3{""Data complete?""}
3 --> |""No""|4[""Send failure notice""]
4 --> 5[""EndNode""]
3 --> |""Yes""|6[""Perform risk assessment""]
6 --> 2
2 --> 3{""Data complete?""}
3 --> |""Yes""|7[""Check reinsurance option""]
7 --> 8[""Finish contract""]
8 --> 5
"
9,"
graph LR
0[""Hungry feeling""] --> 1[""Decide to cook""]
1 --> 2[""Choose recipes""]
2 --> 3[""Prepare ingredients""]
3 --> 4[""Prepare water for pasta""]
3 --> 5[""Prepare salad for washing""]
4 --> 6[""Put pasta into water""]
5 --> 7[""Wash salad""]
6 --> 8[""Prepare ingredients to make sauce""]
7 --> 9[""Prepare ingredients to make dressing""]
8 --> 10[""Make sauce""]
9 --> 11[""Make dressing""]
10 --> 12[""Bring dishes to table""]
11 --> 12
12 --> 13[""Prepare dishes""]
13 --> 14[""Bring meal to table""]
14 --> 15[""Finish lunch""]
"
10,"
graph LR
0[""Customer encounters a problem""] --> 1[""Obtain a detailed description of the problem""]
1 --> 2{""Can I handle the problem myself?""}
2 --> |""Yes""|3[""Explain the solution""]
2 --> |""No""|4[""Send an email to the support system""]
4 --> 2
3 --> 5[""EndNode""]
4 --> 6[""Wait for an answer to be received""]
6 --> 3
"
11,"
graph LR
0[""StartNode""] --> 1[""Complete purchase order""]
1 --> 2[""Send invoice""]
1 --> 3[""Send goods""]
2 --> 4[""Process concludes""]
3 --> 4
"
12,"
graph LR
0[""StartNode""] --> 1[""Prepare shipment order""]
1 --> 2[""Send shipment order""]
2 --> 3{""Response positive?""}
3 --> |""No""|4[""End and Link A""]
3 --> |""Yes""|5[""Accept shipment order""]
5 --> 3
3 --> |""No""|4
3 --> |""Yes""|6[""Realize ordered shipment""]
6 --> 7[""EndNode""]
"
13,"
graph LR
0[""Order received""] --> 1[""Create invoice""]
0 --> 2[""Prepare shipping""]
1 --> 3[""Send invoice""]
2 --> 4[""Ship item""]
3 --> 5[""Confirm payment""]
5 --> 6[""EndNode""]
"
14,"
graph LR
0[""StartNode""] --> 1{""Can fulfill order?""}
1 --> |""Yes""|2[""Confirm order""]
1 --> |""No""|3[""Reject order""]
2 --> 4[""Deliver order""]
3 --> 5[""Notify order rejected""]
4 --> 6[""Notify order delivered""]
1 --> 2
3 --> 5
"
15,"
graph LR
0[""StartNode""] --> 1[""Verify RFQ""]
1 --> 2{""Verification successful?""}
2 --> |""No""|3[""Ask for more information""]
2 --> |""Yes""|4[""Analyze RFQ""]
3 --> 1
4 --> 5[""Provide L&M cost estimates""]
4 --> 1
1 --> 2
2 --> |""Yes""|6[""Add overhead cost""]
2 --> |""No""|3
6 --> 7[""Generate pricing options""]
7 --> 1
1 --> 2
2 --> |""Yes""|8[""Generate sales quote""]
8 --> 9[""EndNode""]
"
16,"
graph LR
0[""StartNode""] --> 1[""Check Customer's Credit History""]
0 --> 2[""Conduct a Property Survey""]
0 --> 3[""Search the Property Title""]
1 --> 4[""EndNode""]
2 --> 4
3 --> 4
"
17,"
graph LR
0[""StartNode""] --> 1[""Change status""]
1 --> 2{""Product on sale?""}
2 --> |""Yes""|3[""Product marked as on sale""]
2 --> |""No""|4[""Product marked as not on sale""]
3 --> 5[""EndNode""]
4 --> 5
2 --> 2
"
18,"
graph LR
0[""StartNode""] --> 1[""Identify invoice errors""]
0 --> 2[""Highlight errors on entry form""]
0 --> 3[""Update record of mistakes""]
1 --> 4[""Send invoice back""]
2 --> 4
3 --> 4
4 --> 5[""EndNode""]
"
19,"
graph LR
0[""StartNode""] --> 1[""Run invoice payment process for SSP""]
1 --> 2[""Send payment report to Accounts Receivable""]
1 --> 3[""Run invoice payment process""]
1 --> 4[""Generate invoice payment report""]
2 --> 5[""Generate monthly invoices for clients""]
3 --> 5
4 --> 5
5 --> 6[""Charge clients""]
6 --> 7[""EndNode""]
2 --> 8[""Send payment report to Client""]
8 --> 7
2 --> 9[""Send payment report to Registry""]
9 --> 7
"
20,"
graph LR
0[""StartNode""] --> 1[""Check completeness""]
1 --> 2[""Verify credit history""]
2 --> 3[""Examine loan request""]
3 --> 4{""Check Result?""}
4 --> |""Rejection""|5[""Customer request rejected""]
4 --> |""Acceptance""|6[""Customer request approved""]
5 --> 7[""EndNode""]
6 --> 7
"
21,"
graph LR
0[""StartNode""] --> 1[""Extract work orders""]
0 --> 2[""Extract notifications""]
1 --> 3[""Load work orders""]
2 --> 4[""Load notifications""]
3 --> 5[""Pull together work order report""]
4 --> 6[""Pull together notification report""]
3 --> 7[""Extract inspection orders""]
7 --> 8[""Load inspection orders""]
8 --> 9[""Pull together inspection order report""]
5 --> 10[""Link reports from PPT""]
6 --> 10
9 --> 10
10 --> 11[""Create and send email""]
11 --> 12[""WHISKY""]
12 --> 13[""EndNode""]
"
22,"
graph LR
0[""StartNode""] --> 1[""Plan menu""]
0 --> 2[""Prepare chicken""]
0 --> 3[""Make salad""]
2 --> 4[""Refine chicken""]
4 --> 5[""Prepare salad""]
3 --> 5
5 --> 6[""Serve menu""]
6 --> 7[""EndNode""]
"
23,"
graph LR
0[""StartNode""] --> 1[""Write a letter""]
1 --> 2[""Obtain letter""]
2 --> 3{""Is member?""}
3 --> |""No""|4[""EndNode""]
3 --> |""Yes""|5[""Obtain second letter""]
5 --> 3
3 --> |""Yes""|6[""Pay fee""]
6 --> 7[""Receive card""]
7 --> 8[""EndNode""]
"
24,"
graph LR
0[""Feel hungry""] --> 1[""Have a dinner""]
1 --> 2[""Have a salad""]
1 --> 3[""Enjoy some ice-cream""]
1 --> 4[""Savor a plate of pasta""]
2 --> 5[""Feel satisfied""]
3 --> 5
4 --> 5
"
25,"
graph LR
0[""Start SSP process""] --> 1[""Empty SAP Master Record Outbox""]
1 --> 2[""Deliver requests to Master Data Entry Department""]
1 --> 3[""Empty Master Data Entry Outbox""]
2 --> 4[""Receive Vendor Master Record Requests Form""]
3 --> 4
4 --> 5[""Process Vendor Master Record Requests""]
5 --> 6[""Place completed requests in Data Entry Officer Inbox""]
6 --> 7[""EndNode""]
"
26,"
graph LR
0[""StartNode""] --> 1[""Register event participation""]
0 --> 2[""Register process seminar results""]
0 --> 3[""Create a purchase request""]
3 --> 4{""Purchase request approve?""}
4 --> |""Rejected""|5[""Notify rejection""]
4 --> |""Approved""|6[""Send approved notification""]
5 --> 7[""EndNode""]
6 --> 4
4 --> |""Rejected""|5
4 --> |""Approved""|6
6 --> 8[""EndNode""]
6 --> 2
2 --> 8
"
27,"
graph LR
0[""StartNode""] --> 1[""Place an order""]
1 --> 2[""Verify customer""]
2 --> 3{""Customer okay?""}
3 --> |""No""|4[""Create new customer""]
3 --> |""Yes""|5[""Check availability""]
4 --> 6[""EndNode""]
5 --> 7{""Product available?""}
7 --> |""No""|8[""Produce goods""]
7 --> |""Yes""|9[""Ship goods""]
8 --> 6
9 --> 6
"
28,"
graph LR
0[""StartNode""] --> 1[""Move to square (2,5)""]
1 --> 2{""Response from all players received?""}
2 --> |""No""|3[""Wait for message""]
3 --> 2
2 --> |""Yes""|4[""EndNode""]
"
29,"
graph LR
0[""StartNode""] --> 1[""Obtain credit score""]
0 --> 2[""Get credit score""]
0 --> 3[""Check credit score""]
1 --> 4[""Check income to payment ratio""]
2 --> 4
3 --> 4
4 --> 5[""Assess credit risk""]
5 --> 6[""Process concludes""]
"
30,"
graph LR
0[""StartNode""] --> 1[""Receive payment from previous week""]
1 --> 2{""Payment received for previous week?""}
2 --> |""No""|3[""Document bad credit against accounts receivable and member's file""]
2 --> |""Yes""|4[""Update members and accounts receivable file""]
2 --> |""Yes""|5[""Process order""]
3 --> 2
4 --> 5
5 --> 2
2 --> |""No""|3
2 --> |""Yes""|4
2 --> |""Yes""|5
3 --> 6[""Inform members about bad credit status""]
3 --> 7[""Suspend future order processing""]
4 --> 6
4 --> 7
5 --> 6
5 --> 7
6 --> 8[""Update members and accounts receivable file""]
6 --> 9[""Process order""]
7 --> 8
7 --> 9
8 --> 10[""Complete credit check""]
9 --> 10
10 --> 11[""Inform members about bad credit status""]
10 --> 12[""Suspend future order processing""]
11 --> 13[""EndNode""]
12 --> 13
"
31,"
graph LR
0[""StartNode""] --> 1{""RFQ verified?""}
1 --> |""No""|2[""Ask for more information""]
1 --> |""Yes""|3[""Analyze RFQ and provide L&M cost estimates""]
3 --> 1
1 --> |""Yes""|4[""Provide verification""]
4 --> 5[""Add overhead costs and generate pricing options""]
5 --> 6[""Generate sales quote""]
6 --> 7[""EndNode""]
"
32,"
graph LR
0[""StartNode""] --> 1[""Bring computer to ACM""]
1 --> 2[""Describe computer problem""]
2 --> 3[""Receive estimate""]
3 --> 4[""Evaluate estimate""]
4 --> |""Unacceptable""|5[""Take computer back""]
4 --> |""Acceptable""|6[""Authorize repair""]
5 --> 7[""EndNode""]
6 --> 8[""Receive repair notice""]
8 --> 9[""Receive invoice and P/S document""]
9 --> |""Problem not fixed""|7
9 --> |""Problem fixed""|10[""Send payment""]
10 --> 7
"
33,"
graph LR
0[""StartNode""] --> 1[""Analyze and check consistency""]
1 --> 2[""Analyze 'Goal Model'""]
2 --> 3[""Analyze 'Business Process Models'""]
3 --> 4{""Are all goals satisfied and each activity corresponds to at least one goal?""}
4 --> |""No""|5[""Update""]
5 --> 1
4 --> |""Yes""|6[""EndNode""]
"
34,"
graph LR
0[""StartNode""] --> 1[""Identify Vacancy""]
1 --> 2[""Manage Position Profile""]
2 --> 3[""Review Terms & Conditions""]
2 --> 4[""Assemble Selection Panel""]
3 --> 5[""EndNode""]
4 --> 5
"
35,"
graph LR
0[""StartNode""] --> 1[""Verify form structure""]
1 --> 2{""Form correct?""}
2 --> |""No""|3[""Form error""]
2 --> |""Yes""|4[""Verify proposal""]
4 --> 5{""Everything okay?""}
5 --> |""Yes""|6[""Process successful""]
5 --> |""No""|7[""Process failure""]
3 --> 8[""EndNode""]
6 --> 8
7 --> 8
"
36,"
graph LR
0[""StartNode""] --> 1[""Receive negotiated conditions""]
1 --> 2{""Data complete?""}
2 --> |""No""|3[""Send failure notice""]
2 --> |""Yes""|4[""Categorize customer""]
4 --> 5{""Data complete?""}
5 --> |""No""|3
5 --> |""Yes""|6[""Check insurance benefits""]
6 --> 7[""Finish contract""]
7 --> 8[""EndNode""]
"
37,"
graph LR
0[""Receive signed offer""] --> 1[""Register acceptance of contract""]
0 --> 2[""Scan offer's billing information""]
0 --> 3[""Scan pincode""]
0 --> 4[""Register competitor's information""]
1 --> 5[""Process offer""]
2 --> 5
3 --> 5
4 --> 5
"
38,"
graph LR
0[""StartNode""] --> 1[""Finish by the end of the week""]
1 --> 2[""Generate and send payment report""]
1 --> 3[""Handle Individual Client's payment report""]
3 --> 4[""SSP's Accounts Receivable Department's payment report""]
4 --> 5[""Registry's payment report""]
2 --> 6[""EndNode""]
5 --> 6
"
39,"
graph LR
0[""StartNode""] --> 1[""Execution begins""]
1 --> 2{""First execution?""}
2 --> |""Yes""|3[""Actors allocated arbitrarily""]
2 --> |""No""|4[""Actors allocated based on best known placement""]
3 --> 5{""Application still executing?""}
4 --> 5
5 --> |""No""|6[""Execution ends""]
5 --> |""Yes""|7[""Application profiling""]
7 --> 8[""Expected performance estimated""]
8 --> 9{""Another placement with higher expected performance?""}
9 --> |""Yes""|10[""New placement deployed""]
9 --> |""No""|5
10 --> 5
6 --> 11[""EndNode""]
"
40,"
graph LR
0[""StartNode""] --> 1[""Check number of panellists""]
1 --> 2[""Photocopy applications""]
2 --> 3[""Focus on every complete application""]
2 --> 4[""Send original copy to archives""]
4 --> 5[""Pay attention to every compliant application""]
2 --> 6[""Forward others to recruitment manager""]
5 --> 7[""EndNode""]
6 --> 7
"
41,"
graph LR
0[""StartNode""] --> 1[""Informational Meeting""]
1 --> 2{""Meeting Successful?""}
2 --> |""No""|3[""EndNode""]
2 --> |""Yes""|4[""Storyboard Meeting""]
4 --> 5[""Check Content Prepared""]
5 --> 6{""Content Prepared?""}
6 --> |""No""|5
6 --> |""Yes""|7[""Develop Site""]
7 --> 8[""Complete Initial Draft""]
8 --> 9[""Check Marketing View""]
9 --> 10{""Marketing View?""}
10 --> |""No""|11[""Complete Final Version""]
10 --> |""Yes""|12[""Marketing Review""]
12 --> 13[""Design Process""]
12 --> 14{""Marketing Review Approved?""}
14 --> |""No""|3
14 --> |""Yes""|15[""Building and Reviewing Activity""]
11 --> 15
"
42,"
graph LR
0[""StartNode""] --> 1[""Receive RFQ""]
1 --> 2[""Verify RFQ""]
2 --> 3[""Produce 'Verify RFQ' data object""]
2 --> 4[""Produce 'Verified RFQ' data object""]
4 --> 5{""RFQ meets guidelines?""}
5 --> |""Yes""|6[""Produce L&M Cost Estimates""]
5 --> |""No""|7[""Communicate with customer""]
7 --> 5
5 --> |""Yes""|6
5 --> |""No""|7 --> 8[""Verify RFQ again""]
8 --> 5
6 --> 9[""EndNode""]
"
43,"
graph LR
0[""StartNode""] --> 1[""Plan and Manage Iteration""]
0 --> 2[""Initiate Project""]
1 --> 3[""Identify Requirements""]
2 --> 3
3 --> 4[""Refine Requirements""]
4 --> 5[""Agree on Technical Approach""]
5 --> 6[""EndNode""]
"
44,"
graph LR
0[""StartNode""] --> 1[""Prepare TS""]
1 --> 2[""Create Development Plan""]
2 --> 3[""Development and Unit Testing""]
3 --> 4[""Assembly""]
4 --> 5[""Assembly Test""]
5 --> 6{""Solution accepted for testing?""}
6 --> |""Yes""|7[""EndNode""]
6 --> |""No""|3
"
45,"
graph LR
0[""StartNode""] --> 1[""Customer has a problem""]
1 --> 2[""Provide problem description""]
2 --> 3{""Can handle problem themselves?""}
3 --> |""Yes""|4[""Explain solution""]
3 --> |""No""|5[""Ask for 1st level support""]
4 --> 6[""Check result""]
6 --> 7{""Is issue resolved?""}
7 --> |""Yes""|8[""Provide feedback for account manager""]
7 --> |""No""|9[""Ask developer""]
9 --> 10[""Provide feedback for 1st level support""]
9 --> 11[""Provide feedback for account manager""]
5 --> 9
5 --> 12[""Explain solution""]
12 --> 9
"
46,"
graph LR
0[""StartNode""] --> 1[""DB Tier is deployed""]
1 --> 2[""Web Tier is deployed""]
2 --> 3[""VM (mySQL) is deployed""]
3 --> 4[""DB Tier is deployed again""]
4 --> 5[""VM (Apache) is deployed""]
5 --> 6[""OS (mySQL) is deployed""]
5 --> 7[""OS (Apache) is deployed""]
6 --> 8[""mySQL is deployed""]
7 --> 9[""Apache Web Server is deployed""]
8 --> 10[""SugarCRM Database is created""]
9 --> 11[""PHP Modules are deployed""]
10 --> 12[""SugarCRM App is deployed""]
11 --> 12
12 --> 13[""App is connected to the DB""]
13 --> 14[""EndNode""]
"
47,"
graph LR
0[""StartNode""] --> 1[""Create order""]
1 --> 2[""Send to storage manager""]
2 --> 3[""Check availability""]
3 --> 4{""Product available?""}
4 --> |""Yes""|5[""Prepare for shipping""]
4 --> |""No""|6[""Forward to external vendor""]
5 --> 7[""Add delivery confirmation""]
5 --> 8[""Send delivery confirmation to storage manager""]
6 --> 9[""Check availability again""]
9 --> 10{""Product available after recheck?""}
10 --> |""Yes""|5
10 --> |""No""|6
5 --> 11[""Send back to requesting employee""]
6 --> 12[""Reordered product shipped""]
11 --> 13[""Send invoice to accountant""]
12 --> 13
13 --> 14[""EndNode""]
"
48,"
graph LR
0[""StartNode""] --> 1{""Economically beneficial?""}
1 --> |""No""|2{""Additional goals given?""}
1 --> |""Yes""|3{""User acceptance?""}
2 --> |""No""|4[""Project rejected""]
2 --> |""Yes""|3
3 --> |""Yes""|5[""Project implemented""]
3 --> |""No""|4
4 --> 6[""EndNode""]
5 --> 6
"
49,"
graph LR
0[""StartNode""] --> 1[""Notify successful payment""]
1 --> 2[""EndNode""]
"
50,"
graph LR
0[""StartNode""] --> 1[""Move cargo to warehouse""]
0 --> 2[""Conduct physical examination of cargo""]
0 --> 3[""Check documents""]
1 --> 4[""Register custom declaration""]
2 --> 4
3 --> 4
4 --> 5[""Provide support documents""]
5 --> 6[""Release goods""]
5 --> 7[""Send release notice""]
6 --> 8[""EndNode""]
7 --> 8
"
51,"
graph LR
0[""StartNode""] --> 1[""Initiate project""]
1 --> 2[""Conduct information search""]
2 --> 3[""Iteratively Develop Annotated Bibliography""]
3 --> 4[""Iteratively Develop Literature Review""]
4 --> 5[""Iteratively Develop Project Proposal""]
3 --> 6[""Iteratively Develop Project Presentation""]
4 --> 6
5 --> 6
6 --> 7[""Deliver Presentation""]
7 --> 8[""EndNode""]
"
52,"
graph LR
0[""StartNode""] --> 1[""Receive issue""]
1 --> 2[""Open ticket""]
2 --> 3[""Edit 1st level ticket""]
3 --> 4{""Result?""}
4 --> |""2nd level issue""|5[""Edit 2nd level ticket""]
4 --> |""Issue resolved""|6[""Send email to account manager""]
5 --> 4
6 --> 4
4 --> |""Fix scheduled for next release""|7[""Insert issue into product backlog""]
7 --> 8[""Send email to account manager""]
8 --> 9[""Close ticket""]
9 --> 10[""EndNode""]
"
53,"
graph LR
0[""StartNode""] --> 1[""Pay Airline Company""]
0 --> 2[""Pay HOTEL""]
0 --> 3[""Pay Car Rental""]
1 --> 4[""EndNode""]
2 --> 4
3 --> 4
"
54,"
graph LR
0[""StartNode""] --> 1[""Continue the process""]
0 --> 2[""Bring the process to an end""]
"
55,"
graph LR
0[""StartNode""] --> 1[""Verify RFQ""]
1 --> 2{""RFQ verified as 'ok'?""}
2 --> |""Yes""|3[""Provide LandM cost estimates""]
2 --> |""No""|4[""Ask for more information""]
4 --> 5[""Check RFQ again""]
5 --> 2
3 --> 6[""Add overhead cost""]
3 --> 7[""Generate pricing options""]
6 --> 8[""Generate sales quote""]
7 --> 8
4 --> 9[""Provide clarification""]
9 --> 8
8 --> 10[""EndNode""]
"
56,"
graph LR
0[""StartNode""] --> 1[""Send XYZ Message""]
1 --> 2[""Ensure integrity of message data""]
2 --> 3[""Check for changes since signing""]
3 --> 4[""Check Lodgment Acceptability""]
4 --> 5[""Establish requirement for manual examination""]
4 --> 6[""Generate Error report""]
5 --> 7[""Produce Lodgment Verification Report""]
6 --> 7
7 --> 8[""EndNode""]
"
57,"
graph LR
0[""StartNode""] --> 1[""Check customers' credit history""]
0 --> 2[""Conduct Property Title Search""]
1 --> 3[""End of process""]
2 --> 3
"
58,"
graph LR
0[""StartNode""] --> 1[""Send letter""]
1 --> 2[""Check correctness""]
2 --> 3{""Correctness check""}
3 --> |""No""|4[""Make phone call""]
3 --> |""Yes""|5[""Add mail number and date""]
4 --> 2
5 --> 6[""Record and archive letter""]
5 --> 2
6 --> 7[""Transmit letter""]
7 --> 8[""Register with Miranda""]
8 --> 9{""Membership decision""}
9 --> |""No""|10[""Provide negative answer""]
9 --> |""Yes""|11[""Stamp new member and date""]
10 --> 12[""EndNode""]
11 --> 13{""Membership check""}
13 --> |""No""|10
13 --> |""Yes""|14[""Add new member""]
14 --> 15[""Calculate membership fee""]
15 --> 16[""Write down amount""]
16 --> 17[""Prepare invoice at home""]
17 --> 18[""Send membership card""]
17 --> 19[""Send invoices""]
18 --> 20[""Print membership card""]
19 --> 20
20 --> 21[""EndNode""]
"
59,"
graph LR
0[""StartNode""] --> 1[""Incoming Frozen Item""]
1 --> 2[""Poultry""]
1 --> 3[""Fish""]
1 --> 4[""Beef""]
2 --> 5[""Pork""]
3 --> 5
4 --> 5
5 --> 6[""Type Categorization""]
5 --> 7[""White Meat""]
5 --> 8[""Dark Meat""]
7 --> 9[""Deboned""]
7 --> 10[""Bone-In""]
8 --> 9
8 --> 10
9 --> 11[""Temperature Weight and Date Center""]
10 --> 11
11 --> 12[""Pork""]
12 --> 13[""Type Categorization""]
13 --> 14[""Temperature Weight and Date Center""]
14 --> 15[""White Meat""]
15 --> 16[""Temperature Weight and Date Center""]
16 --> 17[""Type Categorization""]
17 --> 18[""Temperature Weight and Date Center""]
18 --> 19[""Dark Meat""]
19 --> 20[""Temperature Weight and Date Center""]
20 --> 21[""Deboned""]
21 --> 22[""Temperature Weight and Date Center""]
22 --> 23[""Bone-In""]
23 --> 24[""Temperature Weight and Date Center""]
24 --> 25[""Store items based on item policy""]
25 --> 26[""EndNode""]
"
60,"
graph LR
0[""Guest is hungry""] --> 1[""Fill pot with water""]
0 --> 2[""Buy sauce ingredients""]
1 --> 3[""Boil water""]
2 --> 4[""Prepare tomato sauce""]
3 --> 5[""Put in noodles""]
4 --> 6[""Add seasoning""]
5 --> 7[""Mix noodles with tomato sauce""]
6 --> 7
7 --> 8[""Meal prepared""]
8 --> 9[""EndNode""]
"
61,"
graph LR
0[""StartNode""] --> 1[""Receive Order""]
1 --> 2[""Check Availability""]
2 --> 3{""Article Available?""}
3 --> |""Yes""|4[""Ship Article""]
3 --> |""No""|5[""Procurement Activities""]
4 --> 6[""Financial Settlement""]
5 --> 2
6 --> 7[""Receive Payment""]
7 --> 8[""EndNode""]
"
62,"
graph LR
0[""StartNode""] --> 1[""Generate payment report""]
1 --> 2[""Pay vendor""]
1 --> 3[""Send payment report to Accounts Receivable Department""]
1 --> 4[""Send payment report to Registry""]
3 --> 5[""Generate monthly invoices for clients""]
4 --> 6[""Select paper-based invoices that have been paid""]
5 --> 7[""Charge client $35 per invoice""]
5 --> 8[""Archive invoices per vendor""]
6 --> 9[""Track down payment""]
8 --> 10[""Archive invoices per payment date""]
9 --> 10
7 --> 11[""EndNode""]
9 --> 11
"
63,"
graph LR
0[""StartNode""] --> 1[""Receive order""]
1 --> 2[""Send invoice""]
1 --> 3[""Ship products""]
2 --> 4[""Receive payment""]
3 --> 4
4 --> 5[""EndNode""]
"
64,"
graph LR
0[""StartNode""] --> 1[""Enter requested information""]
0 --> 2[""Type in date of arrival at SSP""]
0 --> 3[""Type in client name""]
0 --> 4[""Type in vendor name""]
1 --> 5[""EndNode""]
2 --> 5
3 --> 5
4 --> 5
"
65,"
graph LR
0[""StartNode""] --> 1[""Visit www.katyd.cz""]
1 --> 2[""Fill out form""]
2 --> 3{""Method of payment?""}
3 --> |""Offline""|4[""Show payment information""]
3 --> |""Online""|5[""Initiate payment process""]
4 --> 6[""Check subscription variant""]
5 --> 6
6 --> 7{""Variant of subscription?""}
7 --> |""Only print""|8[""Register payment information""]
7 --> |""Online or print&online""|9[""Assign subscription rights""]
8 --> 10[""Renew subscription""]
8 --> 11[""EndNode""]
9 --> 12[""Generate code""]
12 --> 13[""Enter code on website""]
13 --> 14[""EndNode""]
9 --> 15[""Register payment information""]
15 --> 16[""Renew subscription""]
16 --> 17[""Assign subscription rights""]
17 --> 14
"
66,"
graph LR
0[""StartNode""] --> 1[""Draft Contract""]
1 --> 2[""Legal Review""]
2 --> 3[""Financial Review""]
3 --> 4[""Contract Finalized""]
4 --> 5[""EndNode""]
"
67,"
graph LR
0[""StartNode""] --> 1{""Can fulfill order?""}
1 --> |""Yes""|2[""Confirm order""]
1 --> |""No""|3[""Reject order""]
2 --> 4[""Deliver order""]
3 --> 5[""Inform order rejected""]
5 --> 6[""EndNode""]
4 --> 7[""Inform order delivered""]
7 --> 6
1 --> |""Yes""|2
1 --> |""No""|3
"
68,"
graph LR
0[""StartNode""] --> 1{""Can fulfill order?""}
1 --> |""Yes""|2[""Confirm order""]
1 --> |""No""|3[""Reject order""]
2 --> 4[""Deliver order""]
3 --> 1
4 --> 5[""Inform order delivered""]
3 --> 6[""Inform order rejected""]
"
69,"
graph LR
0[""StartNode""] --> 1[""Generate payment report""]
1 --> 2[""Pay vendor""]
1 --> 3[""Send payment report to Accounts Receivable Department""]
1 --> 4[""Send payment report to registry""]
3 --> 5[""Generate monthly invoices for clients""]
4 --> 6[""Select paper-based invoices that have been paid""]
5 --> 7[""Charge client $35 per invoice""]
7 --> 8[""EndNode""]
5 --> 9[""Archive invoices per vendor""]
9 --> 10[""Archive invoices per payment data""]
4 --> 10
10 --> 11[""Track down payment""]
11 --> 8
"
70,"
graph LR
0[""StartNode""] --> 1[""Contact Customer""]
1 --> 2{""Customer wants order?""}
2 --> |""Yes""|3[""Postpone Shipment""]
2 --> |""No""|4[""Terminate Order""]
3 --> 5[""Order out-of-stock merchandise""]
5 --> 6[""Notify Customer""]
6 --> 7[""Goods Arrived""]
7 --> 8[""Contact Customer""]
8 --> 9[""EndNode""]
4 --> 9
"
71,"
graph LR
0[""Receive attendance request""] --> 1[""Send email to advisor1""]
0 --> 2[""Send email to advisor2""]
0 --> 3[""Send email to advisor3""]
1 --> 4[""Respond to central office""]
2 --> 4
3 --> 4
"
72,"
graph LR
0[""StartNode""] --> 1[""Prepare shipment""]
0 --> 2[""Bill customer""]
1 --> 3[""EndNode""]
2 --> 3
"
73,"
graph LR
0[""StartNode""] --> 1[""Verify RFQ""]
1 --> 2{""RFQ verified?""}
2 --> |""No""|3[""Ask for more information""]
2 --> |""Yes""|4[""Analyze RFQ""]
3 --> 5[""Ask for clarification""]
4 --> 6[""Provide L&M Cost Estimates""]
5 --> 4
2 --> 7{""RFQ verified?""}
7 --> |""No""|3
7 --> |""Yes""|8[""Add overhead costs""]
8 --> 9[""Generate pricing options""]
9 --> 10[""Provide clarification""]
10 --> 11[""Verify RFQ again""]
11 --> 8
8 --> 12[""Generate sales quote""]
12 --> 13[""EndNode""]
"
74,"
graph LR
0[""StartNode""] --> 1[""Payment reports to Registry""]
1 --> 2[""Validated invoices to Registry""]
2 --> 3[""Receive Payment reports""]
2 --> 4[""Receive validated invoices""]
3 --> 5[""Paid invoices selected""]
4 --> 5
5 --> 6[""Invoices sorted by vendor""]
6 --> 7[""Invoices sorted by payment date""]
7 --> 8[""Invoices archived""]
8 --> 9[""Invoices location""]
9 --> 10[""EndNode""]
"
75,"
graph LR
0[""StartNode""] --> 1[""Receive Order""]
1 --> 2[""Check Availability""]
2 --> 3{""Article Available?""}
3 --> |""Yes""|4[""Receive Payment""]
3 --> |""No""|5[""Procurement""]
4 --> 6[""Ship Article""]
5 --> 4
6 --> 7[""Financial Settlement""]
7 --> 8[""EndNode""]
"
76,"
graph LR
0[""StartNode""] --> 1[""Procure Part""]
1 --> 2{""All parts available?""}
2 --> |""Yes""|3[""EndNode""]
2 --> |""No""|4{""All parts available?""}
4 --> |""Yes""|3
4 --> |""No""|5[""Part Auction""]
5 --> 3
"
77,"
graph LR
0[""StartNode""] --> 1[""Request Petty Cash""]
1 --> 2[""Write Check""]
2 --> 3[""Enter Vendor, Product Description, Amount in Payment Out Module""]
3 --> 4{""Seller Accepts Check?""}
4 --> |""No""|5[""Cash Check""]
4 --> |""Yes""|6[""Purchase Products""]
5 --> 7[""Pay Vendor""]
6 --> 7
7 --> 8[""EndNode""]
"
78,"
graph LR
0[""eBay account created""] --> 1[""Customer logs into account""]
1 --> 2[""Customer browses for item""]
2 --> 3[""Seller reviews item""]
2 --> 4[""Customer reviews item""]
3 --> 5[""Seller completes review""]
4 --> 6[""Item reviewed""]
5 --> 6
"
79,"
graph LR
0[""StartNode""] --> 1[""Report problem""]
1 --> 2[""Send problem for evaluation""]
2 --> 3[""Receive estimate""]
3 --> 4{""Agree with estimate?""}
4 --> |""No""|5[""Take back computer""]
4 --> |""Yes""|6[""Authorize repair""]
6 --> 7{""Repair authorized?""}
7 --> |""No""|5
7 --> |""Yes""|8[""Submit authorization""]
8 --> 9{""Repair successful?""}
9 --> |""No""|10[""Receive incomplete notice""]
9 --> |""Yes""|11[""Receive copy of documentation""]
10 --> 12[""Check if computer fixed""]
11 --> 12
12 --> 13{""Computer fixed?""}
13 --> |""No""|14[""Pick up computer""]
13 --> |""Yes""|15[""Send payment""]
14 --> 16[""EndNode""]
15 --> 16
"
80,"
graph LR
0[""StartNode""] --> 1[""Advise unsuccessful shortlisted candidates verbally""]
0 --> 2[""Provide feedback""]
1 --> 3[""Receive signed letter of appointment""]
2 --> 3
3 --> 4[""Scan letter into career website""]
3 --> 5[""Send offer in writing""]
5 --> 6[""Receive signed letter of appointment""]
6 --> 7[""Scan letter into career website""]
7 --> 8[""Close vacancy""]
8 --> 9[""EndNode""]
"
81,"
graph LR
0[""StartNode""] --> 1[""Enter details manually""]
1 --> 2[""Enter vendor name""]
1 --> 3[""Enter client name""]
1 --> 4[""Enter date of arrival""]
2 --> 5[""EndNode""]
3 --> 5
4 --> 5
"
82,"
graph LR
0[""StartNode""] --> 1[""Verify content of shipment""]
1 --> 2[""Perform quality inspection""]
2 --> 3{""Material OK?""}
3 --> |""No""|4[""Material is wrong or defective""]
3 --> |""Yes""|5[""Store materials in right location""]
4 --> 6[""EndNode""]
5 --> 6
3 --> 3
"
83,"
graph LR
0[""StartNode""] --> 1[""Scan the offer""]
0 --> 2[""Register the offer""]
0 --> 3[""Send the billing""]
0 --> 4[""Send the pincode information""]
1 --> 5[""EndNode""]
2 --> 5
3 --> 5
4 --> 5
"
84,"
graph LR
0[""StartNode""] --> 1[""Check order""]
1 --> 2[""Process order""]
2 --> 3[""Send books""]
2 --> 4[""Update inventory""]
3 --> 5[""Order complete""]
4 --> 5
"
85,"
graph LR
0[""Incoming Package & Plasticware Item""] --> 1[""Plasticware""]
0 --> 2[""Packaging Equipment""]
0 --> 3[""Cleaning Equipment""]
1 --> 4[""Kitchen Equipment""]
2 --> 4
3 --> 4
4 --> 5[""Item Categorization (Aluminum Foil, etc)""]
4 --> 6[""Forks""]
4 --> 7[""Knives""]
4 --> 8[""Spoons""]
4 --> 9[""Aluminum/Plastic Containers""]
4 --> 10[""Plastic Wrap""]
4 --> 11[""Container Lids""]
5 --> 12[""Count""]
6 --> 12
7 --> 12
8 --> 12
9 --> 12
10 --> 12
11 --> 12
12 --> 13[""Store items""]
"
86,"
graph LR
0[""StartNode""] --> 1[""Order Request""]
1 --> 2{""Can Order be Fulfilled?""}
2 --> |""Yes""|3[""Confirm Order""]
2 --> |""No""|4{""Is Capacity Sufficient?""}
4 --> |""Yes""|5[""Request Parts""]
4 --> |""No""|6[""Reject Order""]
5 --> 7{""Are Parts Available?""}
7 --> |""Yes""|3
7 --> |""No""|8[""Request Parts in Auction""]
8 --> 9{""Are All Parts Available?""}
9 --> |""Yes""|3
9 --> |""No""|10[""Procure Parts""]
10 --> 11{""Have All Parts been Obtained?""}
11 --> |""Yes""|3
11 --> |""No""|6
3 --> 12[""Deliver Order""]
12 --> 13[""EndNode""]
6 --> 13
"
87,"
graph LR
0[""StartNode""] --> 1[""Validate invoice""]
1 --> 2[""Run payment process""]
2 --> 3[""Generate payment report""]
3 --> 4[""Send payment report to clients""]
3 --> 5[""Send payment report to Account Receivable Department""]
3 --> 6[""Send payment report to Registry""]
6 --> 7[""EndNode""]
2 --> 8[""Receive payment report from Payment Office""]
8 --> 9[""Generate monthly invoices""]
9 --> 10[""Send invoices to clients""]
10 --> 11[""EndNode""]
"
88,"
graph LR
0[""StartNode""] --> 1[""Backup database""]
1 --> 2{""Has Account Defaulter table changed?""}
2 --> |""No""|3{""Are there new returns filed?""}
2 --> |""Yes""|4{""Is it before 2:30 pm?""}
3 --> |""No""|5[""EndNode""]
3 --> |""Yes""|6[""Reconcile returns with existing account""]
4 --> |""No""|7[""Alert supervisor""]
4 --> |""Yes""|8[""Register defaulting accounts and customers""]
8 --> 9{""Has client been advised?""}
9 --> |""No""|10[""Produce new table""]
10 --> 11[""Send table to supervisor""]
11 --> 12{""Is it before 4:00 pm?""}
12 --> |""No""|7
12 --> |""Yes""|5
6 --> 5
"
89,"
graph LR
0[""StartNode""] --> 1[""Identify demand for material""]
1 --> 2{""Goods Available?""}
2 --> |""Yes""|3[""Utilize available material""]
2 --> |""No""|4[""Specify material demand""]
3 --> 5[""EndNode""]
4 --> 6[""Create purchase requisition""]
6 --> 7[""Verify purchase requisition""]
7 --> 8[""Create purchase order""]
8 --> 9[""Notify vendor""]
9 --> 10[""Vendor ships goods""]
10 --> 11[""Create goods receipt""]
11 --> 12[""Generate invoice receipt""]
12 --> 13[""Make payment to vendor""]
13 --> 5
"
90,"
graph LR
0[""StartNode""] --> 1[""Fill in the tenure application form""]
0 --> 2[""Create a letter of application""]
0 --> 3[""Prepare the attached documents""]
1 --> 4[""Lodge the application""]
2 --> 4
3 --> 4
4 --> 5[""EndNode""]
"
91,"
graph LR
0[""StartNode""] --> 1[""Scan offer presented""]
1 --> 2[""Register acceptance contract initiated""]
2 --> 3[""Billing information sent""]
2 --> 4[""Pincode information sent""]
3 --> 5[""Customer created""]
4 --> 5
5 --> 6[""EndNode""]
"
92,"
graph LR
0[""StartNode""] --> 1[""Register Custom Declaration and support documents""]
0 --> 2[""Ship arrival notification""]
0 --> 3[""Document Checking""]
0 --> 4[""Payment Instruction""]
1 --> 5[""Release Goods""]
2 --> 5
3 --> 5
4 --> 5
5 --> 6[""Processing Import Permit""]
5 --> 7[""Release Notification to Customs""]
6 --> 8[""EndNode""]
7 --> 8
"
93,"
graph LR
0[""StartNode""] --> 1[""Order Request""]
1 --> 2{""Can fulfill order?""}
2 --> |""Yes""|3[""Order Confirmation""]
2 --> |""No""|4{""Capacity sufficient?""}
3 --> 5[""Deliver Order""]
4 --> |""Yes""|6[""Procure Parts""]
4 --> |""No""|7[""Reject Order""]
5 --> 8{""Parts available?""}
6 --> 2
7 --> 9[""EndNode""]
8 --> |""Yes""|10[""Link A""]
8 --> |""No""|11[""Part Auction""]
10 --> 9
11 --> 12{""Parts obtained?""}
11 --> 8
12 --> |""Yes""|10
12 --> |""No""|7
"
94,"
graph LR
0[""StartNode""] --> 1[""Define Marketing Goal""]
1 --> 2[""Determine Marketing Objectives""]
2 --> 3[""Define Primary Objectives""]
2 --> 4[""Define Primary Sub-Objectives""]
3 --> 5[""Determine Target Market""]
4 --> 5
5 --> 6[""Understand Product/Services""]
6 --> 7[""Determine Business Location""]
7 --> 8[""Determine Product/Services Prices""]
8 --> 9[""Determine Financial Plan Budget""]
9 --> 10[""Generate Marketing Strategies""]
10 --> 11[""Create Market Development""]
11 --> 12[""Create Promotional Techniques""]
12 --> 13[""Create Monitoring Techniques""]
13 --> 14[""EndNode""]
"
95,"
graph LR
0[""StartNode""] --> 1[""Identify demand""]
1 --> 2[""Choose supplier""]
2 --> 3{""Company ours?""}
3 --> |""No""|4[""EndNode""]
3 --> |""Yes""|5[""Place order""]
5 --> 4
4 --> 6[""Repeat""]
6 --> 2
"
96,"
graph LR
0[""StartNode""] --> 1[""Customer encounters problem""]
1 --> 2[""Ask questions""]
2 --> 3[""Answer questions""]
3 --> 4{""Can account manager handle issue?""}
4 --> |""Yes""|5[""Solution provided""]
4 --> |""No""|6[""Issue allocated to first level support""]
6 --> 7{""Can first level support handle issue?""}
7 --> |""Yes""|8[""Feedback for account manager""]
8 --> 9[""Solution provided""]
7 --> |""No""|10[""Issue allocated to first developer""]
10 --> 11[""Feedback for first level support""]
11 --> 12[""Feedback for account manager""]
12 --> 9
"
97,"
graph LR
0[""StartNode""] --> 1[""Add/Drop Class""]
1 --> 2[""Check ESIS System Availability""]
2 --> 3{""System allows adding/dropping?""}
3 --> |""Yes""|4[""Complete Transaction Online""]
3 --> |""No""|5[""Go to Registrar's Office""]
4 --> 6[""EndNode""]
5 --> 7[""Request Add/Drop Form""]
7 --> 8[""Receive Form""]
8 --> 9[""Send Form to Instructor""]
9 --> 10[""Receive Form from Instructor""]
10 --> 11[""Send Form to Advisor""]
11 --> 12[""Receive Form from Advisor""]
12 --> 13[""Send Form to Registrar's Office""]
13 --> 14[""Process Transaction""]
14 --> 6
"
98,"
graph LR
0[""StartNode""] --> 1[""Verify contents""]
1 --> 2[""Quality inspection""]
2 --> 3{""Materials okay?""}
3 --> |""Yes""|4[""Store materials""]
3 --> |""No""|5[""Send back to supplier""]
4 --> 6[""EndNode""]
5 --> 6
"
99,"
graph LR
0[""StartNode""] --> 1[""Conduct patient interview""]
0 --> 2[""File results from interviews and expertise""]
1 --> 3[""Contact expert for review of doctor""]
2 --> 3
3 --> 4[""Create report""]
4 --> 5[""EndNode""]
"
100,"
graph LR
0[""StartNode""] --> 1[""Main document sent""]
1 --> 2{""Should Supplement A be sent?""}
2 --> |""No""|3[""EndNode""]
2 --> |""Yes""|4[""Supplement A sent""]
4 --> 2
2 --> |""No""|3
2 --> |""Yes""|4
4 --> 5{""Should Supplement B be sent?""}
5 --> |""No""|3
5 --> |""Yes""|6[""Supplement B sent""]
6 --> 5
5 --> |""No""|3
5 --> |""Yes""|6
6 --> 7[""EndNode""]
"
101,"
graph LR
0[""StartNode""] --> 1[""Select Meetings p1""]
1 --> 2[""Send Consolidated Referee Forms""]
2 --> 3[""Send Round 2 Evaluation Form""]
3 --> 4[""Follow up with Evaluation Sheets""]
4 --> 5[""Receive Evaluation Sheets""]
5 --> 6[""Consolidate Evaluations""]
6 --> 7[""EndNode""]
1 --> 8[""Answer Panel Member Questions""]
1 --> 9[""Log Questions in FAQ""]
8 --> 7
9 --> 7
"
102,"
graph LR
0[""StartNode""] --> 1[""Check for low inventory""]
1 --> 2[""Create purchase requisition""]
2 --> 3[""Submit purchase order""]
3 --> 4[""Send order materials""]
4 --> 5[""Inspect materials""]
5 --> 6{""Materials received okay?""}
6 --> |""No""|7[""Communicate problems""]
6 --> |""Yes""|8[""Prepare goods receipt document""]
7 --> 4
8 --> 9[""Prepare and send invoice""]
9 --> 10[""Verify document""]
10 --> 11[""Send payment""]
11 --> 12[""EndNode""]
"
103,"
graph LR
0[""StartNode""] --> 1[""Discovering""]
1 --> 2[""Gathering""]
2 --> 3{""Vulnerability found?""}
3 --> |""Yes""|4[""Exploiting""]
3 --> |""No""|5[""EndNode""]
4 --> 6[""Mending""]
6 --> 7[""Adjusting""]
7 --> 1
"
104,"
graph LR
0[""StartNode""] --> 1[""Continue process""]
0 --> 2[""Continue process""]
1 --> 3[""Invoice Received""]
2 --> 3
3 --> 4[""Open and categorize invoices""]
4 --> 5[""Send invoice(s) to Admin Officer(s)""]
5 --> 6[""Empty Data Entry Staff Inbox""]
6 --> 7[""EndNode""]
"
105,"
graph LR
0[""StartNode""] --> 1[""Master Production Scheduling""]
1 --> 2[""MRP run""]
2 --> 3[""Capacity plan review and adjustment""]
2 --> 4[""Production plan review""]
2 --> 5[""Local supply planning""]
3 --> 6[""PIM plan review""]
4 --> 6
5 --> 6
6 --> 7[""Detailed production scheduling""]
7 --> 8[""EndNode""]
"
106,"
graph LR
0[""StartNode""] --> 1[""Indicate computer not working""]
1 --> 2[""Bring computer for repair""]
2 --> 3[""Describe problem""]
3 --> 4{""Estimate satisfactory?""}
4 --> |""No""|5[""Take computer home""]
4 --> |""Yes""|6[""Authorize repair""]
5 --> 7[""EndNode""]
6 --> 8[""Pick up computer""]
8 --> 9[""Make payment""]
9 --> 10[""EndNode""]
"
107,"
graph LR
0[""StartNode""] --> 1[""Conduct property title search""]
0 --> 2[""Check credit history""]
1 --> 3[""Property survey""]
2 --> 3
3 --> 4{""Make an offer or not?""}
4 --> 5[""EndNode""]
"
108,"
graph LR
0[""StartNode""] --> 1[""Check if invoice has arrived""]
1 --> 2[""Verify invoice completeness""]
2 --> 3[""Scan invoice into computer""]
3 --> 4[""Make payment""]
3 --> 5[""Store records electronically""]
4 --> 6[""EndNode""]
5 --> 6
"
109,"
graph LR
0[""StartNode""] --> 1[""Create Supplier master data""]
1 --> 2[""Prepare Supplier master data for target system""]
2 --> 3[""Distribute to target system""]
3 --> 4[""Notify Requestor and Stewards""]
4 --> 5[""Deploy to target system(s)""]
5 --> 6[""Notify Business Data Steward(s) and Supplier Data Requestor""]
6 --> 7[""EndNode""]
"
110,"
graph LR
0[""StartNode""] --> 1[""Weekly, in time for discounts""]
1 --> 2[""Pay invoices""]
2 --> 3[""Generate a payment report""]
3 --> 4[""Send payment report to Accounts Receivable Department""]
4 --> 5[""Send payment report to registry""]
4 --> 6[""Generate monthly invoices""]
5 --> 7[""Send out invoices""]
6 --> 7
7 --> 8[""EndNode""]
"
111,"
graph LR
0[""StartNode""] --> 1[""TASK1""]
1 --> 2[""TASK2""]
2 --> 3[""TASK3""]
2 --> 4[""TASK4""]
3 --> 5[""TASK5""]
4 --> 5
5 --> 6[""EndNode""]
"
112,"
graph LR
0[""StartNode""] --> 1[""Initiate imgShare Process""]
1 --> 2[""Apply filter to image""]
2 --> 3[""Login to Flickr account""]
3 --> 4[""Upload image""]
4 --> 5[""Post image on Twitter""]
5 --> 6{""Want to tweet about it?""}
6 --> |""No""|7[""EndNode""]
6 --> |""Yes""|8[""Login to Twitter account""]
8 --> 9[""Compose tweet""]
9 --> 7
"
113,"
graph LR
0[""StartNode""] --> 1[""Self Evaluation""]
0 --> 2[""PM Evaluation""]
0 --> 3[""HR Evaluation""]
1 --> 4[""EndNode""]
2 --> 4
3 --> 4
"
114,"
graph LR
0[""StartNode""] --> 1[""Delay for 48 hours""]
0 --> 2[""Monitor issue votes""]
1 --> 3[""Send email warning about vote deadline""]
3 --> 4[""Delay for 24 hours""]
4 --> 5[""Close voting""]
2 --> 6[""Moderate voting discussion""]
6 --> 7[""EndNode""]
5 --> 7
"
115,"
graph LR
0[""StartNode""] --> 1[""Verify contents and perform quality inspection""]
1 --> 2{""Material okay?""}
2 --> |""Yes""|3[""Store materials""]
2 --> |""No""|4[""Report issue""]
3 --> 5[""Repeat for next batch""]
4 --> 5[""EndNode for this batch""]
5 --> 1
"
116,"
graph LR
0[""StartNode""] --> 1[""Verify RFQ""]
1 --> 2{""RFQ verified?""}
2 --> |""No""|3[""Ask for more information""]
2 --> |""Yes""|4[""Analyze RFQ and provide L&M cost estimates""]
3 --> 5[""Provide clarification""]
5 --> 1
4 --> 2
3 --> 5 --> 4[""Add overhead costs and generate pricing options""]
4 --> 6[""Generate sales quote""]
6 --> 7[""EndNode""]
"
117,"
graph LR
0[""StartNode""] --> 1[""Check availability of raw materials""]
1 --> 2{""Are the raw materials available?""}
2 --> |""No""|3[""Create alarm indicating not enough raw material""]
2 --> |""Yes""|4[""Check if raw material is already in the production line""]
3 --> 5[""EndNode""]
4 --> 6{""Is the raw material already in the production line?""}
6 --> |""No""|7[""Request transfer of raw material to the production line""]
6 --> |""Yes""|8[""Allocate raw material to the production line""]
7 --> 8
8 --> 5
"
118,"
graph LR
0[""StartNode""] --> 1[""Go to supermarket""]
1 --> 2[""Select chocolate""]
1 --> 3[""Pick out a bunch of flowers""]
2 --> 4[""Proceed to cash desk""]
3 --> 4
4 --> 5[""Make payment""]
5 --> 6[""EndNode""]
"
119,"
graph LR
0[""StartNode""] --> 1[""Receive request for funds""]
1 --> 2[""Write a check""]
2 --> 3[""Document check as payable""]
3 --> 4{""Seller accepts check?""}
4 --> |""Yes""| 5[""Pay the vendor""]
4 --> |""No""| 6[""Cash the check""]
6 --> 5
5 --> 7[""EndNode""]
"
120,"
graph LR
0[""StartNode""] --> 1[""Verify RFQ""]
1 --> 2{""RFQ verified?""}
2 --> |""No""|3[""Ask for more information""]
2 --> |""Yes""|4[""Analyze RFQ and provide L&M Cost Estimates""]
3 --> 5[""Provide clarification""]
5 --> 1
4 --> 6[""Add overhead costs and generate pricing options""]
5 --> 6
6 --> 7[""Generate sales quote""]
7 --> 8[""EndNode""]
"
121,"
graph LR
0[""StartNode""] --> 1[""Incident Identification""]
1 --> 2[""Incident Lodgement""]
2 --> 3[""Incident Categorisation""]
2 --> 4[""Incident Prioritisation""]
3 --> 5[""Initial Diagnosis""]
4 --> 5
5 --> 6[""Escalation""]
6 --> 7[""Investigation & Diagnosis""]
7 --> 8{""Resolution identified?""}
8 --> |""No""|6
8 --> |""Yes""|9[""Incident Recovery""]
9 --> 8
8 --> |""Yes""|10[""EndNode""]
"
122,"
graph LR
0[""StartNode""] --> 1[""Log in""]
1 --> 2[""Enter Apple ID""]
1 --> 3[""Enter password""]
2 --> 4[""User account logged in""]
3 --> 4
4 --> 5[""EndNode""]
"
123,"
graph LR
0[""StartNode""] --> 1[""Verify contents""]
1 --> 2[""Perform quality inspection""]
2 --> 3{""Material OK?""}
3 --> |""Yes""|4[""Store materials in right location""]
3 --> |""No""|5[""Wrong materials""]
4 --> 3
5 --> 6[""EndNode""]
"
124,"
graph LR
0[""StartNode""] --> 1[""Check customer's credit history""]
0 --> 2[""Conduct property survey""]
1 --> 3[""Search property title""]
2 --> 3
3 --> 4[""EndNode""]
"
125,"
graph LR
0[""StartNode""] --> 1[""New participant initiated""]
1 --> 2{""Participant aged 18 or above?""}
2 --> |""Yes""|3[""Fill medical certificate""]
2 --> |""No""|4[""Pass required documents""]
3 --> 5[""Sign medical certificate""]
4 --> 6[""Fill documents""]
6 --> 7[""Sign documents""]
7 --> 8[""Check documents completeness""]
8 --> 9{""Documents complete?""}
9 --> |""No""|10[""Fix documents issues""]
9 --> |""Yes""|11[""Save process""]
11 --> 12[""Fill documents one day before departure""]
12 --> 13[""Sign non-infectivity confirmation""]
13 --> 14[""Proceed with departure""]
14 --> 15[""Check documents completeness after departure""]
15 --> 16{""Issues with documents after departure?""}
16 --> |""Yes""|10
16 --> |""No""|17[""Take child's non-infectivity confirmation""]
17 --> 18[""EndNode""]
"
126,"
graph LR
0[""StartNode""] --> 1[""Verify contents""]
1 --> 2[""Perform quality inspection""]
2 --> 3{""Material okay?""}
3 --> |""No""|4[""EndNode""]
3 --> |""Yes""|5[""Store materials at right location""]
5 --> 4
3 --> 2
"
127,"
graph LR
0[""StartNode""] --> 1[""Receive order""]
1 --> 2[""Send invoice""]
1 --> 3[""Ship products""]
2 --> 4[""Receive payment""]
3 --> 4
4 --> 5[""EndNode""]
"
128,"
graph LR
0[""StartNode""] --> 1[""Register participation""]
1 --> 2{""Are there any fees?""}
2 --> |""No""|3[""Register seminar results""]
2 --> |""Yes""|4[""Create purchase request""]
4 --> 2
4 --> 5{""Has the purchase request been approved?""}
5 --> |""No""|6[""Notify rejection""]
5 --> |""Yes""|7[""Send approval notification""]
6 --> 8[""EndNode""]
7 --> 5
7 --> 3
3 --> 8
"
129,"
graph LR
0[""Receive message from nuclear plant""] --> 1[""Activate crisis cell""]
1 --> 2[""Inform media about PUI activation""]
1 --> 3[""Establish safety perimeter""]
1 --> 4[""Develop circulation plan""]
2 --> 5[""Inform media and public about ongoing operations""]
3 --> 6[""Define safety perimeter and request implementation""]
4 --> 7[""Define circulation plan and request implementation""]
5 --> 6
5 --> 7
6 --> 8[""EndNode""]
7 --> 8
"
130,"
graph LR
0[""StartNode""] --> 1[""Informal meeting""]
1 --> 2{""Meeting successful?""}
2 --> |""No""|3[""EndNode""]
2 --> |""Yes""|4[""Schedule another meeting""]
4 --> 5[""Web site design""]
4 --> 6[""Preparation of contents and completion of the initial draft""]
4 --> 7[""Web site development""]
5 --> 8{""Steps successful?""}
6 --> 8
7 --> 8
8 --> |""No""|3
8 --> |""Yes""|9[""Marketing review""]
9 --> 10[""Preparation of the final version""]
9 --> 11[""Building phase""]
10 --> 11
11 --> 12[""Review activity""]
12 --> 13[""Approval""]
13 --> 14{""Site approved?""}
14 --> |""Yes""|3
14 --> |""No""|11
"
131,"
graph LR
0[""StartNode""] --> 1[""Receive expense report""]
1 --> 2[""Wait for 7 days""]
2 --> 3{""Existing account?""}
3 --> |""No""|4[""Create new account""]
3 --> |""Yes""|5[""Automatically review account""]
4 --> 6[""Automatic review""]
5 --> 6
6 --> 7[""Send approval in progress email""]
7 --> 8{""Amounts under $200?""}
8 --> |""Yes""|9[""Automatically approve expense""]
8 --> |""No""|10[""Review by supervisor""]
9 --> 11[""Transfer reimbursement""]
10 --> 12{""28th day?""}
12 --> |""No""|2
12 --> |""Yes""|13[""Send email cancellation""]
13 --> 14[""Notify employee to resubmit report""]
14 --> 15[""EndNode""]
10 --> 16{""Expense approved?""}
16 --> |""Yes""|11
16 --> |""No""|17[""Send email rejection""]
17 --> 15
"
132,"
graph LR
0[""StartNode""] --> 1[""Low Inventory""]
1 --> 2[""Create P.R.""]
2 --> 3[""Submit P.O.""]
3 --> 4[""Ship Material""]
4 --> 5{""Shipment OK?""}
5 --> |""Yes""|6[""Send Payment""]
5 --> |""No""|7[""Communicate Shipment Problems""]
7 --> 5
6 --> 8[""EndNode""]
"
133,"
graph LR
0[""StartNode""] --> 1[""Feel hungry""]
1 --> 2[""Go shopping""]
2 --> 3[""Take the salad""]
2 --> 4[""Take the wine""]
2 --> 5[""Take the sausages""]
3 --> 6[""Pay for the products""]
4 --> 6
5 --> 6
6 --> 7[""Have enough to eat""]
7 --> 8[""EndNode""]
"
134,"
graph LR
0[""StartNode""] --> 1[""Choose protein family""]
1 --> 2[""Retrieve sequences for animals""]
1 --> 3[""Gene annotation""]
1 --> 4[""PHOG 1.0""]
1 --> 5[""BLAST p in both directions""]
3 --> 6[""Consensus reached""]
4 --> 6
5 --> 6
"
135,"
graph LR
0[""StartNode""] --> 1[""Accept offer""]
1 --> 2[""Send offer for signing""]
2 --> 3[""Receive signed offer""]
3 --> 4[""Scan signed offer""]
3 --> 5[""Register acceptance of contract""]
4 --> 6[""Send billing information""]
5 --> 6
6 --> 7[""Send pincode information""]
7 --> 8[""Pincode information received""]
8 --> 9[""EndNode""]
"
136,"
graph LR
0[""StartNode""] --> 1[""Feeling hungry""]
1 --> 2[""Choose a restaurant""]
2 --> 3[""Enter restaurant""]
3 --> 4[""Get menu""]
4 --> 5[""Order salad""]
4 --> 6[""Order glass of wine""]
5 --> 7[""Eat salad""]
6 --> 7
7 --> 8[""Drink wine""]
8 --> 9[""Ask for bill""]
9 --> 10[""Receive bill""]
10 --> 11[""Pay bill""]
11 --> 12[""Leave restaurant""]
12 --> 13[""Hunger satisfied""]
13[""EndNode""]
"
137,"
graph LR
0[""StartNode""] --> 1[""Manually trigger START command""]
1 --> 2[""Check inventory levels""]
2 --> 3[""Send late notice""]
2 --> 4[""Prepare materials for shipment""]
3 --> 5[""Notify accounts receivable""]
4 --> 6[""Send out shipment""]
6 --> 7[""Send delivery notice""]
5 --> 8[""EndNode""]
7 --> 8
"
138,"
graph LR
0[""StartNode""] --> 1[""Enter Expenses""]
1 --> 2[""Generate Spreadsheet""]
2 --> 3{""Request Approved?""}
3 --> |""No""|4[""Disapprove Request""]
3 --> |""Yes""|5[""Approve Request""]
4 --> 1
5 --> 6[""Pay out Expenses""]
6 --> 3
3 --> |""Yes""|7[""EndNode""]
"
139,"
graph LR
0[""StartNode""] --> 1[""Sequence position""]
0 --> 2[""Sequence neighborhood""]
0 --> 3[""Distance from membrane""]
1 --> 4[""ANOVA analysis""]
2 --> 4
3 --> 4
4 --> 5{""Greater variance between clusters than within?""}
5 --> |""Yes""|6[""EndNode""]
"
140,"
graph LR
0[""Write up hard-copy ticket""] --> 1[""Enter ticket into system""]
1 --> 2[""Process order""]
2 --> 3[""Order verification""]
2 --> 4[""Order rejection""]
3 --> 5[""Send order to processing plant""]
4 --> 6[""Archive order""]
5 --> 7[""Production phase""]
7 --> 8[""Ship products""]
8 --> 9[""Warehouse products""]
9 --> 10[""Send products to customer""]
10 --> 11[""EndNode""]
"
141,"
graph LR
0[""StartNode""] --> 1[""Possess driver's license""]
1 --> 2[""Be 17 years old""]
2 --> 3{""17th birthday passed?""}
3 --> |""Yes""|4[""Wait until 17th birthday""]
3 --> |""No""|5[""Accompanying person present""]
4 --> 6[""Find accompanying person""]
5 --> 6
6 --> 7[""Accompanying person stated""]
6 --> 8[""Individual over 30 years old""]
6 --> 9[""Held driver's license for 5 years""]
7 --> 10[""EndNode""]
8 --> 10
9 --> 10
"
142,"
graph LR
0[""StartNode""] --> 1[""Check customer's credit history""]
0 --> 2[""Conduct property survey""]
1 --> 3[""Search for property title""]
2 --> 3
"
143,"
graph LR
0[""StartNode""] --> 1[""Repair Request""]
1 --> 2[""Check Device""]
2 --> 3{""Is Device Broken?""}
3 --> |""No""|4[""Device not broken""]
3 --> |""Yes""|5[""External Reparation Needed""]
4 --> 1
5 --> 6{""External Reparation Needed?""}
6 --> |""Yes""|7[""Provide Information for External Reparation""]
6 --> |""No""|8[""Repair Device""]
7 --> 9[""Recheck Device""]
8 --> 9
9 --> 10[""EndNode""] 
9 --> |""External Reparation""|10
9 --> |""Internal Reparation""|11[""Ratify Device Repairing""]
11 --> 12[""Add Repair Record""]
12 --> 13[""Plan Next Revision""]
13 --> 10
"
144,"
graph LR
0[""StartNode""] --> 1[""Informal meeting""]
1 --> 2{""Outcome of informal meeting""}
2 --> |""Not successful""|3[""EndNode""]
2 --> |""Successful""|4[""Full-day meeting""]
4 --> 5{""Outcome of full-day meeting""}
5 --> |""Not successful""|3
5 --> |""Successful""|6[""Create storyboard""]
6 --> 7[""Design phase""]
6 --> 8[""Initial draft of content""]
7 --> 9[""Development phase""]
9 --> 10{""Need for marketing review""}
10 --> |""40%""|11[""Preparation of final version""]
10 --> |""60%""|12[""Marketing review""]
12 --> 3
11 --> 13[""Building phase""]
13 --> 14[""Checking phase""]
14 --> 15{""Outcome of checking phase""}
15 --> |""Not approval""|16[""Additional building""]
16 --> 13
15 --> |""Approval""|3
"
145,"
graph LR
0[""StartNode""] --> 1[""Go Home""]
0 --> 2[""Hear Music""]
1 --> 3[""Make Homework""]
2 --> 3
3 --> 4[""EndNode""]
"
146,"
graph LR
0[""StartNode""] --> 1[""Validate invoice""]
1 --> 2[""Run payment process""]
2 --> 3[""Send payment""]
3 --> 4[""Generate payment report""]
4 --> 5[""Send payment report to Registry""]
4 --> 6[""Send payment report to Account Receivable""]
5 --> 7[""Select invoices for archiving""]
7 --> 8[""Mark invoices as ready for archiving""]
8 --> 9[""EndNode""]
6 --> 10[""Generate invoices for SSP Client""]
10 --> 9
"
147,"
graph LR
0[""StartNode""] --> 1[""Receive machine from customer""]
1 --> 2[""Gather information about the fault""]
2 --> 3[""Write service contract""]
3 --> 4[""Obtain customer's signature""]
3 --> 5[""Place other half of contract with machine""]
3 --> 6[""Give customer other half of contract""]
5 --> 7[""Write contract number on sticker and attach to machine""]
6 --> 7
7 --> 8[""Transport machine to workshop""]
8 --> 9[""Receive machine""]
9 --> 10[""EndNode""]
"
148,"
graph LR
0[""StartNode""] --> 1{""Can Order be fulfilled?""}
1 --> |""Yes""|2[""Order Confirmation""]
1 --> |""No""|3[""Order Rejection""]
2 --> 4[""Deliver Order""]
4 --> 5[""EndNode""]
3 --> 6[""Mark Order Rejected""]
6 --> 5
1 --> |""No""|3
3 --> 1
"
149,"
graph LR
0[""StartNode""] --> 1[""busca_datos_reporte1""]
1 --> 2[""select vbelv & vbeln from vbfa into ivbfa_completo_t""]
2 --> 3[""sort the result""]
3 --> 4[""perform NOP""]
4 --> 5[""copy vbelv's from ivbfa_completo_t to it_unolips""]
5 --> 6[""sort it_unolips and remove duplicates""]
6 --> 7[""remove entries from it_likp that don't have a vbeln in it_unolips""]
7 --> 8[""left outer join between lips and it_likp on vbeln and vgpos""]
8 --> 9[""sort it_lipsm & remove duplicates""]
9 --> 10[""left outer join between vbfa and it_lipsm""]
10 --> 11[""remove from it_vbfa_completo where plmin!= '+' and sort it""]
11 --> 12[""left outer join between lips and it_unolips""]
12 --> 13[""sort it_likp by vbeln""]
13 --> 14[""select * from it_likp where lifex!= space""]
14 --> 15[""replace it_vbfa_completo-secuencia with corresponding it_lifex-lifex""]
15 --> 16[""perform busca_pedido_vbapt and busca_factura_vbapt""]
16 --> 17[""clear any errors""]
17 --> 18{""c_si in r_valida""}
18 --> |""No""|19[""left outer join between vbap and it_vbfa_completo""]
18 --> |""Yes""|20[""pvstel in r_exclog""]
20 --> |""Yes""|21[""remove rows from it_nofacturado that aren't errors""]
20 --> |""No""|19
19 --> 22[""transfer maktl from imaktl to it_vbfa_completo""]
22 --> 23{""it_nofacturado empty?""}
23 --> |""No""|24[""set & print error""]
23 --> |""Yes""|25{""error?""}
25 --> |""No""|19
25 --> |""Yes""|26[""EndNode""]
"
150,"
graph LR
0[""StartNode""] --> 1[""Visit Travel agency""]
1 --> 2[""Make decision on trip""]
2 --> 3[""Select Land""]
2 --> 4[""Choose Tour""]
3 --> 5[""Booking Italy""]
4 --> 6[""Booking Venice""]
5 --> 7[""Pay permit""]
6 --> 7
7 --> 8[""Obtain permit""]
8 --> 9[""Organize vacation""]
9 --> 10[""EndNode""]
"
151,"
graph LR
0[""StartNode""] --> 1[""Conduct Property Survey""]
0 --> 2[""Conduct Property Title Search""]
1 --> 3[""Check customers Credit History""]
2 --> 3
3 --> 4[""EndNode""]
"
152,"
graph LR
0[""StartNode""] --> 1[""Conduct assessment""]
0 --> 2[""Check credit history""]
0 --> 3[""Conduct property title search""]
0 --> 4[""Perform property survey""]
1 --> 5[""EndNode""]
2 --> 5
3 --> 5
4 --> 5
"
153,"
graph LR
0[""StartNode""] --> 1[""Request Material""]
1 --> 2[""Manage Inventory""]
2 --> 3{""Material in stock?""}
3 --> |""No""|4[""Place Orders to Suppliers""]
3 --> |""Yes""|5[""Manage Transfers of Material""]
3 --> 3
4 --> 5
5 --> 6[""Place Orders to Suppliers""]
6 --> 7[""Monitor Progress of Purchase Orders""]
7 --> 8[""Manage Transfers of Material""]
8 --> 9[""Receive Requested Material""]
9 --> 10[""Monitor Progress of Purchase Orders""]
10 --> 11[""Receive Incoming Material Supplies""]
9 --> 12[""Release Invoices for Payment""]
11 --> 13[""EndNode""]
"
154,"
graph LR
0[""StartNode""] --> 1[""Select Meetings p1""]
1 --> 2[""Send Consolidated Referee Forms""]
2 --> 3[""Send Round 2 Evaluation Form""]
3 --> 4[""Follow up with evaluation sheet""]
4 --> 5[""Receive Evaluation Sheets""]
5 --> 6[""Consolidate evaluations""]
6 --> 7[""EndNode""]
1 --> 8[""Answer panel member questions""]
8 --> 7
1 --> 9[""Log questions in FAQ""]
9 --> 7
"
155,"
graph LR
0[""StartNode""] --> 1[""Change status to Tender""]
1 --> 2[""Send email enclosing load tenders""]
2 --> 3[""Consolidate load tenders""]
3 --> 4[""Print shipping labels and picking list""]
4 --> 5[""Sort labels by customer and item type""]
5 --> 6[""Assign loading doors to orders""]
6 --> 7[""Collect items for order""]
7 --> 8[""Check if all items are available""]
8 --> 9{""Are all items available?""}
9 --> |""Yes""|10[""Leave order at door and stick labels on boxes""]
9 --> |""No""|11[""Inform customer clerk""]
10 --> 12[""EndNode""]
11 --> 12
"
156,"
graph LR
0[""StartNode""] --> 1[""Collect daily mail""]
1 --> 2[""Sort unopened mail""]
2 --> 3[""Sort opened mail""]
3 --> 4[""Register mail""]
4 --> 5[""Check mail compliance""]
5 --> 6[""Capture matter details""]
6 --> 7[""Compile mailed document requisition""]
6 --> 8[""Receive payment""]
7 --> 9[""EndNode""]
8 --> 10[""Prepare response""]
8 --> 11[""Capture party details""]
10 --> 9
11 --> 12[""Print file server""]
12 --> 9
"
157,"
graph LR
0[""StartNode""] --> 1[""Check customary credit history""]
0 --> 2[""Conduct Property Survey""]
1 --> 3[""Search for property title""]
2 --> 3
3 --> 4[""EndNode""]
"
158,"
graph LR
0[""StartNode""] --> 1[""Report problem""]
1 --> 2[""Ask questions""]
2 --> 3[""Answer questions""]
3 --> 4{""Can account manager handle issue?""}
4 --> |""Yes""|5[""Provide solution""]
4 --> |""No""|6[""First level support assistance""]
6 --> 7{""Can first level support handle issue?""}
7 --> |""Yes""|8[""Provide feedback to account manager""]
7 --> |""No""|9[""Ask developer for help""]
8 --> 5
9 --> 10[""Provide feedback to first level support""]
10 --> 8
5 --> 11[""EndNode""]
"
159,"
graph LR
0[""Acknowledge hunger""] --> 1[""Choose a dish""]
1 --> 2[""Select spaghetti""]
1 --> 3[""Choose a drink""]
2 --> 4[""Order spaghetti""]
3 --> 5[""Order drink""]
4 --> 6[""Eat spaghetti and have drink""]
5 --> 6
6 --> 7[""Hunger and thirst satisfied""]
7 --> 8[""Settle bill""]
8 --> 9[""EndNode""]
"
160,"
graph LR
0[""StartNode""] --> 1[""Receive order""]
1 --> 2[""Send invoice""]
1 --> 3[""Ship products""]
2 --> 4[""Receive payment""]
3 --> 4
4 --> 5[""EndNode""]
"
161,"
graph LR
0[""StartNode""] --> 1[""BG""]
1 --> 2[""BH""]
2 --> 3[""DG""]
3 --> 4[""BE""]
4 --> 5[""DF""]
0 --> 6[""DC""]
6 --> 7[""DE""]
7 --> 8[""DD""]
8 --> 9[""CW""]
9 --> 10[""CU""]
10 --> 11[""EndNode""]
"
162,"
graph LR
0[""StartNode""] --> 1[""Receive Invoice""]
1 --> 2[""Make Payment""]
2 --> 3[""Check Accounts""]
3 --> 4{""Need to Contact Customer?""}
4 --> |""Yes""|5[""Contact Customer""]
4 --> |""No""|6[""Need to Resolve Invoice?""]
5 --> 7[""Check Payment""]
6 --> |""Yes""|8[""Make Journal Entry""]
6 --> |""No""|9[""Three Strikes?""]
7 --> 9
8 --> 10[""Debit Cash Account""]
9 --> |""Yes""|11[""Contact Customer for Negotiations""]
9 --> |""No""|8
10 --> 12[""EndNode""]
11 --> 12
"
163,"
graph LR
0[""StartNode""] --> 1[""Announce arrival""]
1 --> 2{""Already registered?""}
2 --> |""No""|3[""Send registration details""]
2 --> |""Yes""|4[""Request registration form""]
3 --> 5[""EndNode""]
4 --> 6[""Announce start of measurement""]
6 --> 5
"
164,"
graph LR
0[""StartNode""] --> 1{""Is offer signed?""}
1 --> |""No""|2[""Register offer loss""]
1 --> |""Yes""|3[""Proceed to reception and sign offer""]
2 --> 4[""Register opportunity loss""]
3 --> 5[""EndNode""]
4 --> 5
1 --> 6{""Is competitor information available?""}
6 --> |""Yes""|7[""Register competitor information""]
6 --> |""No""|5
7 --> 5
"
165,"
graph LR
0[""StartNode""] --> 1[""Check quality and update record""]
1 --> 2{""Quality okay?""}
2 --> |""No""|3[""Inform IT Manager""]
2 --> |""Yes""|4[""Check for permanent solution""]
4 --> 5{""Permanent solution found?""}
5 --> |""No""|3
5 --> |""Yes""|6[""Close service call""]
6 --> 7{""Service call closed?""}
7 --> |""No""|8[""Send service request to vendor""]
7 --> |""Yes""|9[""Stop process""]
3 --> 10[""EndNode""]
8 --> 10
9 --> 10
"
166,"
graph LR
0[""StartNode""] --> 1[""Check if information is complete""]
1 --> 2{""Is information complete?""}
2 --> |""No""|3[""Call customer to complete data""]
2 --> |""Yes""|4[""Add incoming mail number""]
3 --> 5[""EndNode""]
4 --> 6[""Archive letter""]
6 --> 7[""Bring letter book and member register to Secretary""]
7 --> 8[""Check if applicant is member""]
8 --> 9{""Is applicant a member?""}
9 --> |""No""|10[""Write letter to applicant explaining why they can't become a member""]
9 --> |""Yes""|11[""Stamp 'new member' on letter and write date""]
10 --> 12[""EndNode""]
11 --> 13[""Add member to member register""]
13 --> 14[""Calculate membership fee""]
14 --> 15[""Write amount in membership register""]
15 --> 16[""Write invoice for first fee payment""]
16 --> 17[""Send invoice to member""]
17 --> 18[""Print membership card""]
18 --> 19[""Send membership card to member""]
19 --> 20[""Wait for payment""]
20 --> 21[""EndNode""]
"
167,"
graph LR
0[""StartNode""] --> 1[""Notify director""]
0 --> 2[""Receive patient interview""]
0 --> 3[""Receive expert review""]
2 --> 4[""File interview results""]
3 --> 5[""File expert review results""]
4 --> 6[""Create report""]
5 --> 6
6 --> 7[""EndNode""]
"
168,"
graph LR
0[""newCallOffOrderEvent""] --> 1[""sendOrder""]
1 --> 2[""executeCallOff""]
1 --> 3[""transport.transport""]
1 --> 4[""delivery inspection""]
4 --> 5[""EndNode""]
1 --> 6[""askForInvoice""]
1 --> 7[""askForCallOffConfirmation""]
6 --> 8[""send invoice""]
7 --> 9[""send call-off confirmation""]
8 --> 5
9 --> 5
"
169,"
graph LR
0[""StartNode""] --> 1[""Set travel schedules""]
1 --> 2[""Look for accommodation""]
2 --> 3[""Request quote for transportation and accommodation""]
3 --> 4[""Fill mission order request (MOR)""]
4 --> 5[""Check relevancy and cost by TL1""]
5 --> 6[""Choose financial contract""]
6 --> 7{""Is mission approved?""}
7 --> |""Yes""|8[""Approve by signing (TL4)""]
7 --> |""No""|9[""Disapprove (TL3)""]
8 --> 10[""Address MOR and quote to assistant""]
10 --> 11[""Check credit availability""]
11 --> 12[""Place order""]
12 --> 13[""Enter mission data in budget management tool""]
13 --> 14{""Is financier the employer?""}
14 --> |""Yes""|15[""Send dossier to direction for approval""]
14 --> |""No""|16[""Make mission order without expenses (MOWE)""]
15 --> 17[""Check documents (D1)""]
16 --> 17
17 --> 18{""Are documents approved?""}
18 --> |""Yes""|19[""Approve by signing (D2)""]
18 --> |""No""|20[""Disapprove (D3)""]
19 --> 21[""Give copy of MO and/or MOWE to employee""]
21 --> 22[""Classify all documents""]
22 --> 23[""EndNode""]
"
170,"
graph LR
0[""StartNode""] --> 1[""Assess weak points in development""]
1 --> 2[""Choose employees for training""]
2 --> 3[""Specify education needs""]
2 --> 4[""Decide on training method""]
2 --> 5[""Check availability of employees""]
3 --> 6[""Consult with employee""]
4 --> 6
5 --> 6
6 --> 7[""Set possible dates for training""]
7 --> 8[""Finalize education requirements""]
8 --> 9[""Sign contract""]
9 --> 10[""EndNode""]
"
171,"
graph LR
0[""StartNode""] --> 1[""Create Functional design document""]
1 --> 2[""Create State specific Business scenarios""]
1 --> 3[""Create Rating scenarios""]
1 --> 4[""Create Forms scenarios""]
1 --> 5[""Create UI test cases""]
2 --> 6[""Test Document Review""]
3 --> 6
4 --> 6
5 --> 6
6 --> 7[""Test Execution""]
7 --> 8[""Test Audit""]
8 --> 9[""Test Report signoff""]
9 --> 10[""End of State Roll out process""]
10 --> 11[""EndNode""]
"
172,"
graph LR
0[""StartNode""] --> 1[""Issue report to client""]
0 --> 2[""Issue report to registry""]
0 --> 3[""Issue report to accounts receivable""]
1 --> 4[""EndNode""]
2 --> 4
3 --> 4
"
173,"
graph LR
0[""StartNode""] --> 1[""Schedule production activities""]
1 --> 2[""Procure materials""]
2 --> 3[""Issue materials""]
3 --> 4[""Produce products""]
4 --> 5[""Test products""]
5 --> 6[""Package products""]
6 --> 7[""Dispose of waste""]
6 --> 8[""Stage products""]
7 --> 9[""Release for delivery""]
8 --> 9
9 --> 10[""EndNode""]
"
174,"
graph LR
0[""StartNode""] --> 1[""Verify form structure""]
1 --> 2{""Form correct?""}
2 --> |""No""|3[""Form error""]
2 --> |""Yes""|4[""Verify proposal""]
4 --> 5{""Everything okay?""}
5 --> |""Yes""|6[""Process successful""]
5 --> |""No""|7[""Process failed""]
3 --> 8[""EndNode""]
6 --> 8
7 --> 8
"
175,"
graph LR
0[""StartNode""] --> 1[""Book car park location""]
0 --> 2[""Provide guideline to the car park""]
1 --> 3[""Bill credit card""]
2 --> 3
3 --> 4[""EndNode""]
"
176,"
graph LR
0[""StartNode""] --> 1[""Fill pot with water""]
0 --> 2[""Boil water""]
0 --> 3[""Prepare tomato sauce""]
3 --> 4[""Add seasoning""]
2 --> 5[""Put in noodles""]
5 --> 6[""Mix noodles with tomato sauce""]
4 --> 6
6 --> 7[""EndNode""]
"
177,"
graph LR
0[""StartNode""] --> 1[""Receive Order""]
1 --> 2[""Send Invoice""]
1 --> 3[""Ship Products""]
2 --> 4[""Receive Payment""]
3 --> 4
4 --> 5[""EndNode""]
"
178,"
graph LR
0[""StartNode""] --> 1[""T1""]
0 --> 2[""T2""]
0 --> 3[""T3""]
1 --> 4[""T4""]
2 --> 4
3 --> 4
4 --> 5[""EndNode""]
"
179,"
graph LR
0[""StartNode""] --> 1[""Announce Arrival""]
1 --> 2[""Request Registration Form""]
2 --> 3{""Registration Form Obtained?""}
3 --> |""No""|4[""Send Registration Details""]
3 --> |""Yes""|5[""Provide Registration Form""]
4 --> 2
5 --> 6[""Announce Measurement""]
6 --> 7{""Registration can be done in the van?""}
7 --> |""Yes""|8[""Permit Registration""]
7 --> |""No""|9[""Request Person to Leave Van""]
8 --> 10{""Subject Ready?""}
8 --> 11[""Send Questionnaire Answers""]
10 --> |""Yes""|12[""EndNode""]
10 --> |""No""|11
11 --> 13[""Send Registration ID""]
13 --> 12
9 --> 12
"
180,"
graph LR
0[""StartNode""] --> 1[""Vendor sends invoice""]
1 --> 2[""Vendor receives invoice""]
2 --> 3[""Check invoice against inventory""]
3 --> 4{""Instruction""}
4 --> |""send over the invoice""|5[""Enter invoice information in Payment Out Module""]
4 --> |""contact the vendor""|6[""Revise invoice on the spot""]
5 --> 7[""Make payment""]
6 --> 2
7 --> 8[""Process payment""]
8 --> 9[""Forward payment to vendor""]
9 --> 10[""Close order""]
10 --> 11[""EndNode""]
"
181,"
graph LR
0[""StartNode""] --> 1[""Incoming Order""]
1 --> 2[""Check Availability""]
2 --> 3{""Is the Item Available?""}
3 --> |""Yes""|4[""Send the Item""]
3 --> |""No""|5[""Procure the Item""]
5 --> 2
4 --> 6[""Process Payment""]
5 --> 4
6 --> 7[""EndNode""]
"
182,"
graph LR
0[""StartNode""] --> 1[""Submit application""]
1 --> 2[""Deliver required documents""]
2 --> 3[""Conduct completeness check""]
3 --> 4{""Application complete?""}
4 --> |""No""|5[""Send email regarding incompleteness""]
4 --> |""Yes""|6[""Send copies of documents to academic recognition agency""]
5 --> 7[""EndNode""]
6 --> 7
4 --> 3
"
183,"
graph LR
0[""StartNode""] --> 1[""Identify errors""]
1 --> 2[""Highlight errors on Invoice Entry Form""]
1 --> 3[""Track number of errors per Data Entry Officer""]
3 --> 4[""Return invoice to Data Entry Officer""]
4 --> 5[""Record number of errors per Data Entry Officer""]
5 --> 6[""EndNode""]
"
184,"
graph LR
0[""StartNode""] --> 1[""Collect process list and scope""]
1 --> 2[""Conduct interviews""]
2 --> 3[""Define process models and related metrics""]
3 --> 4[""Publish models to PCE""]
4 --> 5[""Provide comments and feedback""]
5 --> 4
4 --> 6[""Collect and review feedback""]
6 --> 7[""EndNode""]
"
185,"
graph LR
0[""StartNode""] --> 1[""Initiate process by sending message""]
0 --> 2[""Analyze sender""]
0 --> 3[""Analyze message""]
2 --> 4[""Generate reply""]
3 --> 4
4 --> 5[""Send reply""]
5 --> 6[""EndNode""]
"
186,"
graph LR
0[""StartNode""] --> 1[""Select pizza and place order""]
1 --> 2[""Pizza made and delivered""]
2 --> 3{""Pizza delivered?""}
3 --> |""Yes""|4[""Make payment""]
3 --> |""No""|5{""Over 60 minutes?""}
4 --> 6[""Receive receipt""]
5 --> |""Yes""|7[""Call vendor and inquire about status""]
5 --> |""No""|8[""Wait for pizza""]
7 --> 9[""Call vendor and ask for pizza""]
8 --> 9
9 --> 4
"
187,"
graph LR
0[""StartNode""] --> 1[""Complete steps within 10 working days""]
0 --> 2[""Complete steps within 30 working days""]
1 --> 3{""10 working days passed?""}
3 --> |""Yes""|4[""Send reminder""]
3 --> |""No""|2
4 --> 5{""Reminder received?""}
5 --> |""Yes""|6[""Give additional 10 working days""]
5 --> |""No""|2
2 --> 7{""30 working days passed?""}
7 --> |""Yes""|8[""Cancel job""]
7 --> |""No""|2
8 --> 9[""EndNode""]
"
188,"
graph LR
0[""StartNode""] --> 1[""Feeling tired""]
0 --> 2[""Put on pajamas""]
0 --> 3[""Brush teeth""]
1 --> 4[""Ready for bed""]
2 --> 4
3 --> 4
"
189,"
graph LR
0[""StartNode""] --> 1[""Inquiry""]
1 --> 2[""Quotation""]
2 --> 3{""Pricing and Terms satisfactory?""}
3 --> |""Yes""|4[""Purchase Order""]
3 --> |""No""|2
4 --> 5[""Sales Order""]
5 --> 6[""Shipment""]
6 --> 7[""Update Sales Order""]
7 --> 8[""Invoice/Bill""]
8 --> 9[""Payment Received""]
9 --> 10{""Payment Received?""}
10 --> |""Yes""|11[""Payment Recorded""]
10 --> |""No""|12[""Reminder""]
11 --> 13[""EndNode""]
12 --> 13
10 --> 14[""Payment Received""]
14 --> 10
"
190,"
graph LR
0[""StartNode""] --> 1[""Post job vacancy""]
1 --> 2[""Enter job profile""]
2 --> 3{""Job profile forwarded?""}
3 --> |""Yes""|4[""Extend job profile""]
3 --> |""No""|2
4 --> 5{""Job profile released?""}
5 --> |""Yes""|6[""Create job profile""]
5 --> |""No""|4
6 --> 7[""Choose recruiting channels""]
7 --> 8[""EndNode""]
"
191,"
graph LR
0[""New signup""] --> 1[""Country/Origin""]
0 --> 2[""Choose Account Type""]
0 --> 3[""Enter Details""]
1 --> 2
2 --> 3
3 --> 4[""Verify Details and Language""]
4 --> 5[""Verify Email""]
5 --> 6[""Verify Credit Card/Bank Account""]
6 --> 7[""EndNode""]
"
192,"
graph LR
0[""StartNode""] --> 1[""Check customer credit history""]
0 --> 2[""Search property title""]
1 --> 3[""Conduct property survey""]
2 --> 3
3 --> 4[""EndNode""]
"
193,"
graph LR
0[""StartNode""] --> 1[""Generate payment report""]
1 --> 2[""Pay vendor""]
2 --> 3[""Send payment record to Accounts Receivable Department""]
2 --> 4[""Send payment report to registry""]
3 --> 5{""Monthly?""}
5 --> |""Yes""|6[""Charge $35 per paid invoice""]
5 --> |""No""|7[""EndNode""]
4 --> 8[""Archive invoices""]
8 --> 6
6 --> 9[""Generate monthly invoices for SSP's clients""]
9 --> 10[""EndNode""]
"
194,"
graph LR
0[""StartNode""] --> 1[""TASK1""]
1 --> 2[""TASK2""]
2 --> 3[""TASK3""]
2 --> 4[""TASK4""]
3 --> 5[""TASK5""]
4 --> 5
5 --> 6[""EndNode""]
"
195,"
graph LR
0[""StartNode""] --> 1[""Create purchase requisition""]
1 --> 2[""Submit purchase order""]
2 --> 3[""Send ordered materials""]
3 --> 4[""Verify shipment contents""]
4 --> 5{""Shipment incomplete?""}
5 --> |""Yes""|6[""Communicate problems""]
5 --> |""No""|7[""Verify documents""]
6 --> 3
7 --> 5
7 --> 8[""Send payment""]
8 --> 9[""EndNode""]
"
196,"
graph LR
0[""StartNode""] --> 1[""Distribute applications to recruitment panel""]
1 --> 2[""Email evaluation sheet to recruitment panel""]
2 --> 3[""Follow-up on receipt of evaluation sheets""]
3 --> 4[""Consolidate rankings""]
4 --> 5[""Distribute consolidated ranking sheet""]
5 --> 6[""EndNode""]
"
197,"
graph LR
0[""StartNode""] --> 1[""Select case""]
1 --> 2[""Perform as-is analysis""]
1 --> 3[""Develop to-be model""]
1 --> 4[""Prepare final report""]
4 --> 5[""Prepare presentation""]
5 --> 6[""Deliver presentation""]
6 --> 7[""EndNode""]
"
198,"
graph LR
0[""StartNode""] --> 1[""Procure Part""]
1 --> 2{""All parts available?""}
2 --> |""Yes""|3[""EndNode""]
2 --> |""No""|2
2 --> |""No""|4[""Part Auction""]
4 --> 3
"
199,"
graph LR
0[""StartNode""] --> 1[""Loan Request""]
1 --> 2[""Collect Credit Information""]
2 --> 3{""Amount >= 1M$""}
3 --> |""Yes""|4[""Assess the Risk""]
3 --> |""No""|5[""Request Approval""]
4 --> 6{""Risk is low""}
6 --> |""Yes""|7[""Accept the Credit""]
6 --> |""No""|5
5 --> 8{""Credit is approved""}
8 --> |""Yes""|7
8 --> |""No""|9[""Reject the Credit""]
7 --> 10[""EndNode""]
9 --> 10
"
200,"
graph LR
0[""StartNode""] --> 1[""Test-Task""]
1 --> 2[""Parallel 1""]
1 --> 3[""Parallel 2""]
2 --> 4[""EndNode""]
3 --> 4
"
201,"
graph LR
0[""StartNode""] --> 1[""Verify RFQ""]
1 --> 2{""RFQ verified?""}
2 --> |""No""|3[""Ask for more information""]
2 --> |""Yes""|4[""Analyze RFQ and provide L&M cost estimates""]
3 --> 5[""Ask for clarification""]
4 --> 2
5 --> 2
2 --> |""Yes""|6[""Add overhead costs to generate pricing options""]
6 --> 7[""Generate sales quote""]
7 --> 8[""EndNode""]
"
202,"
graph LR
0[""StartNode""] --> 1[""Validate invoice""]
0 --> 2[""Wait until end of week""]
1 --> 3[""Run payment file process""]
2 --> 3
3 --> 4[""Generate payment report""]
4 --> 5[""Send payment report to client""]
4 --> 6[""Send payment report to registry""]
4 --> 7[""Send payment report to Account Receivable Department""]
5 --> 8[""EndNode""]
6 --> 9[""Archive invoice""]
7 --> 10[""Generate monthly invoices for SSP's clients""]
10 --> 11[""Generate bills for SSP clients""]
11 --> 12[""Send report of fees $35 per invoice to a client""]
12 --> 13[""EndNode""]
"
203,"
graph LR
0[""StartNode""] --> 1[""Validate invoice information for payment""]
1 --> 2[""Check validated invoices from SAP""]
2 --> 3[""Check possible date for payment""]
3 --> 4[""Arrange payment process""]
4 --> 5[""Run payment process""]
5 --> 6[""Generate payment reports""]
6 --> 7[""Send payment reports to the client""]
6 --> 8[""Send payment reports to the registry""]
6 --> 9[""Send payment reports to the accounts receivable department officer""]
7 --> 10[""EndNode""]
8 --> 10
9 --> 11[""Receive reports""]
11 --> 12[""Generate monthly invoices""]
12 --> 13[""Send monthly invoices to the client""]
13 --> 10
"
204,"
graph LR
0[""StartNode""] --> 1[""Finish meal""]
1 --> 2[""Wash down with a refreshing drink""]
1 --> 3[""Add dish detergent""]
1 --> 4[""Let the water down""]
1 --> 5[""Sink the dirty dishes""]
3 --> 6[""Wash the dishes""]
4 --> 6
5 --> 6
6 --> 7[""EndNode""]
"
205,"
graph LR
0[""StartNode""] --> 1[""Check availability with supplier""]
1 --> 2{""Deliverable?""}
2 --> |""No""|3[""EndNode""]
2 --> |""Yes""|4{""Delivery time <= 2 days?""}
4 --> |""No""|5[""Late delivery""]
4 --> |""Yes""|6[""Order from supplier""]
5 --> 7[""Order from supplier""]
6 --> 7
7 --> 8[""Wait for article to be received""]
8 --> 9[""Procure article""]
9 --> 10[""EndNode""]
"
206,"
graph LR
0[""StartNode""] --> 1[""BI""]
1 --> 2[""BJ""]
2 --> 3[""DP""]
3 --> 4[""BG""]
4 --> 5[""DO""]
0 --> 6[""DL""]
6 --> 7[""DN""]
7 --> 8[""DM""]
8 --> 9[""DD""]
9 --> 10[""DB""]
10 --> 11[""EndNode""]
"
207,"
graph LR
0[""StartNode""] --> 1[""Pay invoices""]
1 --> 2[""Generate payment report""]
2 --> 3[""Send payment report to Accounts Receivable Department""]
2 --> 4[""Send payment report to registry""]
3 --> 5[""Generate monthly invoices for clients""]
4 --> 6[""Select paper-based invoices""]
5 --> 7[""EndNode""]
6 --> 8[""Sort invoices per client""]
8 --> 9[""Sort invoices per payment data""]
9 --> 10[""Archive invoices""]
10 --> 11[""EndNode""]
"
208,"
graph LR
0[""StartNode""] --> 1[""Request for Quotation""]
1 --> 2[""Sales""]
2 --> 3[""Contract Establishment""]
3 --> 4[""Order Management""]
4 --> 5[""Backlog Management""]
5 --> 6[""Revenue Realization""]
6 --> 7[""Process concludes""]
7[""Process concludes""] --> 8[""EndNode""]
"
209,"
graph LR
0[""StartNode""] --> 1[""Send cost calculation""]
1 --> 2[""Receive answer from client""]
2 --> 3{""Decision from client""}
3 --> |""accepted""|4[""Check and repair computer""]
3 --> |""not accepted""|5[""Client takes computer home""]
4 --> 6[""EndNode""]
5 --> 6
"
210,"
graph LR
0[""StartNode""] --> 1[""Arrange invoices""]
1 --> 2[""Sort invoices""]
2 --> 3[""Staple entry form""]
2 --> 4[""Enter vendor name""]
2 --> 5[""Enter client name""]
2 --> 6[""Enter date of arrival""]
3 --> 7[""EndNode""]
4 --> 7
5 --> 7
6 --> 7
"
211,"
graph LR
0[""StartNode""] --> 1[""Receive claim""]
1 --> 2[""Check completeness""]
2 --> 3{""Data complete?""}
3 --> |""No""|4[""Send failure notice""]
3 --> |""Yes""|5[""Check insurance case""]
4 --> 6[""EndNode""]
5 --> 7[""Send expert""]
7 --> 8[""Define insurance case""]
8 --> 9[""Wait for invoice""]
9 --> 10[""Pay invoice""]
10 --> 11[""EndNode""]
"
212,"
graph LR
0[""StartNode""] --> 1[""Request for Quotation""]
1 --> 2[""Customer submits RFQ""]
2 --> 3[""Quotation submitted""]
3 --> 4[""Receive Quotation""]
4 --> 5[""Submit Purchase Order""]
5 --> 6[""Send Goods""]
5 --> 7[""Send Invoice""]
6 --> 8[""Mark Goods as sent""]
7 --> 9[""Mark Invoice as sent""]
8 --> 10[""EndNode""]
9 --> 10
"
213,"
graph LR
0[""StartNode""] --> 1[""Check if order has been received""]
1 --> 2{""Article available?""}
2 --> |""No""|3[""Procurement process""]
2 --> |""Yes""|4[""Shipping article""]
3 --> 2
4 --> 2
2 --> |""No""|3
2 --> |""Yes""|5[""Shipping article""]
5 --> 6[""Financial settlement""]
6 --> 7[""Wait for payment""]
7 --> 8[""EndNode""]
"
214,"
graph LR
0[""StartNode""] --> 1[""Mark Invoice as Paid""]
0 --> 2[""Send the report""]
2 --> 3[""Send the report""]
3 --> 4[""Send the report""]
4 --> 5[""Generate the monthly invoices""]
5 --> 6[""Charge $35 for each paid invoice""]
1 --> 6
6 --> 7[""EndNode""]
"
215,"
graph LR
0[""StartNode""] --> 1{""Trusted partner?""}
1 --> |""Yes""|2[""Authorization based on access control policy""]
1 --> |""No""|3[""Specify level of visibility""]
2 --> 4[""EndNode""]
3 --> 1
3 --> 5[""Act as NodeRefs for initial negotiation""]
5 --> 6[""Establish trust relationship and access control policy""]
6 --> 4
"
216,"
graph LR
0[""StartNode""] --> 1[""Verify stock quantities""]
1 --> 2{""Items in stock?""}
2 --> |""Yes""|3[""Pack goods""]
2 --> |""No""|4[""Create purchase order""]
3 --> 5[""Prepare to ship purchase order""]
4 --> 5
5 --> 6[""Prepare shipment""]
5 --> |""Backorder""|7[""EndNode""]
6 --> 8[""EndNode""]
"
217,"
graph LR
0[""StartNode""] --> 1[""Purchase Raw Materials""]
0 --> 2[""Make Production Plan""]
1 --> 3[""Manufacture Products""]
2 --> 3
3 --> 4[""EndNode""]
"
218,"
graph LR
0[""StartNode""] --> 1[""Prepare feedback proposal""]
1 --> 2[""Send for approval""]
2 --> 3[""Wait for dean's approval""]
3 --> 4{""Is feedback proposal approved?""}
4 --> |""No""|5[""Receive denial""]
4 --> |""Yes""|6[""Receive approval""]
5 --> 1
6 --> 7[""Request feedback""]
7 --> 8[""Wait for feedback receipt""]
8 --> 9[""Reply to feedback""]
9 --> 10[""Collect all feedback""]
10 --> 11[""Send collected feedback""]
11 --> 12[""Wait for collected feedback receipt""]
12 --> 13[""Analyze feedback""]
13 --> 14[""EndNode""]
"
219,"
graph LR
0[""StartNode""] --> 1[""Start and enter metadata""]
1 --> 2[""IN-Patient""]
2 --> 3[""Send data to suppliers""]
2 --> 4[""Create a claim""]
3 --> 5[""Extract data from suppliers""]
5 --> 6[""Transfer data to doctor's phone""]
6 --> 7[""Confirm GOP""]
7 --> 8[""Register case""]
8 --> 9[""Handle claim""]
9 --> 10[""Enter data on patient's record""]
9 --> 11[""Confirm IN-Patient status""]
10 --> 12[""Receive payment""]
11 --> 12
12 --> 13[""EndNode""]
"
220,"
graph LR
0[""StartNode""] --> 1[""Wait for application form""]
1 --> 2[""Focus on a specific task""]
2 --> 3[""Make an assessment""]
3 --> 4[""Pay attention to a sub-process""]
4 --> 5{""Is offer available?""}
5 --> |""Yes""|6[""Offer a mortgage""] --> 7[""EndNode""]
5 --> |""No""|8[""Send a rejection""] --> 7
5 --> |""No""|5
"
221,"
graph LR
0[""StartNode""] --> 1[""Check volume of work required""]
1 --> 2[""Prepare timetable for next two weeks""]
2 --> 3[""Publish timetable""]
3 --> 4[""Fulfill availability of workers""]
3 --> 5[""Check non-availability of workers""]
4 --> 6[""Fill shift sheet""]
5 --> 6
6 --> 7[""Publish shift schedule""]
7 --> 8[""EndNode""]
"
222,"
graph LR
0[""StartNode""] --> 1{""Can fulfill order request?""}
1 --> |""Yes""|2[""Order confirmation""]
1 --> |""No""|3[""Reject order""]
2 --> 4[""EndNode""]
3 --> 4
"
223,"
graph LR
0[""StartNode""] --> 1[""Determine workday""]
0 --> 2[""Determine season""]
1 --> 3[""Determine working hours""]
3 --> 4[""Determine thermostat temperature""]
4 --> 5[""EndNode""]
"
224,"
graph LR
0[""StartNode""] --> 1{""Trusted partner?""}
1 --> |""Yes""|2[""Authorization based on access control policy""]
1 --> |""No""|3[""Specify level of visibility""]
2 --> 4[""EndNode""]
3 --> 1
3 --> 5[""Acting as NodeRefs for initial negotiation""]
5 --> 4
"
225,"
graph LR
0[""StartNode""] --> 1[""Enter Order""]
1 --> 2{""Product on Sale?""}
2 --> |""Yes""|3[""Confirm Order Placement""]
2 --> |""No""|4[""Dismiss Order""]
3 --> 5[""Order Placed""]
4 --> 6[""Order Not Placed""]
2 --> 2
3 --> 5
4 --> 6
5 --> 7[""EndNode""]
6 --> 7
"
226,"
graph LR
0[""StartNode""] --> 1[""Request for Quotation""]
1 --> 2[""Sales""]
2 --> 3[""Contract Establishment""]
3 --> 4[""Order Management""]
4 --> 5[""Backlog Management""]
5 --> 6[""Revenue Realization""]
6 --> 7[""EndNode""]
"
227,"
graph LR
0[""StartNode""] --> 1[""Enter required information""]
0 --> 2[""Enter client name""]
0 --> 3[""Enter vendor name""]
0 --> 4[""Enter date of arrival""]
1 --> 5[""EndNode""]
2 --> 5
3 --> 5
4 --> 5
"
228,"
graph LR
0[""StartNode""] --> 1[""Verify RFQ""]
1 --> 2{""RFQ verified?""}
2 --> |""No""|3[""Ask for more information""]
2 --> |""Yes""|4[""Analyze RFQ and provide L&M Cost Estimates""]
3 --> 5[""Provide clarification""]
4 --> 2
5 --> 1
1 --> 6[""Add overhead costs and generate pricing options""]
6 --> 7[""Generate Sales Quote""]
7 --> 8[""EndNode""]
"
229,"
graph LR
0[""StartNode""] --> 1{""Order Request can be fulfilled?""}
1 --> |""Yes""|2[""Confirmation""]
1 --> |""No""|3[""Rejection""]
2 --> 4[""Transmit Delivery Information""]
3 --> 5[""Mark Order as Rejected""]
4 --> 6[""Shipment""]
5 --> 7[""EndNode""]
6 --> 8[""Mark Order as Fulfilled""]
8 --> 7
"
230,"
graph LR
0[""StartNode""] --> 1[""Check if Change Request is realizable""]
1 --> 2{""Is Change Request realizable?""}
2 --> |""No""|3[""Withdraw correction""]
2 --> |""Yes""|4[""Create new transport request""]
3 --> 5[""EndNode""]
4 --> 6[""Select request type""]
6 --> 7{""Is request type workbench or customizing?""}
7 --> |""workbench""|8[""Workbench development""]
7 --> |""customizing""|9[""Customizing development""]
8 --> 10[""Log on to development system""]
9 --> 10
10 --> 11[""Release transport request""]
11 --> 12{""Is correction ready for testing?""}
12 --> |""No""|13[""Code quality integration""]
12 --> |""Yes""|14[""Pass correction to test""]
13 --> 15[""EndNode""]
14 --> 16[""Log on to test system""]
16 --> 17[""Check status""]
17 --> 18{""Is test successful?""}
18 --> |""No""|19[""Reset correction""]
18 --> |""Yes""|20[""Confirm successful test""]
19 --> 21[""Evaluate correction""]
20 --> 22[""Send email to change manager""]
21 --> 23[""EndNode""]
22 --> 23
"
231,"
graph LR
0[""StartNode""] --> 1[""Ask 1st Level Support""]
1 --> 2{""Issue resolved?""}
2 --> |""Yes""|3[""Provide feedback for account manager""]
2 --> |""No""|4[""Ask developer for assistance""]
4 --> 5{""Still 1st Level issue?""}
5 --> |""No""|3
5 --> |""Yes""|4
4 --> 6[""Provide feedback for 1st Level support""]
6 --> 3
"
232,"
graph LR
0[""StartNode""] --> 1[""Inquire about product availability""]
1 --> 2[""Create Quotation""]
2 --> 3[""Check Pricing and Terms""]
3 --> 4{""Are Pricing and Terms Satisfactory?""}
4 --> |""No""|1
4 --> |""Yes""|5[""Send Purchase Order to Sales""]
5 --> 6[""Create Sales Order""]
6 --> 7[""Prepare and Send Shipment""]
7 --> 8[""Check Quantity of Products""]
8 --> 9{""Is Quantity of Products Sufficient?""}
9 --> |""No""|10[""Back Order and Document Unavailable Parts""]
9 --> |""Yes""|11[""Update Sales Order and Shipped By Data""]
10 --> 12[""EndNode""]
11 --> 13[""Check Payment Received""]
13 --> 14{""Is Payment Received?""}
14 --> |""Yes""|12
14 --> |""No""|15{""Is Payment Over 30 Days Late?""}
15 --> |""Yes""|16[""Send Payment Reminder""]
15 --> |""No""|13
"
233,"
graph LR
0[""StartNode""] --> 1[""Product Inquiry""]
1 --> 2[""Create Price Quote""]
2 --> 3[""Create Sales Order""]
3 --> 4{""Sufficient Quantities?""}
4 --> |""Yes""|5[""Ship Items""]
4 --> |""No""|6[""Backorder""]
5 --> 7[""Prepare Invoice""]
7 --> 8{""Payment Received <30 days?""}
8 --> |""Yes""|9[""Process Payment""]
8 --> |""No""|10[""Send Reminder""]
9 --> 11[""EndNode""]
10 --> 11
6 --> 11
"
234,"
graph LR
0[""Arrive at shopping mall""] --> 1[""Choose presents""]
1 --> 2[""Buy perfume""]
1 --> 3[""Buy necklace""]
2 --> 4[""Finish shopping""]
3 --> 4
"
235,"
graph LR
0[""Initiate process""] --> 1[""Buy a Car""]
0 --> 2[""Choose a Bike""]
1 --> 3[""Buy a House""]
2 --> 3
3 --> 4[""Buy a Kitchen""]
3 --> 5[""Buy a Pizza""]
4 --> 5
5 --> 6[""Buy a Mountain Bike""]
5 --> 7[""Buy a City Bike""]
6 --> 8[""EndNode""]
7 --> 8
"
236,"
graph LR
0[""Receive purchase invoice with validated invoice information for SSP""] --> 1[""Check validated invoices from SAP""]
1 --> 2[""Check possible date for payment""]
2 --> 3[""Make payment""]
3 --> 4[""Arrange payment process""]
4 --> 5[""Run payment process""]
5 --> 6[""Generate payment reports""]
6 --> 7[""Send payment reports to client""]
6 --> 8[""Send payment reports to registry""]
6 --> 9[""Send payment reports to accounts receivable department officer""]
9 --> 10[""Receive payment reports""]
10 --> 11[""Mark end of month""]
11 --> 12[""Generate monthly invoices for SSP""]
12 --> 13[""Send SSP invoice to client""]
"
237,"
graph LR
0[""StartNode""] --> 1[""Incident Identification""]
1 --> 2[""Incident Logging""]
2 --> 3[""Incident Categorization""]
3 --> 4{""Is it a Service Request?""}
4 --> |""Yes""|5[""Request Fulfilment""]
4 --> |""No""|6[""Incident Prioritization""]
5 --> 7[""EndNode""]
6 --> 8{""Is it a Major Incident?""}
8 --> |""Yes""|9[""Escalate Major Incident""]
8 --> |""No""|10[""Initial Diagnosis""]
9 --> 11[""EndNode""]
10 --> 12{""Is it Fixed in agreed time?""}
12 --> |""Yes""|13[""Incident Closure""]
12 --> |""No""|14{""Is Hierarchic escalation is needed?""}
14 --> |""Yes""|15[""Escalate to Management""]
14 --> |""No""|16[""Investigation and Diagnosis""]
15 --> 17[""EndNode""]
16 --> 18{""Is Hierarchic escalation is needed?""}
18 --> |""Yes""|15
18 --> |""No""|13
13 --> 19[""EndNode""]
"
238,"
graph LR
0[""StartNode""] --> 1[""Send Main Document""]
1 --> 2{""Should we send Supplement A?""}
2 --> |""No""|3[""EndNode""]
2 --> |""Yes""|4[""Send Supplement A""]
4 --> 5{""Should we send Supplement A again?""}
5 --> |""No""|3
5 --> |""Yes""|4
4 --> 6{""Should we send Supplement B?""}
6 --> |""No""|3
6 --> |""Yes""|7[""Send Supplement B""]
7 --> 8[""EndNode""]
"
239,"
graph LR
0[""StartNode""] --> 1[""Receive email with survey and testimonial request""]
1 --> 2[""Receive survey""]
1 --> 3[""Receive testimonial request""]
2 --> 4[""Respond to survey""]
3 --> 5[""Write testimonial""]
4 --> 6[""EndNode""]
5 --> 6
"
240,"
graph LR
0[""StartNode""] --> 1[""Report computer problem""]
1 --> 2[""Bring computer to ACM""]
2 --> 3[""Receive estimates and describe problem""]
3 --> 4[""Evaluate estimates""]
4 --> 5{""Agree with terms?""}
5 --> |""No""|6[""Take computer back""]
5 --> |""Yes""|7[""Authorize repair""]
6 --> 8[""EndNode""]
7 --> 9[""Pick up notice for computer pickup""]
9 --> 10[""Pick up computer""]
10 --> 11{""Computer repaired?""}
11 --> |""No""|12[""EndNode""]
11 --> |""Yes""|13[""Pay for work done""]
13 --> 14[""EndNode""]
"
241,"
graph LR
0[""StartNode""] --> 1[""Entered invoices to validation office""]
1 --> 2[""Proceeded with invoices validation""]
2 --> 3[""Ticked box 'invoice entered correctly' on invoices form""]
3 --> 4[""Logged into SAP""]
4 --> 5[""Changed data status from parked to validated""]
5 --> 6[""Forwarded validated invoices to Registry officers""]
5 --> 7[""Forwarded validated invoices information in SAP to Payment officer""]
6 --> 8[""EndNode""]
7 --> 8
"
242,"
graph LR
0[""StartNode""] --> 1[""Issue Received""]
1 --> 2[""Open the ticket""]
2 --> 3[""Edit the 1st level ticket""]
3 --> 4{""Result?""}
4 --> |""Resolved""|5[""Send an email to the Account Manager""]
4 --> |""2nd level issue""|6[""Edit the 2nd level ticket""]
6 --> 4
4 --> |""Resolved""|5
4 --> |""2nd level issue""|6
6 --> 5
6 --> 7[""Close the ticket""]
7 --> 4
4 --> |""To be fixed in the next release""|8[""Insert the issue into the product backlog""]
4 --> |""Resolved""|5
4 --> 8
4 --> 5
8 --> 5
5 --> 9[""EndNode""]
"
243,"
graph LR
0[""StartNode""] --> 1[""Submit loan application""]
1 --> 2[""Review loan paperwork""]
2 --> 3{""Loan value greater than $1000?""}
3 --> |""Yes""|4[""EndNode""]
3 --> |""No""|5[""Evaluate risk""]
5 --> 6[""Approve loan""]
6 --> 7[""Receive money""]
7 --> 4
"
244,"
graph LR
0[""StartNode""] --> 1[""Check customer's credit history""]
0 --> 2[""Conduct property survey""]
1 --> 3[""Search property title""]
2 --> 3
3 --> 4[""EndNode""]
"
245,"
graph LR
0[""StartNode""] --> 1[""Send main contract document""]
1 --> 2{""Send supplement A?""}
2 --> |""No""|3[""EndNode""]
2 --> |""Yes""|4[""Send supplement A""]
4 --> 5{""Send supplement B?""}
5 --> |""No""|3
5 --> |""Yes""|6[""Send supplement B""]
6 --> 3
"
246,"
graph LR
0[""Customer order""] --> 1[""Receive Order""]
1 --> 2[""Enter Order into System""]
2 --> 3[""Check Inventory""]
3 --> 4[""Assemble Shipment""]
3 --> 5[""Billing""]
4 --> 6[""Send Shipment""]
5 --> 6
6 --> 7[""Wait for Delivery""]
7 --> 8[""EndNode""]
"
247,"
graph LR
0[""StartNode""] --> 1[""Send shipment planning request""]
1 --> 2[""Receive shipment planning alternatives""]
2 --> 3[""Select shipment planning""]
3 --> 4[""Schedule pickup""]
3 --> 5[""Send shipment documents""]
4 --> 6[""Receive shipment detail""]
5 --> 6
6 --> 7[""Load shipment at pickup location""]
7 --> 8[""EndNode""]
"
248,"
graph LR
0[""StartNode""] --> 1[""Go to iTunes Store Home""]
1 --> 2[""Search for Album""]
2 --> 3{""Want to Expand Search?""}
3 --> |""Yes""|4[""Expand Search Using Artist Name""]
3 --> |""No""|5[""Select Album""]
4 --> 2
5 --> 6{""Want to Sign-up?""}
6 --> |""Yes""|7[""Enter Email Address""]
6 --> |""No""|8{""Want to Login?""}
7 --> 9[""Enter Password""]
8 --> |""Yes""|10[""Login to Account""]
8 --> |""No""|11[""Confirm Purchase Choice""]
9 --> 11
10 --> 11
11 --> 12[""Download Album""]
12 --> 13[""EndNode""]
7 --> 14[""Provide Secret Question and Answer""]
14 --> 12
10 --> 15[""Enter Date of Birth""]
15 --> 16[""Provide Payment Method""]
16 --> 17[""Enter Billing Address""]
17 --> 18[""Confirm Registration""]
18 --> 11
"
249,"
graph LR
0[""StartNode""] --> 1[""Log and route the complaint""]
1 --> 2[""Handle the complaint""]
2 --> 3{""Should the complaint be escalated?""}
3 --> |""Yes""|2
3 --> |""No""|4[""Send an email to the student and cc the Complaint Staff""]
2 --> 4
4 --> 5[""Update the complaint database""]
5 --> 6[""EndNode""]
"
250,"
graph LR
0[""StartNode""] --> 1[""Customer enters the store""]
1 --> 2[""Decide what they want""]
2 --> 3{""Custom order or in-store purchase?""}
3 --> |""Custom order""|4[""Fill out customer invoice""]
3 --> |""In-store purchase""|5[""In-store purchase""]
4 --> 6[""EndNode""]
5 --> 6
3 --> 3
"
251,"
graph LR
0[""Change code""] --> 1[""Commit to SVN""]
1 --> 2[""Update from SVN""]
1 --> 3[""Change code""]
2 --> 3
3 --> 4[""Resolve conflicts""]
3 --> 5[""Change code again""]
4 --> 5
5 --> 6[""Commit to SVN again""]
5 --> 7[""Commit to SVN again""]
6 --> 8[""Deploy to QA""]
7 --> 9[""Update from SVN again""]
8 --> 9
9 --> 10[""Change code again""]
9 --> 11[""Commit to SVN again""]
10 --> 11
11 --> 12[""Update from SVN again""]
11 --> 13[""Deploy to QA again""]
12 --> 13
13 --> 14[""Deploy to production""]
"
252,"
graph LR
0[""StartNode""] --> 1[""Determine rent conditions""]
1 --> 2[""Find suitable land""]
2 --> 3{""Required price >= found price?""}
3 --> |""No""|4[""Reevaluate conditions""]
3 --> |""Yes""|5[""Check availability and rentability""]
4 --> 2
5 --> 6{""Space available?""}
6 --> |""No""|7[""Search for land""]
6 --> |""Yes""|8[""Create contract form""]
7 --> 2
8 --> 9{""Contract approved?""}
9 --> |""No""|7
9 --> |""Yes""|10[""Send contract via email""]
10 --> 11[""Ensure water resources""]
11 --> 12[""Ensure food supplier""]
12 --> 13[""Finalize contracts with suppliers""]
13 --> 14[""Send final contract""]
14 --> 15[""Wait for acknowledgement""]
15 --> 16[""Check response""]
16 --> 17[""EndNode""]
"
253,"
graph LR
0[""StartNode""] --> 1{""Can fulfill order?""}
1 --> |""Yes""|2[""Confirm Order""]
1 --> |""No""|3[""Reject Order""]
2 --> 4[""Deliver Order""]
3 --> 1
4 --> 5[""Inform Order Delivered""]
3 --> 6[""Inform Order Rejected""]
"
254,"
graph LR
0[""StartNode""] --> 1[""TASK1""]
1 --> 2[""TASK2""]
2 --> 3[""TASK3""]
2 --> 4[""TASK4""]
3 --> 5[""TASK5""]
4 --> 5
5 --> 6[""EndNode""]
"
255,"
graph LR
0[""StartNode""] --> 1[""Customer encounters a problem""]
1 --> 2[""Obtain a description of the problem""]
2 --> 3{""Can I handle this on my own?""}
3 --> |""Yes""|4[""Explain the solution""]
3 --> |""No""|5[""Send an email to the support system""]
4 --> 6[""EndNode""]
5 --> 6
4 --> 3
"
256,"
graph LR
0[""StartNode""] --> 1[""Create Product""]
1 --> 2[""Propose Product""]
2 --> 3{""Product Approved?""}
3 --> |""Yes""|4[""Approve Product""]
3 --> |""No""|5[""Reject Product""]
4 --> 6[""Product Approved""]
5 --> 3
5 --> 7[""Product Rejected""]
6 --> 8[""EndNode""]
7 --> 8
"
257,"
graph LR
0[""StartNode""] --> 1[""Check Credit History""]
0 --> 2[""Property Survey""]
1 --> 3[""Property Title Search""]
1 --> 4[""EndNode""]
2 --> 4
"
258,"
graph LR
0[""StartNode""] --> 1[""Check order received""]
1 --> 2[""Check availability of article""]
2 --> 3{""Article available?""}
3 --> |""No""|4[""Initiate procurement process""]
3 --> |""Yes""|5[""Ship article""]
5 --> 3
4 --> 5
5 --> 6[""Complete financial settlement""]
6 --> 7[""Receipt of payment""]
7 --> 8[""EndNode""]
"
259,"
graph LR
0[""StartNode""] --> 1[""Turn on computer""]
1 --> 2[""Connect to internet""]
2 --> 3[""Navigate to nba.com""]
3 --> 4[""Grab a beer from the fridge""]
3 --> 5[""Start streaming""]
4 --> 6[""Enjoy beer and watch game""]
5 --> 6
6 --> 7[""Game ends""]
7 --> 8[""EndNode""]
"
260,"
graph LR
0[""StartNode""] --> 1[""Invoice arrives""]
1 --> 2{""Is invoice complete?""}
2 --> |""No""|3[""Return invoice to client""]
2 --> |""Yes""|4[""Check if invoice can be paid""]
4 --> 5{""Can invoice be paid?""}
5 --> |""No""|3
5 --> |""Yes""|6[""Sort invoice by client and vendor""]
3 --> 7[""EndNode""]
6 --> 7
"
261,"
graph LR
0[""StartNode""] --> 1[""Receive payment""]
0 --> 2[""Ship the order""]
1 --> 3[""Archive the order""]
2 --> 3
3 --> 4[""EndNode""]
"
262,"
graph LR
0[""StartNode""] --> 1[""Detect Incident""]
1 --> 2[""Troubleshoot Application""]
2 --> 3{""Incident Resolved within 1 hour?""}
3 --> |""Yes""|4[""Incident Resolved""]
3 --> |""No""|5[""Analyze Incident""]
5 --> 6{""Financial Impact?""}
6 --> |""No""|7[""No Incident Opened""]
6 --> |""Yes""|8[""EMS Opened""]
8 --> 9[""Contact Application Team""]
9 --> 10[""Open Conference Line""]
4 --> 11[""EndNode""]
7 --> 11
10 --> 11
"
263,"
graph LR
0[""StartNode""] --> 1[""Confirm invoice paid""]
0 --> 2[""Send report to Client""]
0 --> 3[""Send report to SSP's Accounts Receivable Department""]
0 --> 4[""Send report to Registry""]
1 --> 5[""Payment report sent""]
2 --> 5
3 --> 5
4 --> 5
5 --> 6[""EndNode""]
"
264,"
graph LR
0[""StartNode""] --> 1[""Participate""]
1 --> 2{""Suggest a friend or check the suggestion""}
2 --> |""Select a friend""|3[""Select a friend""]
2 --> |""Check the suggestion""|4[""EndNode""]
3 --> 5[""Select a second friend""]
5 --> 6[""Suggest a date""]
6 --> 7[""Post a message on the suggested friend's wall""]
6 --> 8[""Check if you should invite friends to use the app""]
7 --> 9[""EndNode""]
8 --> 10{""Should invite friends to use the app""}
10 --> |""No""|9
10 --> |""Yes""|11[""Invite friends""]
11 --> 10
"
265,"
graph LR
0[""StartNode""] --> 1[""Publish flight schedule""]
1 --> 2[""Assign fleets""]
2 --> 3[""Send flight schedule""]
3 --> 4[""Receive Flight Schedule""]
4 --> 5[""Create crew pairings""]
4 --> 6[""Create crew rosters""]
5 --> 7[""Update crew changes""]
6 --> 7
7 --> 8[""Repair crew rosters""]
8 --> 9[""Send crew assignments""]
9 --> 10[""Receive crew assignments""]
10 --> 11[""Create flight plan""]
11 --> 12[""Repair flight plan""]
12 --> 13[""Create flight report""]
13 --> 14[""Send flight report""]
14 --> 15[""Post-operation analysis""]
15 --> 16[""EndNode""]
"
266,"
graph LR
0[""StartNode""] --> 1[""Mortgage Offers""]
1 --> 2[""Analyze Response""]
1 --> 3[""Wait for two weeks""]
2 --> 4{""Response?""}
4 --> |""No""|5[""Update Details""]
4 --> |""Yes""|6{""Response Accepted?""}
6 --> |""No""|5
6 --> |""Yes""|7[""Check Status of Documents""]
7 --> 8{""Documents Complete?""}
8 --> |""No""|9[""Require Additional Documents""]
8 --> |""Yes""|10[""Move Case""]
5 --> 11[""Archive Case""]
9 --> 12[""EndNode""]
10 --> 12
11 --> 12
"
267,"
graph LR
0[""StartNode""] --> 1[""Register for event participation""]
1 --> 2{""Fees required?""}
2 --> |""No""|3[""Register for seminar results""]
2 --> |""Yes""|4[""Create purchase request""]
3 --> 5{""Purchase request approved?""}
3 --> |""No""|6[""Notify rejection""]
3 --> |""Yes""|7[""Send approval notification""]
4 --> 5
5 --> |""No""|6
5 --> |""Yes""|7
6 --> 8[""End process""]
7 --> 8
"
268,"
graph LR
0[""StartNode""] --> 1[""Receive Request""]
1 --> 2[""Evaluate Request""]
2 --> 3{""Report Favorable?""}
3 --> |""No""|4[""Send Notification of Denial""]
3 --> |""Yes""|5[""Check Analyst Authority""]
5 --> 6{""Analyst has Authority?""}
6 --> |""No""|7[""Authorize Payment""]
6 --> |""Yes""|8[""Send Payment""]
4 --> 9[""EndNode""]
7 --> 8
8 --> 9
"
269,"
graph LR
0[""StartNode""] --> 1[""Receive mail""]
1 --> 2[""Check information""]
2 --> 3{""Information complete?""}
3 --> |""No""|4[""Call customer""]
3 --> |""Yes""|5[""Add mail number and date""]
4 --> 6[""EndNode""]
5 --> 7[""Record letter""]
7 --> 8[""Archive letter""]
8 --> 9[""Take letters to Miranda""]
9 --> 6
"
270,"
graph LR
0[""StartNode""] --> 1[""Identify demand for material""]
1 --> 2{""Goods Available?""}
2 --> |""Yes""|3[""Utilize available material""]
2 --> |""No""|4[""Specify required material demand""]
3 --> 5[""EndNode""]
4 --> 6[""Create purchase requisition""]
6 --> 7[""Verify purchase requisition""]
7 --> 8[""Generate purchase order""]
8 --> 9[""Notify vendor""]
9 --> 10[""Vendor shipment""]
10 --> 11[""Create goods receipt""]
11 --> 12[""Create invoice receipt""]
12 --> 13[""Make payment to vendor""]
13 --> 5
"
271,"
graph LR
0[""StartNode""] --> 1[""Receive online update on vacancy status""]
0 --> 2[""Advertise Vacancy""]
0 --> 3[""Assemble Selection Panel""]
2 --> 4[""Receive complete applications""]
3 --> 4
4 --> 5[""EndNode""]
"
272,"
graph LR
0[""StartNode""] --> 1[""Send mortgage offer""]
1 --> 2[""Wait for answer""]
2 --> 3{""Is answer decline?""}
3 --> |""Yes""|4[""Update details""]
3 --> |""No""|5{""Is offer complete?""}
4 --> 6{""Is offer complete?""}
5 --> |""Yes""|7[""Complete offer""]
5 --> |""No""|8[""Send message to customer""]
6 --> |""Yes""|9[""Complete offer""]
6 --> |""No""|8
7 --> 10[""EndNode""]
8 --> 11[""Wait for customer's answer""]
11 --> 4
9 --> 10
"
273,"
graph LR
0[""StartNode""] --> 1[""Check fees""]
1 --> 2{""Fees required?""}
2 --> |""No""|3[""Registration process""]
3 --> 4[""Obtain seminar results""]
4 --> 5[""EndNode""]
2 --> |""Yes""|6[""Create purchase requisition request""]
6 --> 7[""Check purchase request approval""]
7 --> 8{""Purchase request approved?""}
8 --> |""No""|9[""Notify rejection""]
9 --> 10[""EndNode""]
8 --> |""Yes""|11[""Send approved notification""]
11 --> 10
"
274,"
graph LR
0[""StartNode""] --> 1[""Main document sent""]
1 --> 2{""Should Supplement A be sent?""}
2 --> |""Yes""|3[""Supplement A sent""]
2 --> |""No""|4[""EndNode""]
3 --> 5{""Should Supplement B be sent?""}
5 --> |""Yes""|6[""Supplement B sent""]
5 --> |""No""|4
6 --> 7[""EndNode""]
"
275,"
graph LR
0[""StartNode""] --> 1[""Check Report against Invoice""]
1 --> 2[""Verify 'Invoice Entered Correctly'""]
1 --> 3[""Record errors made by Data Entry Officer""]
3 --> 4[""Highlight error""]
4 --> 5[""Update Invoice Entry Form""]
2 --> 6[""EndNode""]
"
276,"
graph LR
0[""StartNode""] --> 1[""Accepted Item""]
1 --> 2[""Case""]
1 --> 3[""Other""]
1 --> 4[""Can""]
1 --> 5[""Non-perishable""]
1 --> 6[""Perishable""]
1 --> 7[""Fruit""]
1 --> 8[""Vegetable""]
2 --> 9[""Sack""]
5 --> 9
6 --> 9
7 --> 9
8 --> 9
9 --> 10[""QC""]
10 --> 11[""Weight""]
11 --> 12[""Date Center""]
12 --> 13[""Store items""]
13 --> 14[""EndNode""]
"
277,"
graph LR
0[""StartNode""] --> 1[""Receive shipment""]
1 --> 2[""Place shipment in warehouse""]
2 --> 3[""Update IS""]
3 --> 4[""Sort shipments by service type""]
4 --> 5[""Sort shipments by destination node""]
5 --> 6[""Sort shipments by size""]
6 --> 7[""Calculate route to next node""]
7 --> 8[""Determine transport vehicle""]
8 --> 9{""Is vehicle available?""}
9 --> |""Yes""|10[""Load shipment onto transport vehicle""]
9 --> |""No""|11[""Set waiting time limit""]
10 --> 12[""Update IS""]
12 --> 13[""Update IS""]
13 --> 14[""Start transportation to next node""]
14 --> 15[""Unload shipment""]
15 --> 16{""Has destination warehouse been reached?""}
16 --> |""No""|17[""Update IS""]
17 --> 16
16 --> |""Yes""|18[""Place shipment in branch office""]
18 --> 19[""Update IS""]
19 --> 20[""EndNode""]
"
278,"
graph LR
0[""StartNode""] --> 1[""Review letter""]
1 --> 2{""Letter complete?""}
2 --> |""No""|3[""Make telephone call""]
2 --> |""Yes""|4[""Archive letter""]
3 --> 1
4 --> 5{""Have necessary information?""}
5 --> |""No""|6[""EndNode""]
5 --> |""Yes""|7{""Person a member?""}
7 --> |""No""|8[""Send denial""]
7 --> |""Yes""|9[""Stamp letter""]
8 --> 6
9 --> 10[""Register member""]
9 --> 11[""Calculate fee""]
9 --> 12[""Write fee into register""]
10 --> 13[""Prepare invoice mail""]
11 --> 13
12 --> 13
13 --> 6
"
279,"
graph LR
0[""StartNode""] --> 1[""Demand planning""]
0 --> 2[""Safety stock calculation""]
0 --> 3[""Current stock levels update""]
1 --> 4[""Forecast netting""]
4 --> 5[""Planning data loading""]
5 --> 6[""Weekly planning run""]
6 --> 7[""Production plan loading""]
7 --> 8[""Local production planning""]
8 --> 9[""EndNode""]
"
280,"
graph LR
0[""StartNode""] --> 1[""Generate payment report""]
1 --> 2[""Pay vendor""]
1 --> 3[""Send payment report to Accounts Receivable Department""]
1 --> 4[""Send payment report to registry""]
3 --> 5[""Generate monthly invoices for clients""]
4 --> 6[""Select paper-based invoices that have been paid""]
5 --> 7[""Charge client $35 per invoice""]
2 --> 8[""Archive invoices per vendor""]
2 --> 9[""Track down payment""]
8 --> 10[""EndNode""]
9 --> 11[""Archive invoices per payment data""]
11 --> 10
7 --> 10
"
281,"
graph LR
0[""StartNode""] --> 1[""Low Inventory""]
1 --> 2[""Materials Request""]
2 --> 3[""Purchase Materials""]
3 --> 4[""Receive Materials""]
4 --> 5{""Shipment okay?""}
5 --> |""Yes""|6[""Send Payment""]
5 --> |""No""|7[""Communicate Shipment Problem""]
6 --> 8[""EndNode""]
7 --> 5
"
282,"
graph LR
0[""StartNode""] --> 1[""Check production rule""]
1 --> 2{""Production rule defined?""}
2 --> |""Yes""|3[""Prepare production line""]
2 --> |""No""|4[""Check substitute product rule""]
3 --> 5{""Production rule defined?""}
3 --> 2
4 --> 5{""Substitute production rule found?""}
5 --> |""Yes""|3
5 --> |""No""|6[""Create product rule not found alarm""]
6 --> 7[""EndNode""]
"
283,"
graph LR
0[""StartNode""] --> 1[""Check Customers' Credit History""]
0 --> 2[""Search Property Title""]
1 --> 3[""Conduct Property Survey""]
2 --> 3
3 --> 4[""EndNode""]
"
284,"
graph LR
0[""StartNode""] --> 1[""Process Starts""]
1 --> 2[""Inquire about the product""]
2 --> 3[""Preparing Quote""]
3 --> 4[""Verify terms and pricing""]
4 --> 5[""Create sale order""]
5 --> 6[""Shipment""]
6 --> 7[""Send payment""]
7 --> 8[""Check payment status""]
8 --> 9{""Payment sent?""}
9 --> |""Yes""|10[""Process payment""]
9 --> |""No""|11[""Send reminder""]
11 --> 8
8 --> 9
9 --> |""Yes""|10
9 --> |""No""|11
11 --> 7
7 --> 10
10 --> 12[""EndNode""]
"
285,"
graph LR
0[""StartNode""] --> 1[""Prepare to cut banana""]
1 --> 2[""Hold banana securely""]
1 --> 3[""Cut banana""]
2 --> 4[""Banana cut""]
3 --> 4
4 --> 5[""EndNode""]
"
286,"
graph LR
0[""StartNode""] --> 1[""Informational meeting""]
1 --> 2{""Meeting successful?""}
2 --> |""No""|3[""EndNode""]
2 --> |""Yes""|4[""Create storyboard""]
4 --> 5[""Design and develop website""]
4 --> 6[""Prepare content""]
4 --> 7[""Create initial draft""]
7 --> 8{""Further review needed?""}
8 --> |""Yes""|9[""Review draft""]
9 --> 8
8 --> |""No""|10[""Prepare final version""]
10 --> 11{""Site approved?""}
11 --> |""No""|12[""Website building process""]
12 --> 10
11 --> |""Yes""|3
"
287,"
graph LR
0[""StartNode""] --> 1[""Receive customer inquiry""]
1 --> 2[""Prepare quotation""]
2 --> 3[""Create sales order""]
3 --> 4[""Perform credit check""]
4 --> 5{""Credit approved?""}
5 --> |""No""|6[""EndNode""]
5 --> |""Yes""|7[""Check stock availability""]
7 --> 8{""Stock available?""}
8 --> |""No""|9[""Check new stock delivery date""]
9 --> 10[""EndNode""]
8 --> |""Yes""|11[""Create outbound delivery""]
11 --> 12[""Check stock availability""]
12 --> 13{""Stock available?""}
13 --> |""No""|14[""Check new stock delivery date""]
14 --> 15[""EndNode""]
13 --> |""Yes""|16[""Pick""]
16 --> 17[""Post goods issue""]
17 --> 18[""Create billing""]
18 --> 19[""Pack product and invoice""]
19 --> 20[""Ship""]
20 --> 21[""EndNode""]
"
288,"
graph LR
0[""StartNode""] --> 1[""T1""]
1 --> 2[""T2""]
2 --> 3[""EndNode""]
"
289,"
graph LR
0[""StartNode""] --> 1[""Click Start""]
1 --> 2[""Select Edit Report""]
2 --> 3{""Expense greater than 1000?""}
3 --> |""Yes""|4[""Review Report""]
3 --> |""No""|5[""Check Translation Need""]
4 --> 6[""Evaluate Review Decision""]
5 --> 7{""Translation Required?""}
6 --> |""Rejected""|8[""Edit Report""]
6 --> |""Approved""|5
7 --> |""Yes""|9[""Translate Receipts""]
7 --> |""No""|10[""Confirm Receipts""]
9 --> 11[""Confirm Receipts""]
10 --> 11
11 --> 12[""Evaluate Receipts Decision""]
12 --> |""Rejected""|8
12 --> |""Approved""|13[""Process Expense""]
8 --> 5
13 --> 14[""EndNode""]
"
290,"
graph LR
0[""StartNode""] --> 1[""start_element""]
1 --> 2[""myTaskOne""]
2 --> 3{""Event?""}
3 --> |""myMessageEvent""|4[""myTaskTwo""]
3 --> |""myTimeEvent_60minutes""|5[""myTaskThree""]
4 --> 6[""myEndEvent""]
5 --> 7[""myTermination""]
"
291,"
graph LR
0[""StartNode""] --> 1[""Send inquiry about product availability""]
1 --> 2[""Send product inquiry""]
2 --> 3[""Receive quotation""]
3 --> 4[""Analyze quotation""]
4 --> 5{""Purchase Decision""}
5 --> |""Accept""|6[""Send purchase order""]
5 --> |""Decline""|7[""EndNode""]
6 --> 8[""Purchase order sent""]
8 --> 9[""Wait for invoice""]
9 --> 10[""Receive invoice""]
10 --> 11[""Verify invoice/bill accuracy""]
11 --> 12[""Send payment""]
12 --> 13[""Payment sent""]
13 --> 14[""EndNode""]
"
292,"
graph LR
0[""StartNode""] --> 1[""Confirm order""]
1 --> 2[""Shipping the item""]
1 --> 3[""Sending the invoice""]
2 --> 4[""Activity after shipping""]
3 --> 5[""Activity after sending invoice""]
4 --> 6[""End of process""]
5 --> 6
"
293,"
graph LR
0[""StartNode""] --> 1[""Activity B-1""]
0 --> 2[""Activity C-1""]
0 --> 3[""Activity C-1""]
0 --> 4[""Activity C-2""]
1 --> 5[""Activity B-2""]
2 --> 5
3 --> 5
4 --> 5
5 --> 6[""Activity A-1""]
5 --> 7[""Activity B-2""]
7 --> 8[""Activity D-2""]
7 --> 9[""Activity E-1""]
8 --> 10[""Activity D-1""]
9 --> 10
10 --> 11[""Activity B-3""]
10 --> 12[""Activity D-3""]
11 --> 13[""EndNode""]
12 --> 13
"
294,"
graph LR
0[""StartNode""] --> 1[""Check customer's credit history""]
0 --> 2[""Conduct property survey""]
1 --> 3[""Search for property title""]
2 --> 3
3 --> 4[""EndNode""]
"
295,"
graph LR
0[""StartNode""] --> 1[""Receiving an order""]
1 --> 2[""Shipping the products""]
1 --> 3[""Sending the invoice""]
3 --> 4[""Receive the payment""]
4 --> 5[""EndNode""]
"
296,"
graph LR
0[""StartNode""] --> 1[""Send email to support system""]
1 --> 2[""Allocate ticket""]
2 --> 3{""First level can handle it?""}
3 --> |""Yes""|4[""Document ticket""]
3 --> |""No""|5[""Ask developer""]
4 --> 6[""Send email to account manager""]
5 --> 3
5 --> 4
6 --> 7[""EndNode""]
"
297,"
graph LR
0[""StartNode""] --> 1[""Register contract acceptation""]
0 --> 2[""Scan offer""]
1 --> 3[""Provide billing and pincode information""]
2 --> 3
3 --> 4[""EndNode""]
"
298,"
graph LR
0[""StartNode""] --> 1[""Receive customer inquiry""]
1 --> 2[""Prepare quotation""]
2 --> 3[""Create sales order""]
3 --> 4[""Perform credit check""]
4 --> 5{""Credit approved?""}
5 --> |""No""|6[""Order cannot be processed""]
5 --> |""Yes""|7[""Check stock availability""]
7 --> 8{""Stock available?""}
8 --> |""No""|9[""Check new stock delivery date""]
8 --> |""Yes""|10[""Create outbound delivery""]
10 --> 11[""Check stock availability""]
11 --> 12{""Stock available?""}
12 --> |""No""|13[""Check new stock delivery date""]
12 --> |""Yes""|14[""Picking""]
14 --> 15[""Post goods issue""]
15 --> 16[""Create billing""]
16 --> 17[""Pack product""]
17 --> 18[""Ship product and invoice""]
18 --> 19[""EndNode""]
"
299,"
graph LR
0[""StartNode""] --> 1[""Sort invoices per client""]
1 --> 2[""Sort invoices per vendor""]
2 --> 3[""Staple invoice entry form to invoice""]
3 --> 4[""Enter vendor name on invoice entry form""]
3 --> 5[""Enter client name on invoice entry form""]
3 --> 6[""Enter invoice arrival date on invoice entry form""]
4 --> 7[""EndNode""]
5 --> 7
6 --> 7
"
300,"
graph LR
0[""StartNode""] --> 1[""Vendor sends invoice""]
1 --> 2[""Vendor receives invoice""]
2 --> 3[""Check invoice against inventory""]
3 --> 4{""Instruction to send over the invoice or contact the vendor""}
4 --> |""send over the invoice""|5[""Enter invoice information in Payment Out Module""]
4 --> |""contact the vendor""|6[""Revise invoice on the spot""]
5 --> 7[""Make payment""]
6 --> 2
7 --> 8[""Process payment""]
8 --> 9[""Forward payment to vendor""]
9 --> 10[""Close order""]
10 --> 11[""EndNode""]
"
301,"
graph LR
0[""StartNode""] --> 1[""Receive order""]
0 --> 2[""Send invoice""]
0 --> 3[""Ship products""]
2 --> 4[""Receive payment""]
4 --> 5[""EndNode""]
"
302,"
graph LR
0[""StartNode""] --> 1[""Receive Order""]
1 --> 2[""Confirm Order""]
2 --> 3[""Arrange Shipment""]
2 --> 4[""Update Manufacturing Plan""]
2 --> 5[""Generate Order Summary""]
2 --> 6[""Review and Revise Order""]
3 --> 7[""Update Customer File""]
4 --> 7
5 --> 7
6 --> 7
7 --> 8[""Update Customer File""]
8 --> 9[""EndNode""]
"
303,"
graph LR
0[""StartNode""] --> 1[""Check Customers Credit History""]
0 --> 2[""Search property title""]
0 --> 3[""Conduct Property Survey""]
1 --> 4[""Process End""]
2 --> 4
3 --> 4
"
304,"
graph LR
0[""StartNode""] --> 1[""Request Order""]
1 --> 2{""Order can be fulfilled?""}
2 --> |""Yes""|3[""Confirm Order""]
2 --> |""No""|4[""Reject Order""]
3 --> 5[""Deliver Order""]
4 --> 6[""Notify Order Rejected""]
5 --> 7[""Notify Order Delivered""]
6 --> 8[""EndNode""]
7 --> 8
"
305,"
graph LR
0[""Start process with newTransportEvent""] --> 1[""Send newTransportEvent""]
1 --> 2[""Receive transport order""]
2 --> 3[""Send transport order""]
3 --> 4[""Execute transport""]
3 --> 5[""Distribute shipment information""]
3 --> 6[""Ask for shipment confirmation""]
4 --> 7[""Distribute shipment information and request shipment confirmation""]
5 --> 7
6 --> 7
7 --> 8[""Send shipment confirmation""]
"
306,"
graph LR
0[""StartNode""] --> 1[""Reach out to 1st Level Support""]
1 --> 2{""1st Level Support able to handle issue?""}
2 --> |""Yes""|3[""Provide feedback to account manager""]
2 --> |""No""|4[""Ask developer for assistance""]
3 --> 5[""Provide feedback to 1st Level Support""]
4 --> 3
3 --> 6[""EndNode""]
"
307,"
graph LR
0[""StartNode""] --> 1[""Initiate scheduling process""]
1 --> 2[""Manager creates Google Form""]
1 --> 3[""Manager creates schedule template on Excel""]
2 --> 4[""Employee logs into Google account""]
4 --> 5[""Employee accesses Google Form""]
5 --> 6[""Employee selects all available times""]
6 --> 7[""Employee lists reasons for unavailability""]
7 --> 8[""Employee submits form""]
3 --> 9[""Manager configures Excel schedule""]
9 --> 10[""Manager enters schedule on portal""]
10 --> 11[""Manager prints schedules for employees""]
11 --> 12[""Manager emails schedule to individual Gmail accounts""]
8 --> 13[""Manager reviews collected results""]
13 --> 14[""Scheduling process complete""]
14 --> 15[""EndNode""]
"
308,"
graph LR
0[""StartNode""] --> 1[""Create Purchase Requisition""]
1 --> 2[""Submit Purchase Order""]
2 --> 3[""Send Ordered Materials""]
3 --> 4[""Send Packing List and Shipment Details""]
4 --> 5[""Send Invoice""]
5 --> 6[""Verify Contents""]
6 --> 7{""Shipment of goods accurate?""}
7 --> |""Yes""|8[""Send Payment""]
7 --> |""No""|9[""Report Problems""]
8 --> 10[""EndNode""]
9 --> 11[""Resend Ordered Materials""]
11 --> 7
"
309,"
graph LR
0[""StartNode""] --> 1[""Weekly, in time for discounts""]
1 --> 2[""Pay invoices""]
2 --> 3[""Generate a payment report""]
3 --> 4[""Send payment report to Accounts Receivable Department""]
3 --> 5[""Send payment report to registry""]
5 --> 6[""Generate monthly invoices""]
6 --> 7[""Send out invoices""]
7 --> 8[""EndNode""]
"
310,"
graph LR
0[""StartNode""] --> 1[""Place change request""]
1 --> 2{""Delivery conflicts?""}
2 --> |""Yes""|3[""Dismiss change request""]
2 --> |""No""|4[""Check for cancellation""]
3 --> 5[""EndNode""]
4 --> 6{""Cancellation?""}
6 --> |""Yes""|7[""Cancel order""]
6 --> |""No""|8[""Check if product is on sale""]
7 --> 9[""Mark order as canceled""]
9 --> 5
8 --> 10{""Product on sale?""}
10 --> |""Yes""|11[""Approve change request""]
10 --> |""No""|3
11 --> 5
"
311,"
graph LR
0[""StartNode""] --> 1[""Experiencing a computer problem""]
1 --> 2[""Describe the problem""]
2 --> 3[""Receive information about time and cost""]
3 --> 4{""Time and cost acceptable?""}
4 --> |""Yes""|5[""Authorize the repair""]
4 --> |""No""|6[""Take the computer back""]
5 --> 7[""Inform about authorized repair""]
7 --> 8[""Check if problem is fixed""]
8 --> 9{""Problem fixed?""}
9 --> |""Yes""|10[""Payment and pick up""]
9 --> |""No""|11[""EndNode""]
10 --> 11
6 --> 11
"
312,"
graph LR
0[""StartNode""] --> 1[""Send order""]
0 --> 2[""Receive items""]
0 --> 3[""Receive invoice""]
2 --> 4[""Pay for items""]
4 --> 5[""EndNode""]
"
313,"
graph LR
0[""StartNode""] --> 1[""Analyze""]
1 --> 2[""Check Consistency""]
2 --> 3{""All goals satisfied and each activity corresponds to at least one goal?""}
3 --> |""Yes""|4[""EndNode""]
3 --> |""No""|5[""Update""]
5 --> 1
"
314,"
graph LR
0[""StartNode""] --> 1[""Delay for 48 hours""]
0 --> 2[""Monitor issue votes""]
1 --> 3[""Send email warning about vote deadline""]
3 --> 4[""Delay for 24 hours""]
4 --> 5[""Close voting""]
4 --> 6[""Moderate voting discussion""]
5 --> 7[""EndNode""]
6 --> 7
"
315,"
graph LR
0[""StartNode""] --> 1[""Meet with customer and discuss web design""]
1 --> 2{""Meeting successful?""}
2 --> |""No""|3[""EndNode""]
2 --> |""Yes""|4[""Second meeting with customer to create storyboard""]
4 --> 2
2 --> |""Yes""|5[""Create storyboard""]
"
316,"
graph LR
0[""StartNode""] --> 1[""Send offer manually""]
1 --> 2[""Check address availability""]
2 --> 3{""Address available?""}
3 --> |""No""|4[""Contact customer to obtain address""]
3 --> |""Yes""|5[""Present offer""]
4 --> 5
5 --> 6{""Customer has questions/concerns?""}
6 --> |""Yes""|7[""Address customer questions/concerns""]
6 --> |""No""|8[""EndNode""]
"
317,"
graph LR
0[""StartNode""] --> 1[""Register participation in seminar""]
1 --> 2{""Seminar fees required?""}
2 --> |""No""|3[""Register post-seminar results""]
2 --> |""Yes""|4[""Create purchase request""]
4 --> 5[""Check purchase request approval""]
5 --> 6{""Purchase request approved?""}
6 --> |""No""|7[""Notify rejection""]
6 --> |""Yes""|8[""Send appraisal notification""]
8 --> 3
"
318,"
graph LR
0[""StartNode""] --> 1[""Prepare shipment order""]
1 --> 2[""Send shipment order""]
2 --> 3{""Carrier response positive?""}
3 --> |""Yes""|4[""Ordered shipment realized""]
3 --> |""No""|5[""Acquisition of carriers (Link A)""]
5 --> 2
3 --> |""No (second time)""|6[""Acquisition of carriers (Link A)""]
6 --> 7[""EndNode""]
4 --> 7
"
319,"
graph LR
0[""StartNode""] --> 1[""Check Customer Credit History""]
0 --> 2[""Search Property Title""]
0 --> 3[""Property Survey""]
1 --> 4[""EndNode""]
2 --> 4
3 --> 4
"
320,"
graph LR
0[""StartNode""] --> 1[""Create M1""]
1 --> 2[""Handle information""]
2 --> 3[""EndNode""]
"
321,"
graph LR
0[""StartNode""] --> 1[""Undressing""]
1 --> 2[""Put on underwear""]
1 --> 3[""Put on trousers""]
1 --> 4[""Put on shirt""]
2 --> 5[""Fully dressed""]
3 --> 5
4 --> 5
"
322,"
graph LR
0[""StartNode""] --> 1[""Follow the recipe""]
0 --> 2[""Put eggs into bowl A""]
0 --> 3[""Put flour into bowl B""]
2 --> 4[""Add sugar to bowl A""]
3 --> 5[""Add baking powder to bowl B""]
4 --> 6[""Put butter into bowl A""]
5 --> 6
6 --> 7[""Mix ingredients in bowl A""]
7 --> 8[""Bake the cake""]
8 --> 9[""Cake fully baked""]
9 --> 10[""EndNode""]
"
323,"
graph LR
0[""StartNode""] --> 1[""Check Customer Credit History""]
0 --> 2[""Search Property Title""]
1 --> 3[""Property Survey""]
2 --> 3
3 --> 4[""EndNode""]
"
324,"
graph LR
0[""Start""] --> 1[""Perform left outer join between lips and it_likp""]
1 --> 2[""Sort and remove duplicates from it_lipsm""]
2 --> 3[""Perform left outer join between vbfa and it_likpsm""]
3 --> 4{""c_si in r_valida""}
4 --> |""Yes""|5[""Execute busca_pedido_vbap and busca_factura_vbap functions""]
4 --> |""No""|6[""Perform left outer join between vbap and it_vbfa_completo""]
5 --> 7{""pvstel in r_exclog""}
7 --> |""Yes""|8[""Remove rows that are not errors from it_nofacturado""]
7 --> |""No""|9[""Transfer maktl values from imaktl to it_vbfa_completo""]
6 --> 10[""Check it_nofacturado empty?""]
10 --> |""Yes""|11[""Check error?""]
10 --> |""No""|12[""Error""]
11 --> |""Yes""|13[""Perform left outer join between vbfa and itransp""]
11 --> |""No""|14[""End""]
13 --> 15[""Perform left outer join between vttk and itnum""]
15 --> 16[""Perform right outer join between ivttk_t and itnum""]
16 --> 17[""Transfer tknum values from itnum-vbeln to it_vbfa_completo""]
17 --> 18[""Remove rows without tknum from it_vbfa_completo""]
18 --> 19[""Remove rows from it_vbfa_completo where tknum is in so_tknum""]
19 --> 14[""End""]
"
325,"
graph LR
0[""StartNode""] --> 1[""Allocate bank package""]
1 --> 2[""Verify data""]
2 --> 3[""Hour begins""]
3 --> 4[""Verify BR""]
4 --> 5[""Enter bank data comparative analysis""]
5 --> 6[""Simulate data""]
6 --> 7[""Consolidate and verify data""]
7 --> 8[""Reconcile banking system""]
8 --> 9[""Generate ratios and KPIs""]
9 --> 10[""Verify ratios and KPIs""]
10 --> 11[""Generate statistical reports""]
10 --> 12[""Post data to EIS""]
11 --> 13[""Post data to data warehouse""]
12 --> 13
13 --> 14[""EndNode""]
"
