,0
0,"
graph LR
0[""StartNode""] --> 1[""Interview Patients""]
0 --> 2[""File results and expertise""]
1 --> 3[""Create report""]
2 --> 3
3 --> 4{""Answer""}
4 --> |""No""|5[""Ask for external expertise""]
4 --> |""Yes""|6[""Forward report to referee""]
5 --> 7{""Expert responds in time""}
7 --> |""Yes""|6
7 --> |""No""|5
6 --> 8[""Fill out check""]
8 --> 9[""EndNode""]
"
1,"
graph LR
0[""StartNode""] --> 1[""Register participation""]
1 --> 2{""Fees required?""}
2 --> |""No""|3[""Register post-seminar results""]
2 --> |""Yes""|4[""Create purchase request""]
4 --> 5{""Purchase approved?""}
5 --> |""No""|6[""Notify rejection""]
5 --> |""Yes""|7[""Send approval notification""]
6 --> 8[""EndNode""]
7 --> 3
3 --> 9[""EndNode""]
"
2,"
graph LR
0[""StartNode""] --> 1[""Accept item""]
1 --> 2[""Dairy""]
1 --> 3[""Other""]
1 --> 4[""Vegetable""]
1 --> 5[""Fruits""]
5 --> 6[""Fruit Categorization""]
6 --> 7[""Vegetable Categorization""]
7 --> 8[""Milk""]
7 --> 9[""Cheese""]
4 --> 10[""Non-perishable""]
4 --> 11[""Perishable""]
8 --> 12[""Temperature Weight and Date Center""]
9 --> 12
10 --> 12
11 --> 12
5 --> 12
6 --> 12
7 --> 12
12 --> 13[""Store item based on policy""]
13 --> 14[""EndNode""]
"
3,"
graph LR
0[""StartNode""] --> 1[""Detect incident""]
1 --> 2{""Financial impact?""}
2 --> |""NO""|3[""EndNode""]
2 --> |""YES""|4[""Open EMS""]
4 --> 5[""Contact Application Team""]
4 --> 6[""Contact SA Team""]
4 --> 7[""Contact DBA Team""]
4 --> 8[""Open conference line""]
8 --> 9[""Troubleshoot issue""]
9 --> 10{""Resolution known?""}
10 --> |""YES""|11[""Fix issue""]
10 --> |""NO""|12{""Vendor has fix?""}
12 --> |""YES""|11
12 --> |""NO""|13[""Failover to COB""]
11 --> 14[""Resolve and close EMS""]
14 --> 15[""EndNode""]
"
4,"
flowchart LR
0[""StartNode""] --> 1[""Open event creation page""]
1 --> 2[""Populate name form""]
2 --> 3[""Populate time forms""]
3 --> 4[""Populate location forms""]
4 --> 5[""Populate additional information""]
5 --> 6[""Configure privacy settings""]
6 --> 7[""Confirm event creation""]
7 --> 8{""Is name form populated?""}
8 --> |""No""|9[""Populate name form""]
8 --> |""Yes""|10{""Does end time occur after start time?""}
10 --> |""No""|11[""Display incorrect time notification""]
10 --> |""Yes""|12[""Save event information""]
11 --> 13[""Populate time forms""]
12 --> 14[""EndNode""]
"
5,"
graph LR
0[""Weekly, in time for discounts""] --> 1[""Pay invoices""]
1 --> 2[""Generate payment report""]
2 --> 3[""Send payment report to Accounts Receivable Department""]
2 --> 4[""Send payment report to registry""]
2 --> 5[""Generate monthly invoices""]
5 --> 6[""Charge client $35 per paid invoice""]
5 --> 7[""Send out invoices""]
"
6,"
graph LR
0[""StartNode""] --> 1[""Submit Purchase Order""]
1 --> 2[""Select Warehouse""]
2 --> 3[""Reserve Inventory""]
3 --> 4{""Purpose of Order""}
4 --> |""Replenish Inventory""|5[""Replenish Inventory""]
4 --> |""Confirm Order for Delivery""|6[""Confirm Order for Delivery""]
6 --> 7[""EndNode""]
"
7,"
graph LR
0[""StartNode""] --> 1{""Is RFQ verified?""}
1 --> |""No""|2[""Ask for more information""]
1 --> |""Yes""|3[""Analyze RFQ and provide L&M cost estimates""]
2 --> 1
3 --> 1
1 --> |""No""|4[""Provide clarification""]
4 --> 1
1 --> |""Yes""|5[""Add overhead costs and generate pricing options""]
5 --> 6[""Generate sales quote""]
6 --> 7[""EndNode""]
"
8,"
graph LR
0[""StartNode""] --> 1[""Receive negotiated conditions""]
1 --> 2[""Check for completeness""]
2 --> 3{""Data complete?""}
3 --> |""No""|4[""Send failure notice""]
3 --> |""Yes""|5[""Perform risk assessment""]
5 --> 6[""Check for completeness""]
6 --> 7{""Data complete?""}
7 --> |""No""|4
7 --> |""Yes""|8[""Check reinsurance option""]
8 --> 9[""Finish contract""]
9 --> 10[""EndNode""]
"
9,"
graph LR
0[""Hungry feeling""] --> 1[""Deciding to cook""]
1 --> 2[""Choose recipes""]
2 --> 3[""Prepare ingredients""]
3 --> 4[""Prepare water for pasta""]
3 --> 5[""Prepare salad for washing""]
4 --> 6[""Put pasta into water""]
6 --> 7[""Prepare ingredients to make sauce""]
7 --> 8[""Make sauce""]
5 --> 9[""Wash salad""]
9 --> 10[""Prepare ingredients to make dressing""]
10 --> 11[""Make dressing""]
8 --> 12[""Bring dishes to table""]
11 --> 12
12 --> 13[""Prepare dishes""]
13 --> 14[""Bring meal to table""]
14 --> 15[""Finish lunch""]
"
10,"
graph LR
0[""Customer encounters a problem""] --> 1[""Obtain a detailed description of the problem""]
1 --> 2{""Can I handle the problem myself?""}
2 --> |""Yes""|3[""Explain the solution""]
2 --> |""No""|4[""Send an email to the support system""]
4 --> 2
3 --> 5[""EndNode""]
4 --> 6[""Wait for an answer to be received""]
6 --> 3
"
11,"
graph LR
0[""StartNode""] --> 1[""Complete purchase order""]
1 --> 2[""Send invoice""]
1 --> 3[""Send goods""]
2 --> 4[""EndNode""]
3 --> 4
"
12,"
graph LR
0[""StartNode""] --> 1[""Prepare shipment order""]
1 --> 2[""Send shipment order""]
2 --> 3[""Carrier provides response""]
3 --> 4{""Response from carrier""}
4 --> |""no""|5[""Link A (Acquisition of carriers)""]
4 --> |""yes""|6[""Accept shipment order""]
6 --> 4
4 --> |""no""|5
4 --> |""yes""|7[""Ordered shipment realized""]
7 --> 8[""EndNode""]
"
13,"
graph LR
0[""StartNode""] --> 1[""Order is received""]
0 --> 2[""Create Invoice""]
0 --> 3[""Prepare Shipping""]
2 --> 4[""Send Invoice""]
3 --> 5[""Ship Item""]
4 --> 6[""Payment is confirmed""]
6 --> 7[""Process End""]
"
14,"
graph LR
0[""StartNode""] --> 1{""Can fulfill order?""}
1 --> |""Yes""|2[""Confirm order""]
1 --> |""No""|3[""Reject order""]
2 --> 4[""Deliver order""]
3 --> 1
3 --> 5[""Notify order rejected""]
4 --> 6[""Notify order delivered""]
5 --> 7[""EndNode""]
6 --> 7
"
15,"
graph LR
0[""StartNode""] --> 1[""Verify RFQ""]
1 --> 2{""Verification successful?""}
2 --> |""No""|3[""Ask for more information""]
3 --> 1
2 --> |""Yes""|4[""Analyze RFQ and provide L&M cost estimates""]
4 --> 1
1 --> 2
2 --> |""Yes""|5[""Add overhead cost and generate pricing options""]
5 --> 6[""Provide verification""]
6 --> 1
1 --> 2
2 --> |""Yes""|5
5 --> 7[""Generate sales quote""]
7 --> 8[""EndNode""]
"
16,"
graph LR
0[""StartNode""] --> 1[""Check Customer's Credit History""]
0 --> 2[""Conduct a Property Survey""]
0 --> 3[""Search the Property Title""]
1 --> 4[""EndNode""]
2 --> 4
3 --> 4
"
17,"
graph LR
0[""StartNode""] --> 1[""Change Status""]
1 --> 2{""Is Product on Sale?""}
2 --> |""Yes""|3[""Product is on sale""]
2 --> |""No""|4[""Product is not on sale""]
3 --> 5[""EndNode""]
4 --> 5
2 --> 2
"
18,"
graph LR
0[""StartNode""] --> 1[""Identify invoice errors""]
0 --> 2[""Highlight errors on entry form""]
0 --> 3[""Update record of mistakes""]
1 --> 4[""Send invoice back""]
2 --> 4
3 --> 4
4 --> 5[""EndNode""]
"
19,"
graph LR
0[""StartNode""] --> 1[""Run Invoice Payment Process for SSP""]
1 --> 2[""Send Payment Report to Accounts Receivable""]
1 --> 3[""Run Invoice Payment Process""]
1 --> 4[""Generate Invoice Payment Report""]
2 --> 5[""Generate Monthly Invoices for Clients""]
5 --> 6[""Charge Clients""]
6 --> 7[""EndNode""]
1 --> 8[""Send Payment Report to Client""]
8 --> 7
1 --> 9[""Send Payment Report to Registry""]
9 --> 7
"
20,"
graph LR
0[""StartNode""] --> 1[""Check completeness""]
1 --> 2[""Verify credit history""]
2 --> 3[""Examine loan request""]
3 --> 4{""Check Result?""}
4 --> |""rejection""|5[""Customer request rejected""]
4 --> |""acceptance""|6[""Customer request approved""]
5 --> 7[""EndNode""]
6 --> 7
"
21,"
graph LR
0[""StartNode""] --> 1[""Extract Work Orders""]
0 --> 2[""Extract Notifications""]
1 --> 3[""Load Work Orders""]
2 --> 4[""Load Notifications""]
3 --> 5[""Pull Together Work Order Report""]
4 --> 6[""Pull Together Notification Report""]
3 --> 7[""Extract Inspection Orders""]
7 --> 8[""Load Inspection Orders""]
8 --> 9[""Pull Together Inspection Order Report""]
5 --> 10[""Link Reports from PPT""]
6 --> 10
9 --> 10
10 --> 11[""Create and Send Email""]
11 --> 12[""WHISKY""]
"
22,"
graph LR
0[""Plan menu""] --> 1[""Prepare chicken""]
0 --> 2[""Make salad""]
1 --> 3[""Refine chicken""]
3 --> 4[""Prepare salad""]
2 --> 4
4 --> 5[""Serve menu""]
"
23,"
graph LR
0[""StartNode""] --> 1[""Write letter""]
1 --> 2[""Obtain letter""]
2 --> 3{""Is member?""}
3 --> |""No""|4[""EndNode""]
3 --> |""Yes""|5[""Obtain second letter""]
5 --> 3
3 --> |""Yes""|6[""Pay fee""]
6 --> 7[""Receive card""]
7 --> 8[""EndNode""]
"
24,"
graph LR
0[""Feeling hungry""] --> 1[""Have dinner""]
1 --> 2[""Have a salad""]
1 --> 3[""Enjoy some ice-cream""]
1 --> 4[""Savor a plate of pasta""]
2 --> 5[""Feeling satisfied""]
3 --> 5
4 --> 5
"
25,"
graph LR
0[""StartNode""] --> 1[""Empty SAP Master Record Outbox""]
1 --> 2[""Deliver requests to Master Data Entry Department""]
1 --> 3[""Empty Master Data Entry Outbox""]
2 --> 4[""Receive Vendor Master Record Requests Form""]
3 --> 4
4 --> 5[""Process Vendor Master Record Requests""]
5 --> 6[""Place completed requests in Data Entry Officer Inbox""]
6 --> 7[""EndNode""]
"
26,"
graph LR
0[""StartNode""] --> 1[""Register event participation""]
0 --> 2[""Register process seminar results""]
0 --> 3[""Create purchase request""]
3 --> 4{""Purchase request approved?""}
4 --> |""No""|5[""Notify rejection""]
4 --> |""Yes""|6[""Send approved notification""]
5 --> 7[""EndNode""]
6 --> 4
4 --> |""No""|5
4 --> |""Yes""|6
6 --> 8[""Register process seminar results""]
8 --> 9[""EndNode""]
"
27,"
graph LR
0[""StartNode""] --> 1[""Place an order""]
1 --> 2[""Verify customer""]
2 --> 3{""Customer okay?""}
3 --> |""No""|4[""Create new customer""]
3 --> |""Yes""|5[""Check availability""]
4 --> 6[""EndNode""]
5 --> 7{""Product available?""}
7 --> |""No""|8[""Produce goods""]
7 --> |""Yes""|9[""Ship goods""]
8 --> 6
9 --> 6
"
28,"
graph LR
0[""StartNode""] --> 1[""Move to square (2,5)""]
1 --> 2[""Wait for message""]
2 --> 3{""Response from all players received?""}
3 --> |""No""|2
3 --> |""Yes""|4[""EndNode""]
4 --> 3
"
29,"
graph LR
0[""StartNode""] --> 1[""Obtain credit score""]
0 --> 2[""Get credit score""]
0 --> 3[""Check credit score""]
1 --> 4[""Check income to payment ratio""]
2 --> 4
3 --> 4
4 --> 5[""Assess credit risk""]
5 --> 6[""Process concludes""]
"
30,"
graph LR
0[""StartNode""] --> 1[""Receive payment from previous week""]
1 --> 2{""Payment received for previous week?""}
2 --> |""No""|3[""Document bad credit""]
2 --> |""Yes""|4[""Update members and accounts receivable file""]
3 --> 2
4 --> 5[""Process order""]
4 --> 2
2 --> |""No""|3
2 --> |""Yes""|4
4 --> 3
3 --> 6[""Inform members about bad credit status""]
3 --> 7[""Suspend future order processing""]
6 --> 8[""EndNode""]
7 --> 8
"
31,"
graph LR
0[""StartNode""] --> 1{""RFQ verified?""}
1 --> |""No""|2[""Ask for more information""]
1 --> |""Yes""|3[""Analyze RFQ and provide L&M cost estimates""]
2 --> 1
3 --> 4[""Add overhead costs and generate pricing options""]
3 --> 1
1 --> |""Yes""|5[""Provide verification""]
5 --> 4
4 --> 6[""Generate sales quote""]
6 --> 7[""EndNode""]
"
32,"
graph LR
0[""StartNode""] --> 1[""Bring computer to ACM""]
1 --> 2[""Describe computer problem""]
2 --> 3[""Receive estimate""]
3 --> 4{""Evaluate estimate""}
4 --> |""Unacceptable""|5[""Take computer back""]
4 --> |""Acceptable""|6[""Authorize repair""]
5 --> 7[""EndNode""]
6 --> 8[""Receive repair notice""]
8 --> 9[""Receive invoice and P/S document""]
9 --> 10[""Send payment""]
10 --> 7
"
33,"
graph LR
0[""StartNode""] --> 1[""Analyze and check consistency""]
1 --> 2[""Analyze 'Goal Model'""]
1 --> 3[""Analyze 'Business Process Models'""]
2 --> 4[""Check goals and activities""]
3 --> 4
4 --> 5{""All goals satisfied and activities correspond to goals?""}
5 --> |""No""|6[""Update""]
5 --> |""Yes""|7[""EndNode""]
6 --> 1
"
34,"
graph LR
0[""StartNode""] --> 1[""Identify Vacancy""]
1 --> 2[""Manage Position Profile""]
2 --> 3[""Position Profile""]
2 --> 4[""Position Form""]
2 --> 5[""Review Terms & Conditions""]
2 --> 6[""Assemble Selection Panel""]
5 --> 7[""Ts & Cs Document""]
5 --> 8[""New Business Case""]
5 --> 9[""Required Paperwork (Inc Chairperson Checklist Interview Proforma)""]
5 --> 10[""Staff Requisition Form""]
6 --> 11[""Confirmed Selection Panel List""]
5 --> 12[""EndNode""]
6 --> 12
"
35,"
graph LR
0[""StartNode""] --> 1[""Verify form structure""]
1 --> 2{""Form correct?""}
2 --> |""No""|3[""Form error""]
2 --> |""Yes""|4[""Verify proposal""]
4 --> 5{""Everything okay?""}
5 --> |""Yes""|6[""Process successful""]
5 --> |""No""|7[""Process failed""]
3 --> 8[""EndNode""]
6 --> 8
7 --> 8
"
36,"
graph LR
0[""StartNode""] --> 1[""Receive negotiated conditions""]
1 --> 2{""Data complete?""}
2 --> |""No""|3[""Send failure notice""]
2 --> |""Yes""|4[""Categorize customer""]
4 --> 5{""Data complete?""}
5 --> |""No""|3
5 --> |""Yes""|6[""Check insurance benefits""]
6 --> 7[""Finish contract""]
7 --> 8[""EndNode""]
"
37,"
graph LR
0[""Receive signed offer""] --> 1[""Register acceptance of contract""]
0 --> 2[""Scan offer's billing information""]
0 --> 3[""Scan pincode""]
0 --> 4[""Register competitor's information""]
1 --> 5[""Process offer""]
2 --> 5
3 --> 5
4 --> 5
"
38,"
graph LR
0[""Finish by the end of the week""] --> 1[""Generate and send payment report""]
1 --> 2[""Handle Individual Client's payment report""]
1 --> 3[""SSP's Accounts Receivable Department's payment report""]
1 --> 4[""Registry's payment report""]
2 --> 5[""EndNode""]
3 --> 5
4 --> 5
"
39,"
graph LR
0[""StartNode""] --> 1[""Execution begins""]
1 --> 2{""Is it the first execution?""}
2 --> |""Yes""|3[""Allocate actors arbitrarily""]
2 --> |""No""|4[""Allocate actors based on best known placement""]
3 --> 5[""Check if application is still executing""]
4 --> 5
5 --> 6{""Is application still executing?""}
6 --> |""No""|7[""EndNode""]
6 --> |""Yes""|8[""Application profiling""]
8 --> 9[""Estimate expected performance""]
9 --> 10{""Is there a better placement?""}
10 --> |""Yes""|11[""Deploy new placement""]
10 --> |""No""|5
11 --> 5
"
40,"
graph LR
0[""StartNode""] --> 1[""Check number of panellists""]
1 --> 2[""Photocopy applications""]
2 --> 3[""Focus on every complete application""]
2 --> 4[""Send original copy to archives""]
4 --> 5[""Pay attention to every compliant application""]
2 --> 6[""Forward copies to recruitment manager""]
4 --> 7[""EndNode""]
6 --> 7
"
41,"
graph LR
0[""StartNode""] --> 1[""Informational meeting""]
1 --> 2{""Meeting successful?""}
2 --> |""No""|3[""EndNode""]
2 --> |""Yes""|4[""Storyboard meeting""]
4 --> 5[""Check content preparation""]
5 --> 6{""Content prepared?""}
6 --> |""No""|5
6 --> |""Yes""|7[""Develop site""]
7 --> 8[""Complete initial draft""]
8 --> 9{""Site has marketing view?""}
9 --> |""Yes""|10[""Marketing review""]
9 --> |""No""|11[""Complete final version""]
10 --> 12[""Design process""]
10 --> 13{""Marketing review approved?""}
12 --> 14[""Building and reviewing activity""]
13 --> |""No""|3
13 --> |""Yes""|14
11 --> 14
"
42,"
graph LR
0[""StartNode""] --> 1[""Receive RFQ""]
1 --> 2[""Verify RFQ""]
2 --> 3[""Produce Verified RFQ""]
3 --> 4{""RFQ meets guidelines?""}
4 --> |""Yes""|5[""Produce L&M Cost Estimates""]
4 --> |""No""|6[""Communicate with customer""]
6 --> 4
4 --> |""Yes""|5
4 --> |""No""|6
6 --> 7[""Verify RFQ again""]
"
43,"
graph LR
0[""StartNode""] --> 1[""Plan and Manage Iteration""]
0 --> 2[""Initiate Project""]
1 --> 3[""Identify Requirements""]
2 --> 3
1 --> 4[""Refine Requirements""]
2 --> 4
3 --> 5[""Agree on technical approach""]
4 --> 5
5 --> 6[""EndNode""]
"
44,"
graph LR
0[""StartNode""] --> 1[""Prepare TS""]
1 --> 2[""Create development plan""]
2 --> 3[""Development and unit testing""]
3 --> 4[""Assembly phase""]
4 --> 5[""Assembly test""]
5 --> 6{""Solution accepted for testing?""}
6 --> |""Yes""|7[""EndNode""]
6 --> |""No""|3
"
45,"
graph LR
0[""StartNode""] --> 1[""Customer has a problem""]
1 --> 2[""Provide problem description""]
2 --> 3{""Can handle problem themselves?""}
3 --> |""Yes""|4[""Explain solution""]
3 --> |""No""|5[""Ask for 1st level support""]
4 --> 6[""Check result""]
6 --> 7{""Is issue resolved?""}
7 --> |""Yes""|8[""Provide feedback for account manager""]
7 --> |""No""|5
5 --> 9{""Is it a 1st level issue?""}
9 --> |""Yes""|10[""Ask developer""]
9 --> |""No""|11[""Ask developer""]
10 --> 12[""Provide feedback for 1st level support""]
12 --> 13[""Provide feedback for account manager""]
11 --> 12
12 --> 13
"
46,"
graph LR
0[""StartNode""] --> 1[""DB Tier deployed""]
1 --> 2[""Web Tier deployed""]
2 --> 3[""VM (mySQL) deployed""]
3 --> 4[""DB Tier deployed""]
4 --> 5[""VM (Apache) deployed""]
5 --> 6[""VM (mySQL) deployed""]
5 --> 7[""VM (Apache) deployed""]
6 --> 8[""OS (mySQL) deployed""]
7 --> 9[""OS (Apache) deployed""]
8 --> 10[""mySQL deployed""]
9 --> 11[""Apache Web Server deployed""]
2 --> 12[""Web Tier deployed""]
8 --> 13[""OS (mySQL) deployed""]
12 --> 14[""mySQL deployed""]
13 --> 14
9 --> 15[""OS (Apache) deployed""]
11 --> 16[""Apache Web Server deployed""]
14 --> 17[""SugarCRM Database created""]
16 --> 18[""PHP Modules deployed""]
18 --> 19[""SugarCRM App deployed""]
19 --> 20[""App connected to DB""]
17 --> 20
20 --> 21[""EndNode""]
"
47,"
graph LR
0[""Create Order""] --> 1[""Send to Storage Manager""]
1 --> 2{""Is Product Available?""}
2 --> |""Yes""|3[""Prepare for Shipping""]
2 --> |""No""|4[""Forward to External Vendor""]
3 --> 5[""Add Delivery Confirmation""]
3 --> 6[""Send to Requesting Employee""]
4 --> 2
4 --> 7[""Reorder Product""]
7 --> 6
6 --> 8[""Send Delivery Confirmation to Storage Manager""]
8 --> 9[""Send Invoice to Accountant""]
9 --> 10[""EndNode""]
"
48,"
graph LR
0[""StartNode""] --> 1{""Is economically beneficial?""}
1 --> |""No""|2{""Are there additional goals?""}
1 --> |""Yes""|3{""Is there user acceptance?""}
2 --> |""No""|4[""Reject project""]
2 --> |""Yes""|3
3 --> |""Yes""|5[""Implement project""]
3 --> |""No""|4
4 --> 6[""EndNode""]
5 --> 6
"
49,"
graph LR
0[""StartNode""] --> 1[""Notify successful payment""]
1 --> 2[""EndNode""]
"
50,"
graph LR
0[""StartNode""] --> 1[""Move cargo to warehouse""]
0 --> 2[""Conduct physical examination of cargo""]
0 --> 3[""Check documents""]
0 --> 4[""Register custom declaration""]
0 --> 5[""Provide support documents""]
1 --> 6[""Release goods""]
2 --> 6
3 --> 6
4 --> 6
5 --> 6
6 --> 7[""Send release notice""]
7 --> 8[""EndNode""]
"
51,"
graph LR
0[""Initiate project""] --> 1[""Conduct information search""]
1 --> 2[""Iteratively Develop Annotated Bibliography""]
2 --> 3[""Iteratively Develop Literature Review""]
3 --> 4[""Iteratively Develop Project Proposal""]
3 --> 5[""Iteratively Develop Project Presentation""]
4 --> 5
5 --> 6[""Deliver Presentation""]
"
52,"
graph LR
0[""StartNode""] --> 1[""Receive issue""]
1 --> 2[""Open ticket""]
2 --> 3[""Edit 1st level ticket""]
3 --> 4{""Result?""}
4 --> |""2nd level issue""|5[""Edit 2nd level ticket""]
4 --> |""resolved""|6[""Send email to account manager""]
5 --> 4
6 --> 4
4 --> |""2nd level issue""|5
4 --> |""resolved""|6
6 --> 7[""Send email to account manager""]
7 --> 8[""Close ticket""]
8 --> 9{""Result?""}
9 --> |""fix scheduled for next release""|10[""Insert issue into product backlog""]
9 --> |""resolved""|11[""Send email to account manager""]
10 --> 11
11 --> 9
9 --> |""fix planned for next release""|10
9 --> |""resolved""|11
10 --> 11
11 --> 12[""Close ticket""]
12 --> 13[""EndNode""]
"
53,"
graph LR
0[""StartNode""] --> 1[""Pay Airline Company""]
0 --> 2[""Pay HOTEL""]
0 --> 3[""Pay Car Rental""]
1 --> 4[""EndNode""]
2 --> 4
3 --> 4
"
54,"
graph LR
0[""StartNode""] --> 1[""Continue process""]
0 --> 2[""Bring process to an end""]
"
55,"
graph LR
0[""StartNode""] --> 1[""Verify RFQ""]
1 --> 2{""RFQ verified as 'ok'?""}
2 --> |""Yes""|3[""Provide LandM cost estimates""]
2 --> |""No""|4[""Ask for more information""]
4 --> 1
3 --> 5[""Add overhead cost and generate pricing options""]
5 --> 6[""Generate sales quote""]
4 --> 7[""Provide clarification""]
7 --> 5
7 --> 6
6 --> 8[""EndNode""]
"
56,"
graph LR
0[""StartNode""] --> 1[""Send XYZ Message""]
1 --> 2[""Ensure message data integrity""]
2 --> 3[""Check for changes since signed""]
3 --> 4[""Check Lodgment Acceptability""]
4 --> 5[""Establish manual examination requirement""]
4 --> 6[""Generate Error report""]
5 --> 7[""Produce Lodgment Verification Report""]
6 --> 7
7 --> 8[""EndNode""]
"
57,"
graph LR
0[""StartNode""] --> 1[""Check customers' credit history""]
0 --> 2[""Conduct property title search""]
1 --> 3[""EndNode""]
2 --> 3
"
58,"
graph LR
0[""StartNode""] --> 1[""Send letter""]
1 --> 2[""Check for correctness""]
2 --> 3{""Correctness""}
3 --> |""No""|4[""Make phone call""]
3 --> |""Yes""|5[""Add mail number and date""]
4 --> 2
5 --> 6[""Record and archive letter""]
5 --> 2
2 --> 7[""Transmit letter""]
7 --> 8[""Register with Miranda""]
8 --> 9{""Membership decision""}
9 --> |""No""|10[""Provide negative answer""]
9 --> |""Yes""|11[""Stamp new member and date""]
10 --> 12[""EndNode""]
11 --> 13[""Check for membership""]
13 --> 14{""Membership check""}
14 --> |""No""|10
14 --> |""Yes""|15[""Transmit letter to Charles""]
15 --> 16[""Add new member""]
16 --> 17[""Calculate membership fee""]
17 --> 18[""Write down amount""]
18 --> 19[""Prepare invoice at home""]
19 --> 20[""Send membership card""]
20 --> 21[""Print membership card""]
21 --> 22[""Send invoices""]
22 --> 12
"
59,"
graph LR
0[""StartNode""] --> 1[""Incoming Frozen Item""]
1 --> 2[""Poultry""]
1 --> 3[""Fish""]
1 --> 4[""Beef""]
2 --> 5[""Pork""]
3 --> 5
4 --> 5
5 --> 6[""Type Categorization""]
5 --> 7[""White Meat""]
5 --> 8[""Dark Meat""]
7 --> 9[""Deboned""]
7 --> 10[""Bone-In""]
8 --> 10
9 --> 11[""Temperature Weight and Date Center""]
10 --> 11
5 --> 12[""Pork, Type Categorization, and Temperature Weight and Date Center""]
12 --> 13[""White Meat, Temperature Weight and Date Center, and Type Categorization""]
13 --> 14[""Temperature Weight and Date Center""]
14 --> 15[""Dark Meat, Temperature Weight and Date Center""]
15 --> 14
14 --> 16[""Deboned, Temperature Weight and Date Center""]
16 --> 14
14 --> 17[""Bone-In, Temperature Weight and Date Center""]
17 --> 14
14 --> 18[""Store items based on item policy""]
18 --> 19[""EndNode""]
"
60,"
graph LR
0[""Guest is hungry""] --> 1[""Fill pot with water""]
0 --> 2[""Buy sauce ingredients""]
1 --> 3[""Boil water""]
2 --> 4[""Prepare tomato sauce""]
3 --> 5[""Put in noodles""]
4 --> 6[""Add seasoning""]
5 --> 7[""Mix noodles with tomato sauce""]
6 --> 7
7 --> 8[""Meal prepared""]
8 --> 9[""EndNode""]
"
61,"
graph LR
0[""StartNode""] --> 1[""Receive Order""]
1 --> 2[""Check Availability""]
2 --> 3{""Article Available?""}
3 --> |""Yes""|4[""Ship Article""]
3 --> |""No""|5[""Procurement Activities""]
4 --> 6[""Financial Settlement""]
5 --> 2
5 --> 4
6 --> 7[""Receive Payment""]
7 --> 8[""EndNode""]
"
62,"
graph LR
0[""StartNode""] --> 1[""Generate a payment report""]
1 --> 2[""Pay the vendor""]
1 --> 3[""Send payment report to Accounts Receivable Department""]
1 --> 4[""Send payment report to Registry""]
3 --> 5[""Generate monthly invoices for clients""]
4 --> 6[""Select paper-based invoices that have been paid""]
5 --> 7[""Charge each client $35 per invoice""]
7 --> 8[""EndNode""]
5 --> 9[""Archive the invoices per vendor""]
9 --> 10[""Track down the payment""]
10 --> 11[""EndNode""]
9 --> 12[""Archive the invoices per payment date""]
"
63,"
graph LR
0[""Receive order""] --> 1[""Send invoice""]
0 --> 2[""Ship products""]
1 --> 3[""Receive payment""]
2 --> 3
3 --> 4[""EndNode""]
"
64,"
graph LR
0[""StartNode""] --> 1[""Enter requested information""]
1 --> 2[""Type in date of arrival at SSP""]
1 --> 3[""Type in client name""]
1 --> 4[""Type in vendor name""]
2 --> 5[""EndNode""]
3 --> 5
4 --> 5
"
65,"
graph LR
0[""StartNode""] --> 1[""Visit www.katyd.cz""]
1 --> 2[""Fill out form with basic information""]
2 --> 3{""Method of payment?""}
3 --> |""offline""|4[""Show payment information""]
3 --> |""online""|5[""Payment process initiated""]
4 --> 6[""Check Variant of subscription""]
5 --> 6
6 --> 7{""Variant of subscription?""}
7 --> |""only print""|8[""Assign subscription rights to reader""]
7 --> |""online or print&online""|9[""Generate code""]
8 --> 10[""Register payment information for accounting""]
8 --> 11[""Renew subscription""]
9 --> 12[""Enter code on www.katyd.cz""]
12 --> 13[""Assign subscription rights to reader""]
13 --> 10
10 --> 11
11 --> 14[""EndNode""]
"
66,"
graph LR
0[""StartNode""] --> 1[""Draft Contract""]
1 --> 2[""Legal Review""]
2 --> 3[""Financial Review""]
3 --> 4[""Contract Finalized""]
4 --> 5[""EndNode""]
"
67,"
graph LR
0[""StartNode""] --> 1{""Can fulfill order?""}
1 --> |""Yes""|2[""Confirm order""]
1 --> |""No""|3[""Reject order""]
3 --> 4[""Inform order rejected""]
4 --> 5[""EndNode""]
2 --> 1
1 --> |""Yes""|6[""Deliver order""]
6 --> 7[""Inform order delivered""]
7 --> 5
"
68,"
graph LR
0[""StartNode""] --> 1{""Can fulfill order?""}
1 --> |""Yes""|2[""Confirm order""]
1 --> |""No""|3[""Reject order""]
2 --> 4[""Deliver order""]
3 --> 5[""Inform order rejected""]
4 --> 6[""Inform order delivered""]
1 --> |""loop back to check again""| 1
"
69,"
graph LR
0[""StartNode""] --> 1[""Generate payment report""]
1 --> 2[""Pay vendor""]
2 --> 3[""Send payment report to Accounts Receivable Department""]
2 --> 4[""Send payment report to registry""]
3 --> 5[""Generate monthly invoices for clients""]
4 --> 6[""Select paper-based invoices that have been paid""]
5 --> 7[""Charge client $35 per invoice""]
6 --> 7
7 --> 8[""Archive invoices per vendor""]
8 --> 9[""Archive invoices per payment data""]
7 --> 10[""Track down payment""]
9 --> 11[""EndNode""]
10 --> 11
"
70,"
graph LR
0[""StartNode""] --> 1[""Contact customer regarding backorder""]
1 --> 2{""Customer still wants order?""}
2 --> |""No""|3[""Terminate order""]
2 --> |""Yes""|4[""Postpone shipment""]
3 --> 5[""EndNode""]
4 --> 6[""Order out-of-stock merchandise""]
6 --> 7[""Notify customer of expected shipping date""]
7 --> 8[""Contact customer""]
8 --> 5
"
71,"
graph LR
0[""Receive attendance request""] --> 1[""Send email to advisor1""]
0 --> 2[""Send email to advisor3""]
0 --> 3[""Send email to advisor2""]
1 --> 4[""Respond to central office""]
2 --> 4
3 --> 4
4 --> 5[""EndNode""]
"
72,"
graph LR
0[""StartNode""] --> 1[""Prepare the shipment""]
0 --> 2[""Bill the customer""]
1 --> 3[""EndNode""]
2 --> 3
"
73,"
graph LR
0[""StartNode""] --> 1[""Verify RFQ""]
1 --> 2{""RFQ verified?""}
2 --> |""No""|3[""Ask for more information""]
2 --> |""Yes""|4[""Analyze RFQ""]
3 --> 4
4 --> 5[""Provide L&M Cost Estimates""]
4 --> 2
5 --> 6[""Ask for clarification""]
6 --> 7[""Add overhead costs""]
7 --> 8[""Generate pricing options""]
8 --> 9[""Provide clarification""]
9 --> 10[""Verify RFQ again""]
10 --> 11[""Add overhead costs""]
11 --> 12[""Generate pricing options""]
12 --> 13[""Generate sales quote""]
13 --> 14[""EndNode""]
"
74,"
flowchart LR
0[""Payment reports to Registry""] --> 1[""Validated invoices to Registry""]
1 --> 2[""Receive Payment reports""]
1 --> 3[""Receive Validated invoices""]
2 --> 4[""Select paid invoices""]
3 --> 4
4 --> 5[""Sort by Vendor""]
5 --> 6[""Sort by Payment date""]
6 --> 7[""Archive Invoices""]
7 --> 8[""Invoices Location""]
8 --> 8
"
75,"
graph LR
0[""StartNode""] --> 1[""Receive Order""]
1 --> 2[""Check Availability""]
2 --> 3{""Article Available?""}
3 --> |""Yes""|4[""Receive Payment""]
3 --> |""No""|5[""Procurement""]
4 --> 6[""Ship Article""]
5 --> 4
6 --> 7[""Financial Settlement""]
7 --> 8[""EndNode""]
"
76,"
graph LR
0[""StartNode""] --> 1[""Procure Part""]
1 --> 2{""All parts available?""}
2 --> |""Yes""|3[""EndNode""]
2 --> |""No""|4{""All parts available?""}
4 --> |""Yes""|3
4 --> |""No""|5[""Part Auction""]
5 --> 3
"
77,"
graph LR
0[""StartNode""] --> 1[""Request petty cash""]
1 --> 2[""Write a check""]
2 --> 3[""Enter vendor, product description, and amount""]
3 --> 4{""Does seller accept check?""}
4 --> |""No""|5[""Cash check""]
4 --> |""Yes""|6[""Purchase products""]
5 --> 7[""Pay vendor""]
6 --> 7
7 --> 8[""EndNode""]
"
78,"
graph LR
0[""eBay account created""] --> 1[""Log into account""]
1 --> 2[""Browse for item""]
2 --> 3[""Seller reviews item""]
2 --> 4[""Customer reviews item""]
3 --> 5[""Review completed""]
4 --> 5
"
79,"
graph LR
0[""StartNode""] --> 1[""Report problem""]
1 --> 2[""Send problem for evaluation""]
2 --> 3[""Receive estimate""]
3 --> 4{""Agree with estimate?""}
4 --> |""No""|5[""Take back computer""]
4 --> |""Yes""|6[""Authorize repair""]
5 --> 7[""EndNode""]
6 --> 8{""Authorize repair?""}
8 --> |""No""|5
8 --> |""Yes""|9[""Submit authorization""]
9 --> 10{""Repair successful?""}
10 --> |""No""|11[""Receive incomplete notice""]
10 --> |""Yes""|12[""Receive documentation""]
11 --> 13[""Check if computer fixed""]
12 --> 13
13 --> 14{""Computer fixed?""}
14 --> |""No""|15[""Pick up computer""]
14 --> |""Yes""|16[""Send payment""]
15 --> 17[""EndNode""]
16 --> 17
"
80,"
graph LR
0[""StartNode""] --> 1[""Advise unsuccessful shortlisted candidates verbally""]
0 --> 2[""Provide feedback""]
1 --> 3[""Receive signed letter of appointment""]
2 --> 3
3 --> 4[""Scan letter into career website""]
4 --> 5[""Send offer in writing""]
5 --> 6[""Close vacancy""]
6 --> 7[""EndNode""]
"
81,"
graph LR
0[""StartNode""] --> 1[""Enter details manually""]
1 --> 2[""Enter vendor name""]
1 --> 3[""Enter client name""]
1 --> 4[""Enter date of arrival""]
2 --> 5[""EndNode""]
3 --> 5
4 --> 5
"
82,"
graph LR
0[""StartNode""] --> 1[""Verify content of shipment""]
1 --> 2[""Perform quality inspection""]
2 --> 3{""Material okay?""}
3 --> |""Yes""|4[""Store materials in right location""]
3 --> |""No""|5[""Material is wrong or defective""]
4 --> 6[""EndNode""]
5 --> 6
3 --> 2
"
83,"
graph LR
0[""StartNode""] --> 1[""Scan the offer""]
0 --> 2[""Register the offer""]
0 --> 3[""Send the billing""]
0 --> 4[""Send the pincode information""]
1 --> 5[""EndNode""]
2 --> 5
3 --> 5
4 --> 5
"
84,"
graph LR
0[""StartNode""] --> 1[""Check order""]
1 --> 2[""Process order""]
2 --> 3[""Send books""]
2 --> 4[""Update inventory""]
3 --> 5[""Order complete""]
4 --> 5
"
85,"
graph LR
0[""StartNode""] --> 1[""Incoming Package & Plasticware Item""]
1 --> 2[""Plasticware""]
1 --> 3[""Packaging Equipment""]
1 --> 4[""Cleaning Equipment""]
2 --> 5[""Kitchen Equipment""]
5 --> 6[""Item Categorization (Aluminum Foil, etc)""]
6 --> 7[""Cleaning Equipment""]
7 --> 8[""Item Categorization (Surface cleaners, etc)""]
8 --> 9[""Forks""]
9 --> 10[""Knives""]
10 --> 11[""Spoons""]
11 --> 12[""Aluminum/Plastic Containers""]
12 --> 9
9 --> 13[""Count""]
13 --> 14[""Store items based on item policy""]
5 --> 15[""Container Lids""]
15 --> 6
6 --> 13
11 --> 16[""Plastic Wrap""]
16 --> 10
10 --> 13
14 --> 17[""EndNode""]
"
86,"
graph LR
0[""Order request made""] --> 1{""Order can be fulfilled?""}
1 --> |""Yes""| 2[""Order confirmed""]
1 --> |""No""| 3{""Capacity sufficient but parts need to be ordered?""}
3 --> |""Yes""| 4[""Request for parts made""]
3 --> |""No""| 5[""Order rejected""]
4 --> 1
4 --> 6[""Parts procured""]
6 --> 7{""All parts available?""}
7 --> |""Yes""| 2
7 --> |""No""| 8[""Parts requested in auction""]
8 --> 6
2 --> 9[""Order delivered""]
"
87,"
graph LR
0[""StartNode""] --> 1[""Validate Invoice""]
1 --> 2[""Run Payment Process""]
2 --> 3[""Generate Payment Report""]
3 --> 4[""Receive Payment Report from Payment Office""]
4 --> 5[""Generate Monthly Invoices""]
4 --> 6[""Send Payment Report to Clients""]
4 --> 7[""Send Payment Report to Account Receivable Department""]
4 --> 8[""Send Payment Report to Registry""]
5 --> 9[""Send Invoices to Clients""]
8 --> 10[""EndNode""]
9 --> 10
"
88,"
graph LR
0[""StartNode""] --> 1[""Backup database""]
1 --> 2{""Has 'Account Defaulter' table changed?""}
2 --> |""No""|3{""Have new returns been filed?""}
3 --> |""Yes""|4[""Reconcile returns with existing account""]
3 --> |""No""|5[""EndNode""]
2 --> |""Yes""|6{""Is it before 2:30 pm?""}
6 --> |""No""|7[""Alert supervisor""]
7 --> 5
6 --> |""Yes""|8[""Register defaulting accounts and customers""]
8 --> 9{""Has client been advised?""}
9 --> |""No""|10[""Produce new table and send to supervisor""]
10 --> 11{""Is it before 4:00 pm?""}
11 --> |""Yes""|5
11 --> |""No""|7
9 --> |""Yes""|11
"
89,"
graph LR
0[""StartNode""] --> 1[""Identify demand for material""]
1 --> 2{""Goods Available?""}
2 --> |""Yes""|3[""Utilize available material""]
2 --> |""No""|4[""Specify material demand""]
3 --> 5[""EndNode""]
4 --> 6[""Create purchase requisition""]
6 --> 7[""Verify purchase requisition""]
7 --> 8[""Create purchase order""]
8 --> 9[""Notify vendor""]
9 --> 10[""Vendor ships goods""]
10 --> 11[""Create goods receipt""]
11 --> 12[""Generate invoice receipt""]
12 --> 13[""Make payment to vendor""]
13 --> 5
"
90,"
graph LR
0[""StartNode""] --> 1[""Fill in the tenure application form""]
0 --> 2[""Create a letter of application""]
0 --> 3[""Prepare the attached documents""]
1 --> 4[""Lodge the application""]
2 --> 4
3 --> 4
"
91,"
graph LR
0[""StartNode""] --> 1[""Scan offer presented""]
1 --> 2[""Register acceptance contract""]
2 --> 3[""Billing information sent""]
2 --> 4[""Pincode information sent""]
3 --> 5[""Customer created""]
4 --> 5
5 --> 6[""EndNode""]
"
92,"
graph LR
0[""StartNode""] --> 1[""Register Custom Declaration and support documents""]
0 --> 2[""Ship arrival notification""]
0 --> 3[""Document Checking""]
0 --> 4[""Payment Instruction""]
1 --> 5[""Release Goods""]
2 --> 5
3 --> 5
4 --> 5
5 --> 6[""Processing Import Permit""]
5 --> 7[""Send Release Notification to Customs""]
6 --> 8[""EndNode""]
7 --> 8
"
93,"
graph LR
0[""StartNode""] --> 1[""Order Request""]
1 --> 2{""Can fulfill order?""}
2 --> |""Yes""|3[""Order Confirmation""]
2 --> |""No, but capacity is sufficient""|4[""Procure Parts""]
2 --> |""No""|5[""Reject Order""]
3 --> 6[""Deliver Order""]
4 --> 2
5 --> 7[""EndNode""]
6 --> 8{""Parts available?""}
8 --> |""Yes""|9[""Link A""]
8 --> |""No""|10[""Part Auction""]
9 --> 11[""EndNode""]
10 --> 8
10 --> 12{""All parts obtained?""}
12 --> |""No""|5
12 --> |""Yes""|9
"
94,"
graph LR
0[""Define Marketing Goal""] --> 1[""Determine Marketing Objectives""]
0 --> 2[""Define Primary Objectives""]
0 --> 3[""Define Primary Sub-Objectives""]
1 --> 4[""Determine Target Market""]
2 --> 4
3 --> 4
4 --> 5[""Understand Product/Services""]
5 --> 6[""Determine Business Location""]
6 --> 7[""Determine Product/Services Prices""]
7 --> 8[""Determine Financial Plan Budget""]
8 --> 9[""Generate Marketing Strategies""]
9 --> 10[""Create Market Development""]
10 --> 11[""Create Promotional Techniques""]
11 --> 12[""Create Monitoring Techniques""]
12 --> 13[""EndNode""]
"
95,"
graph LR
0[""StartNode""] --> 1[""Identify demand""]
1 --> 2[""Choose supplier""]
2 --> 3{""Is the company ours?""}
3 --> |""No""|4[""EndNode""]
3 --> |""Yes""|5[""Place an order""]
5 --> 4
"
96,"
graph LR
0[""Customer encounters problem""] --> 1[""Ask and answer questions""]
1 --> 2{""Can account manager handle issue?""}
2 --> |""Yes""|3[""Provide solution""]
2 --> |""No""|4[""Allocate to first level support""]
4 --> 5{""Can first level support handle issue?""}
5 --> |""Yes""|6[""Provide feedback for account manager""]
5 --> |""No""|7[""Allocate to first developer""]
6 --> 3
7 --> 8[""Provide feedback for first level support""]
8 --> 6
3 --> 9[""EndNode""]
"
97,"
graph LR
0[""StartNode""] --> 1[""Need to add/drop a class""]
1 --> 2[""Check ESIS system availability""]
2 --> 3{""System allows adding/dropping?""}
3 --> |""Yes""|4[""Complete transaction online""]
3 --> |""No""|5[""Go to registrar's office""]
4 --> 6[""EndNode""]
5 --> 7[""Request add/drop form""]
7 --> 8[""Receive form""]
8 --> 9[""Send form to instructor""]
9 --> 10[""Receive form back from instructor""]
10 --> 11[""Send form to advisor""]
11 --> 12[""Receive form back from advisor""]
12 --> 13[""Send form to registrar's office""]
13 --> 14[""Process transaction""]
14 --> 6
"
98,"
graph LR
0[""StartNode""] --> 1[""Verify contents""]
1 --> 2[""Perform quality inspection""]
2 --> 3{""Materials OK?""}
3 --> |""Yes""|4[""Store materials""]
3 --> |""No""|5[""Send back to supplier""]
4 --> 6[""EndNode""]
5 --> 6
"
99,"
graph LR
0[""StartNode""] --> 1[""Conduct patient interview""]
0 --> 2[""File results from interviews and expertise""]
1 --> 3[""Contact expert for review of doctor""]
2 --> 3
3 --> 4[""Create report""]
4 --> 5[""EndNode""]
"
100,"
graph LR
0[""StartNode""] --> 1[""Main document sent""]
1 --> 2{""Should Supplement A be sent?""}
2 --> |""Yes""|3[""Supplement A sent""]
2 --> |""No""|4[""EndNode""]
3 --> 2
4 --> 5{""Should Supplement B be sent?""}
5 --> |""Yes""|6[""Supplement B sent""]
5 --> |""No""|7[""EndNode""]
6 --> 5
7 --> 8[""EndNode""]
8 --> 9[""Supplement B sent""]
9 --> 10[""EndNode""]
"
101,"
graph LR
0[""StartNode""] --> 1[""Select Meetings p1""]
1 --> 2[""Send Consolidated Referee Forms""]
2 --> 3[""Send Round 2 Evaluation Form""]
3 --> 4[""Follow up with Evaluation Sheet""]
4 --> 5[""Receive Evaluation Sheets""]
5 --> 6[""Consolidate Evaluations""]
1 --> 7[""Answer Panel Member Questions""]
1 --> 8[""Log Questions in FAQ""]
6 --> 9[""EndNode""]
7 --> 9
8 --> 9
"
102,"
graph LR
0[""StartNode""] --> 1[""Check for low inventory""]
1 --> 2[""Create purchase requisition""]
2 --> 3[""Submit purchase order""]
3 --> 4[""Send order materials""]
4 --> 5[""Inspect materials""]
5 --> 6{""Materials received okay?""}
6 --> |""No""|7[""Communicate problems""]
6 --> |""Yes""|8[""Prepare goods receipt document""]
7 --> 4
8 --> 9[""Prepare and send invoice""]
9 --> 10[""Verify document""]
10 --> 11[""Send payment""]
11 --> 12[""EndNode""]
"
103,"
graph LR
0[""StartNode""] --> 1[""Discovering""]
1 --> 2[""Gathering""]
2 --> 3{""Vulnerability found?""}
3 --> |""Yes""|4[""Exploiting""]
3 --> |""No""|5[""EndNode""]
4 --> 6[""Mending""]
6 --> 7[""Adjusting""]
7 --> 1
"
104,"
graph LR
0[""StartNode""] --> 1[""Continue process""]
0 --> 2[""Continue process""]
1 --> 3[""Invoice Received""]
2 --> 3
3 --> 4[""Open and categorize invoices""]
4 --> 5[""Send invoice(s) to Admin Officer(s)""]
5 --> 6[""Continue process""]
6 --> 7[""Send invoice(s) to Admin Officer(s)""]
7 --> 8[""Empty Data Entry Staff Inbox""]
8 --> 9[""EndNode""]
"
105,"
graph LR
0[""Master Production Scheduling""] --> 1[""MRP run""]
1 --> 2[""Capacity plan review and adjustment""]
1 --> 3[""Production plan review""]
1 --> 4[""Local supply planning""]
2 --> 5[""PIM plan review""]
3 --> 5
4 --> 5
5 --> 6[""Detailed production scheduling""]
6 --> 7[""EndNode""]
"
106,"
graph LR
0[""StartNode""] --> 1[""Indicate computer not working""]
1 --> 2[""Bring computer for repair""]
2 --> 3[""Describe problem""]
3 --> 4{""Estimate satisfactory?""}
4 --> |""No""|5[""Take computer home""]
4 --> |""Yes""|6[""Authorize repair""]
5 --> 7[""EndNode""]
6 --> 8[""Pick up computer""]
8 --> 9[""Make payment""]
9 --> 10[""EndNode""]
"
107,"
graph LR
0[""StartNode""] --> 1[""Conduct property title search""]
0 --> 2[""Check credit history""]
1 --> 3[""Property survey""]
2 --> 3
3 --> 4{""Make an offer or not""}
4 --> |""Yes""|5[""Make an offer""]
4 --> |""No""|6[""EndNode""]
5 --> 6
"
108,"
graph LR
0[""StartNode""] --> 1[""Check if invoice has arrived""]
1 --> 2[""Verify completeness""]
2 --> 3[""Scan invoice into computer""]
3 --> 4[""Make payment""]
3 --> 5[""Store records electronically""]
4 --> 6[""End of process""]
5 --> 6
"
109,"
graph LR
0[""Create Supplier master data""] --> 1[""Prepare Supplier master data for target system""]
1 --> 2[""Distribute to target system""]
2 --> 3[""Notify Requestor and Stewards""]
2 --> 4[""Deploy to target system""]
3 --> 5[""Notify Business Data Steward(s) and Supplier Data Requestor""]
4 --> 5
"
110,"
graph LR
0[""StartNode""] --> 1[""Weekly""]
1 --> 2[""Pay invoices""]
2 --> 3[""Generate payment report""]
3 --> 4[""Send payment report to Accounts Receivable Department""]
3 --> 5[""Send payment report to registry""]
5 --> 6[""Generate monthly invoices""]
6 --> 7[""Send out invoices""]
7 --> 8[""EndNode""]
"
111,"
graph LR
0[""StartNode""] --> 1[""TASK1""]
1 --> 2[""TASK2""]
2 --> 3[""TASK3""]
2 --> 4[""TASK4""]
3 --> 5[""TASK5""]
4 --> 5
5 --> 6[""EndNode""]
"
112,"
graph LR
0[""StartNode""] --> 1[""Initiate imgShare Process""]
1 --> 2[""Apply filter to image""]
2 --> 3[""Login to Flickr account""]
3 --> 4[""Upload image""]
4 --> 5[""Post image on Twitter""]
5 --> 6{""Want to tweet about it?""}
6 --> |""No""|7[""EndNode""]
6 --> |""Yes""|8[""Login to Twitter account""]
8 --> 6
8 --> |""Yes""|9[""Compose tweet""]
9 --> 7
"
113,"
graph LR
0[""StartNode""] --> 1[""Self Evaluation""]
0 --> 2[""PM Evaluation""]
0 --> 3[""HR Evaluation""]
1 --> 4[""EndNode""]
2 --> 4
3 --> 4
"
114,"
graph LR
0[""StartNode""] --> 1[""Delay for 48 hours""]
0 --> 2[""Monitor issue votes""]
1 --> 3[""Send email warning about vote deadline""]
3 --> 4[""Delay for 24 hours""]
4 --> 5[""Close voting""]
4 --> 6[""Moderate voting discussion""]
6 --> 7[""EndNode""]
"
115,"
graph LR
0[""StartNode""] --> 1[""Verify contents and perform quality inspection""]
1 --> 2{""Material okay?""}
2 --> |""Yes""|3[""Store materials in correct location""]
2 --> |""No""|4[""Report issue""]
3 --> 1
4 --> 5[""EndNode""]
"
116,"
graph LR
0[""StartNode""] --> 1[""Verify RFQ""]
1 --> 2{""RFQ verified?""}
2 --> |""No""|3[""Ask for more information""]
2 --> |""Yes""|4[""Analyze RFQ and provide L&M cost estimates""]
3 --> 5[""Provide clarification""]
5 --> 2
4 --> 2
2 --> |""No""|3
2 --> |""Yes""|6[""Add overhead costs and generate pricing options""]
6 --> 7[""Generate sales quote""]
7 --> 8[""EndNode""]
"
117,"
graph LR
0[""StartNode""] --> 1[""Check availability of raw materials""]
1 --> 2{""Are raw materials available?""}
2 --> |""No""|3[""Create alarm indicating not enough raw material""]
2 --> |""Yes""|4[""Check if raw material is already in production line""]
3 --> 5[""EndNode""]
4 --> 6{""Is raw material already in production line?""}
4 --> 4
6 --> |""No""|7[""Request transfer of raw material to production line""]
6 --> |""Yes""|8[""Allocate raw material to production line""]
7 --> 8
8 --> 5
"
118,"
graph LR
0[""StartNode""] --> 1[""Go to supermarket""]
1 --> 2[""Select chocolate""]
1 --> 3[""Pick out a bunch of flowers""]
2 --> 4[""Proceed to cash desk""]
3 --> 4
4 --> 5[""Make payment""]
5 --> 6[""EndNode""]
"
119,"
graph LR
0[""StartNode""] --> 1[""Receive request for funds""]
1 --> 2[""Write check""]
2 --> 3[""Document check""]
3 --> 4{""Seller accepts check?""}
4 --> |""Yes""|5[""Pay vendor""]
4 --> |""No""|6[""Cash check""]
6 --> 5
5 --> 7[""EndNode""]
"
120,"
graph LR
0[""StartNode""] --> 1[""Verify RFQ""]
1 --> 2{""RFQ verified?""}
2 --> |""No""|3[""Ask for more information""]
2 --> |""Yes""|4[""Analyze RFQ""]
3 --> 5[""Provide clarification""]
5 --> 2
4 --> 6[""Provide L&M Cost Estimates""]
4 --> 7[""Add overhead costs""]
6 --> 7
7 --> 8[""Generate pricing options""]
8 --> 9[""Generate sales quote""]
9 --> 10[""EndNode""]
"
121,"
graph LR
0[""StartNode""] --> 1[""Incident Identification""]
1 --> 2[""Incident Lodgement""]
2 --> 3[""Incident Categorisation""]
2 --> 4[""Incident Prioritisation""]
3 --> 5[""Initial Diagnosis""]
4 --> 5
5 --> 6[""Escalation""]
6 --> 7[""Investigation & Diagnosis""]
7 --> 8{""Resolution Identified?""}
8 --> |""No""|6
8 --> |""Yes""|9[""Incident Recovery""]
9 --> 8
8 --> |""No""|6
8 --> |""Yes""|10[""EndNode""]
"
122,"
graph LR
0[""StartNode""] --> 1[""Log in""]
1 --> 2[""Enter Apple ID""]
1 --> 3[""Enter password""]
2 --> 4[""User account logged in""]
3 --> 4
4 --> 5[""EndNode""]
"
123,"
graph LR
0[""StartNode""] --> 1[""Verify contents""]
1 --> 2[""Perform quality inspection""]
2 --> 3{""Material okay?""}
3 --> |""Yes""|4[""Store materials in right location""]
3 --> |""No""|5[""Wrong materials""]
4 --> 2
5 --> 6[""EndNode""]
"
124,"
graph LR
0[""StartNode""] --> 1[""Check customer's credit history""]
0 --> 2[""Conduct property survey""]
1 --> 3[""Search property title""]
2 --> 3
3 --> 4[""EndNode""]
"
125,"
graph LR
0[""StartNode""] --> 1[""New participant initiated""]
1 --> 2{""Is participant 18 or above?""}
2 --> |""Yes""|3[""Fill medical certificate""]
2 --> |""No""|4[""Pass required documents""]
3 --> 5[""Sign medical certificate""]
4 --> 6[""Fill out documents""]
6 --> 7[""Sign documents""]
7 --> 8[""Check completeness""]
8 --> 9{""Are documents complete?""}
9 --> |""No""|10[""Fix documents""]
9 --> |""Yes""|11[""Save process""]
11 --> 12[""Fill documents one day before departure""]
12 --> 13[""Sign non-infectivity confirmation""]
13 --> 14[""Proceed with departure""]
14 --> 15[""Sign non-infectivity form before departure""]
15 --> 16[""Check completeness after departure""]
16 --> 17{""Are documents complete?""}
17 --> |""No""|18[""Fix documents""]
17 --> |""Yes""|19[""Take child's non-infectivity confirmation""]
19 --> 20[""EndNode""]
"
126,"
graph LR
0[""StartNode""] --> 1[""Verify Contents""]
1 --> 2[""Perform Quality Inspection""]
2 --> 3{""Material okay?""}
3 --> |""No""|4[""EndNode""]
3 --> |""Yes""|5[""Store Materials""]
5 --> 4
3 --> 2
"
127,"
graph LR
0[""StartNode""] --> 1[""Receive order""]
1 --> 2[""Send invoice""]
1 --> 3[""Ship products""]
2 --> 4[""Receive payment""]
4 --> 5[""EndNode""]
"
128,"
graph LR
0[""StartNode""] --> 1[""Register participation""]
1 --> 2{""Are there any fees?""}
2 --> |""No""|3[""Register seminar results""]
2 --> |""Yes""|4[""Create purchase request""]
4 --> 2
4 --> 5{""Has the purchase request been approved?""}
5 --> |""No""|6[""Notify rejection""]
5 --> |""Yes""|7[""Send approval notification""]
6 --> 8[""EndNode""]
7 --> 3
3 --> 8
"
129,"
graph LR
0[""StartNode""] --> 1[""Receive message from nuclear plant""]
1 --> 2[""Activate crisis cell""]
2 --> 3[""Inform media that PUI has been activated""]
2 --> 4[""Establish safety perimeter""]
2 --> 5[""Develop circulation plan""]
3 --> 6[""Inform media and public regularly""]
4 --> 7[""Define safety perimeter and request implementation""]
5 --> 8[""Define circulation plan and request implementation""]
6 --> 9[""EndNode""]
7 --> 9
8 --> 9
"
130,"
graph LR
0[""StartNode""] --> 1[""Informal meeting""]
1 --> 2{""Meeting successful?""}
2 --> |""No""|3[""EndNode""]
2 --> |""Yes""|4[""Schedule another meeting""]
4 --> 5[""Web site design""]
4 --> 6[""Preparation of contents and completion of the initial draft""]
5 --> 7{""Web site development successful?""}
5 --> |""Yes""|8[""Web site development""]
5 --> |""No""|3
6 --> 9[""Marketing review""]
9 --> 10{""Marketing review successful?""}
9 --> |""No""|3
9 --> |""Yes""|11[""Preparation of the final version""]
8 --> 12[""Building phase""]
11 --> 12
12 --> 13[""Review activity""]
13 --> 14[""Approval""]
14 --> 15{""Site approved?""}
15 --> |""No""|12
15 --> |""Yes""|16[""EndNode""]
"
131,"
graph LR
0[""StartNode""] --> 1[""Receive expense report""]
1 --> 2[""Wait for 7 days""]
2 --> 3{""Existing account?""}
3 --> |""No""|4[""Create new account""]
3 --> |""Yes""|5[""Automatic review""]
4 --> 6[""Send approval in progress email""]
4 --> 7[""Automatic review new account""]
5 --> 6
6 --> 8{""Amount under $200?""}
8 --> |""Yes""|9[""Automatic approve expense""]
8 --> |""No""|10[""Review by supervisor""]
9 --> 11[""Transfer reimbursement""]
10 --> 12{""28th day?""}
12 --> |""No""|2
12 --> |""Yes""|13[""Send email cancellation""]
13 --> 14[""Notify employee resubmit report""]
14 --> 15[""EndNode""]
10 --> 16{""Expense approved?""}
16 --> |""Yes""|11
16 --> |""No""|17[""Send email rejection""]
17 --> 15
"
132,"
graph LR
0[""StartNode""] --> 1[""Low Inventory""]
1 --> 2[""Create P.R.""]
2 --> 3[""Submit P.O.""]
3 --> 4[""Ship Material""]
4 --> 5{""Shipment OK?""}
5 --> |""Yes""|6[""Send Payment""]
5 --> |""No""|7[""Communicate Shipment Problems""]
7 --> 4
6 --> 8[""EndNode""]
"
133,"
graph LR
0[""Feeling hungry""] --> 1[""Go shopping""]
1 --> 2[""Take the salad""]
1 --> 3[""Take the wine""]
1 --> 4[""Take the sausages""]
2 --> 5[""Pay for the products""]
3 --> 5
4 --> 5
5 --> 6[""Have enough to eat""]
"
134,"
graph LR
0[""Choose protein family""] --> 1[""Retrieve sequences for animals""]
1 --> 2[""Gene annotation""]
1 --> 3[""PHOG 1.0""]
1 --> 4[""BLAST p""]
2 --> 5[""Consensus reached""]
3 --> 5
4 --> 5
"
135,"
graph LR
0[""Accept offer""] --> 1[""Send offer for signing""]
1 --> 2[""Receive signed offer""]
2 --> 3[""Scan signed offer""]
2 --> 4[""Register acceptance of contract""]
3 --> 5[""Send billing information""]
4 --> 5
5 --> 6[""Send pincode information""]
6 --> 7[""Receive pincode information""]
7 --> 8[""Offer accepted""]
"
136,"
graph LR
0[""Feel hungry""] --> 1[""Choose a restaurant""]
1 --> 2[""Enter restaurant""]
2 --> 3[""Get menu""]
3 --> 4[""Order salad""]
3 --> 5[""Order glass of wine""]
4 --> 6[""Eat salad""]
5 --> 7[""Drink wine""]
6 --> 8[""Ask for bill""]
7 --> 8
8 --> 9[""Receive bill""]
9 --> 10[""Pay bill""]
10 --> 11[""Leave restaurant""]
11 --> 12[""Hunger satisfied""]
"
137,"
graph LR
0[""StartNode""] --> 1[""Manually trigger START command""]
1 --> 2[""Check inventory levels""]
1 --> 3[""Send late notice""]
1 --> 4[""Prepare materials for shipment""]
4 --> 5[""Send out shipment""]
3 --> 6[""Notify accounts receivable""]
5 --> 7[""Send delivery notice""]
6 --> 8[""EndNode""]
7 --> 8
"
138,"
graph LR
0[""StartNode""] --> 1[""Enter Expenses""]
1 --> 2[""Generate Spreadsheet""]
2 --> 3{""Request Approved?""}
3 --> |""No""|1
3 --> |""Yes""|4[""Pay Out Expenses""]
4 --> 5[""EndNode""]
"
139,"
graph LR
0[""StartNode""] --> 1[""Sequence position""]
0 --> 2[""Sequence neighborhood""]
0 --> 3[""Distance from membrane""]
1 --> 4[""ANOVA analysis""]
2 --> 4
3 --> 4
4 --> 5{""Greater variance between clusters?""}
5 --> |""Yes""|6[""EndNode""]
"
140,"
graph LR
0[""StartNode""] --> 1[""Write up hard-copy ticket""]
1 --> 2[""Enter ticket into system""]
2 --> 3[""Process order""]
3 --> 4[""Order verification""]
3 --> 5[""Order rejection""]
4 --> 6[""Send to processing plant""]
5 --> 7[""Archive order""]
6 --> 8[""Production phase""]
8 --> 9[""Ship products""]
9 --> 10[""Warehouse products""]
10 --> 11[""Send to customer""]
11 --> 12[""EndNode""]
"
141,"
graph LR
0[""StartNode""] --> 1[""Possess driver's license""]
1 --> 2[""Be 17 years old""]
2 --> 3{""Is 17th birthday reached?""}
3 --> |""No""|4[""Wait for 17th birthday""]
4 --> 3
3 --> |""Yes""|5[""Find accompanying person""]
3 --> |""Yes""|6[""Have accompanying person present""]
5 --> 7[""State accompanying person""]
6 --> 7
3 --> |""Yes""|8{""Is individual over 30 years old?""}
8 --> |""Yes""|9[""Be over 30 years old""]
9 --> 10[""Held driver's license for 5 years""]
10 --> 7
8 --> |""No""|7
"
142,"
graph LR
0[""StartNode""] --> 1[""Checking the customer's credit history""]
0 --> 2[""Conducting a property survey""]
1 --> 3[""Search for property title""]
2 --> 3
3 --> 4[""EndNode""]
"
143,"
graph LR
0[""StartNode""] --> 1[""Repair Request""]
1 --> 2[""Check Device""]
2 --> 3{""Is Device broken?""}
3 --> |""No""|4[""Device not broken""]
3 --> |""Yes""|5[""External Reparation needed""]
4 --> 1
5 --> 6{""Is External Reparation needed?""}
6 --> |""Yes""|7[""Provide information for External Reparation""]
6 --> |""No""|8[""Repair Device""]
7 --> 9[""Recheck Device""]
8 --> 9
9 --> 10[""EndNode""] 
8 --> 11[""Ratify Device Repairing""]
11 --> 12[""Add Repair Record""]
12 --> 13[""Plan Next Revision""]
13 --> 10
"
144,"
graph LR
0[""StartNode""] --> 1[""Informal meeting""]
1 --> 2{""Outcome of informal meeting""}
2 --> |""Not successful""|3[""EndNode""]
2 --> |""Successful""|4[""Full-day meeting""]
4 --> 5{""Outcome of full-day meeting""}
5 --> |""Not successful""|3
5 --> |""Successful""|6[""Create storyboard""]
6 --> 7[""Design phase""]
7 --> 8[""Initial draft of content""]
7 --> 9[""Development phase""]
9 --> 10{""Need for marketing review""}
10 --> |""40%""|11[""Preparation of final version""]
10 --> |""60%""|12[""Marketing review""]
12 --> 13[""EndNode""]
11 --> 14[""Building phase""]
14 --> 15[""Checking phase""]
15 --> 16{""Outcome of checking phase""}
16 --> |""Not approval""|17[""Additional building""]
16 --> |""Approval""|13
17 --> 14
"
145,"
graph LR
0[""StartNode""] --> 1[""Go Home""]
0 --> 2[""Hear Music""]
1 --> 3[""Make Homework""]
2 --> 3
3 --> 4[""EndNode""]
"
146,"
graph LR
0[""StartNode""] --> 1[""Validate Invoice""]
1 --> 2[""Run Payment Process""]
2 --> 3[""Send Payment""]
3 --> 4[""Generate Payment Report""]
4 --> 5[""Send Payment Report to Registry""]
4 --> 6[""Send Payment Report to Account Receivable""]
5 --> 7[""Select Invoices for Archiving""]
7 --> 8[""Mark Invoices as Ready for Archiving""]
8 --> 9[""EndNode""]
6 --> 10[""Generate Invoices for SSP Client""]
10 --> 9
"
147,"
graph LR
0[""Machine received from customer""] --> 1[""Gather information about fault""]
0 --> 2[""Write service contract""]
1 --> 3[""Obtain customer's signature""]
2 --> 3
3 --> 4[""Place contract with machine""]
3 --> 5[""Give customer contract""]
3 --> 6[""Write contract number on sticker""]
6 --> 7[""Attach sticker to machine""]
7 --> 8[""Transport machine to workshop""]
8 --> 9[""Receive machine""]
9 --> 10[""EndNode""]
"
148,"
graph LR
0[""StartNode""] --> 1{""Can Order be fulfilled?""}
1 --> |""Yes""|2[""Order Confirmation""]
1 --> |""No""|3[""Order Rejection""]
2 --> 4[""Deliver Order""]
2 --> 5[""EndNode""]
3 --> 1
3 --> 6[""Mark as Order Rejected""]
6 --> 5
"
149,"
graph LR
0[""StartNode""] --> 1[""busca_datos_reporte1""]
1 --> 2[""select vbelv & vbeln from vbfa into ivbfa_completo_t""]
2 --> 3[""sort result""]
3 --> 4[""perform NOP""]
4 --> 5[""copy vbelv's from ivbfa_completo_t to it_unolips""]
5 --> 6[""sort it_unolips and remove duplicates""]
6 --> 7[""remove entries from it_likp that don't have a vbeln in it_unolips""]
7 --> 8[""left outer join between lips and it_likp on vbeln and vgpos""]
8 --> 9[""sort it_lipsm & remove duplicates""]
9 --> 10[""left outer join between vbfa and it_lipsm""]
10 --> 11[""remove from it_vbfa_completo where plmin != '+'""]
11 --> 12[""left outer join between lips and it_unolips""]
12 --> 13[""sort it_likp by vbeln""]
13 --> 14[""select * from it_likp where lifex != space""]
14 --> 15[""replace it_vbfa_completo-secuencia with corresponding it_lifex-lifex""]
15 --> 16[""perform busca_pedido_vbapt and busca_factura_vbapt""]
16 --> 17[""clear any errors""]
17 --> 18{""c_si in r_valida is 'no'?""}
18 --> |""yes""|19[""left outer join between vbap and it_vbfa_completo""]
18 --> |""no""|20{""pvstel in r_exclog is 'yes'?""}
20 --> |""yes""|21[""remove rows from it_nofacturado that aren't errors""]
20 --> |""no""|22[""left outer join between vbap and it_vbfa_completo""]
22 --> 23[""transfer maktl from imaktl to it_vbfa_completo""]
23 --> 24{""it_nofacturado empty?""}
24 --> |""no""|25[""set & print error""]
24 --> |""yes""|26{""error?""}
26 --> |""no""|27[""left outer join between vbap and it_vbfa_completo""]
26 --> |""yes""|28[""EndNode""]
"
150,"
graph LR
0[""StartNode""] --> 1[""Visit Travel agency""]
1 --> 2{""Make decision on trip""}
2 --> 3[""Select Land""]
2 --> 4[""Choose Tour""]
3 --> 5[""Booking Italy""]
4 --> 6[""Booking Venice""]
5 --> 7[""Pay permit""]
6 --> 7
7 --> 8[""Obtain permit""]
8 --> 9[""Organize vacation""]
9 --> 10[""EndNode""]
"
151,"
graph LR
0[""StartNode""] --> 1[""Conduct a Property Survey""]
0 --> 2[""Conduct a Property Title Search""]
1 --> 3[""Check customers Credit History""]
2 --> 3
3 --> 4[""EndNode""]
"
152,"
graph LR
0[""StartNode""] --> 1[""Conducting assessment""]
0 --> 2[""Check credit history""]
0 --> 3[""Conduct property title search""]
0 --> 4[""Perform property survey""]
1 --> 5[""EndNode""]
2 --> 5
3 --> 5
4 --> 5
"
153,"
graph LR
0[""StartNode""] --> 1[""Request material""]
1 --> 2[""Manage inventory""]
2 --> 3{""Material in stock?""}
3 --> |""No""|4[""Place orders to suppliers""]
3 --> |""Yes""|5[""Manage transfers of material""]
4 --> 3
5 --> 3
3 --> 6[""Place orders to suppliers""]
6 --> 7[""Monitor progress of purchase orders""]
7 --> 8[""Manage transfers of material""]
8 --> 9[""Receive requested material""]
9 --> 10[""Receive incoming material supplies""]
10 --> 11[""Monitor progress of purchase orders""]
9 -->|""simultaneously""| 12[""Release invoices for payment""]
11 --> 13[""EndNode""]
"
154,"
graph LR
0[""StartNode""] --> 1[""Select Meetings p1""]
1 --> 2[""Send Consolidated Referee Forms""]
2 --> 3[""Send Round 2 Evaluation Form""]
3 --> 4[""Follow up with Evaluation Sheets""]
4 --> 5[""Receive Evaluation Sheets""]
5 --> 6[""Consolidate Evaluations""]
1 --> 7[""Answer Questions from Panel Members""]
7 --> 8[""Log Questions in FAQ""]
6 --> 8
8 --> 9[""EndNode""]
"
155,"
graph LR
0[""StartNode""] --> 1[""Change status to Tender""]
1 --> 2[""Send email enclosing load tenders""]
2 --> 3[""Consolidate load tenders""]
3 --> 4[""Print shipping labels and picking list""]
4 --> 5[""Sort labels by customer and item type""]
5 --> 6[""Assign loading doors to orders""]
6 --> 7[""Forklift collects items for order""]
7 --> 8{""All items available?""}
8 --> |""Yes""|9[""Leave order at door and stick labels on boxes""]
8 --> |""No""|10[""Inform customer clerk""]
9 --> 11[""EndNode""]
10 --> 11
"
156,"
graph LR
0[""Collect daily mail""] --> 1[""Sort unopened mail""]
1 --> 2[""Sort opened mail""]
2 --> 3[""Register mail""]
3 --> 4[""Check mail compliance""]
4 --> 5[""Capture matter details""]
4 --> 6[""Compile mailed document requisition""]
5 --> 7[""Receive payment""]
7 --> 8[""Prepare response""]
7 --> 9[""Capture party details""]
9 --> 10[""Print file server""]
"
157,"
graph LR
0[""StartNode""] --> 1[""Check customary credit history""]
0 --> 2[""Conduct Property Survey""]
1 --> 3[""Search for property title""]
2 --> 3
"
158,"
graph LR
0[""StartNode""] --> 1[""Report problem""]
1 --> 2[""Ask questions""]
2 --> 3[""Answer questions""]
3 --> 4{""Can account manager handle?""}
4 --> |""Yes""|5[""Provide solution""]
4 --> |""No""|6[""Ask first level support""]
6 --> 7{""Can first level support handle?""}
7 --> |""Yes""|8[""Provide feedback to account manager""]
7 --> |""No""|9[""Ask developer""]
8 --> 5
9 --> 10[""Provide feedback to first level support""]
10 --> 11[""Provide feedback to account manager""]
11 --> 5
5 --> 12[""EndNode""]
"
159,"
graph LR
0[""Acknowledge hunger""] --> 1[""Choose a dish""]
1 --> 2[""Select spaghetti""]
1 --> 3[""Choose a drink""]
2 --> 4[""Order spaghetti""]
3 --> 5[""Order drink""]
4 --> 6[""Eat spaghetti and have drink""]
5 --> 6
6 --> 7[""Settle bill""]
"
160,"
graph LR
0[""Receive order""] --> 1[""Send invoice""]
0 --> 2[""Ship products""]
1 --> 3[""Receive payment""]
3 --> 4[""EndNode""]
"
161,"
graph LR
0[""StartNode""] --> 1[""BG""]
1 --> 2[""BH""]
2 --> 3[""DG""]
3 --> 4[""BE""]
4 --> 5[""DF""]
0 --> 6[""DC""]
6 --> 7[""DE""]
7 --> 8[""DD""]
8 --> 9[""CW""]
9 --> 10[""CU""]
10 --> 11[""EndNode""]
"
162,"
graph LR
0[""StartNode""] --> 1[""Receive invoice""]
1 --> 2[""Make payment""]
2 --> 3[""Check accounts""]
3 --> 4{""Need to contact customer?""}
4 --> |""Yes""|5[""Contact customer""]
5 --> 6[""Check if customer made payment""]
4 --> |""No""|7{""Need to resolve invoice?""}
7 --> |""Yes""|8[""Resolve invoice""]
8 --> 9[""Make journal entry""]
9 --> 10{""Three strikes?""}
10 --> |""Yes""|11[""Contact customer for negotiations""]
10 --> |""No""|12[""Debit cash account""]
11 --> 13[""EndNode""]
12 --> 13
"
163,"
graph LR
0[""StartNode""] --> 1[""Announce arrival""]
1 --> 2{""Already registered?""}
2 --> |""No""|3[""Send registration details""]
2 --> |""Yes""|4[""Request registration form""]
3 --> 5[""EndNode""]
4 --> 6[""Announce start of measurement""]
6 --> 5
"
164,"
graph LR
0[""StartNode""] --> 1{""Is offer signed?""}
1 --> |""No""|2[""Register offer loss""]
1 --> |""Yes""|3[""Proceed to reception and sign the offer""]
2 --> 4[""Register opportunity loss""]
4 --> 5[""EndNode""]
3 --> 5
0 --> 6{""Is competitor information available?""}
6 --> |""No""|5
6 --> |""Yes""|7[""Register competitor information""]
7 --> 5
7 --> 6
6 --> 1
"
165,"
graph LR
0[""StartNode""] --> 1[""Check quality and update record""]
1 --> 2{""Quality okay?""}
2 --> |""No""|3[""Inform IT Manager""]
2 --> |""Yes""|4[""Check for permanent solution""]
4 --> 5{""Permanent solution found?""}
5 --> |""No""|3
5 --> |""Yes""|6[""Close service call""]
6 --> 7{""Service call closed?""}
7 --> |""No""|8[""Send service request to vendor""]
7 --> |""Yes""|9[""Stop process""]
3 --> 10[""EndNode""]
8 --> 10
9 --> 10
"
166,"
graph LR
0[""StartNode""] --> 1[""Check if information is complete""]
1 --> 2{""Information complete?""}
2 --> |""No""|3[""Call customer to complete data""]
2 --> |""Yes""|4[""Add incoming mail number""]
2 --> |""Yes""|5[""Archive letter""]
4 --> 6[""Bring letter book and member register to Secretary""]
6 --> 7{""Applicant a member?""}
7 --> |""No""|8[""Write letter to applicant explaining why they can't become a member""]
7 --> |""Yes""|9[""Stamp 'new member' on letter and write date""]
8 --> 10[""EndNode""]
9 --> 11[""Add member to member register""]
11 --> 12[""Calculate membership fee""]
12 --> 13[""Write amount in membership register""]
13 --> 14[""Write invoice for payment of first fee""]
14 --> 15[""Send invoice to member""]
15 --> 16[""Print membership card""]
16 --> 17[""Send membership card to member""]
17 --> 18[""Wait for payment""]
18 --> 19[""EndNode""]
"
167,"
graph LR
0[""StartNode""] --> 1[""Notify director""]
0 --> 2[""Receive patient interview""]
0 --> 3[""Receive expert review""]
2 --> 4[""File interview results""]
3 --> 5[""File expert review results""]
4 --> 6[""Create report""]
5 --> 6
6 --> 7[""EndNode""]
"
168,"
graph LR
0[""newCallOffOrderEvent""] --> 1[""sendOrder""]
1 --> 2[""executeCallOff""]
1 --> 3[""transport.transport""]
2 --> 4[""delivery inspection""]
3 --> 4
1 --> 5[""askForInvoice""]
1 --> 6[""askForCallOffConfirmation""]
5 --> 7[""send invoice""]
6 --> 8[""send call-off confirmation""]
4 --> 9[""EndNode""]
7 --> 9
8 --> 9
"
169,"
flowchart LR
0[""Set travel schedules""] --> 1[""Look for accommodation""]
1 --> 2[""Request quote for transportation and accommodation""]
2 --> 3[""Fill mission order request (MOR)""]
3 --> 4[""Check relevancy and cost by TL1""]
4 --> 5[""Choose financial contract""]
5 --> 6{""Is mission approved?""}
6 --> |""Yes""|7[""Approve by signing (TL4)""]
6 --> |""No""|8[""Disapprove (TL3)""]
7 --> 9[""Address MOR and quote to assistant""]
8 --> 10[""End""]
9 --> 11[""Check credit availability (A1)""]
11 --> 12[""Place order (A2)""]
12 --> 13[""Enter mission data in budget management tool (A3)""]
13 --> 14{""Is financier the employer?""}
14 --> |""Yes""|15[""Send dossier to direction for approval""]
14 --> |""No""|16[""Make mission order without expenses (MOWE)""]
15 --> 17[""Send dossier to direction to get approved""]
16 --> 17
17 --> 18[""Check documents (D1)""]
18 --> 19{""Are documents approved?""}
19 --> |""Yes""|20[""Approve by signing (D2)""]
19 --> |""No""|21[""Disapprove (D3)""]
20 --> 22[""Give copy of MO and/or MOWE to employee (A6)""]
20 --> 23[""Classify all documents (A7)""]
21 --> 10
22 --> 10
23 --> 10
"
170,"
graph LR
0[""Assess weak points in development""] --> 1[""Choose employees for training""]
1 --> 2[""Specify education needs""]
1 --> 3[""Decide on training method""]
1 --> 4[""Check availability of employees""]
2 --> 5[""Consult with employee""]
3 --> 5
4 --> 5
5 --> 6[""Set possible dates for training""]
6 --> 7[""Finalize education requirements""]
7 --> 8[""Sign contract""]
"
171,"
graph LR
0[""Create Functional design document""] --> 1[""Create State specific Business scenarios""]
0 --> 2[""Create Rating scenarios""]
0 --> 3[""Create Forms scenarios""]
0 --> 4[""Create UI test cases""]
1 --> 5[""Test Document Review""]
2 --> 5
3 --> 5
4 --> 5
5 --> 6[""Test Execution""]
6 --> 7[""Test Audit""]
7 --> 8[""Test Report signoff""]
8 --> 9[""End of State Roll out process""]
"
172,"
graph LR
0[""StartNode""] --> 1[""Issue report to client""]
0 --> 2[""Issue report to registry""]
0 --> 3[""Issue report to accounts receivable""]
1 --> 4[""EndNode""]
2 --> 4
3 --> 4
"
173,"
graph LR
0[""StartNode""] --> 1[""Schedule production activities""]
1 --> 2[""Procure materials""]
2 --> 3[""Issue materials""]
3 --> 4[""Produce products""]
4 --> 5[""Test products""]
5 --> 6[""Package products""]
6 --> 7[""Dispose of waste""]
6 --> 8[""Stage products""]
7 --> 9[""Release for delivery""]
8 --> 9
"
174,"
graph LR
0[""StartNode""] --> 1[""Verify form structure""]
1 --> 2{""Form correct?""}
2 --> |""No""|3[""Form error""]
2 --> |""Yes""|4[""Verify proposal""]
4 --> 5{""Everything okay?""}
5 --> |""Yes""|6[""Process successful""]
5 --> |""No""|7[""Process failed""]
3 --> 8[""EndNode""]
6 --> 8
7 --> 8
"
175,"
graph LR
0[""StartNode""] --> 1[""Book car park location""]
0 --> 2[""Provide guideline to car park""]
1 --> 3[""Bill credit card""]
2 --> 3
3 --> 4[""EndNode""]
"
176,"
graph LR
0[""StartNode""] --> 1[""Fill pot with water""]
0 --> 2[""Boil water""]
0 --> 3[""Prepare tomato sauce""]
3 --> 4[""Add seasoning""]
2 --> 5[""Put in noodles""]
5 --> 6[""Mix noodles with tomato sauce""]
4 --> 6
6 --> 7[""EndNode""]
"
177,"
graph LR
0[""StartNode""] --> 1[""Receive order""]
1 --> 2[""Send invoice""]
1 --> 3[""Ship products""]
2 --> 4[""Receive payment""]
3 --> 4
4 --> 5[""EndNode""]
"
178,"
graph LR
0[""StartNode""] --> 1[""T1 initiated""]
0 --> 2[""T2""]
0 --> 3[""T3""]
1 --> 4[""T4""]
2 --> 4
3 --> 4
4 --> 5[""EndNode""]
"
179,"
graph LR
0[""StartNode""] --> 1[""Announce arrival""]
1 --> 2[""Request registration form""]
2 --> 3{""Registration form obtained?""}
3 --> |""No""|4[""Send registration details""]
4 --> 2
3 --> |""Yes""|5[""Provide registration form""]
5 --> 6[""Announce measurement""]
6 --> 7{""Registration can be done in the van?""}
7 --> |""Yes""|8[""Permit registration""]
7 --> |""No""|9[""Request person to leave the van""]
8 --> 10{""Subject is ready?""}
10 --> |""Yes""|11[""EndNode""]
10 --> |""No""|12[""Send questionnaire answers""]
12 --> 8
12 --> 13[""Send registration ID""]
13 --> 11
9 --> 10
"
180,"
graph LR
0[""StartNode""] --> 1[""Vendor sends invoice""]
1 --> 2[""Vendor receives invoice""]
2 --> 3[""Check invoice against inventory""]
3 --> 4{""Instruction is to send over or contact the vendor?""}
4 --> |""send over the invoice""|5[""Enter invoice information in Payment Out Module""]
4 --> |""contact the vendor""|6[""Revise invoice on the spot""]
5 --> 7[""Make payment""]
6 --> 2
7 --> 8[""Process payment""]
8 --> 9[""Forward payment to vendor""]
9 --> 10[""Close order""]
10 --> 11[""EndNode""]
"
181,"
graph LR
0[""Incoming Order""] --> 1[""Check Availability""]
1 --> 2{""Is the Item Available?""}
2 --> |""Yes""|3[""Send the Item""]
2 --> |""No""|4[""Procure the Item""]
3 --> 5[""Process Payment""]
4 --> 1
5 --> 6[""EndNode""]
"
182,"
graph LR
0[""StartNode""] --> 1[""Submit application""]
1 --> 2[""Deliver required documents""]
2 --> 3[""Conduct completeness check""]
3 --> 4{""Is application complete?""}
4 --> |""No (20% incomplete)""|5[""Send email regarding incompleteness""]
4 --> |""Yes (80% complete)""|6[""Send copies of documents to academic recognition agency""]
5 --> 7[""EndNode""]
6 --> 7
4 --> |""No (20% incomplete)""|3
"
183,"
graph LR
0[""StartNode""] --> 1[""Identify errors""]
1 --> 2[""Highlight errors on Invoice Entry Form""]
1 --> 3[""Keep track of number of errors per Data Entry Officer""]
2 --> 4[""Return invoice to Data Entry Officer""]
3 --> 4
4 --> 5[""Record number of errors per Data Entry Officer""]
5 --> 6[""EndNode""]
"
184,"
graph LR
0[""StartNode""] --> 1[""Collect process list and scope""]
1 --> 2[""Conduct interviews""]
2 --> 3[""Define process models and related metrics""]
3 --> 4[""Publish process models to PCE""]
4 --> 5[""Provide comments and feedback""]
5 --> 4
4 --> 6[""Collect and review feedback""]
6 --> 7[""EndNode""]
"
185,"
graph LR
0[""Send message""] --> 1[""Analyze sender""]
0 --> 2[""Analyze message""]
1 --> 3[""Generate reply""]
2 --> 3
3 --> 4[""Send reply""]
4 --> 5[""EndNode""]
"
186,"
graph LR
0[""StartNode""] --> 1[""Select pizza and place order""]
1 --> 2[""Pizza made and delivered""]
2 --> 3{""Pizza delivered?""}
3 --> |""Yes""|4[""Make payment""]
3 --> |""No""|5[""Wait for pizza""]
5 --> 6{""Over 60 minutes?""}
6 --> |""Yes""|7[""Call vendor and inquire about status""]
6 --> |""No""|5
7 --> 3
5 --> 8[""Call vendor and ask for pizza""]
8 --> 3
4 --> 9[""Receive receipt""]
9 --> 10[""EndNode""]
"
187,"
graph LR
0[""StartNode""] --> 1[""Simultaneously complete the following steps""]
1 --> 2{""10 working days passed?""}
2 --> |""Yes""|3[""Send reminder""]
2 --> |""No""|2
3 --> 4{""Reminder received?""}
4 --> |""Yes""|1
4 --> |""No""|5{""30 working days passed?""}
5 --> |""Yes""|6[""Cancel job""]
5 --> |""No""|2
6 --> 7[""EndNode""]
"
188,"
graph LR
0[""StartNode""] --> 1[""Feeling tired""]
0 --> 2[""Put on pajamas""]
0 --> 3[""Brush teeth""]
1 --> 4[""Ready for bed""]
2 --> 4
3 --> 4
4 --> 5[""EndNode""]
"
189,"
graph LR
0[""StartNode""] --> 1[""Inquiry""]
1 --> 2[""Quotation""]
2 --> 3{""Pricing and Terms satisfactory?""}
3 --> |""Yes""|4[""Purchase Order""]
3 --> |""No""|2
4 --> 5[""Sales Order""]
5 --> 6[""Shipment""]
6 --> 7[""Update Sales Order""]
7 --> 8[""Invoice/Bill""]
8 --> 9[""Payment Received""]
9 --> 10{""Payment Received?""}
10 --> |""Yes""|11[""Payment Recorded""]
10 --> |""No""|12[""Reminder""]
11 --> 13[""EndNode""]
12 --> 13
10 --> 14[""Payment Received""]
14 --> 10
"
190,"
graph LR
0[""StartNode""] --> 1[""Post job vacancy""]
1 --> 2[""Enter job profile""]
2 --> 3{""Job profile forwarded?""}
3 --> |""Yes""|4{""Job profile released?""}
3 --> |""No""|2
4 --> |""Yes""|5[""Create job profile""]
4 --> |""No""|6[""Extend job profile""]
5 --> 7[""Choose recruiting channels""]
6 --> 4
7 --> 8[""EndNode""]
"
191,"
graph LR
0[""StartNode""] --> 1[""New Signup""]
0 --> 2[""Country/Origin""]
2 --> 3[""Choose Account Type""]
3 --> 4[""Enter Details""]
1 --> 5[""Verify Details and Language""]
5 --> 6[""Verify Email""]
6 --> 7[""Verify Credit Card/Bank Account""]
7 --> 8[""EndNode""]
"
192,"
graph LR
0[""StartNode""] --> 1[""Check customer's credit history""]
0 --> 2[""Search property title""]
1 --> 3[""Conduct property survey""]
2 --> 3
3 --> 4[""EndNode""]
"
193,"
graph LR
0[""StartNode""] --> 1[""Generate payment report""]
1 --> 2[""Pay vendor""]
2 --> 3[""Send payment record to Accounts Receivable Department""]
2 --> 4[""Send payment report to registry""]
3 --> 5[""Archive invoices""]
4 --> 5
5 --> 6[""Charge $35 per paid invoice""]
6 --> 7[""Generate monthly invoices for SSP's clients""]
7 --> 8[""EndNode""]
"
194,"
graph LR
0[""StartNode""] --> 1[""TASK1""]
1 --> 2[""TASK2""]
2 --> 3[""TASK3""]
2 --> 4[""TASK4""]
3 --> 5[""TASK5""]
4 --> 5
5 --> 6[""EndNode""]
"
195,"
graph LR
0[""StartNode""] --> 1[""Create purchase requisition""]
1 --> 2[""Submit purchase order""]
2 --> 3[""Send ordered materials""]
3 --> 4{""Shipment incomplete?""}
4 --> |""Yes""|5[""Communicate problems""]
4 --> |""No""|6[""Verify documents""]
5 --> 3
6 --> 4
6 --> 7[""Send payment""]
7 --> 8[""EndNode""]
"
196,"
graph LR
0[""StartNode""] --> 1[""Distribute applications to recruitment panel""]
1 --> 2[""Email evaluation sheet to recruitment panel""]
2 --> 3[""Follow-up on receipt of evaluation sheets""]
3 --> 4[""Consolidate rankings""]
4 --> 5[""Distribute consolidated ranking sheet""]
5 --> 6[""EndNode""]
"
197,"
graph LR
0[""StartNode""] --> 1[""Select case""]
1 --> 2[""Perform as-is analysis""]
1 --> 3[""Develop to-be model""]
1 --> 4[""Prepare final report""]
2 --> 5[""Prepare presentation""]
3 --> 5
4 --> 5
5 --> 6[""Deliver presentation""]
6 --> 7[""EndNode""]
"
198,"
graph LR
0[""StartNode""] --> 1[""Procure Part""]
1 --> 2{""All parts available?""}
2 --> |""Yes""|3[""EndNode""]
2 --> |""No""|4{""All parts available?""}
4 --> |""Yes""|3
4 --> |""No""|5[""Part Auction""]
5 --> 3
"
199,"
graph LR
0[""StartNode""] --> 1[""Loan Request""]
1 --> 2[""Collect Credit Information""]
2 --> 3{""Amount >= 1M$""}
3 --> |""Yes""|4[""Assess Risk""]
3 --> |""No""|5[""Request Approval""]
4 --> 6{""Risk Low?""}
6 --> |""Yes""|7[""Accept Credit""]
6 --> |""No""|5
7 --> 8{""Credit Approved?""}
8 --> |""Yes""|7
8 --> |""No""|9[""Reject Credit""]
9 --> 10[""EndNode""]
"
200,"
graph LR
0[""Test-Task starts""] --> 1[""Parallel 1""]
0 --> 2[""Parallel 2""]
1 --> 3[""EndNode""]
2 --> 3
"
201,"
graph LR
0[""StartNode""] --> 1[""Verify RFQ""]
1 --> 2{""Is RFQ verified?""}
2 --> |""No""|3[""Ask for more information""]
2 --> |""Yes""|4[""Analyze RFQ""]
3 --> 4
4 --> 5[""Provide L&M cost estimates""]
4 --> 6{""Is RFQ verified?""}
6 --> |""No""|3
6 --> |""Yes""|7{""Is more information needed?""}
7 --> |""Yes""|8[""Ask for clarification""]
7 --> |""No""|9[""Add overhead costs""]
8 --> 1
9 --> 10[""Generate pricing options""]
10 --> 11[""Generate sales quote""]
11 --> 12[""EndNode""]
"
202,"
graph LR
0[""StartNode""] --> 1[""Validate invoice""]
0 --> 2[""Wait until end of week""]
2 --> 3[""Run payment file process""]
3 --> 4[""Generate payment report""]
4 --> 5[""Send payment report to client""]
4 --> 6[""Send payment report to registry""]
4 --> 7[""Send payment report to Account Receivable Department""]
5 --> 8[""EndNode""]
6 --> 9[""Archive invoice""]
9 --> 10[""EndNode""]
7 --> 11[""Generate bills for SSP clients""]
11 --> 12[""Send report of fees $35 per invoice to client""]
12 --> 13[""EndNode""]
"
203,"
graph LR
0[""StartNode""] --> 1[""Validate invoice information for payment""]
1 --> 2[""Check validated invoices from SAP""]
2 --> 3[""Check possible date for payment""]
3 --> 4[""Arrange payment process""]
4 --> 5[""Run payment process""]
5 --> 6[""Generate payment reports""]
6 --> 7[""Send payment reports to the client""]
6 --> 8[""Send payment reports to the registry""]
6 --> 9[""Send payment reports to the accounts receivable department officer""]
7 --> 10[""EndNode""]
8 --> 10
9 --> 11[""Receive reports""]
11 --> 12[""Generate monthly invoices""]
12 --> 13[""Send monthly invoices to the client""]
13 --> 10
"
204,"
graph LR
0[""StartNode""] --> 1[""Finish meal""]
1 --> 2[""Add dish detergent""]
1 --> 3[""Let the water down""]
1 --> 4[""Sink the dirty dishes""]
2 --> 5[""Wash the dishes""]
3 --> 5
4 --> 5
5 --> 6[""EndNode""]
"
205,"
graph LR
0[""StartNode""] --> 1[""Check availability with supplier""]
1 --> 2{""Deliverable?""}
2 --> |""No""|3[""EndNode""]
2 --> |""Yes""|4{""Delivery time > 2 days?""}
4 --> |""Yes""|5[""Late delivery""]
4 --> |""No""|6[""Order from supplier""]
5 --> 6
6 --> 7[""Wait for article to be received""]
7 --> 8[""Procure article""]
8 --> 9[""EndNode""]
"
206,"
graph LR
0[""BI""] --> 1[""BJ""]
1 --> 2[""DP""]
2 --> 3[""BG""]
3 --> 4[""DO""]
0 --> 5[""DL""]
5 --> 6[""DN""]
5 --> 7[""DM""]
6 --> 8[""DD""]
7 --> 8
8 --> 9[""DB""]
9 --> 10[""EndNode""]
"
207,"
graph LR
0[""StartNode""] --> 1[""Pay invoices""]
1 --> 2[""Generate payment report""]
2 --> 3[""Send payment report to Accounts Receivable Department""]
2 --> 4[""Send payment report to registry""]
3 --> 5[""Generate monthly invoices for clients""]
5 --> 6[""EndNode""]
4 --> 7[""Select paper-based invoices""]
7 --> 8[""Sort invoices per client""]
8 --> 9[""Sort invoices per payment data""]
9 --> 10[""Archive invoices""]
10 --> 11[""EndNode""]
"
208,"
graph LR
0[""StartNode""] --> 1[""Request for Quotation""]
1 --> 2[""Sales""]
2 --> 3[""Contract Establishment""]
3 --> 4[""Order Management""]
4 --> 5[""Backlog Management""]
5 --> 6[""Revenue Realization""]
6 --> 7[""EndNode""]
"
209,"
graph LR
0[""StartNode""] --> 1[""Send cost calculation""]
1 --> 2[""Receive answer from client""]
2 --> 3{""Decision from client""}
3 --> |""accepted""|4[""Check and repair computer""]
3 --> |""not accepted""|5[""Client takes computer home""]
4 --> 6[""EndNode""]
5 --> 6
"
210,"
graph LR
0[""StartNode""] --> 1[""Arrange invoices""]
1 --> 2[""Sort invoices""]
2 --> 3[""Staple entry form""]
2 --> 4[""Enter vendor name""]
2 --> 5[""Enter client name""]
2 --> 6[""Enter date of arrival""]
3 --> 7[""EndNode""]
4 --> 7
5 --> 7
6 --> 7
"
211,"
graph LR
0[""StartNode""] --> 1[""Receive claim""]
1 --> 2[""Check completeness""]
2 --> 3{""Is data complete?""}
3 --> |""No""|4[""Send failure notice""]
3 --> |""Yes""|5[""Check insurance case""]
4 --> 6[""EndNode""]
5 --> 7[""Send expert""]
7 --> 8[""Define insurance case""]
8 --> 9[""Wait for invoice""]
9 --> 10[""Pay invoice""]
10 --> 6
"
212,"
graph LR
0[""StartNode""] --> 1[""Request for Quotation""]
1 --> 2[""Submit RFQ""]
2 --> 3[""Submit Quotation""]
3 --> 4[""Receive Quotation""]
4 --> 5[""Submit Purchase Order""]
5 --> 6[""Send Goods""]
5 --> 7[""Send Invoice""]
6 --> 8[""Mark Goods as sent""]
7 --> 9[""Mark Invoice as sent""]
8 --> 10[""EndNode""]
9 --> 10
"
213,"
graph LR
0[""StartNode""] --> 1[""Check if order has been received""]
1 --> 2{""Article available?""}
2 --> |""No""|3[""Procurement process""]
2 --> |""Yes""|4[""Ship article""]
4 --> 2
3 --> 4
4 --> 5[""Financial settlement""]
5 --> 6[""Wait for payment""]
6 --> 7[""Payment received""]
7 --> 8[""EndNode""]
"
214,"
graph LR
0[""StartNode""] --> 1[""Mark Invoice as Paid""]
0 --> 2[""Send the report""]
2 --> 3[""Send the report""]
3 --> 4[""Send the report""]
4 --> 5[""Generate the monthly invoices""]
5 --> 6[""Charge $35 for each paid invoice""]
6 --> 7[""EndNode""]
"
215,"
graph LR
0[""StartNode""] --> 1{""Trusted partner?""}
1 --> |""Yes""|2[""Authorization based on access control policy""]
1 --> |""No""|3[""Specify level of visibility""]
2 --> 4[""EndNode""]
3 --> 5[""Act as NodeRefs for initial negotiation""]
5 --> 6[""Establish trust relationship and access control policy""]
6 --> 4
"
216,"
graph LR
0[""StartNode""] --> 1[""Verify Stock Quantities""]
1 --> 2{""Items in Stock?""}
2 --> |""Yes""|3[""Pack Goods""]
2 --> |""No""|4[""Create Purchase Order""]
3 --> 5[""Prepare to Ship P.O.""]
4 --> 5
5 --> 6[""Prepare Shipment""]
5 --> 7[""Goods on Backorder""]
7 --> 8[""EndNode""]
6 --> 9[""EndNode""]
"
217,"
graph LR
0[""StartNode""] --> 1[""Purchase Raw Materials""]
0 --> 2[""Make Production Plan""]
1 --> 3[""Manufacture Products""]
2 --> 3
3 --> 4[""EndNode""]
"
218,"
graph LR
0[""StartNode""] --> 1[""Prepare feedback proposal""]
1 --> 2[""Send for approval""]
2 --> 3[""Wait for dean's approval""]
3 --> 4{""Feedback proposal approved?""}
4 --> |""No""|5[""Receive denial""]
5 --> 1
4 --> |""Yes""|6[""Receive approval""]
6 --> 7[""Request feedback""]
7 --> 8[""Wait for feedback receipt""]
8 --> 9[""Reply to feedback""]
9 --> 10[""Collect all feedback""]
10 --> 11[""Send collected feedback""]
11 --> 12[""Wait for collected feedback receipt""]
12 --> 13[""Analyze feedback""]
13 --> 14[""EndNode""]
"
219,"
graph LR
0[""StartNode""] --> 1[""Start and enter metadata""]
1 --> 2[""IN-Patient step""]
1 --> 3[""Send data to suppliers""]
1 --> 4[""Create a claim""]
3 --> 5[""Extract data from suppliers""]
5 --> 6[""Transfer data to doctor's phone""]
6 --> 7[""Confirm GOP""]
7 --> 8[""Register case""]
8 --> 9[""Handle claim""]
9 --> 10[""Enter data on patient's record""]
9 --> 11[""Confirm IN-Patient status""]
10 --> 12[""Receive payment""]
11 --> 12
12 --> 13[""EndNode""]
"
220,"
graph LR
0[""StartNode""] --> 1[""Wait for application form""]
1 --> 2[""Focus on specific task""]
1 --> 3[""Make assessment""]
3 --> 4[""Pay attention to sub-process""]
4 --> 5{""Is offer available?""}
5 --> |""Yes""|6[""Offer mortgage""]
5 --> |""No""|7[""Send rejection""]
6 --> 8[""EndNode""]
7 --> 8
5 --> 4
"
221,"
graph LR
0[""StartNode""] --> 1[""Check volume of work""]
1 --> 2[""Prepare timetable""]
2 --> 3[""Publish timetable""]
3 --> 4[""Fulfill availability of workers""]
3 --> 5[""Check non-availability of workers""]
4 --> 6[""Fill shift sheet""]
5 --> 6
6 --> 7[""Publish shift schedule""]
7 --> 8[""EndNode""]
"
222,"
graph LR
0[""StartNode""] --> 1{""Can fulfill order request?""}
1 --> |""Yes""|2[""Order confirmation""]
1 --> |""No""|3[""Reject order""]
2 --> 4[""EndNode""]
3 --> 4
"
223,"
graph LR
0[""StartNode""] --> 1[""Determine workday""]
0 --> 2[""Determine season""]
1 --> 3[""Determine working hours""]
3 --> 4[""Determine thermostat temperature""]
4 --> 5[""EndNode""]
"
224,"
graph LR
0[""StartNode""] --> 1{""Trusted partner?""}
1 --> |""Yes""|2[""Authorization based on access control policy""]
1 --> |""No""|3[""Specify level of visibility""]
2 --> 4[""EndNode""]
3 --> 5[""Act as NodeRefs for initial negotiation""]
5 --> 4
"
225,"
graph LR
0[""StartNode""] --> 1[""Enter Order""]
1 --> 2{""Product on Sale?""}
2 --> |""Yes""|3[""Confirm Order Placement""]
2 --> |""No""|4[""Dismiss Order""]
2 --> 5{""Product on Sale?""}
5 --> |""Yes""|3
5 --> |""No""|4
3 --> 6[""Order Placed""]
6 --> 7[""EndNode""]
4 --> 8[""Order Not Placed""]
8 --> 7
"
226,"
graph LR
0[""StartNode""] --> 1[""Request for Quotation""]
1 --> 2[""Sales""]
2 --> 3[""Contract Establishment""]
3 --> 4[""Order Management""]
4 --> 5[""Backlog Management""]
5 --> 6[""Revenue Realization""]
6 --> 7[""EndNode""]
"
227,"
graph LR
0[""StartNode""] --> 1[""Enter required information""]
0 --> 2[""Enter client name""]
0 --> 3[""Enter vendor name""]
0 --> 4[""Enter date of arrival""]
1 --> 5[""EndNode""]
2 --> 5
3 --> 5
4 --> 5
"
228,"
graph LR
0[""StartNode""] --> 1[""Verify RFQ""]
1 --> 2{""RFQ verified?""}
2 --> |""No""|3[""Ask for more information""]
2 --> |""Yes""|4[""Analyze RFQ and provide L&M Cost Estimates""]
3 --> 5[""Provide clarification""]
4 --> 2
5 --> 2
2 --> |""Yes""|6[""Add overhead costs and generate pricing options""]
6 --> 7[""Generate Sales Quote""]
7 --> 8[""EndNode""]
"
229,"
graph LR
0[""StartNode""] --> 1{""Can order request be fulfilled?""}
1 --> |""Yes""|2[""Confirmation""]
1 --> |""No""|3[""Rejection""]
2 --> 4[""Transmit delivery information""]
3 --> 5[""Mark order as rejected""]
4 --> 6[""Shipment""]
5 --> 7[""EndNode""]
6 --> 8[""Mark order as fulfilled""]
8 --> 7
"
230,"
graph LR
0[""StartNode""] --> 1[""Check if Change Request is realizable""]
1 --> 2{""Is Change Request realizable?""}
2 --> |""No""|3[""Withdraw correction""]
2 --> |""Yes""|4[""Create new transport request""]
3 --> 5[""EndNode""]
4 --> 6[""Select request type""]
6 --> 7{""Is request type workbench or customizing?""}
7 --> |""Workbench""|8[""Workbench development""]
7 --> |""Customizing""|9[""Customizing development""]
8 --> 10[""Log on to development system""]
9 --> 10
10 --> 11[""Release transport request""]
11 --> 12[""Pass correction to test""]
12 --> 13{""Is correction ready for testing?""}
13 --> |""No""|14[""Code quality integration""]
13 --> |""Yes""|15[""Log on to test system""]
14 --> 15
15 --> 16[""Check status""]
16 --> 17{""Is test successful?""}
17 --> |""No""|18[""Reset correction""]
17 --> |""Yes""|19[""Confirm successful test""]
18 --> 20[""Evaluate correction""]
20 --> 2
19 --> 21[""Send email to change manager""]
21 --> 22[""EndNode""]
"
231,"
graph LR
0[""StartNode""] --> 1[""Ask 1st Level Support""]
1 --> 2{""Issue resolved?""}
2 --> |""Yes""|3[""Provide feedback for Account Manager""]
2 --> |""No""|4{""1st Level issue?""}
4 --> |""Yes""|5[""Ask Developer for assistance""]
4 --> |""No""|5
5 --> 2
5 --> 6[""Provide feedback for 1st Level Support""]
6 --> 3
"
232,"
graph LR
0[""StartNode""] --> 1[""Inquire about availability of products""]
1 --> 2[""Create a quotation""]
2 --> 3[""Check pricing and terms""]
3 --> 4{""Are pricing and terms satisfactory?""}
4 --> |""No""|1
4 --> |""Yes""|5[""Send a purchase order to Sales""]
5 --> 6[""Create a sales order""]
6 --> 7[""Prepare and send the shipment""]
7 --> 8[""Check if there is a sufficient quantity of products""]
8 --> 9{""Is there a sufficient quantity of products?""}
9 --> |""No""|10[""Back order and document the unavailable parts""]
9 --> |""Yes""|11[""Update the Sales Order and the shipped by data""]
10 --> 12[""EndNode""]
11 --> 13[""Check if payment has been received""]
13 --> 14{""Has payment been received?""}
14 --> |""Yes""|12
14 --> |""No""|15{""Is payment over 30 days late?""}
15 --> |""No""|13
15 --> |""Yes""|16[""Send a payment reminder""]
16 --> 13
"
233,"
graph LR
0[""StartNode""] --> 1[""Product Inquiry""]
1 --> 2[""Create Price Quote""]
2 --> 3[""Create Sales Order""]
3 --> 4{""Sufficient Quantities?""}
4 --> |""Yes""|5[""Ship Items""]
4 --> |""No""|6[""Backorder""]
5 --> 7[""Prepare Invoice""]
6 --> 4
7 --> 8{""Payment Received <30 days?""}
8 --> |""Yes""|9[""Process Payment""]
8 --> |""No""|10[""Send Reminder""]
9 --> 11[""EndNode""]
10 --> 8
"
234,"
graph LR
0[""Arrive at shopping mall""] --> 1[""Choose presents""]
1 --> 2[""Buy perfume""]
1 --> 3[""Buy necklace""]
2 --> 4[""Finish shopping""]
3 --> 4
"
235,"
graph LR
0[""Initiate process""] --> 1[""Buy a Car""]
0 --> 2[""Choose a Bike""]
1 --> 3[""Buy a House""]
2 --> 3
3 --> 4[""Buy a Kitchen""]
3 --> 5[""Buy a Pizza""]
5 --> 6[""Buy a Mountain Bike""]
5 --> 7[""Buy a City Bike""]
6 --> 8[""EndNode""]
7 --> 8
"
236,"
graph LR
0[""Payment officer receives purchase invoice""] --> 1[""Check validated invoices from SAP""]
1 --> 2[""Check possible date for payment""]
2 --> 3[""Make payment""]
3 --> 4[""Arrange payment process""]
4 --> 5[""Run payment process""]
5 --> 6[""Generate payment reports""]
6 --> 7[""Send payment reports to client""]
6 --> 8[""Send payment reports to registry""]
6 --> 9[""Send payment reports to accounts receivable department officer""]
7 --> 10[""EndNode""]
8 --> 10
9 --> 11[""Receive reports""]
11 --> 12[""Generate monthly invoices for SSP""]
12 --> 13[""Send SSP invoice to client""]
13 --> 10
"
237,"
graph LR
0[""StartNode""] --> 1[""Incident Identification""]
1 --> 2[""Incident Logging""]
2 --> 3[""Incident Categorization""]
3 --> 4{""Is it a Service Request?""}
4 --> |""Yes""|5[""Request Fulfilment""]
4 --> |""No""|6[""Incident Prioritization""]
5 --> 7[""EndNode""]
6 --> 8{""Is it a Major Incident?""}
8 --> |""Yes""|9[""Escalate (Major Incident)""]
8 --> |""No""|10[""Initial Diagnosis""]
9 --> 7
10 --> 11{""Was it Fixed in agreed time?""}
11 --> |""Yes""|12[""Incident Closure""]
11 --> |""No""|13{""Is Hierarchic escalation needed?""}
12 --> 7
13 --> |""Yes""|14[""Escalate (Hierarchic escalation)""]
13 --> |""No""|15[""Investigation and Diagnosis""]
14 --> 7
15 --> 13
"
238,"
graph LR
0[""StartNode""] --> 1[""Send main document""]
1 --> 2{""Should we send Supplement A?""}
2 --> |""Yes""|3[""Send Supplement A""]
2 --> |""No""|4[""EndNode""]
3 --> 5{""Should we send Supplement A again?""}
5 --> |""Yes""|3
5 --> |""No""|4
3 --> 6{""Should we send Supplement B?""}
6 --> |""Yes""|7[""Send Supplement B""]
6 --> |""No""|4
7 --> 8[""EndNode""]
"
239,"
graph LR
0[""StartNode""] --> 1[""Receive email with survey and testimonial request""]
1 --> 2[""Receive survey""]
1 --> 3[""Receive testimonial request""]
2 --> 4[""Respond to survey""]
3 --> 5[""Write testimonial""]
4 --> 6[""EndNode""]
5 --> 6
"
240,"
graph LR
0[""StartNode""] --> 1[""Report computer problem""]
1 --> 2[""Bring computer to ACM""]
2 --> 3[""Receive estimates and describe problem""]
3 --> 4[""Evaluate estimates""]
4 --> 5{""Agree with terms?""}
5 --> |""No""|6[""Take computer back""]
5 --> |""Yes""|7[""Authorize repair""]
6 --> 8[""EndNode""]
7 --> 9[""Pick up notice for computer pickup""]
9 --> 10[""Pick up computer""]
10 --> 11[""Check if computer has been repaired""]
11 --> 12{""Has computer been repaired?""}
12 --> |""No""|13[""EndNode""]
12 --> |""Yes""|14[""Pay for work done""]
14 --> 15[""EndNode""]
"
241,"
graph LR
0[""StartNode""] --> 1[""Enter invoices to validation office""]
1 --> 2[""Proceed with invoices validation""]
2 --> 3[""Tick box 'invoice entered correctly' on invoices form""]
3 --> 4[""Log into SAP""]
4 --> 5[""Change data status from parked to validated""]
5 --> 6[""Forward validated invoices to Registry officers""]
5 --> 7[""Forward validated invoices information in SAP to Payment officer""]
6 --> 8[""EndNode""]
7 --> 8
"
242,"
graph LR
0[""Issue Received""] --> 1[""Open ticket""]
1 --> 2[""Edit 1st level ticket""]
2 --> 3{""Result?""}
3 --> |""Yes""|4[""Send email to Account Manager""]
3 --> |""No""|5[""Edit 2nd level ticket""]
5 --> 6{""Result?""}
6 --> |""Yes""|4
6 --> |""No""|5
5 --> 4
4 --> 7[""Close ticket""]
7 --> 8{""Result?""}
8 --> |""Yes""|9[""Insert issue into product backlog""]
8 --> |""No""|4
9 --> 4
4 --> 9
"
243,"
graph LR
0[""StartNode""] --> 1[""Submit loan application""]
1 --> 2[""Review loan paperwork""]
2 --> 3{""Loan value greater than $1000?""}
3 --> |""Yes""|4[""EndNode""]
3 --> |""No""|5[""Evaluate risk""]
5 --> 3
3 --> |""Yes""|4
3 --> |""No""|6[""Approve loan""]
6 --> 7[""Receive money""]
7 --> 4
"
244,"
graph LR
0[""StartNode""] --> 1[""Check customer's credit history""]
0 --> 2[""Conduct property survey""]
1 --> 3[""Search property title""]
2 --> 3
"
245,"
graph LR
0[""StartNode""] --> 1[""Send main contract document""]
1 --> 2{""Send supplement A?""}
2 --> |""No""|3[""EndNode""]
2 --> |""Yes""|4[""Send supplement A""]
4 --> 5{""Send supplement B?""}
5 --> |""No""|3
5 --> |""Yes""|6[""Send supplement B""]
6 --> 3
"
246,"
graph LR
0[""Customer order""] --> 1[""Receive Order""]
1 --> 2[""Enter Order into the system""]
2 --> 3[""Check inventory""]
3 --> 4[""Assemble Shipment""]
3 --> 5[""Billing""]
4 --> 6[""Send out shipment""]
5 --> 6
6 --> 7[""Wait for delivery""]
7 --> 8[""EndNode""]
"
247,"
graph LR
0[""StartNode""] --> 1[""Send shipment planning request""]
1 --> 2[""Receive shipment planning alternatives""]
2 --> 3[""Select shipment planning""]
3 --> 4[""Schedule pickup""]
3 --> 5[""Send shipment documents""]
4 --> 6[""Receive shipment detail""]
5 --> 6
6 --> 7[""Load shipment at pickup location""]
7 --> 8[""EndNode""]
"
248,"
graph LR
0[""StartNode""] --> 1[""Go to iTunes Store Home""]
1 --> 2[""Search for Album""]
2 --> 3{""Expand Search Using Artist Name or Select Album""}
3 --> |""Expand Search Using Artist Name""|2
3 --> |""Select Album""|4[""Select Album""]
4 --> 5{""Proceed to sign-up process or Login to Account""}
5 --> |""Proceed to sign-up process""|6[""Enter Email Address""]
5 --> |""Login to Account""|7[""Login to Account""]
6 --> 8[""Enter Password""]
6 --> 9[""Provide Secret Question and Answer""]
8 --> 10[""Confirm Purchase Choice""]
9 --> 10
10 --> 11[""Download Album""]
7 --> 12[""Enter Date of Birth""]
12 --> 13[""Provide Payment Method""]
13 --> 14[""Enter Billing Address""]
14 --> 15[""Confirm Registration""]
15 --> 10
11 --> 16[""EndNode""]
"
249,"
graph LR
0[""StartNode""] --> 1[""Log and route the complaint""]
1 --> 2{""Is complaint 'instructor resolvable'?""}
2 --> |""Yes""|3[""Handle the complaint""]
2 --> |""No""|3
3 --> 4{""Should complaint be escalated?""}
4 --> |""Yes""|3
4 --> |""No""|5[""Send email to student and cc Complaint Staff""]
5 --> 6[""Update complaint database""]
6 --> 7[""EndNode""]
"
250,"
graph LR
0[""StartNode""] --> 1[""Customer enters store""]
1 --> 2[""Decide what they want""]
2 --> 3{""Custom order or in-store purchase?""}
3 --> |""Custom order""|4[""Fill out customer invoice""]
3 --> |""In-store purchase""|5[""In-store purchase""]
4 --> 6[""EndNode""]
5 --> 6
"
251,"
graph LR
0[""Change code""] --> 1[""Commit to SVN""]
1 --> 2[""Update from SVN""]
1 --> 3[""Change code""]
2 --> 4[""Resolve conflicts""]
3 --> 4
4 --> 5[""Change code""]
5 --> 6[""Commit to SVN""]
6 --> 7[""Resolve conflicts""]
7 --> 8[""Commit to SVN""]
8 --> 9[""Deploy to QA""]
9 --> 10[""Update from SVN""]
10 --> 11[""Change code""]
11 --> 12[""Commit to SVN""]
12 --> 13[""Update from SVN""]
13 --> 14[""Deploy to QA""]
14 --> 15[""Deploy to production""]
"
252,"
graph LR
0[""StartNode""] --> 1[""Determine rent conditions""]
1 --> 2[""Find suitable piece of land""]
2 --> 3{""Required price >= Found price?""}
3 --> |""No""|4[""Reevaluate conditions""]
3 --> |""Yes""|5[""Check availability and rentability""]
4 --> 2
5 --> 6{""Space available?""}
6 --> |""No""|7[""Search for land""]
6 --> |""Yes""|8[""Create contract form""]
7 --> 2
8 --> 9{""Contract approved?""}
9 --> |""No""|2
9 --> |""Yes""|10[""Send contract via email""]
10 --> 11[""Ensure water resources""]
11 --> 12[""Ensure food supplier""]
12 --> 13[""Finalize contracts with suppliers""]
13 --> 14[""Send final contract""]
14 --> 15[""Wait for acknowledgement""]
15 --> 16[""Check response""]
16 --> 17[""EndNode""]
"
253,"
graph LR
0[""StartNode""] --> 1{""Can fulfill order?""}
1 --> |""Yes""|2[""Confirm order""]
1 --> |""No""|3[""Reject order""]
2 --> 4[""Deliver order""]
3 --> 5[""Inform order rejected""]
4 --> 6[""Inform order delivered""]
2 --> 1
3 --> 1
5 --> 7[""EndNode""]
6 --> 7
"
254,"
graph LR
0[""StartNode""] --> 1[""TASK1""]
1 --> 2[""TASK2""]
2 --> 3[""TASK3""]
2 --> 4[""TASK4""]
3 --> 5[""TASK5""]
4 --> 5
5 --> 6[""EndNode""]
"
255,"
graph LR
0[""StartNode""] --> 1[""Customer encounters a problem""]
1 --> 2[""Obtain problem description""]
2 --> 3{""Can I handle this on my own?""}
3 --> |""Yes""|4[""Explain solution""]
3 --> |""No""|5[""Send email to support system""]
4 --> 6[""EndNode""]
5 --> 3
"
256,"
graph LR
0[""StartNode""] --> 1[""Create Product""]
1 --> 2[""Propose Product""]
2 --> 3{""Product Approved?""}
3 --> |""Yes""|4[""Approve Product""]
3 --> |""No""|5[""Reject Product""]
4 --> 6[""Product Approved""]
5 --> 3
5 --> 7[""Product Rejected""]
6 --> 8[""EndNode""]
7 --> 8
"
257,"
graph LR
0[""StartNode""] --> 1[""Check Credit History""]
0 --> 2[""Property Survey""]
1 --> 3[""Property Title Search""]
1 --> 4[""EndNode""]
2 --> 4
3 --> 4
"
258,"
graph LR
0[""StartNode""] --> 1[""Check order received""]
1 --> 2[""Check availability of article""]
2 --> 3{""Article available?""}
3 --> |""No""|4[""Initiate procurement process""]
3 --> |""Yes""|5[""Ship article""]
5 --> 3
4 --> 5
5 --> 6[""Complete financial settlement""]
6 --> 7[""Receipt of payment""]
7 --> 8[""EndNode""]
"
259,"
graph LR
0[""Turn on computer""] --> 1[""Connect to internet""]
1 --> 2[""Navigate to nba.com""]
1 --> 3[""Grab a beer from the fridge""]
1 --> 4[""Start streaming""]
2 --> 5[""Enjoy beer while watching game""]
3 --> 5
4 --> 5
5 --> 6[""Game ends""]
"
260,"
graph LR
0[""StartNode""] --> 1[""Invoice arrives""]
1 --> 2{""Is invoice complete?""}
2 --> |""No""|3[""Return invoice to client""]
2 --> |""Yes""|4[""Check if invoice can be paid""]
4 --> 5{""Can invoice be paid?""}
5 --> |""No""|3
5 --> |""Yes""|6[""Sort invoice by client and vendor""]
3 --> 7[""EndNode""]
6 --> 7
"
261,"
graph LR
0[""StartNode""] --> 1[""Receive payment""]
0 --> 2[""Ship the order""]
1 --> 3[""Archive the order""]
2 --> 3
3 --> 4[""EndNode""]
"
262,"
graph LR
0[""StartNode""] --> 1[""Detect incident""]
1 --> 2[""Troubleshoot application""]
2 --> 3{""Incident resolved within 1 hour?""}
3 --> |""Yes""|4[""Incident resolved within 1 hour""]
4 --> 5[""EndNode""]
3 --> |""No""|6[""Analyze incident""]
6 --> 7{""Financial impact?""}
7 --> |""No""|8[""No financial impact""]
8 --> 9[""No incident opened""]
9 --> 5
7 --> |""Yes""|10[""EMS opened""]
10 --> 11[""Contact Application Team""]
11 --> 12[""Open conference line""]
12 --> 5
"
263,"
graph LR
0[""Confirm invoice payment""] --> 1[""Send report to Client""]
0 --> 2[""Send report to SSP's Accounts Receivable Department""]
0 --> 3[""Send report to Registry""]
1 --> 4[""Payment report sent""]
2 --> 4
3 --> 4
"
264,"
graph LR
0[""StartNode""] --> 1[""Participate""]
1 --> 2[""Select a friend""]
2 --> 3{""Check the suggestion""}
3 --> |""Yes""|4[""EndNode""]
3 --> |""No""|5[""Select a second friend""]
5 --> 6[""Suggest a date""]
5 --> 7[""Post a message on the suggested friend's wall""]
7 --> 8[""EndNode""]
6 --> 9{""Check if you should invite friends to use the app""}
9 --> |""No""|10[""EndNode""]
9 --> |""Yes""|11[""Invite friends""]
11 --> 9
"
265,"
graph LR
0[""Publish flight schedule""] --> 1[""Assign fleets""]
1 --> 2[""Send flight schedule""]
2 --> 3[""Receive Flight Schedule""]
3 --> 4[""Create crew pairings""]
3 --> 5[""Create crew rosters""]
4 --> 6[""Update crew changes""]
5 --> 7[""Repair crew rosters""]
6 --> 8[""Send out crew assignments""]
7 --> 8
8 --> 9[""Receive crew assignments""]
9 --> 10[""Create flight plan""]
9 --> 11[""Repair flight plan""]
10 --> 12[""Create flight report""]
11 --> 12
12 --> 13[""Send flight report""]
13 --> 14[""Post-operation analysis""]
14 --> 15[""EndNode""]
"
266,"
graph LR
0[""StartNode""] --> 1[""Mortgage offers""]
1 --> 2[""Analyze response""]
1 --> 3[""Wait for two weeks""]
3 --> 4{""Response received?""}
4 --> |""No""|5[""Update details""]
4 --> |""Yes""|6{""Response accepted?""}
5 --> 7[""Archive case""]
7 --> 8[""EndNode""]
6 --> |""No""|5
6 --> |""Yes""|9[""Check status of documents""]
9 --> 10{""Documents complete?""}
10 --> |""No""|11[""Require additional documents""]
10 --> |""Yes""|12[""Move case""]
11 --> 8
12 --> 8
"
267,"
graph LR
0[""StartNode""] --> 1[""Register for event participation""]
1 --> 2{""Fees required?""}
2 --> |""No""|3[""Register for seminar results""]
2 --> |""Yes""|4[""Create purchase request""]
3 --> 5{""Purchase request approved?""}
4 --> 5
5 --> |""No""|6[""Notify rejection""]
5 --> |""Yes""|7[""Send approval notification""]
6 --> 8[""EndNode""]
7 --> 8
"
268,"
graph LR
0[""StartNode""] --> 1[""Receive Request""]
1 --> 2[""Evaluate Request""]
2 --> 3{""Report favorable?""}
3 --> |""No""|4[""Send Notification of Denial""]
3 --> |""Yes""|5[""Check Analyst Authority""]
5 --> 6{""Analyst has Authority?""}
6 --> |""No""|7[""Authorize Payment""]
6 --> |""Yes""|8[""Send Payment""]
7 --> 8
4 --> 9[""EndNode""]
8 --> 9
"
269,"
graph LR
0[""StartNode""] --> 1[""Receive mail""]
1 --> 2[""Check information""]
2 --> 3{""Information complete?""}
3 --> |""No""|4[""Call customer""]
3 --> |""Yes""|5[""Add mail number and date""]
4 --> 6[""EndNode""]
5 --> 7[""Record letter""]
7 --> 8[""Archive letter""]
8 --> 9[""Take letters to Miranda""]
9 --> 6
"
270,"
graph LR
0[""StartNode""] --> 1[""Identify demand for material""]
1 --> 2{""Goods Available?""}
2 --> |""Yes""|3[""Utilize available material""]
2 --> |""No""|4[""Specify material demand""]
3 --> 5[""EndNode""]
4 --> 6[""Create purchase requisition""]
6 --> 7[""Verify purchase requisition""]
7 --> 8[""Generate purchase order""]
8 --> 9[""Notify vendor""]
9 --> 10[""Vendor shipment""]
10 --> 11[""Goods receipt""]
11 --> 12[""Invoice receipt""]
12 --> 13[""Payment to vendor""]
13 --> 5
"
271,"
graph LR
0[""StartNode""] --> 1[""Receive vacancy status update""]
0 --> 2[""Advertise Vacancy""]
0 --> 3[""Assemble Selection Panel""]
2 --> 4[""Receive Complete Applications""]
3 --> 5[""Assemble Selection Panel and enter details""]
4 --> 5
5 --> 6[""EndNode""]
"
272,"
graph LR
0[""StartNode""] --> 1[""Send mortgage offer""]
1 --> 2[""Receive answer""]
2 --> 3{""Is answer a decline?""}
3 --> |""Yes""|4[""Update details""]
3 --> |""No""|5{""Is offer complete?""}
4 --> 6{""Is offer complete?""}
5 --> |""Yes""|7[""Update details""]
5 --> |""No""|8[""Send message to customer""]
6 --> |""Yes""|9[""Complete offer""]
6 --> |""No""|8
7 --> 10[""EndNode""]
8 --> 11[""Wait for customer's answer""]
9 --> 10
11 --> 4
"
273,"
graph LR
0[""StartNode""] --> 1[""Check fees""]
1 --> 2{""Fees required?""}
2 --> |""No""|3[""Registration process""]
2 --> |""Yes""|4[""Create purchase requisition request""]
3 --> 5[""Obtain seminar results""]
3 --> 6[""EndNode""]
4 --> 7[""Check purchase request approval""]
7 --> 8{""Purchase request approved?""}
8 --> |""No""|9[""Notify rejection""]
8 --> |""Yes""|10[""Send approved notification""]
9 --> 11[""EndNode""]
10 --> 11
"
274,"
graph LR
0[""StartNode""] --> 1[""Send Main Document""]
1 --> 2{""Should Supplement A be sent?""}
2 --> |""Yes""|3[""Send Supplement A""]
2 --> |""No""|4[""EndNode""]
3 --> 5{""Should Supplement B be sent?""}
5 --> |""Yes""|6[""Send Supplement B""]
5 --> |""No""|4
6 --> 4
"
275,"
graph LR
0[""StartNode""] --> 1[""Report checked against Invoice""]
1 --> 2[""Invoice Entered Correctly verified""]
1 --> 3[""Errors recorded""]
3 --> 4[""Error highlighted""]
4 --> 5[""Invoice Entry Form updated""]
2 --> 5
5 --> 6[""Process End""]
"
276,"
graph LR
0[""StartNode""] --> 1[""Accepted Item""]
1 --> 2[""Case""]
1 --> 3[""Other""]
1 --> 4[""Can""]
1 --> 5[""Non-perishable""]
1 --> 6[""Perishable""]
1 --> 7[""Fruit""]
1 --> 8[""Vegetable""]
1 --> 9[""Sack""]
2 --> 10[""QC""]
3 --> 10
4 --> 10
5 --> 10
6 --> 10
7 --> 10
8 --> 10
10 --> 11[""Weight""]
11 --> 12[""Date Center""]
12 --> 13[""Store items based on item policy""]
13 --> 14[""EndNode""]
"
277,"
graph LR
0[""StartNode""] --> 1[""Receive shipment""]
1 --> 2[""Place shipment in warehouse""]
2 --> 3[""Update IS""]
3 --> 4[""Sort shipments by service type""]
4 --> 5[""Sort shipments by destination node""]
5 --> 6[""Sort shipments by size""]
6 --> 7[""Calculate route to next node""]
7 --> 8[""Determine transport vehicle""]
8 --> 9{""Is vehicle available?""}
9 --> |""Yes""|10[""Load shipment onto transport vehicle""]
9 --> |""No""|11[""Set waiting time limit""]
10 --> 12[""Update IS""]
11 --> 12
12 --> 13[""Update IS""]
13 --> 14[""Start transportation to next node""]
14 --> 15[""Unload shipment""]
15 --> 16{""Has destination warehouse been reached?""}
16 --> |""No""|17[""Update IS""]
16 --> |""Yes""|18[""Place shipment in branch office""]
17 --> 14
18 --> 19[""Update IS""]
19 --> 20[""EndNode""]
"
278,"
graph LR
0[""StartNode""] --> 1[""Review letter""]
1 --> 2{""Letter complete?""}
2 --> |""No""|3[""Make telephone call""]
2 --> |""Yes""|4[""Archive letter""]
3 --> 1
4 --> 5{""Have necessary information?""}
5 --> |""No""|6[""EndNode""]
5 --> |""Yes""|7{""Person a member?""}
7 --> |""No""|8[""Send denial""]
7 --> |""Yes""|9[""Stamp letter""]
8 --> 10[""EndNode""]
9 --> 11[""Register member""]
9 --> 12[""Calculate fee""]
9 --> 13[""Write fee into register""]
11 --> 14[""Prepare invoice mail""]
12 --> 14
13 --> 14
14 --> 15[""EndNode""]
"
279,"
graph LR
0[""StartNode""] --> 1[""Demand planning""]
0 --> 2[""Safety stock calculation""]
0 --> 3[""Current stock levels update""]
1 --> 4[""Forecast netting""]
2 --> 4
3 --> 4
4 --> 5[""Planning data loading""]
5 --> 6[""Weekly planning run""]
6 --> 7[""Production plan loading""]
7 --> 8[""Local production planning""]
8 --> 9[""EndNode""]
"
280,"
graph LR
0[""StartNode""] --> 1[""Generate payment report""]
1 --> 2[""Pay vendor""]
1 --> 3[""Send payment report to Accounts Receivable Department""]
1 --> 4[""Send payment report to registry""]
3 --> 5[""Generate monthly invoices for clients""]
4 --> 6[""Select paper-based invoices that have been paid""]
5 --> 7[""Charge client $35 per invoice""]
7 --> 8[""EndNode""]
3 --> 9[""Archive invoices per vendor""]
4 --> 10[""Archive invoices per payment data""]
5 --> 11[""Track down payment""]
9 --> 12[""EndNode""]
10 --> 12
11 --> 12
"
281,"
graph LR
0[""Low Inventory""] --> 1[""Materials Request""]
1 --> 2[""Purchase Materials""]
2 --> 3[""Receive Materials""]
3 --> 4[""Check Shipment""]
4 --> 5{""Shipment OK?""}
5 --> |""Yes""|6[""Send Payment""]
5 --> |""No""|7[""Communicate Shipment Problem""]
6 --> 8[""EndNode""]
7 --> 8
"
282,"
graph LR
0[""StartNode""] --> 1{""Production rule defined?""}
1 --> |""No""|2[""Check substitute product rule""]
1 --> |""Yes""|3[""Prepare production line""]
2 --> 4{""Substitute production rule found?""}
2 --> |""Yes""|3[""Prepare production line""]
2 --> |""No""|5[""Create product rule not found alarm""]
3 --> 1
4 --> |""No""|5[""Create product rule not found alarm""]
3 --> 6[""EndNode""]
5 --> 6
"
283,"
graph LR
0[""StartNode""] --> 1[""Check Customers' Credit History""]
0 --> 2[""Search Property Title""]
1 --> 3[""Conduct Property Survey""]
2 --> 3
3 --> 4[""EndNode""]
"
284,"
graph LR
0[""StartNode""] --> 1[""Initiate Process Starts""]
1 --> 2[""Inquire about the product""]
2 --> 3[""Preparing Quote""]
3 --> 4[""Verify terms and pricing""]
4 --> 5[""Create sale order""]
5 --> 6[""Proceed with shipment""]
6 --> 7[""Send payment""]
7 --> 8{""Payment sent?""}
8 --> |""Yes""|9[""Process payment""]
8 --> |""No""|10[""Send reminder""]
10 --> 8
8 --> |""No""|11[""Send reminder""]
11 --> 12[""Send payment""]
12 --> 8
9 --> 13[""EndNode""]
"
285,"
graph LR
0[""StartNode""] --> 1[""Prepare to cut banana""]
1 --> 2[""Hold banana securely""]
2 --> 3[""Cut banana""]
3 --> 4[""EndNode""]
"
286,"
graph LR
0[""StartNode""] --> 1[""Informational meeting""]
1 --> 2{""Meeting successful?""}
2 --> |""No""|3[""EndNode""]
2 --> |""Yes""|4[""Create storyboard""]
4 --> 5[""Designing and developing website""]
4 --> 6[""Preparing content""]
4 --> 7[""Creating initial draft""]
5 --> 8[""Review initial draft""]
6 --> 8
7 --> 8
8 --> 9{""Further review needed?""}
9 --> |""Yes""|10[""Review draft""]
10 --> 9
9 --> |""No""|11[""Prepare final version""]
11 --> 12{""Site approved?""}
12 --> |""Yes""|13[""EndNode""]
12 --> |""No""|14[""Website building process continues""]
14 --> 11
"
287,"
graph LR
0[""StartNode""] --> 1[""Receive customer inquiry""]
1 --> 2[""Prepare quotation""]
2 --> 3[""Create sales order""]
3 --> 4{""Credit approved?""}
4 --> |""No""|5[""EndNode""]
4 --> |""Yes""|6[""Check stock availability""]
6 --> 7{""Stock available?""}
7 --> |""No""|8[""Check new stock delivery date""]
7 --> |""Yes""|9[""Create outbound delivery""]
8 --> 10[""EndNode""]
9 --> 7
9 --> 11[""Picking""]
11 --> 12[""Post goods issue""]
12 --> 13[""Create billing""]
13 --> 14[""Pack product and invoice""]
14 --> 15[""Ship packed product and invoice""]
15 --> 16[""EndNode""]
"
288,"
graph LR
0[""StartNode""] --> 1[""T1""]
0 --> 2[""T2""]
1 --> 2
2 --> 3[""EndNode""]
"
289,"
graph LR
0[""StartNode""] --> 1[""Click Start""]
1 --> 2[""Select Edit Report""]
2 --> 3{""Expense greater than 1000?""}
3 --> |""Yes""|4[""Review Report""]
3 --> |""No""|5{""Need for Translation?""}
4 --> 6[""Evaluate Review Decision""]
5 --> |""Yes""|7[""Translate Receipts""]
5 --> |""No""|8[""Confirm Receipts""]
6 --> |""No""|9[""Edit Report""]
6 --> |""Yes""|5
7 --> 10[""Evaluate Receipts Decision""]
8 --> 10
9 --> 4
10 --> |""No""|9
10 --> |""Yes""|11[""Process Expense""]
11 --> 12[""End Process""]
"
290,"
graph LR
0[""StartNode""] --> 1[""start_element""]
1 --> 2[""myTaskOne""]
2 --> 3{""Event Type""}
3 --> |""myMessageEvent""|4[""myTaskTwo""]
3 --> |""myTimeEvent_60minutes""|5[""myTaskThree""]
4 --> 6[""myEndEvent""]
5 --> 7[""myTermination""]
"
291,"
graph LR
0[""StartNode""] --> 1[""Send inquiry about product availability""]
1 --> 2[""Send product inquiry""]
2 --> 3[""Receive quotation""]
3 --> 4[""Analyze quotation""]
4 --> 5{""Purchase Decision""}
5 --> |""Decline""|6[""EndNode""]
5 --> |""Accept""|7[""Send purchase order""]
7 --> 8[""Purchase order sent""]
8 --> 9[""Wait for invoice""]
9 --> 10[""Receive invoice""]
10 --> 11[""Verify invoice/bill accuracy""]
11 --> 12[""Send payment""]
12 --> 13[""Payment sent""]
13 --> 6
"
292,"
graph LR
0[""StartNode""] --> 1[""Confirm order""]
1 --> 2[""Shipping the item""]
1 --> 3[""Sending the invoice""]
2 --> 4[""Activity after shipping""]
3 --> 5[""Activity after sending invoice""]
4 --> 6[""EndNode""]
5 --> 6
"
293,"
graph LR
0[""StartNode""] --> 1[""Activity B-1""]
0 --> 2[""Activity C-1""]
0 --> 3[""Activity C-1""]
0 --> 4[""Activity C-2""]
1 --> 5[""Activity B-2""]
4 --> 5
4 --> 6[""Activity A-1""]
5 --> 7[""Activity D-2""]
6 --> 7
7 --> 8[""Activity E-1""]
7 --> 9[""Activity D-1""]
8 --> 10[""Activity B-3""]
9 --> 10
9 --> 11[""Activity D-3""]
10 --> 12[""EndNode""]
11 --> 12
"
294,"
graph LR
0[""StartNode""] --> 1[""Check customer's credit history""]
0 --> 2[""Conduct property survey""]
1 --> 3[""Search for property title""]
2 --> 3
3 --> 4[""EndNode""]
"
295,"
graph LR
0[""StartNode""] --> 1[""Receive order""]
1 --> 2[""Shipping products""]
1 --> 3[""Sending invoice""]
2 --> 4[""Receive payment""]
3 --> 4
4 --> 5[""EndNode""]
"
296,"
graph LR
0[""StartNode""] --> 1[""Send email to support system""]
1 --> 2[""Allocate ticket""]
2 --> 3[""Check if first level can handle it""]
3 --> |""Yes""|4[""Document ticket""]
3 --> |""No""|5[""Ask developer""]
4 --> 6[""Send email to account manager""]
5 --> 3
5 --> 4
6 --> 7[""EndNode""]
"
297,"
graph LR
0[""Start""] --> 1[""Register contract acceptation""]
0 --> 2[""Scan offer""]
1 --> 3[""Provide billing and pincode information""]
2 --> 3
3 --> 4[""End""]
"
298,"
graph LR
0[""StartNode""] --> 1[""Receive customer inquiry""]
1 --> 2[""Prepare quotation""]
2 --> 3[""Create sales order""]
3 --> 4[""Perform credit check""]
4 --> 5{""Credit approved?""}
5 --> |""No""|6[""Order cannot be processed""]
5 --> |""Yes""|7[""Check stock availability""]
7 --> 8{""Stock available?""}
8 --> |""No""|9[""Check new stock delivery date""]
8 --> |""Yes""|10[""Create outbound delivery""]
10 --> 7
7 --> 11[""Picking""]
11 --> 12[""Post goods issue""]
12 --> 13[""Create billing""]
13 --> 14[""Pack product""]
14 --> 15[""Invoice product""]
15 --> 16[""Ship product and invoice""]
16 --> 17[""EndNode""]
"
299,"
graph LR
0[""StartNode""] --> 1[""Sort invoices per client""]
1 --> 2[""Sort invoices per vendor""]
2 --> 3[""Staple invoice entry form to invoice""]
3 --> 4[""Enter vendor name on invoice entry form""]
3 --> 5[""Enter client name on invoice entry form""]
3 --> 6[""Enter invoice arrival date on invoice entry form""]
4 --> 7[""EndNode""]
5 --> 7
6 --> 7
"
300,"
graph LR
0[""StartNode""] --> 1[""Vendor sends invoice""]
1 --> 2[""Vendor receives invoice""]
2 --> 3[""Check invoice against inventory""]
3 --> 4{""Instruction""}
4 --> |""send over the invoice""|5[""Enter invoice information in Payment Out Module""]
4 --> |""contact the vendor""|6[""Revise invoice on the spot""]
5 --> 7[""Make payment""]
6 --> 2
7 --> 8[""Process payment""]
8 --> 9[""Forward payment to vendor""]
9 --> 10[""Close order""]
10 --> 11[""EndNode""]
"
301,"
graph LR
0[""Receive order""] --> 1[""Send invoice""]
0 --> 2[""Ship products""]
1 --> 3[""Receive payment""]
2 --> 3[""EndNode""]
3 --> 4[""EndNode""]
"
302,"
graph LR
0[""StartNode""] --> 1[""Receive order""]
1 --> 2[""Confirm order""]
2 --> 3[""Arrange shipment""]
2 --> 4[""Update manufacturing plan""]
2 --> 5[""Generate order summary""]
2 --> 6[""Review and revise order""]
3 --> 7[""Update customer file""]
4 --> 7
5 --> 7
6 --> 7
7 --> 8[""Update customer file""]
8 --> 9[""EndNode""]
"
303,"
graph LR
0[""StartNode""] --> 1[""Check Customers Credit History""]
0 --> 2[""Search property title""]
0 --> 3[""Conduct Property Survey""]
1 --> 4[""EndNode""]
2 --> 4
3 --> 4
"
304,"
graph LR
0[""StartNode""] --> 1[""Request Order""]
1 --> 2{""Order Fulfillment Possible?""}
2 --> |""Yes""|3[""Confirm Order""]
2 --> |""No""|4[""Reject Order""]
3 --> 5[""Deliver Order""]
4 --> 6[""Notify Order Rejected""]
5 --> 7[""Notify Order Delivered""]
6 --> 8[""EndNode""]
7 --> 8
"
305,"
graph LR
0[""StartNode""] --> 1[""Start process using newTransportEvent""]
1 --> 2[""sendNewTransportEvent""]
2 --> 3[""receiveTransportOrder""]
3 --> 4[""sendTransportOrder""]
4 --> 5[""executeTransport""]
4 --> 6[""distributeShipmentInfo""]
4 --> 7[""askForShipmentConfirmation""]
5 --> 8[""distributeShipmentInfo""]
6 --> 8
7 --> 8
8 --> 9[""sendShipmentInfo""]
9 --> 10[""askForShipmentConfirmation""]
10 --> 11[""sendShipmentConfirmation""]
11 --> 12[""EndNode""]
"
306,"
graph LR
0[""StartNode""] --> 1[""Reach out to 1st Level Support""]
1 --> 2{""Can 1st Level Support handle the issue?""}
2 --> |""Yes""|3[""Provide feedback to Account Manager""]
2 --> |""No""|4[""Ask Developer for Assistance""]
3 --> 5[""Receive Assistance from 1st Level Support or Developer""]
4 --> 5
5 --> 6[""Provide feedback to Account Manager""]
6 --> 7[""Provide feedback to 1st Level Support and Account Manager""]
7 --> 8[""EndNode""]
"
307,"
graph LR
0[""StartNode""] --> 1[""Initiate scheduling process""]
1 --> 2[""Create Google Form""]
1 --> 3[""Create schedule template on Excel""]
2 --> 4[""Employee logs into Google account""]
4 --> 5[""Access Google Form""]
5 --> 6[""Select all available times""]
5 --> 7[""List reasons for unavailability""]
6 --> 8[""Configure Excel schedule""]
6 --> 9[""Enter schedule on portal""]
7 --> 10[""Submit form""]
8 --> 11[""Print schedules for employees""]
8 --> 12[""Email schedule to individual Gmail accounts""]
10 --> 13[""Review collected results""]
13 --> 14[""Scheduling process complete""]
"
308,"
graph LR
0[""StartNode""] --> 1[""Create Purchase Requisition""]
1 --> 2[""Submit Purchase Order""]
2 --> 3[""Send Ordered Materials""]
3 --> 4[""Send Packing List and Shipment Details""]
4 --> 5[""Send Invoice""]
5 --> 6[""Verify Contents""]
6 --> 7[""Check Shipment of Goods""]
7 --> 8{""Shipment of Goods Accurate?""}
8 --> |""Yes""|9[""Send Payment""]
8 --> |""No""|10[""Report Problems""]
10 --> 11[""Send Ordered Materials Again""]
11 --> 3
9 --> 12[""EndNode""]
"
309,"
graph LR
0[""StartNode""] --> 1[""Weekly, in time for discounts""]
1 --> 2[""Pay invoices""]
2 --> 3[""Generate a payment report""]
3 --> 4[""Send payment report to Accounts Receivable Department""]
4 --> 5[""Send payment report to registry""]
4 --> 6[""Generate monthly invoices""]
5 --> 7[""Send out invoices""]
6 --> 7
7 --> 8[""EndNode""]
"
310,"
graph LR
0[""StartNode""] --> 1[""Place change request""]
1 --> 2{""Delivery conflicts?""}
2 --> |""Yes""|3[""Dismiss change request""]
2 --> |""No""|4[""Check for cancellation""]
3 --> 5[""EndNode""]
4 --> 6{""Cancellation?""}
6 --> |""Yes""|7[""Cancel order""]
6 --> |""No""|8[""Check if product is on sale""]
7 --> 9[""Mark order as canceled""]
9 --> 5
8 --> 10{""Product on sale?""}
10 --> |""Yes""|11[""Approve change request""]
10 --> |""No""|3
11 --> 5
"
311,"
graph LR
0[""StartNode""] --> 1[""Experience computer problem""]
1 --> 2[""Describe problem""]
2 --> 3[""Receive information regarding estimated time and cost""]
3 --> 4{""Time and cost acceptable?""}
4 --> |""Yes""|5[""Authorize repair""]
4 --> |""No""|6[""Take computer back""]
5 --> 7[""Inform repair authorized""]
7 --> 8[""Check if problem fixed""]
8 --> 9{""Problem fixed?""}
9 --> |""Yes""|10[""Proceed with payment and pick up computer""]
9 --> |""No""|11[""EndNode""]
10 --> 12[""EndNode""]
6 --> 13[""EndNode""]
"
312,"
graph LR
0[""StartNode""] --> 1[""Send order""]
0 --> 2[""Receive items""]
0 --> 3[""Receive invoice""]
2 --> 4[""Pay for items""]
4 --> 5[""EndNode""]
"
313,"
graph LR
0[""StartNode""] --> 1[""Analyze""]
1 --> 2{""Are all goals satisfied and each activity corresponds to at least one goal?""}
2 --> |""No""|3[""Update""]
3 --> 1
2 --> |""Yes""|4[""EndNode""]
"
314,"
graph LR
0[""StartNode""] --> 1[""Delay for 48 hours""]
0 --> 2[""Monitor issue votes""]
1 --> 3[""Send email warning about vote deadline""]
3 --> 4[""Delay for an additional 24 hours""]
4 --> 5[""Close the voting""]
4 --> 6[""Voting discussion has been moderated""]
5 --> 7[""EndNode""]
6 --> 7
"
315,"
graph LR
0[""StartNode""] --> 1[""Meet with customer to discuss web design""]
1 --> 2{""Was the meeting successful?""}
2 --> |""No""|3[""EndNode""]
2 --> |""Yes""|4[""Second meeting with customer to create storyboard""]
4 --> 2
2 --> |""Yes""|5[""Create storyboard""]
5 --> 6[""EndNode""]
"
316,"
graph LR
0[""StartNode""] --> 1[""Send offer manually""]
1 --> 2[""Check address availability""]
2 --> 3{""Is address available?""}
3 --> |""No""|4[""Contact customer to obtain address""]
3 --> |""Yes""|5[""Present offer""]
4 --> 5
5 --> 6{""Does customer have questions or concerns?""}
6 --> |""Yes""|7[""Address customer questions or concerns""]
6 --> |""No""|8[""EndNode""]
7 --> 8
"
317,"
graph LR
0[""StartNode""] --> 1[""Register participation in seminar""]
1 --> 2{""Seminar fees required?""}
2 --> |""No""|3[""Register post-seminar results""]
2 --> |""Yes""|4[""Create purchase request""]
4 --> 5[""Check purchase request approval""]
5 --> 6{""Purchase request approved?""}
6 --> |""No""|7[""Notify rejection""]
6 --> |""Yes""|8[""Send appraisal notification""]
8 --> 3
"
318,"
graph LR
0[""StartNode""] --> 1[""Prepare shipment order""]
1 --> 2[""Send shipment order""]
2 --> 3{""Response positive?""}
3 --> |""Yes""|4[""Ordered shipment realized""]
3 --> |""No""|5[""Link A (Acquisition of carriers)""]
5 --> 2
4 --> 6[""EndNode""]
5 --> 6
"
319,"
graph LR
0[""StartNode""] --> 1[""Check Customer Credit History""]
0 --> 2[""Search Property Title""]
0 --> 3[""Property Survey""]
1 --> 4[""EndNode""]
2 --> 4
3 --> 4
"
320,"
graph LR
0[""StartNode""] --> 1[""Create M1""]
1 --> 2[""Handle information""]
2 --> 3[""EndNode""]
"
321,"
graph LR
0[""StartNode""] --> 1[""Undressing""]
1 --> 2[""Put on underwear""]
1 --> 3[""Put on trousers""]
1 --> 4[""Put on shirt""]
2 --> 5[""Fully dressed""]
3 --> 5
4 --> 5
"
322,"
graph LR
0[""StartNode""] --> 1[""Follow recipe""]
1 --> 2[""Put eggs into bowl A""]
1 --> 3[""Put flour into bowl B""]
2 --> 4[""Add sugar to bowl A""]
3 --> 5[""Add baking powder to bowl B""]
4 --> 6[""Put butter into bowl A""]
5 --> 6
6 --> 7[""Mix ingredients in bowl A""]
7 --> 8[""Bake cake""]
8 --> 9[""Cake fully baked""]
9 --> 10[""EndNode""]
"
323,"
graph LR
0[""StartNode""] --> 1[""Check Customer Credit History""]
0 --> 2[""Search Property Title""]
1 --> 3[""Property Survey""]
2 --> 3
3 --> 4[""EndNode""]
"
324,"
graph LR
0[""StartNode""] --> 1[""Perform left outer join between lips and it_likp, store in it_lipsm""]
1 --> 2[""Sort and remove duplicates from it_lipsm""]
2 --> 3[""Perform left outer join between vbfa and it_likpsm, store in it_vbfa_completo""]
3 --> 4[""Remove lines from it_vbfa_completo where plmin is not equal to +""]
4 --> 5{""c_si in r_valida""}
5 --> |""Yes""|6[""Execute busca_pedido_vbap and busca_factura_vbap functions""]
5 --> |""No""|7[""Perform left outer join between vbap and it_vbfa_completo, store in imaktl""]
6 --> 8{""pvstel in r_exclog""}
8 --> |""Yes""|9[""Remove rows that are not errors from it_nofacturado""]
8 --> |""No""|10[""Transfer maktl values from imaktl to it_vbfa_completo""]
9 --> 11[""Enhance rest of rows with data""]
10 --> 11
11 --> 12{""it_nofacturado empty?""}
12 --> |""Yes""|13[""Check error? condition""]
12 --> |""No""|14[""Set and print error""]
13 --> 15{""error?""}
15 --> |""Yes""|16[""EndNode""]
15 --> |""No""|17[""Perform left outer join between vbfa and itransp, store in itnum""]
17 --> 18[""Perform right outer join between ivttk_t and itnum, store in itnum""]
18 --> 19[""Transfer tknum values from itnum-vbeln to it_vbfa_completo""]
19 --> 20[""Remove rows without tknum from it_vbfa_completo""]
20 --> 21[""Remove rows from it_vbfa_completo where tknum is in so_tknum""]
21 --> 16[""EndNode""]
"
325,"
graph LR
0[""StartNode""] --> 1[""Allocate bank package""]
1 --> 2[""Verify data""]
2 --> 3[""Escalate if time limit exceeded (Verify data)""]
2 --> 4[""Hour begins""]
4 --> 5[""Verify BR""]
5 --> 6[""Escalate if time limit exceeded (Verify BR)""]
5 --> 7[""Enter bank data comparative analysis""]
7 --> 8[""Simulate data""]
8 --> 9[""Consolidate and Verify data""]
9 --> 10[""Escalate if time limit exceeded (Consolidate and Verify)""]
9 --> 11[""Reconcile banking system""]
11 --> 12[""Generate ratios and KPIs""]
12 --> 13[""Escalate if time limit exceeded (Generate ratio & KPI)""]
12 --> 14[""Verify ratios and KPIs""]
14 --> 15[""Escalate if time limit exceeded (Verify ratio & KPIs)""]
14 --> 16[""Generate statistical reports""]
16 --> 17[""Post data to EIS""]
17 --> 18[""Post data to data warehouse""]
18 --> 19[""EndNode""]
"
