,0
0,"The taxonomy tree starts with ""influence"" as the root, encompassing various means of affecting or persuading others. Direct children of ""influence"" include ""manipulation,"" ""solicitation,"" ""seduction,"" ""enticement,"" ""ingratiation,"" and ""blandishment,"" each representing a distinct approach to influencing others. The ""manipulation"" category branches into more specific tactics like ""mind game,"" which involves psychological strategies, and ""hypnotism,"" a method of inducing a trance-like state for persuasion. ""Seduction"" and ""enticement"" both involve attracting or tempting, but ""seduction"" often carries a more personal or intimate connotation, while ""enticement"" can be more general. ""Ingratiation"" involves gaining favor through flattery or charm, and ""blandishment"" specifically refers to using flattery to influence. The ""exposure"" category, also under ""influence,"" includes ""overexposure"" and ""underexposure,"" which refer to the amount of information or stimuli presented to someone, potentially affecting their perception or decision-making. ""Impingement"" is a form of exposure that involves encroaching or imposing upon someone. ""Cross-pollination"" is a unique form of influence that involves the exchange of ideas or practices between different groups or fields. ""Leading astray"" is a form of influence that involves misleading or deceiving someone. This structure categorizes influences based on their nature, intent, and method of application.

```taxonomy
manipulation is the child of influence
solicitation is the child of influence
seduction is the child of influence
enticement is the child of influence
ingratiation is the child of influence
blandishment is the child of influence
exposure is the child of influence
cross-pollination is the child of influence
leading astray is the child of influence
mind game is the child of manipulation
hypnotism is the child of manipulation
overexposure is the child of exposure
underexposure is the child of exposure
impingement is the child of exposure
```"
1,"The taxonomy tree starts with ""shelter"" as the root, encompassing various types of structures that provide protection or refuge. Direct children of ""shelter"" include ""tent,"" ""hut,"" ""hovel,"" ""refuge,"" ""safe house,"" ""safehold,"" ""harbor,"" ""haven,"" and ""loft,"" each representing a distinct form of shelter. The ""tent"" category branches into numerous subtypes, such as ""backpacking tent,"" ""fly tent,"" ""bell tent,"" ""two-man tent,"" ""wall tent,"" ""mountain tent,"" ""circus tent,"" ""cottage tent,"" ""field tent,"" ""pyramidal tent,"" ""pup tent,"" ""lean-to tent,"" ""pop tent,"" ""umbrella tent,"" and ""canvas tent,"" each with unique characteristics or purposes. ""Hut"" further divides into ""mudhif,"" ""Nissen hut,"" ""Sibley tent,"" and ""cabana,"" which are specific types of huts or shelters. ""Refuge"" includes ""storm cellar,"" ""fallout shelter,"" and ""safe house,"" emphasizing structures designed for safety during extreme conditions. ""Hovel"" is a more primitive form of shelter, while ""haven"" and ""harbor"" imply safety and protection. ""Loft"" is a more general term for an elevated shelter or storage space. This hierarchical structure organizes shelters from broad categories to increasingly specialized forms, based on design, purpose, and functionality.

```taxonomy
tent is the child of shelter
hut is the child of shelter
hovel is the child of shelter
refuge is the child of shelter
safe house is the child of shelter
safehold is the child of shelter
harbor is the child of shelter
haven is the child of shelter
loft is the child of shelter
backpacking tent is the child of tent
fly tent is the child of tent
bell tent is the child of tent
two-man tent is the child of tent
wall tent is the child of tent
mountain tent is the child of tent
circus tent is the child of tent
cottage tent is the child of tent
field tent is the child of tent
pyramidal tent is the child of tent
pup tent is the child of tent
lean-to tent is the child of tent
pop tent is the child of tent
umbrella tent is the child of tent
canvas tent is the child of tent
mudhif is the child of hut
Nissen hut is the child of hut
Sibley tent is the child of hut
cabana is the child of hut
storm cellar is the child of refuge
fallout shelter is the child of refuge
dugout is the child of hovel
tepee is the child of hovel
igloo is the child of hovel
tupik is the child of hovel
mantelet is the child of hovel
cookhouse is the child of hovel
praetorium is the child of hovel
sconce is the child of hovel
pavilion is the child of shelter
```"
2,"The taxonomy tree starts with ""percussion instrument"" as the root, encompassing a wide range of instruments that produce sound when struck, shaken, or scraped. Directly under this root are broad categories like ""drum,"" ""xylophone-like instruments,"" ""bells,"" and ""cymbals,"" each representing a distinct family of percussion instruments. The ""drum"" category branches into specific types such as ""bass drum,"" ""snare drum,"" ""tenor drum,"" and ""tabor,"" each with unique characteristics and uses. The ""xylophone-like instruments"" category includes ""marimba,"" ""vibraphone,"" ""glockenspiel,"" and ""steel drum,"" which are all played by striking keys or bars. ""Bells"" encompass ""handbell,"" ""carillon,"" and ""chime,"" which vary in size and application. ""Cymbals"" include ""cymbal,"" ""high-hat cymbal,"" and ""gong,"" which are used for accenting rhythms. Other categories include ""shaken instruments"" like ""maraca,"" ""shaker,"" and ""lagerphone,"" and ""struck instruments"" like ""triangle,"" ""tambourine,"" and ""bones."" The ""piano"" family, including ""baby grand,"" ""upright,"" ""grand piano,"" and ""concert grand,"" as well as ""mechanical piano"" and ""spinet,"" are also part of the percussion instrument family, as they are played by striking strings with hammers. This taxonomy organizes percussion instruments based on their sound production mechanism and usage.

```taxonomy
drum is the child of percussion instrument
xylophone-like instruments is the child of percussion instrument
bells is the child of percussion instrument
cymbals is the child of percussion instrument
shaken instruments is the child of percussion instrument
struck instruments is the child of percussion instrument
piano is the child of percussion instrument
bass drum is the child of drum
snare drum is the child of drum
tenor drum is the child of drum
tabor is the child of drum
marimba is the child of xylophone-like instruments
vibraphone is the child of xylophone-like instruments
glockenspiel is the child of xylophone-like instruments
steel drum is the child of xylophone-like instruments
handbell is the child of bells
carillon is the child of bells
chime is the child of bells
cymbal is the child of cymbals
high-hat cymbal is the child of cymbals
gong is the child of cymbals
maraca is the child of shaken instruments
lagerphone is the child of shaken instruments
triangle is the child of struck instruments
tambourine is the child of struck instruments
bones is the child of struck instruments
baby grand is the child of piano
upright is the child of piano
grand piano is the child of piano
concert grand is the child of piano
mechanical piano is the child of piano
spinet is the child of piano
timbrel is the child of struck instruments
zill is the child of struck instruments
rain stick is the child of shaken instruments
bongo is the child of drum
tambour is the child of drum
kettle is the child of drum
```"
3,"The taxonomy tree starts with ""coefficient"" as the root, representing a broad category of numerical values that describe various physical properties or relationships. Direct children of ""coefficient"" include ""modulus,"" which pertains to measures of elasticity or rigidity, and specific coefficients like ""coefficient of viscosity,"" ""coefficient of elasticity,"" ""coefficient of friction,"" and ""coefficient of expansion,"" each describing distinct physical properties. The ""modulus"" category branches into more specialized forms like ""Young's modulus,"" which measures the stiffness of a solid material; ""modulus of rigidity,"" indicating the resistance to shear stress; and ""bulk modulus,"" which describes the resistance to uniform compression. Other coefficients like ""coefficient of mutual induction"" and ""coefficient of self induction"" relate to electromagnetic properties, while ""coefficient of reflection"" and ""transmittance"" pertain to the interaction of light with materials. The ""drag coefficient"" is a specific type related to fluid dynamics, and ""absorption coefficient"" describes how a material absorbs another substance or energy. This hierarchical structure categorizes coefficients based on the physical properties they describe, from general to more specific and specialized applications.

```taxonomy
modulus is the child of coefficient
coefficient of viscosity is the child of coefficient
coefficient of elasticity is the child of coefficient
coefficient of friction is the child of coefficient
coefficient of expansion is the child of coefficient
Young's modulus is the child of modulus
modulus of rigidity is the child of modulus
bulk modulus is the child of modulus
coefficient of mutual induction is the child of coefficient
coefficient of self induction is the child of coefficient
coefficient of reflection is the child of coefficient
transmittance is the child of coefficient
drag coefficient is the child of coefficient
absorption coefficient is the child of coefficient
weight is not a child of coefficient, it is a separate concept
```"
4,"The taxonomy tree starts with ""anemia"" as the root, encompassing various conditions characterized by a deficiency in red blood cells or hemoglobin. Direct children of ""anemia"" include broad categories such as ""microcytic anemia,"" ""macrocytic anemia,"" and specific conditions like ""sickle-cell anemia,"" ""thalassemia,"" and ""aplastic anemia."" The ""microcytic anemia"" category branches into more specific types, including ""iron deficiency anemia,"" ""hypochromic anemia,"" and ""sideroblastic anemia,"" which are characterized by small, pale red blood cells. ""Macrocytic anemia"" includes ""megaloblastic anemia"" and ""pernicious anemia,"" distinguished by large red blood cells. ""Thalassemia"" further specifies into ""Cooley's anemia,"" a severe form of beta-thalassemia. Other specific anemias like ""Fanconi's anemia,"" ""refractory anemia,"" ""metaplastic anemia,"" and ""hypoplastic anemia"" are also categorized under the root. Conditions related to anemia but not strictly anemias, such as ""erythroblastosis fetalis"" and ""hemolytic anemia,"" are also included. ""Ischemia"" and its subcategories ""ischemic stroke"" and ""transient ischemic attack"" are related to reduced blood flow, which can lead to anemia. ""Favism"" is a specific condition related to anemia caused by fava bean consumption. ""Chlorosis"" is an outdated term for iron deficiency anemia. This structure logically organizes anemia types from general to more specific forms, based on causes, symptoms, and characteristics.

```taxonomy
microcytic anemia is the child of anemia
macrocytic anemia is the child of anemia
sickle-cell anemia is the child of anemia
thalassemia is the child of anemia
aplastic anemia is the child of anemia
iron deficiency anemia is the child of microcytic anemia
hypochromic anemia is the child of microcytic anemia
sideroblastic anemia is the child of microcytic anemia
megaloblastic anemia is the child of macrocytic anemia
pernicious anemia is the child of macrocytic anemia
Cooley's anemia is the child of thalassemia
Fanconi's anemia is the child of anemia
refractory anemia is the child of anemia
metaplastic anemia is the child of anemia
hypoplastic anemia is the child of anemia
erythroblastosis fetalis is the child of anemia
hemolytic anemia is the child of anemia
ischemia is the child of anemia
ischemic stroke is the child of ischemia
transient ischemic attack is the child of ischemia
favism is the child of anemia
chlorosis is the child of iron deficiency anemia
```"
5,"The taxonomy tree starts with ""marital status"" as the root, encompassing various states or forms of union or partnership. Directly under this root are broad categories like ""marriage,"" which represents a legally or socially recognized union, and ""marital status"" subcategories that are not necessarily tied to marriage, such as ""bachelorhood,"" ""spinsterhood,"" and ""widowhood,"" indicating the status of being unmarried, never married, or having lost a spouse. The ""marriage"" category branches into more specific forms like ""monogamy,"" which involves one partner, and ""polygamy,"" which involves multiple partners. ""Monogamy"" further divides into ""monandry"" (one husband) and ""monogyny"" (one wife), and ""polygamy"" splits into ""polygyny"" (multiple wives) and ""polyandry"" (multiple husbands). ""Polygyny"" includes ""bigamy"" (two spouses) and ""cuckoldom"" (a specific type of polygyny where one partner is aware of the other's infidelity). ""Monogamy"" also includes ""serial monogamy"" (multiple monogamous relationships over time) and ""open marriage"" (a monogamous relationship allowing for external relationships). Other forms of marriage or partnership include ""civil union,"" ""common-law marriage,"" ""marriage of convenience,"" ""sigeh"" (a temporary marriage), and ""mesalliance"" or ""misalliance"" (marriages considered socially unacceptable). This hierarchical structure systematically categorizes marital statuses and forms of partnership from general to more specific and nuanced forms.

```taxonomy
marriage is the child of marital status
bachelorhood is the child of marital status
spinsterhood is the child of marital status
widowhood is the child of marital status
monogamy is the child of marriage
polygamy is the child of marriage
monandry is the child of monogamy
monogyny is the child of monogamy
polygyny is the child of polygamy
polyandry is the child of polygamy
bigamy is the child of polygyny
cuckoldom is the child of polygyny
serial monogamy is the child of monogamy
open marriage is the child of monogamy
civil union is the child of marriage
common-law marriage is the child of marriage
marriage of convenience is the child of marriage
sigeh is the child of marriage
mesalliance is the child of marriage
misalliance is the child of marriage
endogamy is the child of marriage
exogamy is the child of marriage
```"
6,"The taxonomy tree starts with ""flight"" as the root, encompassing various forms of aerial movement. Direct children of ""flight"" include ""air travel,"" ""hang gliding,"" ""ballooning,"" ""parasailing,"" and ""acrobatics,"" each representing distinct types of flight experiences or activities. The ""air travel"" category branches into ""commercial air travel"" (not explicitly listed but implied), ""solo,"" and ""maiden flight,"" which specify types of flights based on the number of people on board or the inaugural nature of the flight. ""Solo"" further branches into ""blind flying,"" indicating flight without visual references. The ""flight"" category also includes ""sortie,"" a military term for a deployment, and ""overflight,"" which refers to flying over a specific area. ""Acrobatics"" is a specialized form of flight involving aerial stunts, while ""terrain flight"" involves flying close to the ground, navigating through obstacles. ""Glide"" is a general term for descending through the air without engine power, leading to specific types like ""hang gliding"" and ""parasailing."" ""Tailspin"" is a specific aerodynamic phenomenon, and ""pass"" refers to flying over or through a specific point or area. ""Flyover"" is a type of flight where an aircraft passes over a specific location, often for observation or display. This structure categorizes flight types from broad categories to more specialized forms, based on purpose, technique, or equipment.

```taxonomy
air travel is the child of flight
hang gliding is the child of flight
ballooning is the child of flight
parasailing is the child of flight
acrobatics is the child of flight
solo is the child of air travel
maiden flight is the child of air travel
blind flying is the child of solo
sortie is the child of flight
overflight is the child of flight
terrain flight is the child of flight
glide is the child of flight
tailspin is the child of flight
pass is the child of flight
flyover is the child of flight
```"
7,"The taxonomy tree starts with ""wit"" as the root, encompassing various forms of humor, clever expressions, and playful language. Direct children of ""wit"" include broad categories like ""joke,"" ""banter,"" ""caricature,"" ""cartoon,"" ""comic strip,"" and ""sarcasm,"" each representing a distinct mode of humor or clever expression. The ""joke"" category branches into numerous subtypes, including ""one-liner,"" ""sick joke,"" ""ethnic joke,"" ""dirty joke,"" ""in-joke,"" and ""shaggy dog story,"" each with its unique characteristics or themes. ""Banter"" leads to ""badinage,"" ""repartee,"" and ""waggery,"" highlighting quick, clever exchanges or playful teasing. ""Caricature"" and ""cartoon"" are visual forms of humor, with ""caricature"" focusing on exaggerated depictions and ""cartoon"" encompassing both static and dynamic visual comedy. ""Comic strip"" is a specific format of sequential cartoons. ""Sarcasm"" is a form of speech or writing that is intended to cut or wound, often through irony or mocking language. Other categories like ""ribaldry,"" ""jocosity,"" ""drollery,"" ""mock-heroic,"" ""persiflage,"" and ""jeu d'esprit"" represent various styles or tones of humor, from bawdy to clever to ironic. This taxonomy organizes the concepts of humor and wit into a comprehensive and nuanced structure, highlighting the diversity and complexity of human expression.

```taxonomy
joke is the child of wit
banter is the child of wit
caricature is the child of wit
cartoon is the child of wit
comic strip is the child of cartoon
sarcasm is the child of wit
one-liner is the child of joke
sick joke is the child of joke
ethnic joke is the child of joke
dirty joke is the child of joke
in-joke is the child of joke
shaggy dog story is the child of joke
badinage is the child of banter
repartee is the child of banter
waggery is the child of banter
ribaldry is the child of wit
jocosity is the child of wit
drollery is the child of wit
mock-heroic is the child of wit
persiflage is the child of wit
jeu d'esprit is the child of wit
parody is the child of wit
pungency is the child of wit
bon mot is the child of wit
esprit de l'escalier is the child of wit
fun is the child of wit
funny story is the child of wit
pun is the child of wit
sight gag is the child of cartoon
topper is the child of joke
belly laugh is the child of joke
```"
8,"The taxonomy tree begins with ""education"" as the root, encompassing various forms of learning and instructional activities. Direct children of ""education"" include broad categories such as ""elementary education,"" ""secondary education,"" ""higher education,"" and ""adult education,"" which represent different stages or levels of educational pursuit. The ""course"" category, a fundamental unit of educational structure, branches into numerous subtypes, including ""elective course,"" ""required course,"" ""extension course,"" ""correspondence course,"" ""course of lectures,"" ""refresher course,"" ""orientation course,"" and ""propaedeutic,"" each specifying different purposes, formats, or levels of courses. ""Workshop"" and ""seminar"" are also children of ""education,"" indicating more interactive and discussion-based learning environments. ""Team teaching"" represents a collaborative approach to instruction, while ""coeducation"" specifies the integration of different genders in the learning environment. ""Directed study"" and ""home study"" are forms of self-paced learning, and ""extracurricular activity"" encompasses learning experiences outside the regular curriculum. Specific classes like ""art class,"" ""shop class,"" ""dramatics,"" and ""industrial arts"" fall under the broader categories of ""education"" or ""course,"" highlighting specialized areas of study. This taxonomy logically organizes educational concepts from broad levels and formats to specific classes and learning approaches.

```taxonomy
elementary education is the child of education
secondary education is the child of education
higher education is the child of education
adult education is the child of education
course is the child of education
workshop is the child of education
seminar is the child of education
team teaching is the child of education
coeducation is the child of education
extracurricular activity is the child of education
directed study is the child of education
home study is the child of education
elective course is the child of course
required course is the child of course
extension course is the child of course
correspondence course is the child of course
course of lectures is the child of course
refresher course is the child of course
orientation course is the child of course
propaedeutic is the child of course
art class is the child of course
shop class is the child of course
dramatics is the child of course
industrial arts is the child of course
childbirth-preparation class is the child of course
athletics is the child of extracurricular activity
life class is the child of course
continuing education is the child of education
work-study program is the child of education
```"
9,"The taxonomy tree starts with ""piciform bird"" as the root, representing a broad category of birds that include woodpeckers and their relatives. Direct children of ""piciform bird"" include ""woodpecker,"" ""barbet,"" ""toucan,"" ""jacamar,"" ""puffbird,"" and ""honey guide,"" each representing a distinct family or group within the piciform birds. The ""woodpecker"" category branches into more specific types, such as ""flicker,"" which further divides into ""red-shafted flicker,"" ""yellow-shafted flicker,"" and ""gilded flicker,"" based on their plumage characteristics. ""Sapsucker"" is another subcategory of woodpeckers, with ""red-breasted sapsucker"" and ""yellow-bellied sapsucker"" as specific examples. Other woodpeckers include ""downy woodpecker,"" ""green woodpecker,"" ""redheaded woodpecker,"" and ""wryneck."" The ""toucan"" category includes ""toucanet,"" a smaller version of the toucan. This hierarchical structure organizes piciform birds from general categories to more specific species, based on their physical characteristics and behaviors.

```taxonomy
woodpecker is the child of piciform bird
barbet is the child of piciform bird
toucan is the child of piciform bird
jacamar is the child of piciform bird
puffbird is the child of piciform bird
honey guide is the child of piciform bird
flicker is the child of woodpecker
sapsucker is the child of woodpecker
downy woodpecker is the child of woodpecker
green woodpecker is the child of woodpecker
redheaded woodpecker is the child of woodpecker
wryneck is the child of woodpecker
toucanet is the child of toucan
red-shafted flicker is the child of flicker
yellow-shafted flicker is the child of flicker
gilded flicker is the child of flicker
red-breasted sapsucker is the child of sapsucker
yellow-bellied sapsucker is the child of sapsucker
ivorybill is the child of woodpecker
piculet is the child of piciform bird
```"
10,"The taxonomy tree starts with ""auk"" as the root, representing a broad category of seabirds. Directly under this root are specific types, including ""great auk,"" ""auklet,"" ""guillemot,"" and ""murre,"" each representing distinct subgroups within the auk family. The ""guillemot"" category branches into ""black guillemot,"" ""pigeon guillemot,"" and ""razorbill,"" which are all closely related species within this subgroup. The ""murre"" category includes ""thick-billed murre"" and ""common murre,"" representing different species within the murre subgroup. Meanwhile, the ""little auk"" is a distinct species within the auk family, often classified separately due to its unique characteristics. This structure logically organizes auk species from broad categories to more specific subgroups based on their shared characteristics and evolutionary relationships.

```taxonomy
great auk is the child of auk
auklet is the child of auk
guillemot is the child of auk
murre is the child of auk
little auk is the child of auk
black guillemot is the child of guillemot
pigeon guillemot is the child of guillemot
razorbill is the child of guillemot
thick-billed murre is the child of murre
common murre is the child of murre
```"
11,"The taxonomy tree starts with ""apple"" as the root, encompassing various types of apples. Direct children of ""apple"" include ""wild apple"" and ""apple tree,"" with the latter being a broader category for cultivated apples. The ""wild apple"" category branches into more specific types like ""Siberian crab,"" indicating a wild apple species native to Siberia. The ""apple tree"" category is further divided into ""crab apple,"" which represents a group of apple species often used for ornamental purposes or cooking, and then into more specific varieties like ""American crab apple,"" ""Oregon crab apple,"" and ""Southern crab apple."" The ""American crab apple"" category includes ""Iowa crab,"" ""Bechtel crab,"" and ""wild crab,"" each representing distinct cultivated or wild varieties of crab apples within the American classification. This hierarchical structure logically organizes apples from general to more specific types, based on their origin, cultivation, and characteristics.

```taxonomy
wild apple is the child of apple
apple tree is the child of apple
Siberian crab is the child of wild apple
crab apple is the child of apple tree
American crab apple is the child of crab apple
Oregon crab apple is the child of crab apple
Southern crab apple is the child of crab apple
Iowa crab is the child of American crab apple
Bechtel crab is the child of American crab apple
wild crab is the child of American crab apple
```"
12,"The taxonomy tree is organized with ""beginning"" as the root, encompassing various concepts related to starts, initiations, or introductions of processes, events, or entities. The direct children of ""beginning"" include categories like ""initiation,"" ""induction,"" ""inauguration,"" ""installation,"" and ""startup,"" each representing distinct types of beginnings. 

The ""initiation"" category branches into subcategories like ""activation,"" ""hypnogenesis,"" ""induction of labor,"" and ""communization,"" which involve specific processes or methods of starting something. ""Induction"" further specifies to ""induction of labor"" and ""mathematical induction,"" but since ""mathematical induction"" is not present in the given list, we consider ""induction"" as a broad category including ""induction of labor"" and other forms of induction. ""Hypnogenesis"" is a specific type of initiation related to hypnosis.

The ""inauguration"" category includes ""inauguration"" and ""installation,"" which are formal beginnings of a new entity or process. ""Installation"" can also be a physical setup, as in the case of ""housing start.""

The ""startup"" category branches into ""kickoff,"" ""tip-off,"" ""jump ball,"" ""face-off,"" ""scrum,"" and ""icebreaker,"" which are all related to the beginning of events, games, or meetings.

The ""creation"" category is a broad one, encompassing ""Creation,"" ""constitution,"" ""naturalization,"" ""federation,"" ""unionization,"" ""collectivization,"" ""authorship,"" and ""population,"" which all relate to the establishment or formation of new entities.

The ""introduction"" category includes ""introduction,"" ""product introduction,"" ""curtain raiser,"" and ""springboard,"" which are all related to the initial presentation or launch of something.

The ""attack"" category is a distinct one, including ""attack"" and ""first step,"" which relate to the initial action or move in a process or event.

The ""groundbreaking"" category is a specific type of beginning related to the initial stages of a construction project.

The ""resumption"" category is related to the restarting of something that was previously paused or stopped.

The ""population"" category is also related to the beginning of a new settlement or community, as in the case of ""colonization.""

The ""peace initiative"" is a specific type of beginning related to the establishment of peace or conflict resolution.

This hierarchical arrangement logically organizes beginning concepts from general to more specialized forms, based on context and application.

```taxonomy
initiation is the child of beginning
induction is the child of beginning
inauguration is the child of beginning
installation is the child of beginning
startup is the child of beginning
creation is the child of beginning
introduction is the child of beginning
attack is the child of beginning
groundbreaking is the child of beginning
resumption is the child of beginning
population is the child of beginning
activation is the child of initiation
hypnogenesis is the child of initiation
induction of labor is the child of induction
communization is the child of initiation
inauguration is the child of inauguration
installation is the child of inauguration
housing start is the child of installation
kickoff is the child of startup
tip-off is the child of startup
jump ball is the child of startup
face-off is the child of startup
scrum is the child of startup
icebreaker is the child of startup
Creation is the child of creation
constitution is the child of creation
naturalization is the child of creation
federation is the child of creation
unionization is the child of creation
collectivization is the child of creation
authorship is the child of creation
population is the child of creation
colonization is the child of population
product introduction is the child of introduction
curtain raiser is the child of introduction
springboard is the child of introduction
first step is the child of attack
peace initiative is the child of beginning
first base is the child of beginning
ushering in is the child of beginning
```"
13,"The taxonomy tree starts with ""gymnosperm"" as the root, representing a broad group of seed-producing plants. Directly under ""gymnosperm"" are ""progymnosperm,"" an ancient transitional group, and ""cycad,"" which is a distinct lineage of gymnosperms. The ""cycad"" category branches into several subcategories, including ""macrozamia,"" ""zamia,"" ""ceratozamia,"" ""dioon,"" and ""encephalartos,"" each representing specific genera within the cycad lineage. Some of these genera have common names like ""sago palm"" (Macrozamia) and ""coontie"" (Zamia), while others like ""kaffir bread"" (Encephalartos) and ""false sago"" (Macrozamia) are included as well. ""Burrawong"" is another common name for Macrozamia, indicating a specific type within this genus. The ""welwitschia"" is a unique gymnosperm that doesn't fit neatly into the cycad category but is still a part of the broader gymnosperm group. Lastly, ""seed fern"" is an ancient group of gymnosperms that is distinct from both progymnosperms and cycads. This hierarchical structure logically organizes gymnosperms from general categories to more specific genera and common names.

```taxonomy
progymnosperm is the child of gymnosperm
cycad is the child of gymnosperm
seed fern is the child of gymnosperm
welwitschia is the child of gymnosperm
macrozamia is the child of cycad
zamia is the child of cycad
ceratozamia is the child of cycad
dioon is the child of cycad
encephalartos is the child of cycad
sago palm is the child of macrozamia
coontie is the child of zamia
kaffir bread is the child of encephalartos
false sago is the child of macrozamia
burrawong is the child of macrozamia
```"
14,"The taxonomy tree starts with ""terrorism"" as the root, encompassing various forms of violent or intimidating acts aimed at achieving political, ideological, or religious goals. Direct children of ""terrorism"" include broad categories such as ""state-sponsored terrorism,"" ""domestic terrorism,"" and ""international terrorism,"" which distinguish the origin and scope of the terrorist activities. Under ""terrorism,"" more specific types emerge, including ""bioterrorism,"" which involves biological agents; ""chemical terrorism,"" which involves chemical agents; ""cyber-terrorism,"" which targets digital systems; ""ecoterrorism,"" focused on environmental issues; ""narcoterrorism,"" linked to narcotics trafficking; and ""theoterrorism,"" driven by religious extremism. The ""terror"" category, while somewhat ambiguous, can be seen as a precursor or a general term that leads to the more defined ""terrorism."" Specific events or groups, such as ""9/11"" and ""Red Hand Defenders,"" can be classified under ""terrorist attack,"" which is a child of ""terrorism,"" indicating a specific instance of terrorist activity. This structure categorizes terrorism based on its nature, scope, and methods, providing a comprehensive framework for understanding the diverse manifestations of terrorism.

```taxonomy
state-sponsored terrorism is the child of terrorism
domestic terrorism is the child of terrorism
international terrorism is the child of terrorism
bioterrorism is the child of terrorism
chemical terrorism is the child of terrorism
cyber-terrorism is the child of terrorism
ecoterrorism is the child of terrorism
narcoterrorism is the child of terrorism
theoterrorism is the child of terrorism
terror is the child of terrorism
terrorist attack is the child of terrorism
9/11 is the child of terrorist attack
Red Hand Defenders is the child of terrorist attack
```"
15,"The taxonomy tree starts with ""pouch"" as the root, encompassing various containers or compartments used for carrying items. Direct children of ""pouch"" include ""pocket,"" ""mailbag,"" and ""sporran,"" each representing a distinct type of container. The ""pocket"" category branches into more specific types, such as ""hip pocket,"" ""vest pocket,"" ""breast pocket,"" and ""slash pocket,"" which describe pockets located on different parts of clothing. The ""pouch"" category itself includes subcategories like ""tobacco pouch,"" a small container for carrying tobacco, and ""diplomatic pouch,"" a secure bag used for carrying sensitive documents. The ""sporran"" is a traditional Scottish pouch worn around the waist, which can be further classified into types like ""fanny pack"" and ""waist pack,"" indicating modern, practical adaptations of the sporran design. Additionally, ""patch pocket"" is a type of pocket attached to clothing via a patch, and ""fob"" is a small pouch or pocket attached to a chain or strap. This hierarchical structure organizes pouches and pockets based on their design, location, and purpose.

```taxonomy
pocket is the child of pouch
mailbag is the child of pouch
sporran is the child of pouch
hip pocket is the child of pocket
vest pocket is the child of pocket
breast pocket is the child of pocket
slash pocket is the child of pocket
patch pocket is the child of pocket
tobacco pouch is the child of pouch
diplomatic pouch is the child of pouch
fanny pack is the child of sporran
waist pack is the child of sporran
fob is the child of pouch
```"
16,"The taxonomy tree starts with ""ornithischian"" as the root, representing a group of primarily herbivorous dinosaurs. Directly under this root are several categories, including ""armored dinosaur,"" ""ornithopod,"" and ""ceratopsian,"" each representing distinct subgroups within the ornithischians. The ""armored dinosaur"" category includes ""ankylosaur,"" ""edmontonia,"" and ""stegosaur,"" which are characterized by their protective armor plating. The ""ornithopod"" category branches into ""hadrosaur,"" which includes ""edmontosaurus,"" ""anatotitan,"" and ""trachodon,"" representing duck-billed dinosaurs, and ""psittacosaur,"" a type of early hornless ceratopsian. The ""ceratopsian"" category includes ""triceratops,"" ""protoceratops,"" and ""styracosaur,"" which are characterized by their distinctive horns and frills. Additionally, ""pachycephalosaur"" is a subgroup of bone-headed dinosaurs, and ""corythosaur"" is a type of crested hadrosaur. This hierarchical structure organizes the ornithischians from general to more specialized forms, based on their characteristics and evolutionary relationships.

```taxonomy
armored dinosaur is the child of ornithischian
ornithopod is the child of ornithischian
ceratopsian is the child of ornithischian
ankylosaur is the child of armored dinosaur
edmontonia is the child of armored dinosaur
stegosaur is the child of armored dinosaur
hadrosaur is the child of ornithopod
psittacosaur is the child of ornithopod
triceratops is the child of ceratopsian
protoceratops is the child of ceratopsian
styracosaur is the child of ceratopsian
edmontosaurus is the child of hadrosaur
anatotitan is the child of hadrosaur
trachodon is the child of hadrosaur
pachycephalosaur is the child of ornithischian
corythosaur is the child of hadrosaur
pisanosaur is the child of ornithischian
staurikosaur is the child of ornithischian
```"
17,"The taxonomy tree starts with ""electro-acoustic transducer"" as the root, encompassing devices that convert electrical signals into sound or vice versa. Direct children of this root include ""microphone,"" ""loudspeaker,"" and ""earphone,"" representing the primary functions of sound input, output, and personal listening. The ""microphone"" category branches into various types, such as ""condenser microphone,"" ""directional microphone,"" ""cardioid microphone,"" ""crystal microphone,"" and ""spike mike,"" each with distinct characteristics or applications. ""Directional microphone"" further specifies into ""cardioid microphone,"" highlighting its heart-shaped pickup pattern. The ""loudspeaker"" category includes ""woofer,"" ""tweeter,"" and ""subwoofer,"" which are specialized speakers for different frequency ranges. ""Tweeter"" is often part of a ""tannoy,"" a public address system. ""Earphone"" leads to ""headset,"" which combines earphones with a microphone for two-way communication. ""Bullhorn"" and ""megaphone"" are not explicitly listed but could fit under a broader ""loudspeaker"" category for amplifying sound. ""Telephone receiver"" and ""earplug"" are related but distinct, with ""telephone receiver"" being a specific type of earphone and ""earplug"" serving a protective function. ""Squawk box"" is an intercom system, often using speakers and microphones. ""Cartridge"" and ""crystal pickup"" are components or types of pickups used in various devices. ""Bug"" is a colloquial term for a small microphone, often used for surveillance. This taxonomy organizes electro-acoustic transducers based on their primary functions and then by their specific characteristics or applications.

```taxonomy
microphone is the child of electro-acoustic transducer
loudspeaker is the child of electro-acoustic transducer
earphone is the child of electro-acoustic transducer
condenser microphone is the child of microphone
directional microphone is the child of microphone
cardioid microphone is the child of directional microphone
crystal microphone is the child of microphone
spike mike is the child of microphone
bug is the child of microphone
woofer is the child of loudspeaker
tweeter is the child of loudspeaker
subwoofer is the child of loudspeaker
tannoy is the child of tweeter
headset is the child of earphone
telephone receiver is the child of earphone
earplug is the child of earphone
squawk box is the child of loudspeaker
cartridge is the child of microphone
crystal pickup is the child of microphone
bullhorn is the child of loudspeaker
```"
18,"The taxonomy tree starts with ""point"" as the root, which serves as a broad category encompassing various types of singular locations or elements. Direct children of ""point"" include ""vertex,"" which pertains to the corners or extremities of shapes, and ""intersection,"" which represents the meeting point of lines or paths. The ""intersection"" category branches into ""component,"" indicating a part of a larger system, and ""attractor,"" which denotes a point towards which a system tends to move. ""Attractor"" further divides into ""strange attractor,"" a complex attractor with chaotic behavior, and ""metacenter,"" the point of equilibrium in a system. The ""intersection"" category also includes ""intercept,"" which is the point where a line crosses another line or axis. The ""point"" category also encompasses ""plot element,"" which is a point or element within a narrative, and this branches into ""McGuffin,"" a plot device that motivates the characters, and ""be-all and end-all,"" a crucial element that is the central focus. This hierarchical structure organizes points from general to more specialized forms, based on their mathematical, physical, or narrative contexts.

```taxonomy
vertex is the child of point
intersection is the child of point
plot element is the child of point
component is the child of intersection
attractor is the child of intersection
intercept is the child of intersection
strange attractor is the child of attractor
metacenter is the child of attractor
McGuffin is the child of plot element
be-all and end-all is the child of plot element
```"
19,"The taxonomy tree starts with ""New World monkey"" as the root, encompassing a diverse group of primates native to the Americas. Direct children of ""New World monkey"" include several families and genera, such as ""capuchin,"" ""saki,"" ""titi,"" ""tamarin,"" ""marmoset,"" ""squirrel monkey,"" ""howler monkey,"" ""spider monkey,"" ""uakari,"" and ""woolly monkey,"" each representing distinct lineages or groups within the New World monkeys. The ""marmoset"" category branches into more specific types, including ""pygmy marmoset"" and ""true marmoset,"" highlighting variations within this group. The ""tamarin"" category also has a child, ""silky tamarin,"" indicating a specific type of tamarin known for its silky fur. Additionally, ""douroucouli"" is a child of ""New World monkey,"" representing a genus of nocturnal monkeys, and ""pinche"" is not a recognized primate, suggesting it might be a misspelling or incorrect term. This structure organizes New World monkeys from broad categories to more specific genera and species, reflecting their evolutionary relationships and characteristics.

```taxonomy
capuchin is the child of New World monkey
saki is the child of New World monkey
titi is the child of New World monkey
tamarin is the child of New World monkey
marmoset is the child of New World monkey
squirrel monkey is the child of New World monkey
howler monkey is the child of New World monkey
spider monkey is the child of New World monkey
uakari is the child of New World monkey
woolly monkey is the child of New World monkey
pygmy marmoset is the child of marmoset
true marmoset is the child of marmoset
silky tamarin is the child of tamarin
douroucouli is the child of New World monkey
```"
20,"The taxonomy tree starts with ""deception"" as the root, encompassing various forms of dishonest or misleading communication. Direct children of ""deception"" include ""misrepresentation,"" ""evasion,"" ""pretense,"" ""subterfuge,"" and ""trickery,"" each representing a distinct method of deceiving or misleading others. The ""misrepresentation"" category branches into more specific forms like ""fraudulence,"" indicating intentional deception for gain, and ""facade,"" which presents a false appearance. ""Pretense"" includes ""pretext,"" a false reason or excuse, and ""pretension,"" which is not explicitly listed but is implied through ""hypocrisy,"" where one's actions contradict their stated values. ""Subterfuge"" encompasses ""circumlocution,"" indirect or evasive speech, and ""doublespeak,"" language that is intentionally ambiguous or misleading. ""Trickery"" includes ""bluff,"" a false show of strength or confidence, and ""snow job,"" an attempt to deceive or persuade through excessive or insincere talk. ""Evasion"" branches into ""evasion"" itself, indicating avoidance of direct answers, and ""quibble,"" which involves raising trivial objections. Other forms of deception, such as ""crocodile tears"" (false emotional displays), ""humbug"" (nonsensical or deceitful talk), and ""half-truth"" (partial truths used to deceive), are also included. This hierarchical structure organizes various forms of deception based on their nature and intent.

```taxonomy
misrepresentation is the child of deception
evasion is the child of deception
pretense is the child of deception
subterfuge is the child of deception
trickery is the child of deception
fraudulence is the child of misrepresentation
facade is the child of misrepresentation
pretext is the child of pretense
hypocrisy is the child of pretense
circumlocution is the child of subterfuge
doublespeak is the child of subterfuge
bluff is the child of trickery
snow job is the child of trickery
quibble is the child of evasion
crocodile tears is the child of deception
humbug is the child of deception
half-truth is the child of deception
putoff is the child of deception
bill of goods is the child of deception
hedge is the child of deception
```"
21,"The taxonomy tree starts with ""fitting"" as the root, encompassing various types of components used to connect, join, or adapt objects or systems. Direct children of ""fitting"" include ""receptacle,"" ""socket,"" ""point,"" ""outlet box,"" and ""pipefitting,"" each representing a distinct category of fittings. The ""socket"" category branches into more specific types like ""electric socket,"" which is used for electrical connections, and further into ""wall socket,"" a common household electrical outlet. The ""electric socket"" also has a child ""reducer,"" which is used to adapt or step down electrical connections. The ""socket"" category also includes ""gas fitting,"" indicating a socket used for gas connections. Meanwhile, ""pipefitting"" is a category of fittings used for pipes, including ""reducer"" as a child, which is used to adapt or step down pipe connections. The ""point"" category is more specific, often referring to a precise location or connection point. This hierarchical arrangement logically organizes fittings from broad categories to more specialized forms, based on their application and function.

```taxonomy
receptacle is the child of fitting
socket is the child of fitting
point is the child of fitting
outlet box is the child of fitting
pipefitting is the child of fitting
electric socket is the child of socket
wall socket is the child of electric socket
reducer is the child of electric socket
reducer is the child of pipefitting
gas fitting is the child of socket
slot is the child of receptacle
```"
22,"The taxonomy tree begins with ""emotional state"" as the root, encompassing various feelings and conditions that individuals experience. Direct children of ""emotional state"" include ""happiness,"" ""sadness,"" ""comfort,"" and ""unhappiness,"" representing broad categories of emotional experiences. The ""happiness"" category branches into more specific states like ""gratification,"" indicating a sense of satisfaction, ""blessedness,"" suggesting a state of being fortunate or blissful, and ""radiance,"" which implies a glowing or joyful state. ""Ecstasy"" is also a child of ""happiness,"" representing an intense, overwhelming feeling of joy. On the other hand, the ""sadness"" category includes ""mourning,"" which is a state of sorrow, often due to loss, and ""poignance,"" which is a feeling of deep sadness or regret. ""Unhappiness"" leads to ""embarrassment,"" a feeling of self-conscious distress, and ""embitterment,"" which is a state of bitter resentment. ""Nirvana"" stands as a distinct category under ""emotional state,"" representing a state of ultimate happiness or enlightenment. Lastly, ""quality of life"" is also a child of ""emotional state,"" as it encompasses the overall well-being and life satisfaction of an individual. This hierarchical structure logically organizes emotional states from broad categories to more specific, nuanced feelings.

```taxonomy
happiness is the child of emotional state
sadness is the child of emotional state
comfort is the child of emotional state
unhappiness is the child of emotional state
nirvana is the child of emotional state
quality of life is the child of emotional state
gratification is the child of happiness
blessedness is the child of happiness
radiance is the child of happiness
ecstasy is the child of happiness
mourning is the child of sadness
poignance is the child of sadness
embarrassment is the child of unhappiness
embitterment is the child of unhappiness
```"
23,"The taxonomy tree starts with ""farming"" as the root, encompassing various practices related to agriculture and cultivation. Direct children of ""farming"" include broad categories like ""gardening,"" ""animal husbandry,"" ""cultivation,"" and specific types such as ""subsistence farming,"" ""mixed farming,"" ""ranching,"" and ""aquaculture."" The ""gardening"" category branches into specialized forms like ""flower gardening,"" ""market gardening,"" ""truck farming,"" ""cranberry culture,"" and ""viticulture,"" each focusing on specific crops or methods. ""Animal husbandry"" includes ""dairying,"" ""beekeeping,"" and ""insemination,"" highlighting different aspects of animal care and breeding. ""Cultivation"" encompasses techniques such as ""plowing,"" ""tillage,"" ""tilling,"" ""drip culture,"" and ""hydroponics,"" representing various methods of soil preparation and crop management. ""Landscaping"" and ""arboriculture"" are also part of the broader ""gardening"" category, emphasizing the aesthetic and tree-focused aspects of gardening. This structure logically organizes farming practices from general to specific, based on the type of activity, crop, or method.

```taxonomy
gardening is the child of farming
animal husbandry is the child of farming
cultivation is the child of farming
subsistence farming is the child of farming
mixed farming is the child of farming
ranching is the child of farming
aquaculture is the child of farming
flower gardening is the child of gardening
market gardening is the child of gardening
truck farming is the child of gardening
cranberry culture is the child of gardening
viticulture is the child of gardening
landscaping is the child of gardening
arboriculture is the child of gardening
dairying is the child of animal husbandry
beekeeping is the child of animal husbandry
insemination is the child of animal husbandry
plowing is the child of cultivation
tillage is the child of cultivation
tilling is the child of cultivation
drip culture is the child of cultivation
hydroponics is the child of cultivation
roundup is the child of cultivation
strip cropping is the child of cultivation
monoculture is the child of cultivation
planting is the child of cultivation
```"
24,"The taxonomy tree is constructed with ""Niger-Congo"" as the root, representing a broad language family. Directly under this root are several branches, including ""Bantu,"" which is a significant subgroup within Niger-Congo, and ""West African,"" which encompasses languages spoken in the western part of the continent. The ""Bantu"" category is further divided into various languages and subgroups, such as ""Nguni,"" which includes ""Zulu,"" ""Xhosa,"" and ""Swazi,"" all spoken in southern Africa. Another subgroup under ""Bantu"" is ""Sotho,"" which includes ""Sesotho"" and ""Sotho,"" spoken in southern Africa. ""Kwa"" is also a subgroup under ""Bantu,"" encompassing languages like ""Akan"" and ""Ewe,"" spoken in the western part of the continent. ""Mande"" is another subgroup under ""Bantu,"" which includes languages like ""Mande"" itself and ""Fula,"" spoken in western Africa. Other languages like ""Swahili"" (also known as ""Kiswahili""), ""Gikuyu,"" ""Luba,"" and ""Shona"" (also known as ""Chishona"") are also classified under ""Bantu."" The ""West African"" branch includes languages like ""Yoruba,"" ""Sango,"" and ""Serer."" This hierarchical structure organizes languages within the Niger-Congo family based on their geographical distribution and linguistic relationships.

```taxonomy
Bantu is the child of Niger-Congo
West African is the child of Niger-Congo
Nguni is the child of Bantu
Sotho is the child of Bantu
Kwa is the child of Bantu
Mande is the child of Bantu
Swahili is the child of Bantu
Zulu is the child of Nguni
Xhosa is the child of Nguni
Swazi is the child of Nguni
Sesotho is the child of Sotho
Sotho is the child of Sotho
Akan is the child of Kwa
Ewe is the child of Kwa
Fula is the child of Mande
Mande is the child of Mande
Gikuyu is the child of Bantu
Luba is the child of Bantu
Shona is the child of Bantu
Chishona is the child of Shona
Yoruba is the child of West African
Sango is the child of West African
Serer is the child of West African
Kiswahili is the child of Swahili
Nyamwezi is the child of Bantu
Ndebele is the child of Bantu
Chichewa is the child of Bantu
Wolof is the child of Bantu
Kamba is the child of Bantu
Tswana is the child of Bantu
Kongo is the child of Bantu
Kichaga is the child of Bantu
Fang is the child of Bantu
Akan is the child of Bantu
Gur is the child of Bantu
Nguni is the child of Bantu
Swahili is the child of Bantu
Sotho is the child of Bantu
Kwa is the child of Bantu
Mwera is the child of Bantu
Kinyarwanda is the child of Bantu
Ewe is the child of Bantu
ChiMwini is the child of Bantu
Herero is the child of Bantu
Umbundu is the child of Bantu
Mashi is the child of Bantu
Luyia is the child of Bantu
Pokomo is the child of Bantu
Shona is the child of Bantu
Chishona is the child of Shona
LuGanda is the child of Bantu
Zulu is the child of Bantu
Sango is the child of Bantu
Luba is the child of Bantu
Gikuyu is the child of Bantu
Tonga is the child of Bantu
Yoruba is the child of West African
```"
25,"The taxonomy tree starts with ""computer file"" as the root, encompassing various types of digital files used in computing. Direct children of ""computer file"" include ""binary file,"" ""text file,"" ""disk file,"" and ""web page,"" each representing a distinct category based on content or storage. The ""text file"" category branches into more specific types like ""ASCII text file,"" indicating files containing only ASCII characters, and ""source code,"" which refers to files containing programming code. The ""binary file"" category includes ""read-only file,"" which cannot be modified, and ""executable file"" is implied but not explicitly listed, however ""backup file"" is a type of binary file that stores a copy of data. The ""disk file"" category includes ""transaction file,"" which records transactions, ""input file,"" which provides data to a program, ""output file,"" which stores results, and ""master file,"" which contains authoritative data. ""Web page"" is a specific type of file designed for web display, with ""home page"" being a particular instance of a web page. This hierarchical structure logically organizes computer files based on their content, purpose, and storage, providing a clear progression from general to specific types.

```taxonomy
binary file is the child of computer file
text file is the child of computer file
disk file is the child of computer file
web page is the child of computer file
ASCII text file is the child of text file
source code is the child of text file
read-only file is the child of binary file
backup file is the child of binary file
transaction file is the child of disk file
input file is the child of disk file
output file is the child of disk file
master file is the child of disk file
home page is the child of web page
```"
26,"The taxonomy tree starts with ""agglomeration"" as the root, representing a general collection or cluster of things. Direct children of ""agglomeration"" include ""bunch,"" ""tuft,"" ""coma,"" ""clot,"" ""knot,"" and ""wisp,"" each describing a specific type of gathering or accumulation. The ""bunch"" category branches into ""swad,"" indicating a bundle or collection, and ""clew,"" a ball of thread or yarn. The ""tuft"" category includes ""witches' broom,"" a specific type of tufted or bundled structure. The ""coma"" category is related to astronomy, specifically referring to the coma of a comet, and also includes ""Pleiades"" and ""Omega Centauri,"" which are star clusters. The ""clot"" category pertains to coagulated masses, including ""thrombus"" and ""embolus,"" which are medical terms for blood clots. The ""knot"" category includes ""gob,"" a lump or knot, and ""ball,"" a rounded cluster. The ""wisp"" category is a thin or faint cluster, and includes ""Northern Cross,"" an astronomical term for a pattern of stars. This hierarchical structure categorizes agglomerations from general to specific, based on their characteristics and contexts.

```taxonomy
bunch is the child of agglomeration
tuft is the child of agglomeration
coma is the child of agglomeration
clot is the child of agglomeration
knot is the child of agglomeration
wisp is the child of agglomeration
swad is the child of bunch
clew is the child of bunch
witches' broom is the child of tuft
Pleiades is the child of coma
Omega Centauri is the child of coma
thrombus is the child of clot
embolus is the child of clot
gob is the child of knot
ball is the child of knot
Northern Cross is the child of wisp
```"
27,"The taxonomy tree starts with ""firework"" as the root, encompassing various devices designed to produce a visual or auditory effect through combustion or explosion. Direct children of ""firework"" include ""low explosive,"" ""sparkler,"" and ""firecracker,"" each representing a distinct category of pyrotechnic devices. The ""firecracker"" category branches into more specific types, such as ""squib,"" a small explosive device; ""fizgig,"" a type of firecracker that produces a whistling sound; ""whizbang,"" known for its loud noise; ""cannon cracker,"" a larger firecracker; and ""cherry bomb,"" a small but powerful firecracker. The ""sparkler"" category remains distinct, representing handheld, sparkling devices. The ""low explosive"" category includes ""maroon,"" a type of explosive device used for signaling. Aerial fireworks are represented by ""skyrocket,"" which propels into the air to explode. ""Roman candle"" and ""catherine wheel"" are specific types of fireworks that produce visual effects through spinning or shooting stars. ""Torpedo"" is a type of firework that moves along the ground, producing a loud noise. This structure categorizes fireworks based on their design, functionality, and effects.

```taxonomy
low explosive is the child of firework
sparkler is the child of firework
firecracker is the child of firework
squib is the child of firecracker
fizgig is the child of firecracker
whizbang is the child of firecracker
cannon cracker is the child of firecracker
cherry bomb is the child of firecracker
maroon is the child of low explosive
skyrocket is the child of firework
Roman candle is the child of firework
catherine wheel is the child of firework
torpedo is the child of firework
serpent is the child of firework
```"
28,"The taxonomy tree starts with ""means"" as the root, representing various ways or methods to achieve something. Direct children of ""means"" include ""instrument,"" ""road,"" ""voice,"" and ""implementation,"" each signifying a distinct approach or tool for accomplishment. The ""instrument"" category branches into ""instrumentation,"" which pertains to the use of tools or devices, and ""crutch,"" indicating a supportive or assistive device. ""Road"" leads to subcategories like ""royal road,"" suggesting a prestigious or preferred path, and ""fast track,"" implying a rapid or expedited route. ""Voice"" is related to ""invocation,"" which involves calling upon or appealing to something. The ""implementation"" category includes ""practice,"" which is the actual application or exercise of a skill, and ""improvisation,"" which involves creating or doing something on the spot. ""Means"" also has children like ""expedient,"" which is a temporary or makeshift solution, and ""desperate measure,"" indicating a last resort or extreme action. ""Stepping stone"" and ""pis aller"" are also children of ""means,"" representing intermediate steps or less desirable alternatives, respectively. ""Salvation"" and ""open sesame"" are more abstract children of ""means,"" symbolizing rescue or a magical solution. ""Motorization"" and ""wings"" are children of ""means"" as well, representing empowerment or enabling factors. ""Tooth"" and ""dint"" are more obscure children of ""means,"" possibly related to effort or struggle. ""Escape"" is also a child of ""means,"" indicating a way out or liberation. This hierarchical structure categorizes means from general to more specific and nuanced approaches, highlighting the diversity of methods and tools available for achievement.

```taxonomy
instrument is the child of means
road is the child of means
voice is the child of means
implementation is the child of means
expedient is the child of means
desperate measure is the child of means
stepping stone is the child of means
pis aller is the child of means
salvation is the child of means
open sesame is the child of means
motorization is the child of means
wings is the child of means
tooth is the child of means
dint is the child of means
escape is the child of means
instrumentation is the child of instrument
crutch is the child of instrument
royal road is the child of road
fast track is the child of road
invocation is the child of voice
practice is the child of implementation
improvisation is the child of implementation
```"
29,"The taxonomy tree starts with ""garden"" as the root, encompassing various types of cultivated spaces. Direct children of ""garden"" include broad categories such as ""plot,"" ""bed,"" ""grove,"" and ""orchard,"" each representing a distinct type of garden layout or purpose. The ""bed"" category branches into specific types like ""flowerbed,"" ""rose bed,"" ""tulip bed,"" ""turnip bed,"" ""asparagus bed,"" and ""pot farm,"" indicating different plantings. ""Grove"" leads to subcategories such as ""lemon grove,"" ""orange grove,"" and ""hop garden,"" specifying types of trees or plants cultivated. ""Orchard"" includes ""apple orchard"" and ""peach orchard,"" focusing on fruit-bearing trees. The ""plot"" category includes ""kitchen garden,"" ""market garden,"" ""herb garden,"" ""flower garden,"" ""rose garden,"" and ""tea garden,"" each representing a specific purpose or type of cultivation. ""Garden"" also branches into ""formal garden,"" ""sunken garden,"" ""rock garden,"" ""roof garden,"" and ""Hanging Gardens of Babylon,"" which are notable for their unique designs or historical significance. ""Landscaping"" is a broader concept that encompasses garden design and arrangement, and ""topiary"" is a specific technique used within landscaping. ""Hotbed"" and ""seedbed"" are specialized types of gardens used for specific stages of plant growth. This hierarchical structure organizes gardens from general to specific types based on layout, purpose, and design.

```taxonomy
plot is the child of garden
bed is the child of garden
grove is the child of garden
orchard is the child of garden
formal garden is the child of garden
sunken garden is the child of garden
rock garden is the child of garden
roof garden is the child of garden
Hanging Gardens of Babylon is the child of garden
landscaping is the child of garden
topiary is the child of landscaping
hotbed is the child of garden
seedbed is the child of garden
kitchen garden is the child of plot
market garden is the child of plot
herb garden is the child of plot
flower garden is the child of plot
rose garden is the child of plot
tea garden is the child of plot
lemon grove is the child of grove
orange grove is the child of grove
hop garden is the child of grove
apple orchard is the child of orchard
peach orchard is the child of orchard
flowerbed is the child of bed
rose bed is the child of bed
tulip bed is the child of bed
turnip bed is the child of bed
asparagus bed is the child of bed
pot farm is the child of bed
parterre is the child of garden
Tuileries is the child of garden
victory garden is the child of garden
```"
30,"The taxonomy tree starts with ""kinswoman"" as the root, encompassing female relatives. Direct children of ""kinswoman"" include ""female sibling"" and ""aunt,"" representing two broad categories of female relatives. The ""female sibling"" category branches into more specific types like ""sister,"" which can be further divided into ""big sister"" and ""little sister,"" indicating age-based distinctions. Additionally, ""half sister"" is a subcategory of ""sister,"" specifying a shared parent but not both. The ""aunt"" category includes ""great-aunt,"" denoting a more distant familial relationship, and ""maiden aunt,"" which specifies an aunt who has never married. Furthermore, ""aunt"" leads to ""niece"" and ""great-niece,"" representing the female children of siblings or their descendants, thus completing the familial relationships within this taxonomy. This structure logically organizes female relatives from general categories to more specific familial roles and relationships.

```taxonomy
female sibling is the child of kinswoman
aunt is the child of kinswoman
sister is the child of female sibling
big sister is the child of sister
little sister is the child of sister
half sister is the child of sister
great-aunt is the child of aunt
maiden aunt is the child of aunt
niece is the child of aunt
great-niece is the child of aunt
```"
31,"The taxonomy tree starts with ""feather"" as the root, encompassing various types of feathers found on birds. Direct children of ""feather"" include broad categories such as ""down,"" ""contour feather,"" and ""flight feather,"" each representing distinct functions or characteristics. The ""down"" category branches into more specific types like ""duck down,"" ""goose down,"" and ""swan's down,"" indicating the source of the down feathers. ""Contour feather"" includes ""sickle feather,"" ""tail feather,"" and ""bastard wing,"" which are feathers that contribute to the bird's shape and outline. ""Flight feather"" is a critical category for flight, including ""primary"" feathers, which are crucial for lift and thrust. Other specialized feathers include ""hackle,"" which can be further divided into ""saddle hackle"" and ""marabou,"" indicating specific locations or types of hackle feathers. ""Scapular"" and ""aftershaft"" are also specific types of feathers with unique characteristics. ""Plumule"" is a young or immature feather, and ""eiderdown"" is a type of down feather from the eider duck. This hierarchical structure categorizes feathers based on their function, location, and characteristics, providing a comprehensive classification system.

```taxonomy
down is the child of feather
contour feather is the child of feather
flight feather is the child of feather
duck down is the child of down
goose down is the child of down
swan's down is the child of down
sickle feather is the child of contour feather
tail feather is the child of contour feather
bastard wing is the child of contour feather
primary is the child of flight feather
hackle is the child of feather
saddle hackle is the child of hackle
marabou is the child of hackle
scapular is the child of feather
aftershaft is the child of feather
plumule is the child of feather
eiderdown is the child of down
```"
32,"The taxonomy tree is constructed with ""medical instrument"" as the root, encompassing a broad range of devices used in healthcare. Direct children of ""medical instrument"" include ""surgical instrument,"" ""diagnostic instrument,"" and ""therapeutic instrument,"" each representing a distinct category of medical tools.

Under ""surgical instrument,"" subcategories include ""scalpel,"" ""surgical knife,"" ""lancet,"" ""curette,"" ""retractor,"" ""hemostat,"" and ""snare,"" which are all tools used in surgical procedures. ""Syringe"" and ""hypodermic syringe"" are also part of this category, with ""autoinjector"" being a specific type of syringe.

The ""diagnostic instrument"" category includes ""endoscope,"" which branches into more specialized types like ""gastroscope,"" ""laparoscope,"" ""arthroscope,"" ""proctoscope,"" ""ophthalmoscope,"" ""otoscope,"" ""bronchoscope,"" ""rhinoscope,"" ""fetoscope,"" ""colonoscope,"" and ""sigmoidoscope."" Other diagnostic tools include ""stethoscope,"" ""cardiograph,"" ""electroencephalograph,"" ""electromyograph,"" ""ballistocardiograph,"" and ""thermograph.""

The ""therapeutic instrument"" category includes ""diathermy machine,"" which branches into ""shortwave diathermy machine"" and ""microwave diathermy machine."" Other therapeutic tools include ""photocoagulator,"" ""dialyzer,"" ""artificial kidney,"" and ""douche.""

Additional categories under ""medical instrument"" include ""monitoring instrument,"" with ""polygraph"" and ""lie detector"" as subcategories, and ""specialized instrument,"" which includes ""culdoscope,"" ""speculum,"" ""dilator,"" ""catling,"" ""trepan,"" "" dermatome,"" ""keratoscope,"" ""orthoscope,"" ""fiberscope,"" ""probe,"" and ""laryngoscope.""

This hierarchical structure logically organizes medical instruments from broad categories to more specialized tools, based on their functions and applications.

```taxonomy
surgical instrument is the child of medical instrument
diagnostic instrument is the child of medical instrument
therapeutic instrument is the child of medical instrument
monitoring instrument is the child of medical instrument
specialized instrument is the child of medical instrument
scalpel is the child of surgical instrument
surgical knife is the child of surgical instrument
lancet is the child of surgical instrument
curette is the child of surgical instrument
retractor is the child of surgical instrument
hemostat is the child of surgical instrument
snare is the child of surgical instrument
syringe is the child of surgical instrument
hypodermic syringe is the child of syringe
autoinjector is the child of syringe
endoscope is the child of diagnostic instrument
gastroscope is the child of endoscope
laparoscope is the child of endoscope
arthroscope is the child of endoscope
proctoscope is the child of endoscope
ophthalmoscope is the child of endoscope
otoscope is the child of endoscope
bronchoscope is the child of endoscope
rhinoscope is the child of endoscope
fetoscope is the child of endoscope
colonoscope is the child of endoscope
sigmoidoscope is the child of endoscope
stethoscope is the child of diagnostic instrument
cardiograph is the child of diagnostic instrument
electroencephalograph is the child of diagnostic instrument
electromyograph is the child of diagnostic instrument
ballistocardiograph is the child of diagnostic instrument
thermograph is the child of diagnostic instrument
diathermy machine is the child of therapeutic instrument
shortwave diathermy machine is the child of diathermy machine
microwave diathermy machine is the child of diathermy machine
photocoagulator is the child of therapeutic instrument
dialyzer is the child of therapeutic instrument
artificial kidney is the child of therapeutic instrument
douche is the child of therapeutic instrument
polygraph is the child of monitoring instrument
lie detector is the child of monitoring instrument
culdoscope is the child of specialized instrument
speculum is the child of specialized instrument
dilator is the child of specialized instrument
catling is the child of specialized instrument
trepan is the child of specialized instrument
dermatome is the child of specialized instrument
keratoscope is the child of specialized instrument
orthoscope is the child of specialized instrument
fiberscope is the child of specialized instrument
probe is the child of specialized instrument
laryngoscope is the child of specialized instrument
```"
33,"The taxonomy tree starts with ""adhesive material"" as the root, encompassing various substances used for bonding or sticking. Direct children of ""adhesive material"" include ""cement,"" ""glue,"" ""paste,"" ""putty,"" and ""mastic,"" each representing a distinct type of adhesive. The ""glue"" category branches into more specific types, such as ""animal glue,"" which includes subcategories like ""fish glue,"" ""casein glue,"" and ""marine glue,"" each derived from different animal sources or applications. ""Spirit gum"" is another type of glue, often used for temporary adhesion. The ""putty"" category includes ""iron putty,"" ""red-lead putty,"" and ""birdlime,"" which are used for specific purposes like sealing or capturing. ""Paste"" is a broad category that includes ""wafer,"" a thin, adhesive sheet. ""Mastic"" is a type of adhesive derived from plant resin. ""Cement"" is a strong adhesive, and ""rubber cement"" is a specific type used for flexible bonding. ""Binder"" is a general term for any adhesive material, and ""binder"" can be considered a synonym for ""adhesive material."" This hierarchical structure organizes adhesives based on their composition, application, and properties.

```taxonomy
cement is the child of adhesive material
glue is the child of adhesive material
paste is the child of adhesive material
putty is the child of adhesive material
mastic is the child of adhesive material
animal glue is the child of glue
spirit gum is the child of glue
fish glue is the child of animal glue
casein glue is the child of animal glue
marine glue is the child of animal glue
iron putty is the child of putty
red-lead putty is the child of putty
birdlime is the child of putty
wafer is the child of paste
rubber cement is the child of cement
binder is the child of adhesive material
```"
34,"The taxonomy tree starts with ""salad"" as the root, encompassing a wide variety of dishes typically consisting of mixed ingredients. Direct children of ""salad"" include broad categories such as ""green salad,"" ""fruit salad,"" ""pasta salad,"" and ""combination salad,"" each representing a distinct base or primary ingredient focus. The ""green salad"" category branches into more specific types like ""Caesar salad,"" ""tossed salad,"" and ""chef's salad,"" which are characterized by their specific dressings or compositions. ""Fruit salad"" remains a standalone category, while ""pasta salad"" includes subcategories like ""macaroni salad"" and ""tabbouleh,"" which is a Middle Eastern salad with bulgur as a primary ingredient. ""Combination salad"" encompasses a wide range of salads that combine multiple main ingredients, such as ""chicken salad,"" ""tuna fish salad,"" ""crab Louis,"" ""herring salad,"" and ""Waldorf salad,"" each named for its primary protein or distinctive ingredients. Additionally, ""molded salad"" and ""salmagundi"" are classified under ""combination salad,"" highlighting their mixed and often decorative nature. ""Coleslaw"" and ""potato salad"" are standalone categories under ""salad,"" indicating their unique ingredient focuses. This structure organizes salads from general categories to more specific types based on ingredients, composition, and cultural origins.

```taxonomy
green salad is the child of salad
fruit salad is the child of salad
pasta salad is the child of salad
combination salad is the child of salad
Caesar salad is the child of green salad
tossed salad is the child of green salad
chef's salad is the child of green salad
macaroni salad is the child of pasta salad
tabbouleh is the child of pasta salad
chicken salad is the child of combination salad
tuna fish salad is the child of combination salad
crab Louis is the child of combination salad
herring salad is the child of combination salad
Waldorf salad is the child of combination salad
molded salad is the child of combination salad
salmagundi is the child of combination salad
coleslaw is the child of salad
potato salad is the child of salad
salad nicoise is the child of combination salad
```"
35,"The taxonomy tree starts with ""success"" as the root, encompassing various forms of achievement or accomplishment. Direct children of ""success"" include ""score,"" ""conquest,"" ""winning,"" and ""solution,"" each representing a distinct type of success. The ""score"" category pertains to achievements in games or competitions, leading to subcategories like ""goal,"" which includes ""field goal,"" ""own goal,"" and ""hat trick,"" each specifying a type of goal in different sports. ""Score"" also branches to ""point after,"" ""conversion,"" ""safety,"" and ""touchdown,"" which are specific scoring events in various sports. The ""conquest"" category includes ""blockbuster,"" ""coup,"" and ""sexual conquest,"" representing significant achievements in different domains. ""Winning"" branches to ""bull's eye,"" ""strike,"" ""spare,"" and ""break,"" which are specific winning events in games like darts, bowling, and pool. ""Solution"" is a more abstract category, encompassing ""hit,"" ""answer,"" and ""resolution."" The ""conquest"" category also includes ""cuckoldry,"" ""seduction,"" and ""flying colors,"" which represent achievements in social or romantic contexts. This hierarchical arrangement logically organizes success types from general to more specialized forms, based on context and domain.

```taxonomy
score is the child of success
conquest is the child of success
winning is the child of success
solution is the child of success
goal is the child of score
point after is the child of score
conversion is the child of score
safety is the child of score
touchdown is the child of score
field goal is the child of goal
own goal is the child of goal
hat trick is the child of goal
blockbuster is the child of conquest
coup is the child of conquest
sexual conquest is the child of conquest
bull's eye is the child of winning
strike is the child of winning
spare is the child of winning
break is the child of winning
hit is the child of solution
cuckoldry is the child of conquest
seduction is the child of conquest
flying colors is the child of conquest
equalizer is the child of score
passing is the child of score
open frame is the child of score
run batted in is the child of score
unearned run is the child of score
earned run is the child of score
overturn is the child of success
bell ringer is the child of success
sleeper is the child of success
basket is the child of score
```"
36,"The taxonomy tree starts with ""recorder"" as the root, encompassing devices used for capturing and storing various forms of data or media. Directly under ""recorder"" are categories like ""tape recorder,"" which includes devices that use magnetic tape for recording, and ""magnetic recorder,"" which is a broader category for devices using magnetic media. The ""tape recorder"" category branches into more specific types, such as ""wire recorder,"" an early form of tape recorder using wire as the recording medium, and ""cassette recorder,"" which uses cassette tapes. The ""Dictaphone"" is a specific type of recorder designed for voice recording, often used for dictation. The ""multichannel recorder"" is a more advanced device capable of recording multiple signals simultaneously. The ""videocassette recorder"" (VCR) is a device for recording and playing back video content on cassette tapes. The ""compact-disk burner"" is a device for recording digital data onto compact disks (CDs). The ""oscillograph"" is a device for recording the waveform of electrical signals. The ""black box"" is a specific type of recorder used in aviation and other industries to record critical flight data. This hierarchical structure organizes recorders based on their recording medium, functionality, and application.

```taxonomy
tape recorder is the child of recorder
magnetic recorder is the child of recorder
compact-disk burner is the child of recorder
Dictaphone is the child of recorder
wire recorder is the child of tape recorder
cassette recorder is the child of tape recorder
videocassette recorder is the child of tape recorder
multichannel recorder is the child of recorder
oscillograph is the child of recorder
black box is the child of recorder
```"
37,"The taxonomy tree starts with ""debt"" as the root, encompassing various financial obligations. Direct children of ""debt"" include ""loan,"" ""public debt,"" and ""bad debt,"" each representing different aspects of debt. The ""loan"" category branches into several types, such as ""bank loan,"" ""personal loan,"" ""business loan,"" ""home loan,"" ""automobile loan,"" and ""real estate loan,"" specifying the purpose or source of the loan. ""Bank loan"" further branches into ""call loan,"" ""time loan,"" ""direct loan,"" and ""installment credit,"" indicating different terms or structures of the loan. ""Installment credit"" is also a child of ""loan,"" highlighting a specific repayment method. ""Participation loan"" and ""interbank loan"" are types of loans that involve shared risk or transactions between banks. The ""public debt"" category includes ""national debt,"" which can be further specified by ""national debt ceiling,"" indicating a limit on the amount of debt. ""Bad debt"" represents uncollectible debt, and ""arrears"" signifies overdue payments. ""Score"" and ""point"" are related to creditworthiness or interest rates, but in this context, they can be considered aspects of ""loan"" or ""debt."" The ""debt limit"" is a constraint on the amount of debt that can be incurred. This hierarchical structure organizes debt concepts from broad categories to more specific types, based on purpose, source, or characteristics.

```taxonomy
loan is the child of debt
public debt is the child of debt
bad debt is the child of debt
bank loan is the child of loan
personal loan is the child of loan
business loan is the child of loan
home loan is the child of loan
automobile loan is the child of loan
real estate loan is the child of loan
call loan is the child of bank loan
time loan is the child of bank loan
direct loan is the child of bank loan
installment credit is the child of loan
installment credit is the child of bank loan
participation loan is the child of loan
interbank loan is the child of loan
national debt is the child of public debt
national debt ceiling is the child of national debt
arrears is the child of debt
score is the child of loan
point is the child of loan
debt limit is the child of debt
```"
38,"The taxonomy tree starts with ""leukocyte"" as the root, representing white blood cells that play a crucial role in the immune system. Direct children of ""leukocyte"" include ""lymphocyte,"" ""granulocyte,"" and ""monocyte,"" each representing a distinct lineage of white blood cells. The ""lymphocyte"" category branches into ""B cell"" and ""T cell,"" which are fundamental components of the adaptive immune system. ""B cell"" further branches into ""plasma cell,"" which is responsible for producing antibodies, and ""plasmablast,"" an immature form of plasma cells. ""T cell"" branches into ""helper T cell"" and ""killer T cell,"" which have different functions in the immune response. The ""granulocyte"" category includes ""neutrophil,"" ""eosinophil,"" and ""basophil,"" each with distinct roles in inflammation and immune defense. ""Monocyte"" branches into ""monoblast,"" an immature form, and ""microphage,"" a mature form that engulfs foreign particles. Additionally, ""myeloblast"" and ""myelocyte"" are precursors to granulocytes, indicating their developmental stages. This hierarchical structure categorizes leukocytes based on their lineage, function, and developmental stages, providing a comprehensive classification of white blood cells.

```taxonomy
lymphocyte is the child of leukocyte
granulocyte is the child of leukocyte
monocyte is the child of leukocyte
B cell is the child of lymphocyte
T cell is the child of lymphocyte
plasma cell is the child of B cell
plasmablast is the child of B cell
helper T cell is the child of T cell
killer T cell is the child of T cell
neutrophil is the child of granulocyte
eosinophil is the child of granulocyte
basophil is the child of granulocyte
monoblast is the child of monocyte
microphage is the child of monocyte
myeloblast is the child of granulocyte
myelocyte is the child of granulocyte
lymphoblast is the child of lymphocyte
```"
39,"The taxonomy tree starts with ""disk"" as the root, encompassing various flat, circular objects. Direct children of ""disk"" include ""circle,"" a purely geometric concept; ""planchet,"" a metal blank for minting coins; ""brake disk,"" a component in vehicle braking systems; ""diaphragm,"" a flexible, circular structure used in various applications; and ""token,"" a small, flat object used as a symbol or substitute for something else. The ""token"" category branches into ""subway token,"" a specific type used for public transportation, and ""puck,"" often used in games or as a marker. The ""disk"" category also includes ""acetate disk,"" a type of early recording medium, and ""Frisbee,"" a recreational flying disk. Additionally, ""disk"" leads to ""discus,"" a throwing implement in track and field events, and ""deadeye,"" a type of disk-shaped navigational aid. This structure categorizes disks based on their materials, uses, and geometric properties, providing a logical progression from general to specific instances.

```taxonomy
circle is the child of disk
planchet is the child of disk
brake disk is the child of disk
diaphragm is the child of disk
token is the child of disk
acetate disk is the child of disk
Frisbee is the child of disk
discus is the child of disk
deadeye is the child of disk
subway token is the child of token
puck is the child of token
```"
40,"The taxonomy tree begins with ""set"" as the root, encompassing various mathematical concepts related to collections of elements. Direct children of ""set"" include ""subset,"" ""interval,"" ""null set,"" and ""universal set,"" each representing a distinct aspect of set theory. The ""interval"" category branches into ""open interval,"" ""closed interval,"" and ""sub-interval,"" specifying different types of intervals based on their endpoints. The ""subset"" category includes ""subgroup,"" ""subspace,"" and ""locus,"" which are subsets with specific properties or structures. ""Subgroup"" further branches to ""Abelian group,"" indicating a subgroup with commutative properties.

The ""mathematical space"" category, a child of ""set,"" encompasses various spaces used in mathematics, including ""Euclidean space,"" ""Hilbert space,"" ""metric space,"" and ""manifold."" These spaces are defined by their geometric or topological properties. The ""Euclidean space"" category includes ""origin,"" a specific point in the space.

The ""null space"" category, a child of ""set,"" is related to linear algebra and represents the set of vectors that map to the zero vector.

Other concepts like ""domain,"" ""scalar field,"" ""image,"" ""intersection,"" and ""diagonal"" are related to functions, mappings, and geometric properties, and are also children of ""set"" or its descendants.

The ""Mandelbrot set"" is a specific mathematical set known for its fractal properties, and is a child of ""set.""

The ""group"" and ""field"" categories are related to algebraic structures and are children of ""set.""

The ""solution"" category is related to equations and is a child of ""set.""

```taxonomy
subset is the child of set
interval is the child of set
null set is the child of set
universal set is the child of set
mathematical space is the child of set
group is the child of set
field is the child of set
solution is the child of set
open interval is the child of interval
closed interval is the child of interval
sub-interval is the child of interval
subgroup is the child of subset
subspace is the child of subset
locus is the child of subset
Abelian group is the child of subgroup
Euclidean space is the child of mathematical space
Hilbert space is the child of mathematical space
metric space is the child of mathematical space
manifold is the child of mathematical space
origin is the child of Euclidean space
null space is the child of set
domain is the child of set
scalar field is the child of set
image is the child of set
intersection is the child of set
diagonal is the child of set
Mandelbrot set is the child of set
```"
41,"The taxonomy tree starts with ""lien"" as the root, representing a claim or right to someone else's property as security for a debt. Direct children of ""lien"" include ""general lien,"" ""specific lien,"" and ""security interest,"" each representing a broad category of liens. The ""specific lien"" category is further divided into ""artisan's lien,"" ""mechanic's lien,"" ""warehouseman's lien,"" ""garageman's lien,"" and ""landlord's lien,"" which are all types of liens that arise from specific situations or professions. The ""security interest"" category includes ""mortgage,"" ""chattel mortgage,"" ""conditional sale,"" and ""pledge,"" which are all forms of security interests in personal or real property. The ""mortgage"" category is further divided into ""first mortgage"" and ""second mortgage,"" representing the priority of the mortgage. The ""tax lien"" category includes ""federal tax lien"" and ""state tax lien,"" which are liens imposed by the government for unpaid taxes. Additionally, ""pawn"" and ""collateral"" are also forms of security interests, while ""guarantee"" is a related concept that provides assurance for a debt. The ""judgment lien"" is a type of lien that arises from a court judgment.

```taxonomy
general lien is the child of lien
specific lien is the child of lien
security interest is the child of lien
artisan's lien is the child of specific lien
mechanic's lien is the child of specific lien
warehouseman's lien is the child of specific lien
garageman's lien is the child of specific lien
landlord's lien is the child of specific lien
mortgage is the child of security interest
chattel mortgage is the child of security interest
conditional sale is the child of security interest
pledge is the child of security interest
pawn is the child of security interest
collateral is the child of security interest
first mortgage is the child of mortgage
second mortgage is the child of mortgage
tax lien is the child of lien
federal tax lien is the child of tax lien
state tax lien is the child of tax lien
judgment lien is the child of lien
guarantee is the child of security interest
```"
42,"The taxonomy tree starts with ""procedure"" as the root, encompassing various legal processes and actions. Direct children of ""procedure"" include broad categories like ""litigation,"" ""administrative hearing,"" ""judicial review,"" and ""bureaucratic procedure,"" each representing a distinct area of legal or administrative process. The ""litigation"" category branches into numerous subcategories, including ""lawsuit,"" ""civil action,"" ""criminal suit,"" ""civil suit,"" ""class action,"" ""paternity suit,"" ""custody case,"" ""custody battle,"" ""adoption,"" ""bankruptcy,"" ""foreclosure,"" ""receivership,"" and ""vexatious litigation,"" each specifying a type of legal dispute or process. Under ""lawsuit,"" further subcategories include ""counterclaim,"" ""countersuit,"" ""intervention,"" ""objection,"" ""quo warranto,"" ""bill of review,"" and ""test case,"" which represent various aspects or types of lawsuits. The ""hearing"" category, a child of ""procedure,"" includes ""fair hearing,"" ""competence hearing,"" ""naturalization,"" and ""ordeal,"" highlighting different types of formal examinations or inquiries. Specific instances like ""Scopes trial,"" ""show trial,"" and ""double jeopardy"" are included as examples or notable cases within the broader categories. This taxonomy organizes legal procedures and actions from general categories to more specific types and instances, reflecting the complexity and variety of legal processes.

```taxonomy
litigation is the child of procedure
administrative hearing is the child of procedure
judicial review is the child of procedure
bureaucratic procedure is the child of procedure
lawsuit is the child of litigation
civil action is the child of litigation
criminal suit is the child of litigation
civil suit is the child of litigation
class action is the child of litigation
paternity suit is the child of litigation
custody case is the child of litigation
custody battle is the child of litigation
adoption is the child of litigation
bankruptcy is the child of litigation
foreclosure is the child of litigation
receivership is the child of litigation
vexatious litigation is the child of litigation
counterclaim is the child of lawsuit
countersuit is the child of lawsuit
intervention is the child of lawsuit
objection is the child of lawsuit
quo warranto is the child of lawsuit
bill of review is the child of lawsuit
test case is the child of lawsuit
hearing is the child of procedure
fair hearing is the child of hearing
competence hearing is the child of hearing
naturalization is the child of hearing
ordeal is the child of hearing
Scopes trial is the child of lawsuit
show trial is the child of lawsuit
double jeopardy is the child of lawsuit
appeal is the child of litigation
trial is the child of litigation
mistrial is the child of trial
retrial is the child of trial
review is the child of litigation
proceeding is the child of procedure
court-martial is the child of litigation
lis pendens is the child of litigation
prosecution is the child of litigation
antitrust case is the child of litigation
recusation is the child of litigation
```"
43,"The taxonomy tree starts with ""picture"" as the root, encompassing various forms of visual representations. Direct children of ""picture"" include ""portrait,"" ""graphic,"" ""reflection,"" and ""panorama,"" each representing a distinct category of visual content. The ""portrait"" category branches into more specific types like ""self-portrait,"" ""half-length,"" and ""likeness,"" focusing on depictions of individuals. ""Graphic"" further divides into ""bitmap,"" ""iconography,"" and ""collage,"" representing different forms of visual expression, with ""collage"" including techniques like ""photomontage."" The ""reflection"" category includes ""scan,"" which involves capturing or reproducing images, and ""sonogram,"" a specific type of image produced by ultrasound technology. ""Panorama"" is a broad category that encompasses wide-angle views, potentially including ""viewgraph,"" a visual aid used in presentations. Additionally, ""picture"" includes ""Identikit,"" a composite image used for identification purposes, and ""inset,"" a smaller image inserted within a larger one. ""Foil"" and ""slide"" are also subcategories, with ""foil"" potentially referring to a thin, metallic image and ""slide"" being a transparent image for projection. This structure categorizes pictures based on their content, technique, and application.

```taxonomy
portrait is the child of picture
graphic is the child of picture
reflection is the child of picture
panorama is the child of picture
self-portrait is the child of portrait
half-length is the child of portrait
likeness is the child of portrait
bitmap is the child of graphic
iconography is the child of graphic
collage is the child of graphic
photomontage is the child of collage
scan is the child of reflection
sonogram is the child of reflection
viewgraph is the child of panorama
Identikit is the child of picture
inset is the child of picture
foil is the child of picture
slide is the child of picture
grisaille is the child of picture
chiaroscuro is the child of picture
```"
44,"The taxonomy tree starts with ""flap"" as the root, encompassing various types of fabric or material extensions that cover, protect, or decorate parts of clothing, structures, or objects. Direct children of ""flap"" include ""lap,"" ""cuff,"" ""pocket flap,"" ""earflap,"" and ""tent-fly,"" each representing a distinct application or location of a flap. The ""lap"" category branches into ""lapel,"" which is a specific type of lap found on garments, and ""lappet,"" a decorative or protective flap often found on clothing or headgear. The ""cuff"" category includes ""trouser cuff,"" a specific type of cuff found on pants, and ""barndoor,"" a type of cuff or flap found on certain types of shirts or jackets. The ""earflap"" is a specific type of flap designed to cover or protect the ears, often found on hats or headgear. Other specialized flaps include ""codpiece,"" a flap or covering for the groin area, historically found on certain types of clothing; ""coattail,"" a flap or extension at the back of a coat; and ""revers,"" a flap or lapel that can be turned up or down. This hierarchical structure organizes flaps based on their location, function, and design, providing a logical progression from general to specific types.

```taxonomy
lap is the child of flap
cuff is the child of flap
pocket flap is the child of flap
earflap is the child of flap
tent-fly is the child of flap
lapel is the child of lap
lappet is the child of lap
trouser cuff is the child of cuff
barndoor is the child of cuff
codpiece is the child of flap
coattail is the child of flap
revers is the child of flap
tongue is the child of flap
jag is the child of flap
```"
45,"The taxonomy tree begins with ""bedclothes"" as the root, encompassing various textiles used for covering or warming beds. Direct children of ""bedclothes"" include ""blanket,"" ""bedspread,"" ""quilt,"" ""coverlet,"" and ""mattress cover,"" each representing a distinct type of bed covering. The ""blanket"" category branches into subcategories like ""afghan,"" a type of knitted or crocheted blanket; ""mackinaw,"" a type of woolen blanket; ""manta,"" a traditional Latin American blanket; and ""security blanket,"" often associated with emotional comfort. The ""quilt"" category includes ""patchwork,"" a type of quilt made from pieced-together fabric; ""crazy quilt,"" characterized by irregular shapes and patterns; and ""quilted bedspread,"" which combines the functionality of a bedspread with the craftsmanship of a quilt. The ""bedspread"" category also includes ""throw,"" a smaller, decorative blanket often used to add color or texture to a bed. Additionally, ""electric blanket"" is a type of blanket with built-in heating elements, and ""eiderdown"" is a type of filled bed covering, often made from down feathers. This hierarchical structure logically organizes bedclothes from general categories to more specific types based on construction, materials, and functionality.

```taxonomy
blanket is the child of bedclothes
bedspread is the child of bedclothes
quilt is the child of bedclothes
coverlet is the child of bedclothes
mattress cover is the child of bedclothes
afghan is the child of blanket
mackinaw is the child of blanket
manta is the child of blanket
security blanket is the child of blanket
patchwork is the child of quilt
crazy quilt is the child of quilt
quilted bedspread is the child of quilt
throw is the child of bedspread
electric blanket is the child of blanket
eiderdown is the child of bedclothes
bedroll is the child of bedclothes
```"
46,"The taxonomy tree starts with ""football play"" as the root, encompassing various strategic actions in a football game. Direct children of ""football play"" include ""pass,"" ""run,"" ""return,"" ""rush,"" and ""tackle,"" each representing a fundamental type of play. The ""pass"" category branches into more specific types, such as ""forward pass,"" ""lateral pass,"" ""screen pass,"" ""flare pass,"" and ""spot pass,"" which describe different methods of throwing the ball. The ""run"" category includes ""handoff,"" a basic form of transferring the ball to a runner, and further branches into ""reverse,"" ""double reverse,"" and ""end run,"" which are specific tactics involving directional changes or misdirection. The ""return"" category is related to plays initiated after a change of possession, such as a kickoff or punt return. ""Rush"" pertains to defensive plays aiming to sack the quarterback or disrupt the offense. ""Tackle"" is a fundamental defensive action, not necessarily a play called by the offense. Additionally, ""power play,"" ""audible,"" and ""touchback"" are specific situations or play calls that can occur within a game, with ""power play"" often referring to a strong or aggressive play, ""audible"" indicating a change in the play call at the line of scrimmage, and ""touchback"" being a result of a kickoff or punt that ends in the receiving team's end zone.

```taxonomy
pass is the child of football play
run is the child of football play
return is the child of football play
rush is the child of football play
tackle is the child of football play
forward pass is the child of pass
lateral pass is the child of pass
screen pass is the child of pass
flare pass is the child of pass
spot pass is the child of pass
handoff is the child of run
reverse is the child of run
double reverse is the child of reverse
end run is the child of run
power play is the child of football play
audible is the child of football play
touchback is the child of return
```"
47,"The taxonomy tree starts with ""fancier"" as the root, encompassing individuals with a strong enthusiasm or admiration for something or someone. Direct children of ""fancier"" include ""admirer,"" ""worshiper,"" and ""animal fancier,"" each representing a distinct type of enthusiasm. The ""admirer"" category branches into ""hero worshiper,"" indicating a strong admiration for a hero or someone considered exceptional, and ""suitor,"" which specifies a romantic interest. The ""worshiper"" category is more intense, implying a deep reverence or devotion, and can be exemplified by the concept of ""prince charming,"" an idealized romantic partner. The ""animal fancier"" category includes more specific types like ""bird fancier,"" ""cat fancier,"" and ""horseman,"" each denoting a particular animal interest. Additionally, ""technophile"" is a type of fancier with a strong enthusiasm for technology, and ""maniac"" represents an extreme or obsessive form of enthusiasm. This structure organizes fanciers from general to more specific forms of admiration or enthusiasm.

```taxonomy
admirer is the child of fancier
worshiper is the child of fancier
animal fancier is the child of fancier
technophile is the child of fancier
maniac is the child of fancier
hero worshiper is the child of admirer
suitor is the child of admirer
prince charming is the child of worshiper
bird fancier is the child of animal fancier
cat fancier is the child of animal fancier
horseman is the child of animal fancier
```"
48,"The taxonomy tree starts with ""vitality"" as the root, encompassing various qualities that convey a sense of life, energy, and dynamism. Direct children of ""vitality"" include ""energy,"" ""liveliness,"" ""vivacity,"" ""exuberance,"" and ""high-spiritedness,"" each representing a distinct aspect of vitality. The ""energy"" category branches into ""pep,"" indicating a lively and enthusiastic quality, and ""mettlesomeness,"" which suggests a spirited and courageous attitude. ""Liveliness"" further divides into ""breeziness,"" conveying a carefree and airy quality, and ""airiness,"" which implies a light and effortless nature. ""Vivacity"" leads to ""sparkle,"" indicating a bright and lively quality, and ""elan,"" which suggests a confident and stylish flair. ""Exuberance"" branches into ""irrepressibility,"" implying an unstoppable and uncontainable energy, and ""madness,"" which conveys an intense and unbridled enthusiasm. ""High-spiritedness"" includes ""pertness,"" indicating a lively and cheerful quality, and ""alacrity,"" which suggests a brisk and eager attitude. Additionally, ""lyricism"" and ""esprit"" are also children of ""vitality,"" representing artistic and spirited qualities, respectively. This hierarchical structure categorizes vitality-related concepts from general to more specific and nuanced expressions.

```taxonomy
energy is the child of vitality
liveliness is the child of vitality
vivacity is the child of vitality
exuberance is the child of vitality
high-spiritedness is the child of vitality
lyricism is the child of vitality
esprit is the child of vitality
pep is the child of energy
mettlesomeness is the child of energy
breeziness is the child of liveliness
airiness is the child of liveliness
sparkle is the child of vivacity
elan is the child of vivacity
irrepressibility is the child of exuberance
madness is the child of exuberance
pertness is the child of high-spiritedness
alacrity is the child of high-spiritedness
```"
49,"The taxonomy tree starts with ""club"" as the root, encompassing various types of blunt instruments used for striking or defense. Direct children of ""club"" include ""bat,"" ""bludgeon,"" ""cudgel,"" ""knobkerrie,"" and ""truncheon,"" each representing a distinct type of club-like object. The ""bat"" category branches into more specific types like ""baseball bat,"" used in sports, and ""table-tennis racquet,"" a smaller, lighter version used in table tennis. The ""bludgeon"" category includes ""blackjack,"" a type of club with a heavy end, and ""lathi,"" a long, sturdy stick often used for defense. ""Cudgel"" further branches to ""shillelagh,"" a traditional Irish club, and ""bastinado,"" a type of club used for punishment. ""Knobkerrie"" is a specific type of club originating from Africa. ""Truncheon"" is a category that includes ""paddle,"" a flat, broad club, and ""Indian club,"" a type of club used for exercise and martial arts. This hierarchical structure organizes clubs based on their design, materials, and uses, ranging from general categories to more specialized and culturally specific types.

```taxonomy
bat is the child of club
bludgeon is the child of club
cudgel is the child of club
knobkerrie is the child of club
truncheon is the child of club
baseball bat is the child of bat
table-tennis racquet is the child of bat
blackjack is the child of bludgeon
lathi is the child of bludgeon
shillelagh is the child of cudgel
bastinado is the child of cudgel
paddle is the child of truncheon
Indian club is the child of truncheon
```"
50,"The taxonomy tree starts with ""grant"" as the root, encompassing various forms of allocations or distributions. Direct children of ""grant"" include ""allotment,"" ""award,"" ""deal,"" and ""block grant,"" each representing a distinct type of allocation. The ""allotment"" category branches into ""parcel,"" indicating a specific portion of land or resources, and ""rationing,"" which involves controlled distribution, often in times of scarcity. ""Deal"" further divides into ""new deal,"" a specific policy or agreement, and ""reshuffle,"" implying a reorganization or reallocation of resources. The ""block grant"" category is a type of grant that provides a lump sum for a specific purpose, and it is closely related to ""grant-in-aid,"" which is a grant provided to support a particular project or activity. Additionally, ""addiction"" is a child of ""grant,"" as it can be considered a form of allocation or distribution of resources, albeit in a negative context. ""Reallotment"" is a child of ""allotment,"" indicating a reassignment or redistribution of resources. This hierarchical structure organizes grants from general to more specific forms, based on purpose, scope, and context.

```taxonomy
allotment is the child of grant
award is the child of grant
deal is the child of grant
block grant is the child of grant
addiction is the child of grant
parcel is the child of allotment
rationing is the child of allotment
reallotment is the child of allotment
new deal is the child of deal
reshuffle is the child of deal
grant-in-aid is the child of block grant
```"
51,"The taxonomy tree starts with ""arts and crafts"" as the root, encompassing various creative activities involving manual skills. Direct children of ""arts and crafts"" include ""handicraft,"" ""needlework,"" ""sewing,"" and ""bookbinding,"" each representing a distinct category of crafts. The ""needlework"" category includes techniques like ""crocheting,"" ""knitting,"" ""lace making,"" and ""suturing,"" which all involve the use of needles and threads. ""Sewing"" is a specific type of needlework that further branches into ""blind stitching,"" a technique used for invisible stitching. ""Handicraft"" is a broad category that includes ""spinning,"" ""weaving,"" and ""netting,"" all of which involve working with fibers or threads to create various items. This hierarchical structure organizes crafts from general categories to more specific techniques and activities, highlighting the diversity of manual skills within the realm of arts and crafts.

```taxonomy
handicraft is the child of arts and crafts
needlework is the child of arts and crafts
sewing is the child of arts and crafts
bookbinding is the child of arts and crafts
crocheting is the child of needlework
knitting is the child of needlework
lace making is the child of needlework
suturing is the child of needlework
blind stitching is the child of sewing
spinning is the child of handicraft
weaving is the child of handicraft
netting is the child of handicraft
```"
52,"The taxonomy tree starts with ""culture"" as the root, which encompasses various aspects of societal expression and trends. Direct children of ""culture"" include ""mass culture,"" ""fashion,"" and ""counterculture,"" each representing distinct categories of cultural phenomena. The ""fashion"" category branches into subtypes like ""haute couture,"" which denotes high-end fashion, and ""vogue,"" which signifies current fashion trends. ""Haute couture"" further includes ""New Look,"" a specific style revolutionized by Christian Dior. The ""mass culture"" category includes ""bandwagon,"" which refers to a widespread trend or movement, and ""fad,"" a short-lived fashion or interest. ""Fashion"" also leads to ""retro,"" which is a revival of past styles, and ""flower power,"" a style associated with the 1960s counterculture movement. The ""counterculture"" category includes ""cult of personality,"" which refers to a strong admiration or devotion to a particular individual, and is also associated with the ""flower power"" movement. Additionally, ""culture"" branches into ""virtu,"" which denotes a refined or discerning taste, and ""delicacy,"" which is a term used to describe something requiring careful handling or treatment. ""Taste"" is also a child of ""culture,"" encompassing personal preferences and styles. This hierarchical structure categorizes cultural phenomena from broad categories to more specific styles and trends.

```taxonomy
mass culture is the child of culture
fashion is the child of culture
counterculture is the child of culture
virtu is the child of culture
delicacy is the child of culture
taste is the child of culture
haute couture is the child of fashion
vogue is the child of fashion
New Look is the child of haute couture
retro is the child of fashion
flower power is the child of fashion
bandwagon is the child of mass culture
fad is the child of mass culture
cult of personality is the child of counterculture
letters is the child of culture
cut is the child of fashion
```"
53,"The taxonomy tree starts with ""statistic"" as the root, encompassing various quantitative measures used in data analysis. Direct children of ""statistic"" include ""vital statistics,"" ""demographic,"" and the broad categories of ""parametric statistic"" and ""nonparametric statistic,"" which distinguish between methods that assume a specific distribution and those that do not. Under ""parametric statistic,"" we find measures of central tendency like ""mean,"" ""median,"" ""mode,"" ""arithmetic mean,"" ""geometric mean,"" and ""harmonic mean,"" each providing a different way to describe the center of a dataset. ""Mean"" further branches into ""average,"" a general term for a central value, and more specific types like ""age norm,"" which refers to the average age within a population. Measures of variability and dispersion include ""standard deviation,"" ""variance,"" ""mean deviation,"" and ""moment,"" with ""moment"" leading to ""second moment,"" a specific type of moment that measures the spread of a distribution. ""Deviation"" branches into ""outlier,"" indicating data points significantly different from others. Correlation and association measures include ""correlation coefficient,"" which has several subtypes like ""product-moment correlation coefficient,"" ""rank-order correlation coefficient,"" ""Kendall test,"" ""tau coefficient of correlation,"" ""phi coefficient,"" ""biserial correlation coefficient,"" ""tetrachoric correlation coefficient,"" and ""coefficient of concordance,"" each assessing different aspects of relationship between variables. Regression analysis is represented by ""regression coefficient,"" and ""multiple correlation coefficient"" indicates the relationship between multiple variables. ""Time series"" represents a sequence of data points measured at regular time intervals. This taxonomy organizes statistical concepts from general categories to specific measures and techniques, reflecting the diversity of statistical analysis.

```taxonomy
vital statistics is the child of statistic
demographic is the child of statistic
parametric statistic is the child of statistic
nonparametric statistic is the child of statistic
mean is the child of parametric statistic
median is the child of parametric statistic
mode is the child of parametric statistic
arithmetic mean is the child of mean
geometric mean is the child of mean
harmonic mean is the child of mean
average is the child of mean
age norm is the child of mean
standard deviation is the child of parametric statistic
variance is the child of parametric statistic
mean deviation is the child of parametric statistic
moment is the child of parametric statistic
second moment is the child of moment
deviation is the child of parametric statistic
outlier is the child of deviation
correlation coefficient is the child of parametric statistic
product-moment correlation coefficient is the child of correlation coefficient
rank-order correlation coefficient is the child of correlation coefficient
Kendall test is the child of correlation coefficient
tau coefficient of correlation is the child of correlation coefficient
phi coefficient is the child of correlation coefficient
biserial correlation coefficient is the child of correlation coefficient
tetrachoric correlation coefficient is the child of correlation coefficient
coefficient of concordance is the child of correlation coefficient
regression coefficient is the child of parametric statistic
multiple correlation coefficient is the child of correlation coefficient
time series is the child of statistic
split-half correlation is the child of correlation coefficient
Kendall partial rank correlation is the child of correlation coefficient
covariance is the child of parametric statistic
```"
54,"The taxonomy tree starts with ""connection"" as the root, encompassing various concepts that relate to linking, joining, or associating things. Direct children of ""connection"" include ""link,"" ""linkage,"" ""bridge,"" ""concatenation,"" ""series,"" ""alliance,"" and ""involvement,"" each representing a distinct type of connection. The ""link"" category branches into ""silver cord,"" a metaphorical or symbolic connection, and ""bearing,"" which refers to the relevance or relation of one thing to another. ""Relevance"" further branches into ""relatedness,"" ""germaneness,"" ""applicability,"" and ""materiality,"" specifying the nature of the connection in terms of its pertinence, applicability, or importance. ""Implication"" and ""cogency"" are also children of ""relevance,"" highlighting the logical or persuasive connections between ideas. ""Involvement"" leads to ""inclusion,"" emphasizing the act of being part of a larger whole. ""Communication"" is a child of ""connection,"" encompassing the exchange of information or ideas between entities. This hierarchical structure organizes connection concepts from general to more specific forms, based on the nature, purpose, and context of the link.

```taxonomy
link is the child of connection
linkage is the child of connection
bridge is the child of connection
concatenation is the child of connection
series is the child of connection
alliance is the child of connection
involvement is the child of connection
communication is the child of connection
silver cord is the child of link
bearing is the child of link
relatedness is the child of relevance
germaneness is the child of relevance
applicability is the child of relevance
materiality is the child of relevance
implication is the child of relevance
cogency is the child of relevance
inclusion is the child of involvement
point is the child of connection
```"
55,"The taxonomy tree starts with ""metric unit"" as the root, encompassing various units of measurement within the metric system. Direct children of ""metric unit"" include ""metric linear unit,"" ""metric weight unit,"" and ""metric capacity unit,"" each representing a different dimension of measurement. 

Under ""metric linear unit,"" we find units of length, such as ""meter,"" which branches into smaller units like ""decameter,"" ""hectometer,"" ""kilometer,"" ""myriameter,"" and further into ""decimeter,"" ""centimeter,"" ""millimeter,"" ""micron,"" ""nanometer,"" ""angstrom,"" ""femtometer,"" and ""picometer."" This progression logically organizes units from larger to smaller scales.

The ""metric weight unit"" category includes units of mass, starting with ""gram,"" which has subcategories like ""dekagram,"" ""hectogram,"" ""kilogram,"" ""metric ton,"" ""quintal,"" ""centner,"" ""myriagram,"" ""hundredweight,"" and smaller units such as ""decigram,"" ""milligram,"" ""microgram,"" ""nanogram,"" and ""carat."" This structure reflects the hierarchical nature of weight measurements.

""Metric capacity unit"" pertains to units of volume, with ""liter"" as a central unit, branching into ""deciliter,"" ""centiliter,"" ""milliliter,"" ""cubic millimeter,"" and larger units like ""dekagram,"" ""hectoliter,"" ""kiloliter,"" and ""cubic kilometer."" This classification systematically organizes volume measurements from smaller to larger scales.

Additionally, ""gram molecule"" and ""gram atom"" are related to chemical measurements, while ""key"" and ""grain"" are less common or specialized units within the metric system.

```taxonomy
metric linear unit is the child of metric unit
metric weight unit is the child of metric unit
metric capacity unit is the child of metric unit
meter is the child of metric linear unit
decameter is the child of meter
hectometer is the child of meter
kilometer is the child of meter
myriameter is the child of meter
decimeter is the child of meter
centimeter is the child of meter
millimeter is the child of meter
micron is the child of meter
nanometer is the child of meter
angstrom is the child of meter
femtometer is the child of meter
picometer is the child of meter
gram is the child of metric weight unit
dekagram is the child of gram
hectogram is the child of gram
kilogram is the child of gram
metric ton is the child of gram
quintal is the child of gram
centner is the child of gram
myriagram is the child of gram
hundredweight is the child of gram
decigram is the child of gram
milligram is the child of gram
microgram is the child of gram
nanogram is the child of gram
carat is the child of gram
gram molecule is the child of gram
gram atom is the child of gram
liter is the child of metric capacity unit
deciliter is the child of liter
centiliter is the child of liter
milliliter is the child of liter
cubic millimeter is the child of liter
dekagram is the child of liter
hectoliter is the child of liter
kiloliter is the child of liter
cubic kilometer is the child of liter
key is the child of metric unit
grain is the child of metric unit
```"
56,"The taxonomy tree starts with ""priest"" as the root, representing individuals who serve as intermediaries between the divine and human realms. Direct children of ""priest"" include ""lama,"" ""magus,"" ""Druid,"" ""flamen,"" ""vestal virgin,"" ""bacchante,"" and ""votary,"" each representing a distinct type of spiritual or religious figure. The ""lama"" category includes specific positions like ""Dalai Lama"" and ""Panchen Lama,"" both significant in Tibetan Buddhism. The ""magus"" category branches to ""medicine man,"" indicating a spiritual healer, and ""shaman,"" a figure often associated with mystical and healing practices. ""Hoodoo"" is also a child of ""magus,"" representing a form of folk magic. ""Rainmaker"" is a specialized type of ""shaman"" who focuses on weather control. ""Rhea Silvia,"" a figure from Roman mythology, and ""Ezra,"" a biblical figure, are both classified under ""priest"" due to their roles in their respective traditions. ""Bacchant"" is a male counterpart to the ""bacchante,"" both associated with the worship of Dionysus. This structure organizes spiritual figures from general categories to more specific roles and titles, reflecting their functions and affiliations.

```taxonomy
lama is the child of priest
magus is the child of priest
Druid is the child of priest
flamen is the child of priest
vestal virgin is the child of priest
bacchante is the child of priest
votary is the child of priest
bacchant is the child of priest
Dalai Lama is the child of lama
Panchen Lama is the child of lama
medicine man is the child of magus
shaman is the child of magus
hoodoo is the child of magus
rainmaker is the child of shaman
Rhea Silvia is the child of priest
Ezra is the child of priest
```"
57,"The taxonomy tree begins with ""abstinence"" as the root, encompassing various forms of self-restraint or renunciation. Direct children of ""abstinence"" include ""asceticism,"" ""self-denial,"" ""mortification,"" and ""sobriety,"" each representing a distinct approach to abstaining from worldly or indulgent behaviors. The ""asceticism"" category branches into ""chastity,"" focusing on sexual restraint, and ""inhibition,"" which involves suppressing desires or impulses. ""Self-denial"" further leads to ""mortification,"" a more extreme form of self-denial often involving physical discomfort or pain. ""Sobriety"" is a specific type of abstinence related to refraining from intoxicating substances, which includes ""teetotaling,"" a complete avoidance of alcohol. ""Fast"" is a form of abstinence from food, which can be seen in practices like ""hunger strike,"" a deliberate refusal of food for a cause, and ""Ramadan,"" the Islamic holy month of fasting. ""Diet"" can also be considered a form of abstinence, focusing on restricting food intake for health or weight management. This hierarchical structure categorizes abstinence practices based on their focus, severity, and motivations.

```taxonomy
asceticism is the child of abstinence
self-denial is the child of abstinence
mortification is the child of self-denial
sobriety is the child of abstinence
chastity is the child of asceticism
inhibition is the child of asceticism
teetotaling is the child of sobriety
fast is the child of abstinence
hunger strike is the child of fast
Ramadan is the child of fast
diet is the child of abstinence
sawm is the child of fast
```"
58,"The taxonomy tree starts with ""larceny"" as the root, encompassing various forms of theft and unauthorized taking of property. Direct children of ""larceny"" include ""robbery,"" ""embezzlement,"" ""piracy,"" and ""plunderage,"" each representing distinct methods or contexts of theft. The ""robbery"" category branches into more specific types, such as ""armed robbery,"" ""highway robbery,"" ""dacoity,"" and ""raid,"" which involve force or intimidation. ""Embezzlement"" is a form of theft by those in positions of trust, while ""piracy"" specifically refers to theft on the high seas or in a similar context, leading to ""biopiracy,"" which involves the unauthorized use of biological materials. ""Plunderage"" is a broader category that includes ""rustling,"" which pertains to the theft of livestock, and ""pilferage,"" which involves the theft of small items. Other forms of larceny include ""petit larceny"" and ""grand larceny,"" distinguished by the value of the stolen goods, as well as ""shoplifting,"" which occurs in retail settings. ""Skimming"" is a form of theft involving the removal of small amounts from a larger sum, often in a financial context. ""Heist,"" ""caper,"" and ""rolling"" are more colloquial terms for specific types of theft, often involving cleverness or deception. ""Breach of trust with fraudulent intent"" is a legal term that encompasses various forms of theft by those in positions of trust. ""Highjacking"" involves the theft of vehicles or goods in transit. This hierarchical structure categorizes various forms of theft based on method, context, and severity.

```taxonomy
robbery is the child of larceny
embezzlement is the child of larceny
piracy is the child of larceny
plunderage is the child of larceny
petit larceny is the child of larceny
grand larceny is the child of larceny
shoplifting is the child of larceny
skimming is the child of larceny
armed robbery is the child of robbery
highway robbery is the child of robbery
dacoity is the child of robbery
raid is the child of robbery
biopiracy is the child of piracy
rustling is the child of plunderage
pilferage is the child of plunderage
heist is the child of larceny
caper is the child of larceny
rolling is the child of larceny
breach of trust with fraudulent intent is the child of larceny
highjacking is the child of larceny
```"
59,"The taxonomy tree begins with ""litigant"" as the root, encompassing all parties involved in a legal proceeding. Direct children of ""litigant"" include ""plaintiff"" and ""defendant,"" representing the two primary opposing parties in a lawsuit. The ""plaintiff"" category branches into more specific roles such as ""filer,"" indicating the party that initiates the lawsuit by filing a complaint, and ""suer,"" a general term for the party that brings a lawsuit. The ""defendant"" category includes subcategories like ""codefendant,"" indicating a party that is sued alongside another defendant, and ""respondent,"" which can refer to a defendant in a specific type of proceeding. The ""respondent"" category further branches to ""appellant,"" indicating a party that appeals a decision, and ""accused,"" which is a more general term for a defendant in a criminal case. Additionally, ""prevailing party"" is a subcategory of ""litigant,"" indicating the party that wins the lawsuit, which can be either the plaintiff or the defendant. The ""corespondent"" is a specific type of respondent, often used in divorce proceedings. This hierarchical structure logically organizes the roles of parties involved in legal proceedings, from general to more specific and nuanced classifications.

```taxonomy
plaintiff is the child of litigant
defendant is the child of litigant
filer is the child of plaintiff
suer is the child of plaintiff
codefendant is the child of defendant
respondent is the child of defendant
accused is the child of respondent
appellant is the child of respondent
corespondent is the child of respondent
prevailing party is the child of litigant
```"
60,"The taxonomy tree starts with ""compassion"" as the root, representing a broad range of feelings and attitudes related to kindness and concern for others. Directly under ""compassion"" are categories like ""sympathy,"" ""empathy,"" ""tenderness,"" ""forgiveness,"" and ""kindheartedness,"" each capturing a distinct aspect of compassionate behavior. The ""sympathy"" category branches into ""commiseration,"" indicating shared sorrow, and ""solicitude,"" which emphasizes a desire for another's well-being. ""Empathy"" is closely related but distinct, focusing on the ability to understand and share feelings. ""Tenderness"" encompasses ""mellowness"" and ""softheartedness,"" both describing gentle and affectionate qualities. ""Forgiveness"" is a specific aspect of compassion, involving the act of pardoning. ""Kindheartedness"" includes ""mercifulness,"" which involves showing mercy, and ""compatibility,"" which suggests a harmonious relationship. ""Heartstrings"" is a metaphorical expression of emotional connection, fitting under the broader umbrella of compassion. This structure organizes concepts from general compassionate attitudes to more specific expressions and qualities, highlighting the nuances of kindness and concern.

```taxonomy
sympathy is the child of compassion
empathy is the child of compassion
tenderness is the child of compassion
forgiveness is the child of compassion
kindheartedness is the child of compassion
commiseration is the child of sympathy
solicitude is the child of sympathy
mellowness is the child of tenderness
softheartedness is the child of tenderness
compatibility is the child of kindheartedness
mercifulness is the child of kindheartedness
heartstrings is the child of compassion
concern is the child of compassion
```"
61,"The taxonomy tree starts with ""rider"" as the root, encompassing individuals who ride various vehicles or animals. Direct children of ""rider"" include ""horseman,"" ""cyclist,"" and others that are more specific to their mode of riding. The ""horseman"" category branches into ""horsewoman,"" indicating a female equestrian, and further into specialized roles like ""jockey,"" who rides horses for racing, and ""fox hunter,"" who participates in equestrian hunting activities. The ""cyclist"" category includes ""pedaler,"" a general term for someone who rides a bicycle, and subcategories like ""unicyclist,"" who rides a unicycle, and notable figures in cycling history such as ""Merckx"" and ""Hinault,"" both famous professional cyclists. Other specialized riders include ""postilion,"" who rides a horse-drawn carriage, ""picador,"" a rider in a bullfight, and ""buster,"" possibly referring to a rodeo rider. The ""rider"" category also includes ""hang glider,"" who navigates an aircraft without an engine, and ""roughrider,"" a term that can refer to a variety of adventurous or skilled riders. This taxonomy organizes riders based on the mode of transportation or the activity they engage in.

```taxonomy
horseman is the child of rider
cyclist is the child of rider
postilion is the child of rider
picador is the child of rider
buster is the child of rider
roughrider is the child of rider
hang glider is the child of rider
horsewoman is the child of horseman
jockey is the child of horseman
fox hunter is the child of horseman
pedaler is the child of cyclist
unicyclist is the child of cyclist
Merckx is the child of cyclist
Hinault is the child of cyclist
```"
62,"The taxonomy tree starts with ""cruciferous vegetable"" as the root, encompassing a broad category of vegetables belonging to the Brassicaceae family. Direct children of this root include ""cabbage,"" ""broccoli,"" ""cauliflower,"" ""kale,"" ""collards,"" ""mustard,"" ""turnip,"" ""radish,"" and ""kohlrabi,"" each representing a distinct genus or type within the cruciferous family. The ""cabbage"" category branches into more specific types like ""head cabbage,"" ""savoy cabbage,"" ""red cabbage,"" ""Chinese cabbage,"" and ""bok choy,"" highlighting variations in appearance and cultivation. ""Broccoli"" leads to ""broccoli rabe,"" a variant with smaller florets and a stronger flavor, and ""brussels sprouts,"" which are essentially small, bud-like cabbages. ""Turnip"" further specifies into ""white turnip,"" indicating a particular coloration. ""Kale"" and ""collards"" remain as distinct, leafy green types. ""Mustard"" and ""radish"" are kept separate due to their distinct flavors and uses. This hierarchical structure categorizes cruciferous vegetables based on their botanical relationships and culinary distinctions.

```taxonomy
cabbage is the child of cruciferous vegetable
broccoli is the child of cruciferous vegetable
cauliflower is the child of cruciferous vegetable
kale is the child of cruciferous vegetable
collards is the child of cruciferous vegetable
mustard is the child of cruciferous vegetable
turnip is the child of cruciferous vegetable
radish is the child of cruciferous vegetable
kohlrabi is the child of cruciferous vegetable
head cabbage is the child of cabbage
savoy cabbage is the child of cabbage
red cabbage is the child of cabbage
Chinese cabbage is the child of cabbage
bok choy is the child of cabbage
broccoli rabe is the child of broccoli
brussels sprouts is the child of broccoli
white turnip is the child of turnip
```"
63,"The taxonomy tree starts with ""procellariiform seabird"" as the root, encompassing a group of seabirds that are adapted to life in the marine environment. Direct children of this root include ""albatross,"" ""petrel,"" and ""shearwater,"" which represent distinct families within this group. The ""albatross"" category branches into ""wandering albatross"" and ""black-footed albatross,"" specifying different species within this family. The ""petrel"" category is further divided into ""giant petrel,"" ""diving petrel,"" ""storm petrel,"" and ""white-chinned petrel,"" each representing a different genus or species within the petrel family. ""Storm petrel"" is also known as ""Mother Carey's chicken,"" indicating a common name for this species. The ""shearwater"" category includes ""Manx shearwater,"" a specific species within this family. Additionally, ""fulmar"" is a type of petrel, often classified under the petrel category. This hierarchical structure logically organizes the seabirds from a broad group to more specific families and species, based on their biological classification.

```taxonomy
albatross is the child of procellariiform seabird
petrel is the child of procellariiform seabird
shearwater is the child of procellariiform seabird
wandering albatross is the child of albatross
black-footed albatross is the child of albatross
giant petrel is the child of petrel
diving petrel is the child of petrel
storm petrel is the child of petrel
white-chinned petrel is the child of petrel
fulmar is the child of petrel
Manx shearwater is the child of shearwater
Mother Carey's chicken is the child of storm petrel
```"
64,"The taxonomy tree starts with ""rhythm"" as the root, encompassing various aspects of musical timing and meter. Direct children of ""rhythm"" include ""tempo,"" which refers to the speed or rate of a piece, and ""musical time,"" which pertains to the organization of music into patterns of duration. Under ""tempo"" are subcategories like ""allegro,"" indicating a fast tempo, which further branches into ""allegro con spirito"" (fast with spirit) and ""allegretto"" (moderately fast). Other tempo-related concepts include ""andante"" (at a walking pace), ""meno mosso"" (slightly slower), and ""accelerando"" (gradually increasing in speed). The ""musical time"" category includes ""common time"" (4/4 time), ""duple time"" (2/4 or 6/8 time), and ""triple time"" (3/4 time), which specify different rhythmic patterns. ""Syncopation"" is a child of ""rhythm,"" indicating emphasis on off-beat or unexpected parts of the rhythm, while ""rubato"" refers to a flexible, expressive tempo. ""Backbeat"" and ""downbeat"" are also children of ""rhythm,"" specifying the emphasis on certain beats in a measure. ""Upbeat"" is a child of ""rhythm"" as well, indicating the beat preceding the downbeat. ""In time"" is a child of ""rhythm"", indicating a consistent tempo. This structure categorizes rhythmic concepts from general to more specific, based on tempo, meter, and emphasis.

```taxonomy
tempo is the child of rhythm
musical time is the child of rhythm
syncopation is the child of rhythm
rubato is the child of rhythm
backbeat is the child of rhythm
downbeat is the child of rhythm
upbeat is the child of rhythm
in time is the child of rhythm
allegro is the child of tempo
allegro con spirito is the child of allegro
allegretto is the child of allegro
andante is the child of tempo
meno mosso is the child of tempo
accelerando is the child of tempo
common time is the child of musical time
duple time is the child of musical time
triple time is the child of musical time
```"
65,"The taxonomy tree here is centered around ""hominid"" as the root, encompassing various human-like species and their ancestors. Direct children of ""hominid"" include ""australopithecine,"" ""dryopithecine,"" and ""homo,"" each representing a distinct lineage within the hominid family. The ""australopithecine"" category branches into specific species such as ""Australopithecus afarensis,"" ""Australopithecus africanus,"" ""Australopithecus robustus,"" and ""Paranthropus,"" which includes ""Australopithecus boisei"" and ""Zinjanthropus."" The ""dryopithecine"" category includes ""Rudapithecus"" and ""Sivapithecus,"" representing an earlier lineage. The ""homo"" category is further divided into ""Homo habilis,"" ""Homo erectus,"" which includes ""Pithecanthropus,"" ""Java man,"" ""Peking man,"" and ""Sinanthropus,"" and ""Homo sapiens,"" which branches into ""Homo sapiens sapiens,"" ""Neandertal man,"" ""Cro-magnon,"" and ""Boskop man."" Notably, ""Solo man"" is a part of ""Homo erectus,"" and ""Lucy"" is an example of ""Australopithecus afarensis."" This structure organizes hominid species based on their evolutionary relationships and shared characteristics.

```taxonomy
australopithecine is the child of hominid
dryopithecine is the child of hominid
homo is the child of hominid
Australopithecus afarensis is the child of australopithecine
Australopithecus africanus is the child of australopithecine
Australopithecus robustus is the child of australopithecine
Paranthropus is the child of australopithecine
Australopithecus boisei is the child of Paranthropus
Zinjanthropus is the child of Paranthropus
Rudapithecus is the child of dryopithecine
Sivapithecus is the child of dryopithecine
Homo habilis is the child of homo
Homo erectus is the child of homo
Pithecanthropus is the child of Homo erectus
Java man is the child of Homo erectus
Peking man is the child of Homo erectus
Sinanthropus is the child of Homo erectus
Solo man is the child of Homo erectus
Homo sapiens is the child of homo
Homo sapiens sapiens is the child of Homo sapiens
Neandertal man is the child of Homo sapiens
Cro-magnon is the child of Homo sapiens
Boskop man is the child of Homo sapiens
Lucy is the child of Australopithecus afarensis
```"
66,"The taxonomy tree starts with ""nonsteroidal anti-inflammatory"" (NSAID) as the root, encompassing a broad class of medications used to reduce inflammation and pain. Direct children of ""NSAID"" include ""salicylate,"" ""fenamate,"" and various other specific types of NSAIDs. The ""salicylate"" category branches into ""aspirin,"" which has subcategories like ""buffered aspirin,"" ""enteric-coated aspirin,"" and ""aspirin powder,"" each representing different formulations of aspirin. ""Methyl salicylate"" and ""salol"" are also children of ""salicylate,"" indicating other compounds within this subclass. The ""fenamate"" category includes ""meclofenamate"" and ""mefenamic acid,"" highlighting specific medications within this group. Other direct children of ""NSAID"" include ""ibuprofen,"" ""naproxen,"" ""diclofenac,"" ""ketoprofen,"" ""indomethacin,"" and ""piroxicam,"" each representing a distinct type of NSAID. These categories further branch into specific formulations like ""diclofenac potassium,"" ""diclofenac sodium,"" ""naproxen sodium,"" and ""tolmetin sodium,"" among others. This hierarchical structure logically organizes NSAIDs from broad categories to specific medications and their formulations, based on their chemical properties and uses.

```taxonomy
salicylate is the child of nonsteroidal anti-inflammatory
fenamate is the child of nonsteroidal anti-inflammatory
ibuprofen is the child of nonsteroidal anti-inflammatory
naproxen is the child of nonsteroidal anti-inflammatory
diclofenac is the child of nonsteroidal anti-inflammatory
ketoprofen is the child of nonsteroidal anti-inflammatory
indomethacin is the child of nonsteroidal anti-inflammatory
piroxicam is the child of nonsteroidal anti-inflammatory
aspirin is the child of salicylate
methyl salicylate is the child of salicylate
salol is the child of salicylate
meclofenamate is the child of fenamate
mefenamic acid is the child of fenamate
buffered aspirin is the child of aspirin
enteric-coated aspirin is the child of aspirin
aspirin powder is the child of aspirin
diclofenac potassium is the child of diclofenac
diclofenac sodium is the child of diclofenac
naproxen sodium is the child of naproxen
tolmetin sodium is the child of tolmetin
ketorolac is the child of ketoprofen
ketorolac tromethamine is the child of ketorolac
flurbiprofen is the child of nonsteroidal anti-inflammatory
sulindac is the child of nonsteroidal anti-inflammatory
diflunisal is the child of nonsteroidal anti-inflammatory
etodolac is the child of nonsteroidal anti-inflammatory
nabumetone is the child of nonsteroidal anti-inflammatory
fenoprofen is the child of nonsteroidal anti-inflammatory
oxaprozin is the child of nonsteroidal anti-inflammatory
```"
67,"The taxonomy tree starts with ""venereal disease"" as the root, encompassing various sexually transmitted infections (STIs). Direct children of ""venereal disease"" include ""syphilis,"" ""gonorrhea,"" ""genital herpes,"" ""chlamydia,"" ""lymphogranuloma venereum,"" and ""granuloma inguinale,"" each representing a distinct type of STI. The ""syphilis"" category branches into stages of the disease: ""primary syphilis,"" the initial stage; ""secondary syphilis,"" characterized by a rash and other symptoms; and ""tertiary syphilis,"" the final stage, which can occur years after the initial infection. Within ""tertiary syphilis,"" ""neurosyphilis"" and ""tabes dorsalis"" are specific manifestations, with ""neurosyphilis"" affecting the central nervous system and ""tabes dorsalis"" causing damage to the spinal cord. This hierarchical structure logically organizes venereal diseases from broad categories to specific infections and their stages or manifestations.

```taxonomy
syphilis is the child of venereal disease
gonorrhea is the child of venereal disease
genital herpes is the child of venereal disease
chlamydia is the child of venereal disease
lymphogranuloma venereum is the child of venereal disease
granuloma inguinale is the child of venereal disease
primary syphilis is the child of syphilis
secondary syphilis is the child of syphilis
tertiary syphilis is the child of syphilis
neurosyphilis is the child of tertiary syphilis
tabes dorsalis is the child of tertiary syphilis
```"
68,"The taxonomy tree begins with ""post"" as the root, encompassing various types of vertical supports or structures. Direct children of ""post"" include broad categories like ""support column,"" ""column,"" ""stanchion,"" ""pile,"" and ""timber,"" each representing a distinct type of post based on its function, material, or design. The ""support column"" category branches into more specific types like ""atlas,"" which is a sculpted column, and ""caryatid,"" a column in the form of a human figure. The ""column"" category includes subtypes like ""lally,"" a metal column, and ""scantling,"" a small or narrow column. The ""stanchion"" category includes types like ""rudderpost,"" a post supporting a rudder, and ""carrick bitt,"" a post on a ship. The ""pile"" category includes subtypes like ""sheet pile,"" used in construction, and ""stump,"" a tree stump. The ""timber"" category includes types like ""shaft,"" a long, thin piece of timber, and ""scantling,"" also classified under column. Other direct children of ""post"" include ""gatepost,"" ""hitching post,"" ""lamppost,"" ""maypole,"" ""newel,"" ""newel post,"" ""queen post,"" ""king post,"" ""telephone pole,"" ""whipping post,"" and ""upright,"" each representing a specific type of post based on its function or design. This hierarchical arrangement logically organizes post types from general to more specialized forms, based on their characteristics and uses.

```taxonomy
support column is the child of post
column is the child of post
stanchion is the child of post
pile is the child of post
timber is the child of post
gatepost is the child of post
hitching post is the child of post
lamppost is the child of post
maypole is the child of post
newel is the child of post
newel post is the child of post
queen post is the child of post
king post is the child of post
telephone pole is the child of post
whipping post is the child of post
upright is the child of post
atlas is the child of support column
caryatid is the child of support column
lally is the child of column
scantling is the child of column
rudderpost is the child of stanchion
carrick bitt is the child of stanchion
sheet pile is the child of pile
stump is the child of pile
shaft is the child of timber
scantling is the child of timber
corner post is the child of post
hinging post is the child of post
shutting post is the child of post
bollard is the child of post
goalpost is the child of post
stile is the child of post
doorjamb is the child of post
jamb is the child of post
pilaster is the child of post
stake is the child of post
hop pole is the child of post
riding bitt is the child of post
```"
69,"The taxonomy tree starts with ""fern ally"" as the root, which includes various plant species that resemble ferns but belong to different evolutionary lineages. Direct children of ""fern ally"" are ""club moss,"" ""horsetail,"" ""spikemoss,"" and ""quillwort,"" each representing distinct groups of plants that are often mistaken for ferns. The ""club moss"" category branches into ""alpine clubmoss,"" ""fir clubmoss,"" ""ground pine,"" ""running pine,"" ""ground fir,"" and ""ground cedar,"" which are all types of club mosses with varying characteristics. ""Horsetail"" further divides into ""common horsetail,"" ""swamp horsetail,"" ""marsh horsetail,"" ""wood horsetail,"" and ""variegated horsetail,"" each representing different species within the horsetail family. The ""spikemoss"" category includes ""meadow spikemoss,"" ""rock spikemoss,"" and ""desert selaginella,"" which are all types of spikemosses with different habitats and characteristics. ""Quillwort"" is a distinct group of plants that resemble horsetails but belong to a different lineage. This hierarchical structure logically organizes fern allies from general categories to more specific species, based on their characteristics and evolutionary relationships.

```taxonomy
club moss is the child of fern ally
horsetail is the child of fern ally
spikemoss is the child of fern ally
quillwort is the child of fern ally
alpine clubmoss is the child of club moss
fir clubmoss is the child of club moss
ground pine is the child of club moss
running pine is the child of club moss
ground fir is the child of club moss
ground cedar is the child of club moss
common horsetail is the child of horsetail
swamp horsetail is the child of horsetail
marsh horsetail is the child of horsetail
wood horsetail is the child of horsetail
variegated horsetail is the child of horsetail
meadow spikemoss is the child of spikemoss
rock spikemoss is the child of spikemoss
desert selaginella is the child of spikemoss
florida selaginella is the child of spikemoss
shining clubmoss is the child of club moss
skeleton fork fern is the child of club moss
resurrection plant is the child of spikemoss
whisk fern is the child of fern ally
foxtail grass is the child of spikemoss
scouring rush is the child of horsetail
```"
70,"The taxonomy tree starts with ""culture"" as the root, encompassing various human societal structures and civilizations. Direct children of ""culture"" include ""society,"" ""civilization,"" and ""tribal society,"" each representing a distinct level of societal organization. The ""society"" category branches into ""open society,"" which values transparency and inclusivity, and ""Western culture,"" a specific cultural context. The ""civilization"" category is further divided into ancient civilizations such as ""Indus civilization,"" ""Cycladic civilization,"" ""Mycenaean civilization,"" ""Helladic civilization,"" ""Aegean civilization,"" and ""Minoan civilization,"" each representing a unique cultural and historical context. The ""tribal society"" category includes ""hunting and gathering tribe,"" which is a specific type of societal organization based on subsistence strategies. Additionally, ""Paleo-American culture"" and ""Clovis culture"" are classified under ""culture,"" as they represent early human cultures in the Americas. ""Folsom culture"" is a child of ""Paleo-American culture,"" indicating a more specific cultural context within the broader Paleo-American category. Lastly, ""Islam"" is also a child of ""culture,"" representing a major world religion that encompasses a wide range of cultural practices.

```taxonomy
society is the child of culture
civilization is the child of culture
tribal society is the child of culture
open society is the child of society
Western culture is the child of society
Indus civilization is the child of civilization
Cycladic civilization is the child of civilization
Mycenaean civilization is the child of civilization
Helladic civilization is the child of civilization
Aegean civilization is the child of civilization
Minoan civilization is the child of civilization
hunting and gathering tribe is the child of tribal society
Paleo-American culture is the child of culture
Clovis culture is the child of culture
Folsom culture is the child of Paleo-American culture
Islam is the child of culture
```"
71,"The taxonomy tree starts with ""paraphilia"" as the root, encompassing various forms of atypical or unconventional sexual behaviors and interests. Direct children of ""paraphilia"" include ""perversion,"" ""fetishism,"" ""voyeurism,"" ""exhibitionism,"" ""pedophilia,"" ""zoophilia,"" and ""sodomy,"" each representing a distinct category of paraphilic behavior. The ""oral sex"" category branches from the root, including subcategories like ""fellatio,"" ""cunnilingus,"" and ""soixante-neuf,"" which are specific forms of oral sexual activities. ""Fellatio"" further branches to ""cock sucking,"" a more explicit form of fellatio. ""Pedophilia"" branches to ""pederasty,"" which specifically refers to sexual relationships between adults and adolescent males. This hierarchical structure categorizes paraphilias based on their nature, focus, and specificity, providing a logical progression from broad categories to more detailed forms.

```taxonomy
perversion is the child of paraphilia
fetishism is the child of paraphilia
voyeurism is the child of paraphilia
exhibitionism is the child of paraphilia
pedophilia is the child of paraphilia
zoophilia is the child of paraphilia
sodomy is the child of paraphilia
oral sex is the child of paraphilia
fellatio is the child of oral sex
cunnilingus is the child of oral sex
soixante-neuf is the child of oral sex
cock sucking is the child of fellatio
pederasty is the child of pedophilia
```"
72,"The taxonomy tree starts with ""cardboard"" as the root, encompassing various types of stiff, thick paper-based materials. Direct children of ""cardboard"" include ""paperboard,"" ""millboard,"" ""strawboard,"" ""pasteboard,"" and ""corrugated board,"" each representing a distinct type of cardboard material. The ""paperboard"" category branches into ""binder's board,"" used in bookbinding, and ""card,"" a more general term for stiff paper. ""Millboard"" is a specific type of cardboard made from pulped paper, while ""strawboard"" and ""pasteboard"" are made from straw and paste, respectively. ""Corrugated board"" is a type of cardboard with a wavy layer for added strength. Under the broader category of ""packing material,"" which is a child of ""cardboard,"" we find ""excelsior,"" a type of packing material made from shredded paper or wood, and ""packing material"" itself, which can include various types of cardboard and other materials. The ""timecard"" is a specific application of cardboard, used for recording time. This hierarchical structure organizes cardboard types from general to more specialized forms, based on composition and use.

```taxonomy
paperboard is the child of cardboard
millboard is the child of cardboard
strawboard is the child of cardboard
pasteboard is the child of cardboard
corrugated board is the child of cardboard
packing material is the child of cardboard
binder's board is the child of paperboard
card is the child of paperboard
excelsior is the child of packing material
timecard is the child of cardboard
```"
73,"The taxonomy tree starts with ""squash"" as the root, encompassing a variety of types of squash. Direct children of ""squash"" include ""summer squash"" and ""winter squash,"" which differentiate based on the season of harvest and usage. Under ""summer squash,"" we find ""zucchini,"" ""yellow squash,"" ""cymling,"" and ""crookneck,"" which are typically harvested when immature and the rind is tender. The ""winter squash"" category includes ""acorn squash,"" ""butternut squash,"" ""buttercup squash,"" ""spaghetti squash,"" ""pumpkin,"" ""cushaw,"" ""cocozelle,"" ""hubbard squash,"" and ""turban squash,"" which are characterized by their hard rind and are often harvested when mature. ""Marrow"" is a type of squash that can be classified under ""summer squash"" or ""winter squash"" depending on the context, but for simplicity, it is placed directly under ""squash"" as it can refer to the flesh of various squash types. This structure categorizes squash varieties based on their seasonal usage and physical characteristics.

```taxonomy
summer squash is the child of squash
winter squash is the child of squash
zucchini is the child of summer squash
yellow squash is the child of summer squash
cymling is the child of summer squash
winter crookneck is the child of summer squash
acorn squash is the child of winter squash
butternut squash is the child of winter squash
buttercup squash is the child of winter squash
spaghetti squash is the child of winter squash
pumpkin is the child of winter squash
cushaw is the child of winter squash
cocozelle is the child of winter squash
hubbard squash is the child of winter squash
turban squash is the child of winter squash
marrow is the child of squash
```"
74,"The taxonomy tree starts with ""salesperson"" as the root, encompassing various roles involved in the sale or promotion of goods. Direct children of ""salesperson"" include ""salesman,"" ""salesgirl,"" ""salesclerk,"" and ""pitchman,"" each representing different types of sales professionals. The ""salesman"" category further branches into specialized roles like ""traveling salesman,"" who conducts sales on the road, and ""book agent,"" who focuses on selling books. The ""salesgirl"" category includes ""shop girl"" and ""midinette,"" which are terms used to describe female sales assistants, often in retail settings. ""Shop boy"" and ""tallyman"" are also included under ""salesclerk,"" indicating roles that involve assisting with sales and inventory management. ""Demonstrator"" is a specialized role under ""salesperson,"" focusing on showcasing products to potential customers. This hierarchical structure logically organizes sales roles from general to more specific types, based on job functions and settings.

```taxonomy
salesman is the child of salesperson
salesgirl is the child of salesperson
salesclerk is the child of salesperson
pitchman is the child of salesperson
demonstrator is the child of salesperson
traveling salesman is the child of salesman
book agent is the child of salesman
shop girl is the child of salesgirl
midinette is the child of salesgirl
shop boy is the child of salesclerk
tallyman is the child of salesclerk
```"
75,"The taxonomy tree starts with ""aphid"" as the root, encompassing a wide range of small, sap-sucking insects. Direct children of ""aphid"" include more specific categories like ""greenfly,"" ""blackfly,"" ""adelgid,"" and ""plant louse,"" each representing distinct subgroups within the aphid family. The ""adelgid"" category branches into ""woolly adelgid,"" which is known for its woolly appearance, and ""balsam woolly aphid,"" a specific type that infests balsam fir trees. The ""greenfly"" category includes ""green peach aphid,"" ""pale chrysanthemum aphid,"" and ""apple aphid,"" which are all specific types of greenflies that infest different plants. ""Apple aphid"" further branches into ""woolly apple aphid,"" which is a specific type of apple aphid with a woolly appearance. Other specific types of aphids include ""woolly aphid,"" ""pine leaf aphid,"" ""woolly alder aphid,"" and ""spruce gall aphid,"" each infesting different types of plants. ""Plant louse"" includes ""jumping plant louse,"" which is known for its jumping ability. ""Ant cow"" is a colloquial term for aphids that are tended by ants, and ""oak blight"" is not an aphid itself but can be caused by aphid infestations. ""Grape louse"" is an old term for grape phylloxera, which is not an aphid but a related insect.

```taxonomy
greenfly is the child of aphid
blackfly is the child of aphid
adelgid is the child of aphid
plant louse is the child of aphid
woolly adelgid is the child of adelgid
balsam woolly aphid is the child of adelgid
green peach aphid is the child of greenfly
pale chrysanthemum aphid is the child of greenfly
apple aphid is the child of greenfly
woolly apple aphid is the child of apple aphid
woolly aphid is the child of aphid
pine leaf aphid is the child of aphid
woolly alder aphid is the child of aphid
spruce gall aphid is the child of aphid
jumping plant louse is the child of plant louse
```"
76,"The taxonomy tree starts with ""great ape"" as the root, encompassing large, intelligent primates. Direct children of ""great ape"" include ""lesser ape"" and several species of great apes, such as ""gorilla,"" ""chimpanzee,"" and ""orangutan."" The ""gorilla"" category branches into subspecies like ""eastern lowland gorilla,"" ""western lowland gorilla,"" and ""mountain gorilla,"" each representing distinct populations. The ""chimpanzee"" category includes subspecies like ""central chimpanzee,"" ""eastern chimpanzee,"" ""western chimpanzee,"" and ""pygmy chimpanzee,"" highlighting regional variations. The ""lesser ape"" category includes ""gibbon"" and ""siamang,"" which are smaller and more agile than great apes. Notably, ""silverback"" is a term used to describe a mature, dominant male gorilla, indicating a social role rather than a distinct species. This hierarchical structure organizes great apes and lesser apes based on their evolutionary relationships and physical characteristics.

```taxonomy
gorilla is the child of great ape
chimpanzee is the child of great ape
orangutan is the child of great ape
lesser ape is the child of great ape
eastern lowland gorilla is the child of gorilla
western lowland gorilla is the child of gorilla
mountain gorilla is the child of gorilla
central chimpanzee is the child of chimpanzee
eastern chimpanzee is the child of chimpanzee
western chimpanzee is the child of chimpanzee
pygmy chimpanzee is the child of chimpanzee
gibbon is the child of lesser ape
siamang is the child of lesser ape
silverback is the child of gorilla
anthropoid ape is the child of great ape
```"
77,"The taxonomy tree starts with ""fragment"" as the root, representing small pieces or parts broken off from a larger whole. Direct children of ""fragment"" include ""scraping,"" ""scurf,"" ""scale,"" ""splinter,"" ""filing,"" ""ember,"" ""cinder,"" ""clast,"" and ""spall,"" each denoting a specific type of fragment based on origin, composition, or formation process. The ""splinter"" category is further divided into ""matchwood,"" indicating small, thin, and sharp fragments of wood, and ""splint,"" which is a longer, thinner fragment, often used for support. The ""filing"" category branches into ""metal filing,"" ""iron filing,"" and ""paring,"" specifying fragments produced through filing or scraping processes, with ""paring"" often referring to thin slices or shavings. ""Scurf"" and ""scale"" are related, with ""scurf"" being a general term for small, loose fragments, and ""scale"" often referring to thin, flat fragments, such as those from skin (dandruff) or minerals. ""Ember"" and ""cinder"" are types of fragments resulting from burning, with ""ember"" being a glowing, hot fragment and ""cinder"" being a small, extinguished fragment. ""Clast"" is a geological term for a fragment of rock, and ""spall"" refers to a small fragment broken off from a larger rock or mineral. ""Spark"" is a small, glowing fragment, often produced by friction or combustion. ""Bit"" is a small fragment, often used in a specific context, such as a bit of food or a bit of information. ""Restriction fragment"" is a specific type of fragment produced through a biochemical process. ""Brickbat"" and ""dander"" are less common terms, with ""brickbat"" referring to a small, usually rounded, fragment of brick or stone, and ""dander"" being small scales or fragments from skin or fur. ""Turning"" is not a direct fit into the taxonomy, as it can refer to a process or a shape, rather than a type of fragment.

```taxonomy
scraping is the child of fragment
scurf is the child of fragment
scale is the child of fragment
splinter is the child of fragment
filing is the child of fragment
ember is the child of fragment
cinder is the child of fragment
clast is the child of fragment
spall is the child of fragment
matchwood is the child of splinter
splint is the child of splinter
metal filing is the child of filing
iron filing is the child of filing
paring is the child of filing
dandruff is the child of scale
brickbat is the child of fragment
dander is the child of scurf
spark is the child of ember
restriction fragment is the child of fragment
bit is the child of fragment
```"
78,"The taxonomy tree starts with ""diviner"" as the root, encompassing various practitioners who claim to foresee or interpret the future through supernatural means. Direct children of ""diviner"" include broad categories such as ""prophet,"" ""augur,"" and specific types of diviners based on their methods or areas of expertise. The ""prophet"" category includes ""prophetess,"" indicating a female prophet, and ""Cassandra,"" a legendary figure known for her prophetic abilities. The ""augur"" category is more focused on interpreting signs and omens. Specific types of diviners based on their methods include ""hydromancer,"" who uses water; ""geomancer,"" who uses the earth; ""lithomancer,"" who uses stones; ""water witch,"" who uses water in a more magical sense; ""pyromancer,"" who uses fire; ""oneiromancer,"" who interprets dreams; ""necromancer,"" who communicates with the dead; ""onomancer,"" who uses names; and ""sibyl,"" a legendary figure known for her prophetic abilities. This hierarchical structure organizes diviners from general categories to more specific types based on their methods or areas of expertise.

```taxonomy
prophet is the child of diviner
augur is the child of diviner
hydromancer is the child of diviner
geomancer is the child of diviner
lithomancer is the child of diviner
water witch is the child of diviner
pyromancer is the child of diviner
oneiromancer is the child of diviner
necromancer is the child of diviner
onomancer is the child of diviner
sibyl is the child of diviner
prophetess is the child of prophet
Cassandra is the child of prophet
```"
79,"The taxonomy tree starts with ""derangement"" as the root, encompassing various states of mental disorder or disturbance. Direct children of ""derangement"" include ""dementia,"" ""craziness,"" ""insanity,"" and ""irrationality,"" each representing a distinct aspect of mental disruption. The ""dementia"" category branches into more specific forms, such as ""Alzheimer's disease,"" a well-known cause of progressive cognitive decline; ""Pick's disease,"" another neurodegenerative disorder; ""presenile dementia,"" affecting individuals before the age of 65; and ""senile dementia,"" typically affecting older adults. ""Alcoholic dementia"" is a specific type of dementia caused by chronic alcohol abuse. ""Craziness"" and ""insanity"" are more general terms for severe mental disturbance, with ""lunacy"" being an outdated term for insanity. This hierarchical structure categorizes mental disorders from broad, general terms to more specific, medically defined conditions, providing a logical progression from nonspecific to specific forms of derangement.

```taxonomy
dementia is the child of derangement
craziness is the child of derangement
insanity is the child of derangement
irrationality is the child of derangement
Alzheimer's disease is the child of dementia
Pick's disease is the child of dementia
presenile dementia is the child of dementia
senile dementia is the child of dementia
alcoholic dementia is the child of dementia
lunacy is the child of insanity
```"
80,"The taxonomy tree starts with ""discomycete"" as the root, which is a broad category of fungi characterized by their cup-shaped fruiting bodies. Direct children of ""discomycete"" include various families and genera, such as ""Pezizaceae"" (implied by the presence of Peziza domicilina), ""Sarcosomataceae,"" ""Geglossaceae,"" and ""Clavicipitaceae,"" each representing distinct lineages within the discomycetes. The ""Sarcosomataceae"" family branches into specific genera like ""Sarcoscypha"" (with Sarcoscypha coccinea) and ""Urnula"" (with Urnula craterium and devil's urn), and ""Galiella"" (with Galiella rufa). The ""Pezizaceae"" family includes genera such as ""Peziza"" (with Peziza domicilina), ""Aleuria"" (with Aleuria aurantia), and ""Caloscypha"" (with Caloscypha fulgens). Other specific species like ""Jafnea semitosta,"" ""Mitrula elegans,"" ""Leotia lubrica,"" and ""winter urn"" are also part of this classification, often grouped under more general categories like ""ascomycete"" or directly under ""discomycete"" due to their characteristics. This structure organizes discomycetes from broad families and genera to specific species, highlighting their relationships and diversity.

```taxonomy
Sarcosomataceae is the child of discomycete
Geglossaceae is the child of discomycete
Clavicipitaceae is the child of discomycete
Pezizaceae is the child of discomycete
Sarcoscypha is the child of Sarcosomataceae
Urnula is the child of Sarcosomataceae
Galiella is the child of Sarcosomataceae
Peziza is the child of Pezizaceae
Aleuria is the child of Pezizaceae
Caloscypha is the child of Pezizaceae
Jafnea is the child of discomycete
Mitrula is the child of discomycete
Leotia is the child of discomycete
ascomycete is the parent of discomycete
Sarcoscypha coccinea is the child of Sarcoscypha
Urnula craterium is the child of Urnula
devil's urn is the child of Urnula
Galiella rufa is the child of Galiella
Peziza domicilina is the child of Peziza
Aleuria aurantia is the child of Aleuria
Caloscypha fulgens is the child of Caloscypha
Jafnea semitosta is the child of Jafnea
Mitrula elegans is the child of Mitrula
Leotia lubrica is the child of Leotia
winter urn is the child of discomycete
devil's cigar is the child of discomycete
Rufous rubber cup is the child of discomycete
charred pancake cup is the child of discomycete
black felt cup is the child of discomycete
soldier grainy club is the child of discomycete
grainy club is the child of discomycete
blood cup is the child of discomycete
```"
81,"The taxonomy tree starts with ""calculator"" as the root, encompassing various devices and tools used for mathematical calculations. Direct children of ""calculator"" include ""abacus,"" ""adder,"" ""subtracter,"" ""counter,"" and ""adding machine,"" each representing a distinct type of calculation tool. The ""abacus"" category is a traditional, manual counting device, while ""adder"" and ""subtracter"" are specific types of calculators focused on addition and subtraction, respectively. ""Counter"" is a broad category that includes ""pulse counter"" and ""scaler,"" which are used for counting discrete events or quantities. ""Adding machine"" is a mechanical device for performing arithmetic operations, leading to the ""hand calculator,"" a portable, manual device for calculations. ""Napier's bones"" is a specific type of manual calculator using rods for multiplication and division, fitting under the broader ""calculator"" category. ""Quipu"" is an ancient, non-electronic device used for record-keeping and calculation, also branching from the root. This structure logically organizes calculators from general to more specialized forms, based on functionality and historical development.

```taxonomy
abacus is the child of calculator
adder is the child of calculator
subtracter is the child of calculator
counter is the child of calculator
adding machine is the child of calculator
pulse counter is the child of counter
scaler is the child of counter
hand calculator is the child of adding machine
Napier's bones is the child of calculator
quipu is the child of calculator
```"
82,"The taxonomy tree starts with ""law enforcement agency"" as the root, encompassing various organizations responsible for enforcing laws and maintaining order. Direct children of ""law enforcement agency"" include ""police,"" ""secret police,"" and ""federal law enforcement agency,"" each representing a distinct type of law enforcement organization. The ""police"" category branches into subcategories like ""local police"" (implied by the presence of ""Scotland Yard"" and ""posse""), ""national police"" (represented by ""Royal Canadian Mounted Police""), and ""international police"" (exemplified by ""Europol""). The ""secret police"" category includes historical and contemporary examples like ""Gestapo,"" ""Schutzstaffel,"" and ""Mutawa'een,"" which are known for their covert operations. The ""federal law enforcement agency"" category is further divided into subcategories like ""investigative agency"" (including ""Federal Bureau of Investigation"" and ""Drug Enforcement Administration""), ""enforcement agency"" (represented by ""Bureau of Alcohol Tobacco and Firearms""), and ""correctional agency"" (exemplified by ""Federal Bureau of Prisons""). Additionally, ""support agencies"" like ""National Institute of Justice"" and ""Federal Law Enforcement Training Center"" provide resources and training for law enforcement personnel. This hierarchical structure logically organizes law enforcement agencies based on their scope, function, and level of operation.

```taxonomy
police is the child of law enforcement agency
secret police is the child of law enforcement agency
federal law enforcement agency is the child of law enforcement agency
Scotland Yard is the child of police
posse is the child of police
Royal Canadian Mounted Police is the child of police
Europol is the child of police
Gestapo is the child of secret police
Schutzstaffel is the child of secret police
Mutawa'een is the child of secret police
Federal Bureau of Investigation is the child of federal law enforcement agency
Drug Enforcement Administration is the child of federal law enforcement agency
Bureau of Alcohol Tobacco and Firearms is the child of federal law enforcement agency
Federal Bureau of Prisons is the child of federal law enforcement agency
National Institute of Justice is the child of federal law enforcement agency
Federal Law Enforcement Training Center is the child of federal law enforcement agency
United States Marshals Service is the child of federal law enforcement agency
Criminal Investigation Command is the child of federal law enforcement agency
Financial Crimes Enforcement Network is the child of federal law enforcement agency
Federal Judiciary is the child of federal law enforcement agency
gendarmerie is the child of police
```"
83,"The taxonomy tree starts with ""accident"" as the root, encompassing various types of unfortunate events resulting in damage or harm. Direct children of ""accident"" include ""injury,"" ""collision,"" and ""shipwreck,"" each representing a distinct category of accidents. The ""injury"" category branches into more specific types like ""concussion,"" a type of head injury, and ""mutilation"" or ""dismemberment,"" indicating severe physical harm. The ""collision"" category is further divided into ""crash,"" a general term for a violent impact, and ""pileup,"" which specifies a multi-vehicle collision. ""Crash"" then branches into ""smash,"" a more forceful collision, and ""prang,"" a British slang term for a minor collision. ""Collision"" also includes ""fender-bender,"" a minor collision typically involving vehicle body damage. Additionally, ""accident"" has a child node ""fatal accident,"" indicating an accident resulting in death. ""Shipwreck"" and ""capsizing"" are specific types of accidents involving vessels. ""Collateral damage"" is a broader term that can result from various accidents, indicating damage to surrounding people or property not directly involved in the accident. This structure logically organizes accidents from general to more specific types, based on severity, impact, and context.

```taxonomy
injury is the child of accident
collision is the child of accident
shipwreck is the child of accident
fatal accident is the child of accident
concussion is the child of injury
mutilation is the child of injury
dismemberment is the child of injury
crash is the child of collision
pileup is the child of collision
smash is the child of crash
prang is the child of crash
fender-bender is the child of collision
capsizing is the child of shipwreck
collateral damage is the child of accident
```"
84,"The taxonomy tree starts with ""behavior"" as the root, encompassing various forms of human conduct. Direct children of ""behavior"" include ""aggression,"" ""discourtesy,"" ""indelicacy,"" ""bohemianism,"" and ""self-assertion,"" each representing distinct categories of behavior. The ""aggression"" category branches into subcategories like ""bullying,"" ""terrorization,"" ""dirty tricks,"" and ""dirty pool,"" which all involve hostile or harmful actions towards others. ""Bullying"" further branches into ""aggro,"" indicating aggressive behavior, and ""mock,"" which involves mocking or ridiculing others. ""Discourtesy"" includes subcategories like ""insult,"" ""derision,"" ""snub,"" ""rebuff,"" and ""indignity,"" all of which involve disrespectful or demeaning behavior. ""Indelicacy"" encompasses ""presumption,"" ""bitchery,"" and ""insolence,"" which all involve a lack of tact or propriety. ""Bohemianism"" represents unconventional behavior, while ""self-assertion"" involves confident or forceful behavior. ""Easiness"" is a contrasting category, indicating a relaxed or casual attitude. This hierarchical structure organizes behaviors from general categories to more specific forms, highlighting the nuances of human conduct.

```taxonomy
aggression is the child of behavior
discourtesy is the child of behavior
indelicacy is the child of behavior
bohemianism is the child of behavior
self-assertion is the child of behavior
easiness is the child of behavior
bullying is the child of aggression
terrorization is the child of aggression
dirty tricks is the child of aggression
dirty pool is the child of aggression
aggro is the child of bullying
mock is the child of bullying
insult is the child of discourtesy
derision is the child of discourtesy
snub is the child of discourtesy
rebuff is the child of discourtesy
indignity is the child of discourtesy
presumption is the child of indelicacy
bitchery is the child of indelicacy
insolence is the child of indelicacy
silent treatment is the child of discourtesy
last straw is the child of discourtesy
aggravation is the child of discourtesy
scandalization is the child of discourtesy
twit is the child of discourtesy
the way of the world is the child of behavior
raising hell is the child of behavior
```"
85,"The taxonomy tree begins with ""light"" as the root, encompassing various forms and sources of illumination. Direct children of ""light"" include ""luminescence,"" ""radiance,"" and ""beam,"" each representing a distinct aspect of light. The ""luminescence"" category branches into ""incandescence,"" ""fluorescence,"" ""phosphorescence,"" ""chemiluminescence,"" ""bioluminescence,"" and ""autofluorescence,"" which are different mechanisms of light emission. ""Incandescence"" includes ""candlelight,"" ""firelight,"" ""gaslight,"" ""lamplight,"" and ""torchlight,"" representing light from heated sources. ""Radiance"" encompasses natural light sources like ""sunlight,"" ""daylight,"" ""moonlight,"" ""starlight,"" and ""sunbeam,"" with ""sunburst"" and ""moonbeam"" as specific instances of intense sunlight and moonlight, respectively. ""Beam"" includes ""laser beam,"" ""heat ray,"" and ""infrared ray,"" which are concentrated or directed forms of light. ""Glow"" is a child of ""light,"" leading to ""glow"" and ""scintillation,"" which describe soft or intermittent light. ""Twilight"" and ""half-light"" represent periods of partial illumination. ""Aureole"" and ""corona"" describe light surrounding celestial bodies. ""Counterglow"" and ""sky glow"" pertain to diffuse light in the atmosphere. ""Streamer,"" ""meteor,"" and ""bolide"" are related to transient, moving lights in the sky. ""Friar's lantern"" is a specific type of glowing object. This hierarchical structure categorizes light sources and phenomena from general to specific, based on their origin, characteristics, and effects.

```taxonomy
luminescence is the child of light
radiance is the child of light
beam is the child of light
glow is the child of light
incandescence is the child of luminescence
fluorescence is the child of luminescence
phosphorescence is the child of luminescence
chemiluminescence is the child of luminescence
bioluminescence is the child of luminescence
autofluorescence is the child of luminescence
candlelight is the child of incandescence
firelight is the child of incandescence
gaslight is the child of incandescence
lamplight is the child of incandescence
torchlight is the child of incandescence
sunlight is the child of radiance
daylight is the child of radiance
moonlight is the child of radiance
starlight is the child of radiance
sunbeam is the child of radiance
sunburst is the child of sunlight
moonbeam is the child of moonlight
laser beam is the child of beam
heat ray is the child of beam
infrared ray is the child of beam
twilight is the child of light
half-light is the child of light
aureole is the child of light
corona is the child of light
counterglow is the child of light
sky glow is the child of light
streamer is the child of light
meteor is the child of light
bolide is the child of light
friar's lantern is the child of light
scintillation is the child of glow
low beam is the child of beam
high beam is the child of beam
```"
86,"The taxonomy tree starts with ""gymnastic exercise"" as the root, encompassing various physical activities performed in gymnastics. Direct children of ""gymnastic exercise"" include ""hang,"" ""dip,"" ""kip,"" ""lever hang,"" ""circle,"" and ""handstand,"" each representing a distinct category of exercises. The ""hang"" category branches into more specific types, including ""straight hang,"" ""bent hang,"" ""inverted hang,"" ""pike reverse hang,"" and ""reverse hang,"" which vary in body position and orientation. The ""circle"" category includes ""grand circle,"" ""double leg circle,"" and ""straddle,"" which involve circular movements of the legs. The ""handstand"" category is a specific type of exercise where the body is inverted, supported by the hands. Additionally, ""scissors"" and ""crucifix"" are specific exercises that can be performed in various contexts, including gymnastics. This hierarchical structure organizes gymnastic exercises from broad categories to more specialized movements, based on the type of movement and body position.

```taxonomy
hang is the child of gymnastic exercise
dip is the child of gymnastic exercise
kip is the child of gymnastic exercise
lever hang is the child of gymnastic exercise
circle is the child of gymnastic exercise
handstand is the child of gymnastic exercise
straight hang is the child of hang
bent hang is the child of hang
inverted hang is the child of hang
pike reverse hang is the child of hang
reverse hang is the child of hang
grand circle is the child of circle
double leg circle is the child of circle
straddle is the child of circle
scissors is the child of gymnastic exercise
crucifix is the child of gymnastic exercise
long fly is the child of gymnastic exercise
```"
87,"The taxonomy tree starts with ""neckwear"" as the root, encompassing various types of clothing items worn around the neck. Direct children of ""neckwear"" include ""necktie,"" ""ascot,"" ""cravat,"" ""bow tie,"" and ""bolo tie,"" each representing a distinct category of neck adornments. The ""necktie"" category branches into more specific types like ""Windsor tie,"" known for its wide triangular shape; ""four-in-hand,"" a simple and classic style; and ""old school tie,"" typically associated with alumni or traditional institutions. The ""cravat"" leads to ""neckcloth,"" a more general term for cloth worn around the neck, often more casual or historical. The ""bow tie"" category includes the ""black tie"" and ""white tie,"" which are formal dress codes that often feature bow ties as a key component. This hierarchical structure categorizes neckwear based on style, functionality, and formality, organizing the concepts from general to more specific and nuanced forms.

```taxonomy
necktie is the child of neckwear
ascot is the child of neckwear
cravat is the child of neckwear
bow tie is the child of neckwear
bolo tie is the child of neckwear
Windsor tie is the child of necktie
four-in-hand is the child of necktie
old school tie is the child of necktie
neckcloth is the child of cravat
black tie is the child of bow tie
white tie is the child of bow tie
```"
88,"The taxonomy tree starts with ""vestment"" as the root, encompassing various types of clothing worn for ceremonial, liturgical, or academic purposes. Direct children of ""vestment"" include ""gown,"" ""cassock,"" and ""pontifical,"" each representing a distinct category of vestments. The ""gown"" category branches into more specific types like ""academic gown,"" worn for academic ceremonies, and ""Geneva gown,"" a type of gown associated with the Reformed tradition. The ""cassock"" category includes ""soutane,"" a type of cassock worn by Catholic clergy, and ""alb,"" a white garment worn under other vestments. The ""pontifical"" category pertains to vestments worn by bishops and includes ""chasuble,"" a sleeveless garment worn over the alb, and ""humeral veil,"" a piece of fabric worn over the shoulders. Additionally, ""surplice"" is a child of ""vestment,"" representing a type of garment worn over the cassock. The ""pallium"" is a specific type of vestment worn by archbishops, indicating a high level of authority. This hierarchical structure logically organizes vestments based on their purpose, design, and level of formality.

```taxonomy
gown is the child of vestment
cassock is the child of vestment
pontifical is the child of vestment
surplice is the child of vestment
academic gown is the child of gown
Geneva gown is the child of gown
soutane is the child of cassock
alb is the child of cassock
chasuble is the child of pontifical
humeral veil is the child of pontifical
pallium is the child of vestment
```"
89,"The taxonomy tree starts with ""acrobatic stunt"" as the root, encompassing various physical movements that involve tumbling, balancing, or aerial rotations. Direct children of ""acrobatic stunt"" include ""flip-flop,"" ""tumble,"" ""headstand,"" and ""backbend,"" each representing a distinct category of acrobatic movements. The ""tumble"" category branches into more specific types like ""cartwheel,"" which involves a rotating motion with hands and feet, and ""walkover,"" which is a forward or backward walk on hands. The ""flip-flop"" category includes ""handspring,"" which is a springing motion using the hands, and ""somersault,"" which is a complete rotation of the body. The ""headstand"" category is a specific type of balance on the head, while ""backbend"" includes movements that arch the back, such as ""back circle."" Additionally, ""split"" is a movement that involves a wide straddle, often used in conjunction with other acrobatic stunts. This hierarchical structure logically organizes acrobatic stunts from general categories to more specific and complex movements.

```taxonomy
flip-flop is the child of acrobatic stunt
tumble is the child of acrobatic stunt
headstand is the child of acrobatic stunt
backbend is the child of acrobatic stunt
handspring is the child of flip-flop
somersault is the child of flip-flop
cartwheel is the child of tumble
walkover is the child of tumble
back circle is the child of backbend
split is the child of acrobatic stunt
```"
90,"The taxonomy tree starts with ""endocrine gland"" as the root, encompassing organs that produce and secrete hormones directly into the bloodstream. Direct children of ""endocrine gland"" include ""pituitary,"" ""thyroid gland,"" ""adrenal gland,"" ""parathyroid gland,"" ""thymus gland,"" ""pineal gland,"" and ""gonad,"" each representing a distinct type of endocrine gland. The ""pituitary"" category branches into ""anterior pituitary"" and ""posterior pituitary,"" as well as ""pars intermedia"" and ""pars distalis,"" which are specific parts of the pituitary gland. The ""adrenal gland"" category includes ""adrenal cortex"" and ""adrenal medulla,"" highlighting the different functional regions within the adrenal gland. The ""gonad"" category is further divided into ""ovary,"" ""testis,"" and ""ovotestis,"" representing the different types of reproductive organs. Additionally, ""islands of Langerhans"" is a specific part of the pancreas that functions as an endocrine gland, and ""corpus luteum"" is a temporary endocrine structure in the female reproductive system. ""Prostate gland"" is also included as a type of endocrine gland. This hierarchical structure organizes endocrine glands based on their function, location, and specificity.

```taxonomy
pituitary is the child of endocrine gland
thyroid gland is the child of endocrine gland
adrenal gland is the child of endocrine gland
parathyroid gland is the child of endocrine gland
thymus gland is the child of endocrine gland
pineal gland is the child of endocrine gland
gonad is the child of endocrine gland
anterior pituitary is the child of pituitary
posterior pituitary is the child of pituitary
pars intermedia is the child of pituitary
pars distalis is the child of pituitary
adrenal cortex is the child of adrenal gland
adrenal medulla is the child of adrenal gland
ovary is the child of gonad
testis is the child of gonad
ovotestis is the child of gonad
islands of Langerhans is the child of endocrine gland
corpus luteum is the child of endocrine gland
prostate gland is the child of endocrine gland
```"
91,"The taxonomy tree in this case is organized with ""applicant"" as the root, encompassing various individuals or entities that express interest or make requests for something. Direct children of ""applicant"" include ""petitioner,"" ""bidder,"" ""job candidate,"" ""fundraiser,"" ""solicitor,"" and ""claimant,"" each representing a distinct type of application or request. The ""petitioner"" category includes individuals who formally request something, such as ""postulant,"" who is a candidate for a position or office, and ""aspirant,"" indicating someone who has ambitions or desires for a particular role or status. The ""bidder"" category can be related to ""submitter,"" who presents a proposal or offer, and ""besieger,"" who attempts to gain control or possession of something through force or pressure. ""Job candidate"" is a specific type of applicant, while ""fundraiser"" and ""solicitor"" are individuals who request financial support or donations. ""Claimant"" is someone who asserts a right or title to something. Additionally, ""applicant"" can be classified as ""possible,"" ""probable,"" ""material,"" or ""pretender,"" depending on their likelihood of success or relevance to the application process. This hierarchical structure categorizes applicants based on their intentions, actions, and characteristics, providing a nuanced understanding of the various types of applications and requests.

```taxonomy
petitioner is the child of applicant
bidder is the child of applicant
job candidate is the child of applicant
fundraiser is the child of applicant
solicitor is the child of applicant
claimant is the child of applicant
postulant is the child of petitioner
aspirant is the child of petitioner
submitter is the child of bidder
besieger is the child of bidder
possible is the child of applicant
probable is the child of applicant
material is the child of applicant
pretender is the child of applicant
```"
92,"The taxonomy tree starts with ""saw"" as the root, encompassing various tools used for cutting through materials. Direct children of ""saw"" include broad categories like ""handsaw,"" ""pruning saw,"" ""backsaw,"" ""hacksaw,"" and ""coping saw,"" each representing a distinct type of saw based on its design, application, or functionality. The ""handsaw"" category branches into more specific types, including ""ripsaw,"" used for cutting with the grain; ""crosscut saw,"" for cutting across the grain; ""two-handed saw,"" designed for use with both hands; ""bucksaw,"" a frame saw for cutting logs; and ""pitsaw,"" a type of saw used in a pit for cutting logs. The ""pruning saw"" category includes ""pruner,"" a tool for cutting and trimming plants, and ""folding saw,"" a compact, portable saw for pruning. The ""backsaw"" category is a specific type of handsaw with a stiffened back, often used for precise cuts. The ""hacksaw"" is a type of saw for cutting metal, and ""coping saw"" is used for curved cuts. Other specialized saws include ""keyhole saw,"" for cutting small, intricate shapes; ""compass saw,"" for cutting curved lines; and ""crown saw,"" for making precise cuts in wood. This hierarchical structure categorizes saws based on their design, application, and functionality, providing a logical progression from general to specific types.

```taxonomy
handsaw is the child of saw
pruning saw is the child of saw
backsaw is the child of saw
hacksaw is the child of saw
coping saw is the child of saw
ripsaw is the child of handsaw
crosscut saw is the child of handsaw
two-handed saw is the child of handsaw
bucksaw is the child of handsaw
pitsaw is the child of handsaw
pruner is the child of pruning saw
folding saw is the child of pruning saw
keyhole saw is the child of saw
compass saw is the child of saw
crown saw is the child of saw
bill is the child of saw
```"
93,"The taxonomy tree starts with ""spore"" as the root, encompassing various types of reproductive or dispersal units found in plants, fungi, and other organisms. Direct children of ""spore"" include broad categories like ""pollen,"" ""conidium,"" ""zygospore,"" ""oospore,"" ""agamete,"" and ""resting spore,"" each representing different forms or functions of spores. The ""pollen"" category branches into more specific types like ""ragweed pollen"" and ""pollinium,"" highlighting specific sources or forms of pollen. ""Conidium"" leads to subcategories such as ""chlamydospore"" and ""teliospore,"" which are types of fungal spores. ""Zygospore"" is a specific type of spore formed by the union of two gametes, while ""oospore"" is a type of spore produced by oomycetes. ""Agamete"" is a non-motile spore, and ""resting spore"" is a type of spore that remains dormant until conditions are favorable for growth. Other categories like ""basidiospore,"" ""ascospore,"" ""aeciospore,"" ""microspore,"" ""megaspore,"" ""tetraspore,"" ""carpospore,"" ""endospore,"" and ""zoospore"" represent various specialized spore types, often associated with specific groups of organisms or reproductive strategies. This hierarchical structure organizes spores based on their characteristics, functions, and the organisms that produce them.

```taxonomy
pollen is the child of spore
conidium is the child of spore
zygospore is the child of spore
oospore is the child of spore
agamete is the child of spore
resting spore is the child of spore
basidiospore is the child of spore
ascospore is the child of spore
aeciospore is the child of spore
microspore is the child of spore
megaspore is the child of spore
tetraspore is the child of spore
carpospore is the child of spore
endospore is the child of spore
zoospore is the child of spore
chlamydospore is the child of conidium
teliospore is the child of conidium
ragweed pollen is the child of pollen
pollinium is the child of pollen
fern seed is the child of spore
```"
94,"The taxonomy tree begins with ""native"" as a broad category, encompassing various ethnic and geographical groups. Direct children of ""native"" include ""Russian,"" ""Georgian,"" ""Filipino,"" ""Seychellois,"" and ""Mauritian,"" each representing a distinct nationality or ethnic group. The ""Russian"" category branches into more specific groups, including ""Great Russian,"" ""Muscovite,"" and ""Siberian,"" which denote different regional or ethnic identities within Russia. Further subcategories under ""Russian"" include ""Tatar,"" ""Cheremis,"" ""Udmurt,"" ""Mordva,"" ""Komi,"" ""Vogul,"" ""Ostyak,"" ""Samoyed,"" ""Selkup,"" ""Nganasan,"" ""Yeniseian,"" and ""Chukchi,"" which represent various ethnic groups within the Russian Federation. The ""Filipino"" category includes ""Tagalog,"" ""Visayan,"" and ""Cebuan,"" which are specific ethnic groups within the Philippines. Additionally, ""Georgian"" and ""Chechen"" are distinct ethnic groups in the Caucasus region. This hierarchical structure organizes ethnic and national groups from broad categories to more specific identities based on geography, culture, and ethnicity.

```taxonomy
Russian is the child of native
Georgian is the child of native
Filipino is the child of native
Seychellois is the child of native
Mauritian is the child of native
Great Russian is the child of Russian
Muscovite is the child of Russian
Siberian is the child of Russian
Tatar is the child of Russian
Cheremis is the child of Russian
Udmurt is the child of Russian
Mordva is the child of Russian
Komi is the child of Russian
Vogul is the child of Russian
Ostyak is the child of Russian
Samoyed is the child of Russian
Selkup is the child of Russian
Nganasan is the child of Russian
Yeniseian is the child of Russian
Chukchi is the child of Russian
Tagalog is the child of Filipino
Visayan is the child of Filipino
Cebuan is the child of Filipino
Chechen is the child of native
Ingrian is the child of native
Veps is the child of native
Karelian is the child of native
Levantine is the child of native
Moro is the child of native
```"
95,"The taxonomy tree starts with ""country-dance"" as the root, encompassing various traditional and social dances. Direct children of ""country-dance"" include ""longways,"" ""quadrille,"" and ""square dance,"" each representing a distinct type of formation or style. The ""longways"" category pertains to dances where couples are arranged in a line, leading to subcategories like ""reel,"" which involves a series of movements in a line, and ""Virginia reel,"" a specific type of reel dance. ""Quadrille"" branches into ""lancers,"" a type of quadrille dance with a specific sequence of steps. The ""square dance"" category includes ""do-si-do,"" a specific movement within square dances, and ""promenade,"" a general term for a walking movement in various dances. Additionally, ""country-dance"" also branches into ""highland fling,"" a traditional Scottish dance, and ""eightsome,"" a type of Scottish reel dance for eight people. ""Swing"" is a general term that can be applied to various dances, including those under ""country-dance."" ""Landler"" is a type of folk dance that also falls under the broader category of ""country-dance."" ""Sashay"" is a movement that can be found in various dances, including those classified under ""country-dance.""

```taxonomy
longways is the child of country-dance
quadrille is the child of country-dance
square dance is the child of country-dance
highland fling is the child of country-dance
eightsome is the child of country-dance
reel is the child of longways
Virginia reel is the child of reel
lancers is the child of quadrille
do-si-do is the child of square dance
promenade is the child of square dance
landler is the child of country-dance
swing is the child of country-dance
sashay is the child of country-dance
```"
96,"The taxonomy tree starts with ""toothed whale"" as the root, encompassing various cetaceans characterized by their toothed mouths. Direct children of ""toothed whale"" include ""sperm whale,"" ""beaked whale,"" ""pilot whale,"" ""killer whale,"" ""porpoise,"" ""dolphin,"" and ""river dolphin,"" each representing a distinct family or genus within toothed whales. The ""sperm whale"" category branches into more specific types like ""pygmy sperm whale"" and ""dwarf sperm whale,"" highlighting variations within this family. The ""dolphin"" category is further divided into ""bottlenose dolphin,"" which includes the ""Pacific bottlenose dolphin"" and ""Atlantic bottlenose dolphin,"" and ""common dolphin."" The ""porpoise"" category includes the ""harbor porpoise."" Additionally, ""bottle-nosed whale"" and ""vaquita"" are specific types of dolphins, with ""vaquita"" being the smallest porpoise. ""Grampus"" is another type of dolphin, and ""white whale"" is a term sometimes used for certain species of dolphins or porpoises. This hierarchical structure organizes toothed whales from broad categories to more specific species, reflecting their evolutionary relationships and physical characteristics.

```taxonomy
sperm whale is the child of toothed whale
beaked whale is the child of toothed whale
pilot whale is the child of toothed whale
killer whale is the child of toothed whale
porpoise is the child of toothed whale
dolphin is the child of toothed whale
river dolphin is the child of toothed whale
pygmy sperm whale is the child of sperm whale
dwarf sperm whale is the child of sperm whale
bottlenose dolphin is the child of dolphin
common dolphin is the child of dolphin
Pacific bottlenose dolphin is the child of bottlenose dolphin
Atlantic bottlenose dolphin is the child of bottlenose dolphin
harbor porpoise is the child of porpoise
vaquita is the child of porpoise
grampus is the child of dolphin
bottle-nosed whale is the child of dolphin
white whale is the child of dolphin
```"
97,"The taxonomy tree starts with ""examination"" as the root, encompassing various methods and processes of inspecting, investigating, or analyzing something. Direct children of ""examination"" include ""testing,"" ""inspection,"" ""scan,"" ""survey,"" ""checkup,"" ""screening,"" ""audit,"" and ""palpation,"" each representing a distinct approach or technique. The ""testing"" category branches into more specific types like ""genetic screening,"" focusing on genetic material, and ""contrast,"" which involves using contrasting agents for better visualization. ""Inspection"" includes subcategories such as ""going-over,"" ""spot check,"" ""fine-tooth comb,"" and ""once-over,"" indicating varying levels of thoroughness. ""Scan"" and ""survey"" are also further divided, with ""scan"" leading to ""hysteroscopy,"" ""proctoscopy,"" ""gastroscopy,"" ""colonoscopy,"" ""sigmoidoscopy,"" and ""celioscopy,"" all of which are medical procedures using scanning techniques for different parts of the body. ""Survey"" branches into ""resurvey,"" indicating a repeated or follow-up examination. ""Screening"" includes ""ballottement,"" a specific technique used in medical examinations. ""Audit"" and ""bank examination"" are more financially focused, while ""time and motion study"" is an industrial or organizational analysis technique. ""Comparison"" and ""analogy"" represent more abstract forms of examination, involving the assessment of similarities or differences. This hierarchical structure categorizes examination types from general methods to highly specialized procedures, based on their application, technique, or field of use.

```taxonomy
testing is the child of examination
inspection is the child of examination
scan is the child of examination
survey is the child of examination
checkup is the child of examination
screening is the child of examination
audit is the child of examination
palpation is the child of examination
genetic screening is the child of testing
contrast is the child of testing
going-over is the child of inspection
spot check is the child of inspection
fine-tooth comb is the child of inspection
once-over is the child of inspection
hysteroscopy is the child of scan
proctoscopy is the child of scan
gastroscopy is the child of scan
colonoscopy is the child of scan
sigmoidoscopy is the child of scan
celioscopy is the child of scan
resurvey is the child of survey
ballottement is the child of screening
bank examination is the child of audit
time and motion study is the child of audit
comparison is the child of examination
analogy is the child of examination
ophthalmoscopy is the child of examination
culdoscopy is the child of examination
endoscopy is the child of examination
gonioscopy is the child of examination
keratoscopy is the child of examination
rhinoscopy is the child of examination
follow-up is the child of examination
check is the child of examination
collation is the child of examination
confrontation is the child of examination
likening is the child of examination
autopsy is the child of examination
```"
98,"The taxonomy tree starts with ""addict"" as the root, encompassing individuals with dependencies on various substances. Direct children of ""addict"" include ""drug addict,"" which focuses on addiction to illicit substances, and ""head,"" a colloquial term for someone who frequently uses a particular drug. The ""drug addict"" category branches into more specific types based on the substance of addiction, such as ""heroin addict,"" ""cocaine addict,"" ""opium addict,"" and ""caffeine addict,"" each highlighting a distinct dependency. The ""head"" category includes subcategories like ""acid head,"" ""hash head,"" ""pill head,"" and ""pothead,"" which denote frequent users of LSD, cannabis, pills, and marijuana, respectively. Additionally, ""crack addict"" and ""speed freak"" are specific types of drug addicts, with the former indicating addiction to crack cocaine and the latter to amphetamines. ""Tripper"" is a colloquial term for someone who frequently uses psychedelic drugs, and ""withdrawer"" is not a type of addict but rather a state of being for someone experiencing withdrawal symptoms. ""Drug user"" is a broader term that encompasses both addicts and casual users, making it a sibling of ""addict"" in this taxonomy.

```taxonomy
drug addict is the child of addict
head is the child of addict
heroin addict is the child of drug addict
cocaine addict is the child of drug addict
opium addict is the child of drug addict
caffeine addict is the child of drug addict
crack addict is the child of cocaine addict
speed freak is the child of drug addict
acid head is the child of head
hash head is the child of head
pill head is the child of head
pothead is the child of head
tripper is the child of head
drug user is the sibling of addict
withdrawer is not a child, but a state related to addict
```"
99,"The taxonomy tree starts with ""male child"" as the root, encompassing various terms that describe young males in different contexts. Direct children of ""male child"" include ""schoolboy,"" ""cub,"" ""Scout,"" and ""boy,"" each representing a distinct category based on age, activity, or occupation. The ""Scout"" category branches into more specific types like ""Boy Scout,"" which further divides into ""Cub Scout,"" ""Sea Scout,"" and ""Eagle Scout,"" indicating progression through scouting ranks. ""Cub"" also leads to ""Cub Scout,"" reinforcing the connection between these terms. The ""boy"" category includes occupational titles like ""shop boy,"" ""farm boy,"" ""plowboy,"" and ""bat boy,"" as well as descriptive terms like ""Fauntleroy,"" which denotes a young boy who is fashionably dressed. Additionally, ""altar boy"" and ""ball boy"" are specific roles that young males may take on. This structure organizes terms from general descriptions of young males to more specific roles, activities, or characteristics.

```taxonomy
schoolboy is the child of male child
cub is the child of male child
Scout is the child of male child
boy is the child of male child
Boy Scout is the child of Scout
Cub Scout is the child of Scout
Cub Scout is the child of cub
Eagle Scout is the child of Boy Scout
Sea Scout is the child of Boy Scout
shop boy is the child of boy
farm boy is the child of boy
plowboy is the child of boy
bat boy is the child of boy
Fauntleroy is the child of boy
altar boy is the child of boy
ball boy is the child of boy
catamite is the child of male child
rover is the child of male child
```"
