,0
0,"
graph LR
0[""StartNode""] --> 1[""Interview Patients""]
0 --> 2[""File results and expertise""]
1 --> 2
2 --> 3[""Create report""]
3 --> 4{""Answer to external expertise request""}
4 --> |""No""|5[""Ask for external expertise""]
4 --> |""Yes""|6{""Check if expert responds in time""}
6 --> |""Yes""|7[""Forward to referee""]
6 --> |""No""|5
7 --> 8[""Fill out check to pay for expenses""]
8 --> 9[""EndNode""]
"
1,"
graph LR
0[""StartNode""] --> 1[""Register participation""]
1 --> 2{""Fees required?""}
2 --> |""No""|3[""Register post-seminar results""]
2 --> |""Yes""|4[""Create purchase request""]
4 --> 5{""Purchase approved""}
5 --> |""No""|6[""Notify rejection""]
5 --> |""Yes""|7[""Send approval notification""]
7 --> 3
"
2,"
graph LR
0[""StartNode""] --> 1[""Accept item""]
1 --> 2[""Dairy""]
1 --> 3[""Other""]
1 --> 4[""Vegetable""]
2 --> 5[""Fruits""]
2 --> 6[""Fruit Categorization""]
3 --> 7[""Vegetable Categorization""]
4 --> 7
5 --> 7
6 --> 7
7 --> 8[""Milk""]
7 --> 9[""Cheese""]
7 --> 10[""Temperature Weight and Date Center""]
8 --> 10
9 --> 10
10 --> 11[""Non-perishable""]
10 --> 12[""Perishable""]
11 --> 10
12 --> 10
10 --> 13[""Store items based on item policy""]
13 --> 14[""EndNode""]
"
3,"
graph LR
0[""StartNode""] --> 1[""Detect incident""]
1 --> 2{""Financial impact?""}
2 --> |""YES""|3[""Open EMS""]
2 --> |""NO""|4[""EndNode""]
3 --> 5[""Contact Application Team""]
3 --> 6[""Contact SA Team""]
3 --> 7[""Contact DBA Team""]
3 --> 8[""Open conference line""]
5 --> 8
6 --> 8
7 --> 8
8 --> 9[""Troubleshoot issue""]
9 --> 10[""Contact DBA Team""]
10 --> 11{""Check if resolution is known""}
11 --> |""YES""|12[""Fix issue""]
11 --> |""NO""|13[""Check with vendor""]
12 --> 14[""Check if resolution is known""]
14 --> |""YES""|15[""Fix issue""]
14 --> |""NO""|16[""Check with vendor""]
15 --> 17[""Resolve and close EMS""]
16 --> 17
17 --> 18[""Failover to COB""]
18 --> 19[""Fix issue""]
19 --> 20{""Check if vendor has a fix""}
20 --> |""YES""|21[""Fix issue""]
20 --> |""NO""|22[""Failover to COB""]
21 --> 22
22 --> 23[""EndNode""]
"
4,"
graph LR
0[""StartNode""] --> 1[""Open event creation page""]
1 --> 2[""Populate name form""]
2 --> 3[""Populate time forms""]
3 --> 4[""Populate location forms""]
4 --> 5[""Populate additional information""]
5 --> 6[""Configure privacy settings""]
6 --> 7{""Name form populated?""}
7 --> |""Yes""|8{""End time occurs after start time?""}
8 --> |""Yes""|9[""Save event information""]
8 --> |""No""|10[""Display incorrect time notification""]
9 --> 11[""EndNode""]
10 --> 12[""Go back and populate time forms""]
12 --> 3
"
5,"
graph LR
0[""StartNode""] --> 1[""Weekly""]
1 --> 2[""Pay invoices""]
2 --> 3[""Generate payment report""]
3 --> 4[""Send payment report to Accounts Receivable Department""]
4 --> 5[""Send payment report to registry""]
4 --> 6[""Generate monthly invoices""]
6 --> 7[""Send out invoices""]
5 --> 7
7 --> 8[""EndNode""]
"
6,"
graph LR
0[""StartNode""] --> 1[""Submit Purchase Order""]
1 --> 2[""Select Warehouse""]
2 --> 3{""Purpose of Order""}
3 --> |""Replenish inventory""|4[""Reserve Inventory""]
3 --> |""Confirm order for delivery""|5[""EndNode""]
4 --> 6[""EndNode""]
"
7,"
graph LR
0[""StartNode""] --> 1[""Verify RFQ""]
1 --> |""No""|2[""Ask for more information""]
1 --> |""Yes""|3[""Analyze RFQ""]
3 --> 4[""Provide L&M cost estimates""]
4 --> 5[""Verify RFQ""]
5 --> |""No""|2
5 --> |""Yes""|6[""Provide clarification""]
6 --> 7[""Add overhead costs""]
7 --> 8[""Generate pricing options""]
8 --> 9[""Generate sales quote""]
9 --> 10[""EndNode""]
"
8,"
graph LR
0[""StartNode""] --> 1[""Receive negotiated conditions""]
1 --> 2[""Check for completeness""]
2 --> 3{""Data complete?""}
3 --> |""Yes""|4[""Perform risk assessment""]
3 --> |""No""|5[""Send failure notice""]
4 --> 6[""Check reinsurance option""]
6 --> 7[""Finish contract""]
7 --> 8[""EndNode""]
5 --> 0
4 --> 7
"
9,"
graph LR
0[""StartNode""] --> 1[""Hungry feeling""]
1 --> 2{""Decide to cook""}
2 --> |""Yes""|3[""Choose recipes""]
2 --> |""No""|4[""EndNode""]
3 --> 5[""Prepare ingredients""]
5 --> 6[""Prepare water for pasta""]
6 --> 7[""Put pasta into water""]
5 --> 8[""Prepare salad for washing""]
8 --> 9[""Wash salad""]
7 --> 10[""Prepare ingredients to make sauce""]
9 --> 11[""Prepare ingredients to make dressing""]
10 --> 12[""Make sauce""]
11 --> 12
12 --> 13[""Bring dishes to table""]
13 --> 14[""Prepare dishes""]
14 --> 15[""Bring meal to table""]
15 --> 16[""Finish lunch""]
16 --> 17[""EndNode""]
"
10,"
graph LR
0[""StartNode""] --> 1[""Obtain a detailed description of the problem""]
1 --> 2{""Can I handle the problem myself?""}
2 --> |""Yes""|3[""Explain the solution""]
2 --> |""No""|4[""Send an email to the support system""]
4 --> 5{""Can I handle the problem myself?""}
5 --> |""Yes""|3[""Explain the solution""]
5 --> |""No""|6[""Wait for an answer to be received""]
6 --> 3[""Explain the solution""]
3 --> 7[""EndNode""]
"
11,"
graph LR
0[""StartNode""] --> 1[""Complete purchase order""]
1 --> 2[""Send invoice""]
1 --> 3[""Send goods""]
2 --> 4[""EndNode""]
3 --> 4
"
12,"
graph LR
0[""StartNode""] --> 1[""Preparation of shipment order""]
1 --> 2[""Send shipment order""]
2 --> 3[""Carrier response""]
3 --> |""The answer was positive""|4[""Acceptance of shipment order""]
3 --> |""no""|5[""Acquisition of carriers""]
4 --> 6{""Carrier response is yes?""}
6 --> |""yes""|7[""Realized shipment""]
6 --> |""no""|5
7 --> 8[""EndNode""]
"
13,"
graph LR
0[""StartNode""] --> 1[""Order received""]
1 --> 2[""Create invoice""]
1 --> 3[""Prepare shipping""]
2 --> 4[""Send invoice""]
3 --> 5[""Ship item""]
4 --> 6[""Confirm payment""]
5 --> 6
6 --> 7[""EndNode""]
"
14,"
graph LR
0[""StartNode""] --> 1{""Can we fulfill the order?""}
1 --> |""Yes""|2[""Confirm the order""]
1 --> |""No""|3[""Reject the order""]
2 --> 4[""Deliver the order""]
3 --> 5[""Notify order rejected""]
4 --> 6[""Notify order delivered""]
6 --> 7[""EndNode""]
"
15,"
graph LR
0[""StartNode""] --> 1[""Verify RFQ""]
1 --> 2{""Verification successful?""}
2 --> |""No""|3[""Ask for more information""]
2 --> |""Yes""|4[""Analyze RFQ""]
4 --> 5[""Provide L&M cost estimates""]
5 --> 6[""Verify RFQ""]
6 --> 7[""Ask for more information""]
7 --> 8[""Analyze RFQ""]
8 --> 9[""Provide L&M cost estimates""]
9 --> 10[""Verify RFQ""]
10 --> 11[""Ask for more information""]
11 --> 12[""Analyze RFQ""]
12 --> 13[""Provide L&M cost estimates""]
13 --> 14[""Add overhead cost""]
14 --> 15[""Generate pricing options""]
15 --> 16[""Generate sales quote""]
16 --> 17[""EndNode""]
"
16,"
graph LR
0[""StartNode""] --> 1[""Check the Customer's Credit History""]
0 --> 2[""Conduct a Property Survey""]
0 --> 3[""Search the Property Title""]
1 --> 4[""End process""]
2 --> 4
3 --> 4
4 --> 5[""EndNode""]
"
17,"
graph LR
0[""StartNode""] --> 1[""Change status""]
1 --> 2{""Product is on sale?""}
2 --> |""Yes""|3[""Mark product as on sale""]
2 --> |""No""|4[""Mark product as not on sale""]
3 --> 5[""EndNode""]
4 --> 5
1 --> 2
"
18,"
graph LR
0[""StartNode""] --> 1[""Identify invoice errors""]
1 --> 2[""Highlight errors on entry form""]
1 --> 3[""Update record of mistakes""]
2 --> 4[""Send invoice back""]
3 --> 4
4 --> 5[""Conclude process""]
"
19,"
graph LR
0[""StartNode""] --> 1[""Run invoice payment process for SSP""]
1 --> 2[""Pay attention to SAP system""]
2 --> 3[""Send payment report to Accounts Receivable""]
3 --> 4[""Run invoice payment process""]
3 --> 5[""Generate invoice payment report""]
3 --> 6[""Send payment report to Client""]
3 --> 7[""Send payment report to Registry""]
4 --> 8[""Generate monthly invoices for clients""]
6 --> 9[""EndNode""]
7 --> 9
8 --> 9
9 --> 10[""Charge clients""]
10 --> 11[""EndNode""]
"
20,"
graph LR
0[""StartNode""] --> 1[""Check completeness""]
1 --> 2[""Verify credit history""]
2 --> 3[""Examine loan request""]
3 --> 4{""Check Result?""}
4 --> |""No""|5[""Customer request rejected""]
4 --> |""Yes""|6[""Customer request approved""]
5 --> 7[""EndNode""]
6 --> 7
"
21,"
graph LR
0[""StartNode""] --> 1[""Extract work orders""]
0 --> 2[""Extract notifications""]
0 --> 3[""Extract inspection orders""]
1 --> 4[""Load work orders""]
2 --> 5[""Load notifications""]
3 --> 6[""Load inspection orders""]
4 --> 7[""Pull together work order report""]
5 --> 8[""Pull together notification report""]
6 --> 9[""Pull together inspection order report""]
9 --> 10[""Link reports from PPT""]
10 --> 11[""Create and send email""]
11 --> 12[""WHISKY""]
"
22,"
graph LR
0[""StartNode""] --> 1[""Plan the menu""]
1 --> 2[""Prepare the chicken""]
1 --> 3[""Make the salad""]
2 --> 4[""Refine the chicken""]
3 --> 4
4 --> 5[""Serve the meal""]
5 --> 6[""EndNode""]
"
23,"
graph LR
0[""StartNode""] --> 1[""Write a letter""]
1 --> 2[""Obtain a letter""]
2 --> 3{""Applicant is a member?""}
3 --> |""Yes""|4[""Obtain a second letter""]
3 --> |""No""|5[""EndNode""]
4 --> 6{""Applicant is a member?""}
6 --> |""Yes""|7[""Pay the fee""]
6 --> |""No""|5
7 --> 8[""Receive a card""]
8 --> 9[""EndNode""]
"
24,"
graph LR
0[""StartNode""] --> 1[""Feel hungry""]
1 --> 2[""Have dinner""]
2 --> 3[""Have a salad""]
2 --> 4[""Enjoy ice-cream""]
2 --> 5[""Savor a plate of pasta""]
5 --> 6[""Feel satisfied""]
6 --> 7[""EndNode""]
"
25,"
graph LR
0[""StartNode""] --> 1{""Time is 11am or 3am on weekdays?""}
1 --> |""Yes""|2[""Empty SAP Master Record Outbox""]
1 --> |""Yes""|3[""Deliver requests to Master Data Entry Department""]
1 --> |""Yes""|4[""Empty Master Data Entry Outbox""]
2 --> 5[""Receive Vendor Master Record Requests Form""]
3 --> 5
4 --> 5
5 --> 6[""Process Vendor Master Record Requests""]
6 --> 7[""Place completed requests in Data Entry Officer Inbox""]
7 --> 8[""EndNode""]
"
26,"
graph LR
0[""StartNode""] --> 1[""Register event participation""]
1 --> 2[""Register process seminar results""]
1 --> 3[""Create a purchase request""]
2 --> 4[""EndNode""]
3 --> 5{""purchase request approve?""}
5 --> |""Rejected""|6[""Notify rejection""]
5 --> |""Approved""|7[""Send approved notification""]
6 --> 8[""EndNode""]
7 --> 9[""EndNode""]
7 --> 2
"
27,"
graph LR
0[""StartNode""] --> 1[""Place an order""]
1 --> 2[""Verify customer""]
2 --> 3{""Customer okay?""}
3 --> |""Yes""|4[""Check availability""]
3 --> |""No""|5[""Create new customer""]
4 --> 6{""Customer okay?""}
6 --> |""No""|7[""Produce goods""]
6 --> |""Yes""|8[""Ship goods""]
7 --> 9[""EndNode""]
8 --> 9
5 --> 9
"
28,"
graph LR
0[""StartNode""] --> 1[""Move to square (2,5)""]
1 --> 2[""Wait for message""]
2 --> 3{""Response from all players received?""}
3 --> |""No""|2
3 --> |""Yes""|4{""Response from all players received?""}
4 --> |""Yes""|5[""EndNode""]
4 --> |""No""|2
"
29,"
graph LR
0[""StartNode""] --> 1[""Obtain credit score""]
0 --> 2[""Get credit score""]
0 --> 3[""Check credit score""]
1 --> 4[""Check income to payment ratio""]
2 --> 4
3 --> 4
4 --> 5[""Assess credit risk""]
5 --> 6[""Process concludes""]
"
30,"
graph LR
0[""StartNode""] --> 1[""Receive payment from previous week""]
1 --> 2{""Payment received?""}
2 --> |""No""|3[""Document bad credit against accounts receivable and member's file""]
2 --> |""Yes""|4[""Update members and accounts receivable file""]
4 --> 5[""Process order""]
5 --> 6{""Payment received?""}
6 --> |""No""|7[""Document bad credit against accounts receivable and member's file""]
6 --> |""Yes""|8[""Update members and accounts receivable file""]
8 --> 9[""Process order""]
9 --> 10[""Inform members about bad credit status""]
10 --> 11[""Suspend future order processing""]
11 --> 12[""Complete credit check""]
12 --> 13[""EndNode""]
"
31,"
graph LR
0[""StartNode""] --> 1[""Verify RFQ""]
1 --> 2{""RFQ verified?""}
2 --> |""No""|3[""Ask for more information""]
2 --> |""Yes""|4[""Analyze RFQ""]
4 --> 5[""Provide L&M cost estimates""]
5 --> 6{""RFQ verified?""}
6 --> |""No""|3
6 --> |""Yes""|7[""Provide verification""]
7 --> 8[""Add overhead costs""]
8 --> 9[""Generate pricing options""]
9 --> 10[""Generate sales quote""]
10 --> 11[""EndNode""]
"
32,"
graph LR
0[""StartNode""] --> 1[""Bring computer to ACM""]
1 --> 2[""Describe computer problem""]
2 --> 3[""Receive estimate""]
3 --> 4{""Evaluate estimate""}
4 --> |""Yes""|5[""Authorize repair""]
4 --> |""No""|6[""Take computer back""]
5 --> 7[""Receive repair notice""]
7 --> 8[""Receive invoice and P/S document""]
8 --> 9[""Send payment""]
9 --> 10[""EndNode""]
"
33,"
graph LR
0[""StartNode""] --> 1[""Analyze Goal Model""]
1 --> 2[""Analyze Business Process Models""]
2 --> 3{""All goals are satisfied?""}
3 --> |""No""|4[""Update""]
3 --> |""Yes""|5{""Each activity corresponds to at least one goal?""}
5 --> |""No""|4
5 --> |""Yes""|6[""Repeat check for all goals and activities""]
6 --> 7[""Update and analyze again""]
7 --> 8[""EndNode""]
"
34,"
graph LR
0[""StartNode""] --> 1[""Identify Vacancy""]
1 --> 2[""Manage Position Profile""]
2 --> 3[""Review Terms & Conditions""]
2 --> 4[""Assemble Selection Panel""]
3 --> 5[""Create Position Profile""]
3 --> 6[""Create Position Form""]
4 --> 7[""Confirm Selection Panel List""]
5 --> 7
6 --> 7
7 --> 8[""EndNode""]
"
35,"
graph LR
0[""StartNode""] --> 1[""Verify form structure""]
1 --> 2{""Form correct?""}
2 --> |""Yes""|3[""Verify proposal""]
2 --> |""No""|4[""Form error""]
3 --> 5[""Check everything is okay""]
5 --> |""True""|6[""Process successful""]
5 --> |""False""|7[""Face failure""]
6 --> 8[""EndNode""]
7 --> 8
"
36,"
graph LR
0[""StartNode""] --> 1[""Receive negotiated conditions""]
1 --> 2{""Data complete?""}
2 --> |""No""|3[""Send failure notice""]
2 --> |""Yes""|4[""Categorize customer""]
4 --> 5{""Data complete?""}
5 --> |""No""|3[""Send failure notice""]
5 --> |""Yes""|6[""Check insurance benefits""]
6 --> 7[""Finish contract""]
7 --> 8[""EndNode""]
"
37,"
graph LR
0[""StartNode""] --> 1[""Receive signed offer""]
1 --> 2[""Register acceptance of contract""]
1 --> 3[""Scan offer's billing information and pincode""]
1 --> 4[""Register competitor's information""]
2 --> 5[""Process offer""]
3 --> 5
4 --> 5
5 --> 6[""EndNode""]
"
38,"
graph LR
0[""StartNode""] --> 1[""Finish by the end of the week""]
1 --> 2[""Generate and send the payment report""]
2 --> 3[""Handle Individual Client's payment report""]
2 --> 4[""Handle SSP's Accounts Receivable Department's payment report""]
2 --> 5[""Handle Registry's payment report""]
5 --> 6[""EndNode""]
"
39,"
graph LR
0[""StartNode""] --> 1[""Execution begins""]
1 --> 2{""First execution?""}
2 --> |""Yes""|3[""Allocate actors""]
2 --> |""No""|3[""Allocate actors based on previous executions""]
3 --> 4[""Check if application is still executing""]
4 --> |""Yes""|5[""Application profiling""]
4 --> |""No""|6[""Execution ends""]
5 --> 7{""Check if there is another placement with a higher expected performance""}
7 --> |""Yes""|8[""Deploy new placement""]
7 --> |""No""|9[""Check if application is still executing""]
9 --> |""Yes""|5
9 --> |""No""|6
6 --> 10[""EndNode""]
"
40,"
graph LR
0[""Check the number of panellists""] --> 1[""Photocopy the applications""]
1 --> 2[""Send the original copy to the archives""]
1 --> 3[""Forward the others to the recruitment manager""]
2 --> 4[""End the process""]
3 --> 4
"
41,"
graph LR
0[""StartNode""] --> 1[""Informational meeting""]
1 --> 2{""Meeting successful?""}
2 --> |""Yes""|3[""Storyboard meeting""]
2 --> |""No""|4[""EndNode""]
3 --> 5[""Check content prepared""]
5 --> 6[""Develop site""]
6 --> 7[""Complete initial draft""]
7 --> 8{""Site has marketing view?""}
8 --> |""Yes""|9[""Marketing review""]
8 --> |""No""|10[""Complete final version""]
9 --> 11[""Build and review activity""]
10 --> 11
11 --> 12{""Marketing review approved?""}
12 --> |""Yes""|13[""EndNode""]
12 --> |""No""|14[""EndNode""]
"
42,"
graph LR
0[""StartNode""] --> 1[""Receive RFQ""]
1 --> 2[""Verify RFQ""]
2 --> 3[""Produce Verify RFQ""]
3 --> 4[""Produce Verified RFQ""]
4 --> 5{""RFQ meets guidelines?""}
5 --> |""Yes""|6[""Produce L&M Cost Estimates""]
5 --> |""No""|7[""Communicate with customer""]
7 --> 8[""Verify RFQ again""]
8 --> 5
6 --> 9[""EndNode""]
"
43,"
graph LR
0[""StartNode""] --> 1[""Plan and Manage Iteration""]
0 --> 2[""Initiate Project""]
1 --> 3[""Identify and Refine Requirements""]
2 --> 3
3 --> 4[""Agree on technical approach""]
4 --> 5[""EndNode""]
"
44,"
graph LR
0[""StartNode""] --> 1[""Prepare TS""]
1 --> 2[""Create development plan""]
2 --> 3[""Development and unit testing""]
3 --> 4[""Assembly""]
4 --> 5[""Assembly test""]
5 --> 6{""Solution accepted for testing?""}
6 --> |""Yes""|7[""EndNode""]
6 --> |""No""|8[""Development and unit testing""]
8 --> 4
"
45,"
graph LR
0[""StartNode""] --> 1[""Customer has a problem""]
1 --> 2[""Provide problem description""]
2 --> 3{""Can handle problem themselves?""}
3 --> |""No""|4[""Ask for 1st level support""]
3 --> |""Yes""|5[""Explain solution""]
4 --> 6[""Ask developer""]
6 --> 7[""Provide feedback for 1st level support""]
7 --> 8[""Explain solution""]
8 --> 9[""Provide feedback for account manager""]
9 --> 10[""Provide feedback for 1st level support""]
10 --> 11[""EndNode""]
5 --> 12[""Check result""]
12 --> 13[""Provide feedback for account manager""]
13 --> 11
"
46,"
graph LR
0[""StartNode""] --> 1[""DB Tier is deployed""]
1 --> 2[""Web Tier is deployed""]
2 --> 3[""VM (mySQL) is deployed""]
3 --> 4[""DB Tier is deployed""]
4 --> 5[""VM (Apache) is deployed""]
5 --> 6[""VM (mySQL) is deployed""]
6 --> 7[""OS (mySQL) is deployed""]
7 --> 8[""VM (Apache) is deployed""]
8 --> 9[""OS (Apache) is deployed""]
9 --> 10[""Web Tier is deployed""]
10 --> 11[""OS (mySQL) is deployed""]
11 --> 12[""mySQL is deployed""]
12 --> 13[""OS (Apache) is deployed""]
13 --> 14[""Apache Web Server is deployed""]
14 --> 15[""mySQL is deployed""]
15 --> 16[""SugarCRM Database is created""]
16 --> 17[""Apache Web Server is deployed""]
17 --> 18[""PHP Modules are deployed""]
18 --> 19[""PHP Modules are deployed""]
19 --> 20[""SugarCRM App is deployed""]
20 --> 21[""App is connected to DB""]
21 --> 22[""EndNode""]
"
47,"
graph LR
0[""StartNode""] --> 1[""Create order and specify quantity""]
1 --> 2[""Send order to storage manager""]
2 --> 3{""Product available?""}
3 --> |""Yes""|4[""Check product availability""]
3 --> |""No""|5[""Product is not available""]
4 --> 6[""Prepare product for shipping""]
4 --> 7[""Add delivery confirmation""]
6 --> 8[""Send product back to requesting employee""]
7 --> 8
5 --> 9[""Forward to external vendor""]
9 --> 10{""Product available?""}
10 --> |""Yes""|6
10 --> |""No""|11[""Reordered product shipped""]
11 --> 12[""Send delivery confirmation to storage manager""]
12 --> 13[""Add delivery confirmation to product""]
12 --> 14[""Send delivery confirmation to storage manager""]
14 --> 13
13 --> 15[""Send invoice to accountant""]
15 --> 16[""EndNode""]
"
48,"
graph LR
0[""StartNode""] --> 1{""Is project economically beneficial?""}
1 --> |""No""|2{""Are there any additional goals given?""}
2 --> |""No""|3[""Reject project""]
2 --> |""Yes""|4{""Is project economically beneficial?""}
4 --> |""No""|5[""Reject project""]
4 --> |""Yes""|6{""Is there user acceptance?""}
6 --> |""Yes""|7[""Implement project""]
6 --> |""No""|5[""Reject project""]
7 --> 8[""EndNode""]
"
49,"
graph LR
0[""StartNode""] --> 1[""Notify the successful payment""]
1 --> 2[""Notify the successful payment""]
1 --> 3[""Notify the successful payment""]
1 --> 4[""Notify the successful payment""]
1 --> 5[""Process ends""]
"
50,"
graph LR
0[""StartNode""] --> 1[""Move cargo to the warehouse""]
1 --> 2[""Conduct a physical examination of the cargo""]
2 --> 3[""Check the documents""]
3 --> 4[""Register the custom declaration""]
4 --> 5[""Provide support documents""]
5 --> 6[""Release the goods""]
6 --> 7[""Send a release notice""]
7 --> 8[""EndNode""]
"
51,"
graph LR
0[""StartNode""] --> 1[""Initiate project""]
1 --> 2[""Conduct information search""]
2 --> 3[""Iteratively develop annotated bibliography""]
3 --> 4[""Annotated bibliography""]
1 --> 5[""Iteratively develop literature review""]
5 --> 6[""Literature review""]
5 --> 7[""Iteratively develop project proposal""]
7 --> 8[""Proposal presentation""]
2 --> 7
7 --> 9[""Iteratively develop project presentation""]
9 --> 10[""Proposal presentation""]
9 --> 11[""Deliver Presentation""]
10 --> 11
11 --> 12[""EndNode""]
"
52,"
graph LR
0[""StartNode""] --> 1[""Receive issue""]
1 --> 2[""Open ticket""]
2 --> 3[""Edit 1st level ticket""]
3 --> 4{""Result?""}
4 --> |""Yes""|5[""Edit 2nd level ticket""]
4 --> |""No""|6[""Send email to account manager""]
5 --> 4
6 --> 7{""Result?""}
7 --> |""Yes""|8[""Insert issue into product backlog""]
7 --> |""No""|9[""Send email to account manager""]
8 --> 10[""Send email to account manager""]
9 --> 10
10 --> 11[""Close ticket""]
11 --> 12[""EndNode""]
"
53,"
graph LR
0[""StartNode""] --> 1[""Pay the Airline Company""]
0 --> 2[""Pay the HOTEL""]
0 --> 3[""Pay the Car Rental""]
1 --> 4[""EndNode""]
2 --> 4
3 --> 4
"
54,"
graph LR
0[""StartNode""] --> 1[""Continue the process""]
0 --> 2[""Bring it to an end""]
1 --> 3[""EndNode""]
2 --> 3
"
55,"
graph LR
0[""StartNode""] --> 1[""Verify RFQ""]
1 --> 2{""RFQ verified?""}
2 --> |""Yes""|3[""Provide LandM cost estimates""]
2 --> |""No""|4[""Ask for more information""]
4 --> 1
3 --> 5[""Add overhead cost""]
5 --> 6[""Generate pricing options""]
6 --> 7{""RFQ verified?""}
7 --> |""Yes""|8[""Generate sales quote""]
7 --> |""No""|9[""Provide clarification""]
8 --> 10[""EndNode""]
9 --> 1
"
56,"
graph LR
0[""StartNode""] --> 1[""Send XYZ Message""]
1 --> 2[""Ensure integrity of message data""]
2 --> 3[""Check for changes since signed""]
3 --> 4[""Verify acceptability of lodgment""]
4 --> 5[""Establish requirement for manual examination""]
5 --> 6[""Generate Error report""]
6 --> 7[""Produce Lodgment Verification Report""]
7 --> 8[""EndNode""]
"
57,"
graph LR
0[""StartNode""] --> 1[""Check customers' credit history""]
0 --> 2[""Conduct a property title search""]
1 --> 3[""Access credit history file""]
2 --> 4[""Get Survey document""]
3 --> 5[""End process""]
4 --> 5
5 --> 6[""EndNode""]
"
58,"
graph LR
0[""StartNode""] --> 1[""Send letter""]
1 --> 2{""Correctness of answer""}
2 --> |""No""|3[""Make phone call""]
2 --> |""Yes""|4[""Add mail number and date""]
4 --> 5{""Correctness of answer""}
5 --> |""No""|3
5 --> |""Yes""|6[""Record and archive letter""]
6 --> 7[""Transmit letter and register with Miranda""]
7 --> 8{""Membership decision""}
8 --> |""No""|9[""Provide negative answer""]
8 --> |""Yes""|10[""Stamp 'new member' and date""]
10 --> 11{""Membership status""}
11 --> |""No""|9
11 --> |""Yes""|12[""Add new member""]
12 --> 13[""Calculate membership fee""]
13 --> 14[""Write down amount""]
14 --> 15[""Prepare invoice at home""]
15 --> 16[""Send membership card""]
16 --> 17[""Print membership card""]
17 --> 16
"
59,"
graph LR
0[""StartNode""] --> 1[""Incoming Frozen Item""]
1 --> 2[""Poultry""]
1 --> 3[""Fish""]
1 --> 4[""Beef""]
2 --> 5[""Pork""]
3 --> 5
4 --> 5
5 --> 6[""Type Categorization""]
6 --> 7[""White Meat""]
6 --> 8[""Dark Meat""]
6 --> 9[""Deboned""]
6 --> 10[""Bone-In""]
7 --> 11[""Temperature Weight and Date Center""]
8 --> 11
9 --> 11
10 --> 11
11 --> 12[""Store items based on item policy""]
12 --> 13[""EndNode""]
"
60,"
graph LR
0[""StartNode""] --> 1{""Guest is hungry""}
1 --> |""Yes""|2[""Fill a pot with water""]
1 --> |""No""|3[""EndNode""]
2 --> 3[""Buy sauce ingredients""]
3 --> 4[""Boil water""]
4 --> 5[""Put in some noodles""]
3 --> 6[""Prepare tomato sauce""]
6 --> 5
5 --> 7[""Mix noodles with tomato sauce""]
7 --> 8[""Add seasoning""]
8 --> 7
7 --> 9[""Meal is prepared""]
9 --> 10[""EndNode""]
"
61,"
graph LR
0[""StartNode""] --> 1[""Receive order""]
1 --> 2{""Article available?""}
2 --> |""Yes""|3[""Ship article""]
2 --> |""No""|4[""Engage in procurement activities""]
3 --> 5[""Financial settlement""]
4 --> 6[""Check availability""]
6 --> 2
2 --> |""Yes""|3
2 --> |""No""|4
3 --> 5
4 --> 3
5 --> 7[""Receive payment""]
7 --> 8[""EndNode""]
"
62,"
graph LR
0[""StartNode""] --> 1[""Generate payment report""]
1 --> 2[""Send payment report to Accounts Receivable Department""]
1 --> 3[""Send payment report to Registry""]
2 --> 4[""Generate monthly invoices for clients""]
3 --> 5[""Select paid paper-based invoices""]
4 --> 6[""Charge client $35 per invoice""]
5 --> 6
7[""Archive invoices per vendor""] --> 8[""Track down payment""]
8 --> 9[""Archive invoices per payment date""]
"
63,"
graph LR
0[""StartNode""] --> 1[""Receive order""]
1 --> 2[""Send invoice""]
1 --> 3[""Ship products""]
2 --> 4[""Receive payment""]
3 --> 4
4 --> 5[""End process""]
"
64,"
graph LR
0[""StartNode""] --> 1[""Enter requested information""]
1 --> 2[""Type in date of arrival at SSP""]
1 --> 3[""Type in client name""]
1 --> 4[""Type in vendor name""]
4 --> 5[""End process""]
"
65,"
graph LR
0[""StartNode""] --> 1[""Visit www.katyd.cz""]
1 --> 2[""Fill out form with basic information""]
2 --> 3{""Method of payment?""}
3 --> |""offline""|4[""Show payment information""]
3 --> |""online""|5[""Initiate payment process""]
5 --> 6{""Variant of subscription?""}
6 --> |""online or print&online""|7[""Assign subscription rights""]
6 --> |""only print""|8[""Register payment information for accounting purposes""]
6 --> |""online or online&print""|9[""Generate code""]
7 --> 10[""Assign subscription rights to reader""]
8 --> 10
9 --> 10
10 --> 11[""Enter code on www.katyd.cz""]
11 --> 12[""Assign subscription rights to reader""]
12 --> 13[""EndNode""]
"
66,"
graph LR
0[""StartNode""] --> 1[""Draft Contract""]
1 --> 2[""Legal Review""]
2 --> 3[""Financial Review""]
3 --> 4[""Finalize Contract""]
4 --> 5[""EndNode""]
"
67,"
graph LR
0[""StartNode""] --> 1{""Can we fulfill the order?""}
1 --> |""Yes""|2[""Confirm the order""]
1 --> |""No""|3[""Reject the order""]
2 --> 4[""Check if we can fulfill the order""]
4 --> 5{""Can we fulfill the order?""}
5 --> |""Yes""|6[""Confirm the order""]
5 --> |""No""|3
6 --> 7[""Deliver the order""]
7 --> 8[""Inform order delivered""]
3 --> 9[""Inform order rejected""]
"
68,"
graph LR
0[""StartNode""] --> 1[""Check if we can fulfill the order""]
1 --> 2{""Can we fulfill the order?""}
2 --> |""Yes""|3[""Confirm the order""]
2 --> |""No""|4[""Reject the order""]
3 --> 5[""Deliver the order""]
5 --> 6[""Inform order successfully delivered""]
4 --> 7[""Inform order rejected""]
"
69,"
graph LR
0[""StartNode""] --> 1[""Generate payment report""]
1 --> 2[""Pay vendor""]
1 --> 3[""Send payment report to Accounts Receivable Department""]
1 --> 4[""Send payment report to registry""]
3 --> 5[""Generate monthly invoices for clients""]
4 --> 5
5 --> 6[""Select paid paper-based invoices""]
6 --> 7[""Charge client""]
7 --> 8[""Archive invoices per vendor""]
8 --> 9[""Archive invoices per payment data""]
9 --> 10[""Track down payment""]
10 --> 11[""Conclude process""]
"
70,"
graph LR
0[""StartNode""] --> 1[""Contact customer regarding backorder""]
1 --> 2{""Customer still wants order?""}
2 --> |""Yes""|3[""Postpone shipment""]
2 --> |""No""|4[""Terminate order""]
3 --> 5[""Order out-of-stock merchandise""]
5 --> 6[""Notify customer of expected shipping date""]
3 --> 6
6 --> 7[""Goods arrive""]
7 --> 8[""Contact customer""]
8 --> 9[""EndNode""]
"
71,"
graph LR
0[""StartNode""] --> 1[""Receive attendance request""]
1 --> 2[""Send email to advisor1""]
1 --> 3[""Send email to advisor3""]
1 --> 4[""Send email to advisor2""]
2 --> 5[""Respond to central office""]
3 --> 5
4 --> 5
5 --> 6[""EndNode""]
"
72,"
graph LR
0[""StartNode""] --> 1[""Prepare shipment""]
0 --> 2[""Bill customer""]
1 --> 3[""EndNode""]
2 --> 3
"
73,"
graph LR
0[""StartNode""] --> 1[""Verify RFQ""]
1 --> 2{""RFQ verified?""}
2 --> |""No""|3[""Ask for more information""]
2 --> |""Yes""|4[""Analyze RFQ""]
3 --> 5[""Ask for clarification""]
5 --> 4
4 --> 6[""Provide L&M Cost Estimates""]
6 --> 7[""Add overhead costs""]
7 --> 8[""Generate pricing options""]
8 --> 9[""Provide clarification""]
9 --> 10{""RFQ verified?""}
10 --> |""No""|11[""Ask for more information""]
10 --> |""Yes""|12[""Add overhead costs""]
12 --> 8
8 --> 9
9 --> 13[""Verify RFQ""]
13 --> |""Yes""|14[""Generate sales quote""]
14 --> 15[""EndNode""]
"
74,"
graph LR
0[""StartNode""] --> 1[""Payment reports to Registry""]
1 --> 2[""Validated invoices to Registry""]
2 --> 3[""Receive payment reports""]
2 --> 4[""Receive validated invoices""]
3 --> 5[""Select paid invoices""]
4 --> 5
5 --> 6[""Sort invoices by vendor""]
6 --> 7[""Sort invoices by payment date""]
7 --> 8[""Archive invoices""]
8 --> 9[""Determine invoices location""]
9 --> 10[""Invoices location""]
10 --> 11[""EndNode""]
"
75,"
graph LR
0[""StartNode""] --> 1[""Receive order""]
1 --> 2[""Check availability""]
2 --> 3{""Article available?""}
3 --> |""Yes""|4[""Receive payment""]
3 --> |""No""|5[""Procurement""]
4 --> 6[""Ship article""]
5 --> 4
4 --> 6
6 --> 7[""Financial settlement""]
7 --> 8[""EndNode""]
"
76,"
graph LR
0[""StartNode""] --> 1[""Procure Part""]
1 --> 2{""All parts available?""}
2 --> |""Yes""|3[""EndNode""]
2 --> |""No""|4[""Part Auction""]
4 --> 5[""EndNode""]
"
77,"
graph LR
0[""StartNode""] --> 1[""Request petty cash""]
1 --> 2[""Write a check""]
2 --> 3[""Enter vendor, product description, and amount in Payment Out Module""]
3 --> 4{""Seller accepts the check?""}
4 --> |""No""|5[""Cash the check""]
4 --> |""Yes""|6[""Purchase products""]
5 --> 7[""Pay the vendor""]
6 --> 7
7 --> 8[""EndNode""]
"
78,"
graph LR
0[""StartNode""] --> 1[""Create eBay account""]
1 --> 2[""Log into eBay account""]
2 --> 3[""Browse for item""]
2 --> 4[""Review item by seller""]
2 --> 5[""Review item by customer""]
3 --> 5
4 --> 5
5 --> 6[""Complete review by seller""]
6 --> 7[""Item reviewed""]
"
79,"
graph LR
0[""StartNode""] --> 1[""Report problem""]
1 --> 2[""Send problem for evaluation""]
2 --> 3{""Agree with estimate""}
3 --> |""Yes""|4[""Authorize repair""]
3 --> |""No""|5[""Take back computer""]
4 --> 6[""Submit authorization""]
6 --> 7[""Repair""]
7 --> 8{""Computer fixed?""}
8 --> |""Yes""|9[""Send payment""]
8 --> |""No""|10[""Pick up computer""]
9 --> 11[""EndNode""]
10 --> 11
"
80,"
graph LR
0[""StartNode""] --> 1[""Advising unsuccessful shortlisted candidates verbally""]
1 --> 2[""Providing feedback""]
2 --> 3[""Receive signed letter of appointment""]
3 --> 4[""Scan letter of appointment into career website""]
4 --> 5[""Send offer in writing""]
5 --> 6[""Receive signed letter of appointment""]
6 --> 7[""Scan letter of appointment into career website""]
7 --> 8[""Close vacancy""]
8 --> 9[""EndNode""]
"
81,"
graph LR
0[""StartNode""] --> 1[""Enter vendor name""]
1 --> 2[""EndNode""]
0 --> 3[""Enter client name""]
3 --> 2
0 --> 4[""Enter date of arrival""]
4 --> 2
"
82,"
graph LR
0[""StartNode""] --> 1[""Verify shipment content""]
1 --> 2[""Perform quality inspection""]
2 --> 3{""Material okay?""}
3 --> |""Yes""|4[""Store material""]
3 --> |""No""|5[""Repeat check material""]
4 --> 6[""EndNode""]
5 --> 2
"
83,"
graph LR
0[""StartNode""] --> 1[""Scan the offer""]
0 --> 2[""Register the offer""]
0 --> 3[""Send the billing""]
0 --> 4[""Send pincode information""]
1 --> 5[""EndNode""]
2 --> 5
3 --> 5
4 --> 5
"
84,"
graph LR
0[""StartNode""] --> 1[""Check the order""]
1 --> 2[""Process the order""]
1 --> 3[""Send the books""]
2 --> 4[""Update the inventory""]
3 --> 4
4 --> 5[""Order is complete""]
5 --> 6[""EndNode""]
"
85,"
graph LR
0[""StartNode""] --> 1[""Incoming Package & Plasticware Item""]
1 --> 2[""Plasticware""]
1 --> 3[""Packaging Equipment""]
1 --> 4[""Cleaning Equipment""]
2 --> 5[""Kitchen Equipment""]
5 --> 6[""Item Categorization (Aluminum Foil, etc)""]
4 --> 6
6 --> 7[""Item Categorization (Surface cleaners, etc)""]
7 --> 8[""Forks""]
7 --> 9[""Knives""]
7 --> 10[""Spoons""]
7 --> 11[""Aluminum/Plastic Containers""]
7 --> 12[""Plastic Wrap""]
7 --> 13[""Container Lids""]
8 --> 14[""Count""]
9 --> 14
10 --> 14
11 --> 14
12 --> 14
13 --> 14
14 --> 15[""Store items based on item policy""]
"
86,"
graph LR
0[""StartNode""] --> 1[""Make order request""]
1 --> 2{""Order can be fulfilled?""}
2 --> |""Yes""|3[""Confirm order""]
2 --> |""No""|4{""Capacity sufficient?""}
4 --> |""Yes""|5[""Request parts""]
4 --> |""No""|11[""Reject order""]
5 --> 6{""Order can be fulfilled?""}
6 --> |""Yes""|3[""Confirm order""]
6 --> |""No""|7{""Capacity sufficient?""}
7 --> |""Yes""|8[""Request parts""]
7 --> |""No""|11[""Reject order""]
8 --> 9{""Parts need to be ordered?""}
9 --> |""Yes""|5[""Request parts""]
9 --> |""No""|6[""Order can be fulfilled?""]
3 --> 10{""All parts are available?""}
10 --> |""Yes""|3[""Confirm order""]
10 --> |""No""|12[""Request parts in auction""]
12 --> 13{""All parts have been obtained?""}
13 --> |""Yes""|3[""Confirm order""]
13 --> |""No""|11[""Reject order""]
"
87,"
graph LR
0[""StartNode""] --> 1[""Validate invoice""]
1 --> 2[""Run payment process""]
2 --> 3[""Generate payment report""]
3 --> 4[""Send payment report to clients""]
3 --> 5[""Send payment report to Account Receivable Department""]
3 --> 6[""Send payment report to Registry""]
6 --> 7[""EndNode""]
3 --> 8[""Receive payment report from Payment Office""]
8 --> 9[""Generate monthly invoices""]
9 --> 10[""Send monthly invoices to clients""]
10 --> 11[""End payment invoice process""]
"
88,"
graph LR
0[""StartNode""] --> 1[""Back up the database""]
1 --> 2{""Account Defaulter"" table has changed?}
2 --> |""No""|3[""Check CRM system for new returns""]
2 --> |""Yes""|4{""Time is before 2:30 pm?""}
3 --> 5{""Time is before 2:30 pm?""}
4 --> |""Yes""|6[""Register defaulting accounts and customers""]
4 --> |""No""|7[""Alert supervisor""]
5 --> |""Yes""|6
5 --> |""No""|7
6 --> 8[""Reconcile new returns with existing account""]
8 --> 9{""Time is before 4:00 pm?""}
9 --> |""Yes""|10[""End process""]
9 --> |""No""|7
10 --> 11[""EndNode""]
"
89,"
graph LR
0[""StartNode""] --> 1[""Identify demand for material""]
1 --> 2{""Goods Available?""}
2 --> |""Yes""|3[""Utilize available material""]
2 --> |""No""|4[""Specify required material demand""]
4 --> 5[""Create purchase requisition""]
5 --> 6{""Goods Available?""}
6 --> |""Yes""|3
6 --> |""No""|7[""Verify purchase requisition""]
7 --> 8[""Create purchase order""]
8 --> 9[""Notify vendor""]
9 --> 10[""Vendor ships goods""]
10 --> 11[""Create goods receipt""]
11 --> 12[""Generate invoice receipt""]
12 --> 13[""Make payment to vendor""]
13 --> 14[""EndNode""]
"
90,"
graph LR
0[""StartNode""] --> 1[""Fill in the tenure application form""]
0 --> 2[""Create a letter of application""]
0 --> 3[""Prepare the attached documents""]
1 --> 4[""Lodge the application""]
2 --> 4
3 --> 4
4 --> 5[""EndNode""]
"
91,"
graph LR
0[""StartNode""] --> 1[""Scan offer""]
1 --> 2[""Initiate register acception contract""]
2 --> 3[""Send billing information""]
2 --> 4[""Send pincode information""]
3 --> 5[""Customer created""]
4 --> 5
5 --> 6[""EndNode""]
"
92,"
graph LR
0[""StartNode""] --> 1[""Register Custom Declaration and support documents""]
0 --> 2[""Ship arrival notification""]
0 --> 3[""Document Checking""]
0 --> 4[""Payment Instruction""]
1 --> 5[""Release Goods""]
1 --> 6[""Processing Import Permit""]
1 --> 7[""Send Release Notification to Customs""]
5 --> 7
6 --> 7
7 --> 8[""EndNode""]
"
93,"
graph LR
0[""Order Request""] --> 1{""Can we fulfill the order?""}
1 --> |""Yes""|2[""Order Confirmation""]
1 --> |""No""|3[""Procure Parts""]
3 --> 1
3 --> |""Capacity sufficient but parts need to be ordered""|3
1 --> |""No""|4[""Deliver Order""]
4 --> 5{""Can we deliver the order?""}
5 --> |""Yes""|6{""Are all parts available?""}
5 --> |""No""|7[""Part Auction""]
7 --> 8{""Are all parts available?""}
8 --> |""Yes""|6
8 --> |""No""|9{""Have all parts been obtained?""}
9 --> |""Yes""|6
9 --> |""No""|10[""Reject Order""]
6 --> |""Yes""|11[""Link A""]
6 --> |""No""|10
"
94,"
graph LR
0[""Define Marketing Goal""] --> 1[""Determine Marketing Objectives""]
1 --> 2[""Define Primary Objectives""]
1 --> 3[""Define Primary Sub-Objectives""]
2 --> 4[""Determine Target Market""]
3 --> 4
4 --> 5[""Understand Product/Services""]
4 --> 6[""Determine Business Location""]
5 --> 6
6 --> 7[""Determine Product/Services Prices""]
7 --> 8[""Determine Financial Plan Budget""]
8 --> 9[""Generate Marketing Strategies""]
9 --> 10[""Create Market Development""]
10 --> 11[""Create Promotional Techniques""]
11 --> 12[""Create Monitoring Techniques""]
12 --> 13[""EndNode""]
"
95,"
graph LR
0[""StartNode""] --> 1[""Identify demand""]
1 --> 2[""Choose supplier""]
2 --> 3{""Is company ours?""}
3 --> |""No""|4[""EndNode""]
3 --> |""Yes""|5[""Place order""]
5 --> 6[""EndNode""]
"
96,"
graph LR
0[""StartNode""] --> 1[""Customer encounters a problem""]
1 --> 2[""Ask questions""]
2 --> 3[""Answer questions""]
3 --> 4{""Account manager can handle the issue""}
4 --> |""Yes""|5[""Provide solution""]
4 --> |""No""|6[""Allocate issue to first level support""]
6 --> 7{""First level support can handle the issue""}
7 --> |""Yes""|8[""Provide feedback for account manager""]
7 --> |""No""|9[""Allocate issue to first developer""]
9 --> 10{""First developer can handle the issue""}
10 --> |""Yes""|11[""Provide feedback for first level support""]
10 --> |""No""|12[""Provide feedback for account manager""]
12 --> 13[""Provide solution""]
13 --> 14[""EndNode""]
"
97,"
graph LR
0[""StartNode""] --> 1[""Add/Drop a class""]
1 --> 2{""ESIS system allows add/drop""}
2 --> |""Yes""|3[""Complete online transaction""]
2 --> |""No""|4[""Request add/drop form""]
3 --> 5[""Process transaction""]
4 --> 5
5 --> 6[""Receive add/drop form""]
6 --> 7[""Send form to instructor""]
7 --> 8[""Receive form back from instructor""]
8 --> 9[""Send form to advisor""]
9 --> 10[""Receive form back from advisor""]
10 --> 11[""Send form to registrar's office""]
11 --> 12[""EndNode""]
"
98,"
graph LR
0[""StartNode""] --> 1[""Verify contents""]
1 --> 2[""Perform quality inspection""]
2 --> 3{""Materials okay?""}
3 --> |""Yes""|4[""Store materials""]
3 --> |""No""|5[""Send materials back to supplier""]
4 --> 6[""EndNode""]
5 --> 6
"
99,"
graph LR
0[""StartNode""] --> 1[""Conduct patient interview""]
0 --> 2[""File results from interviews and expertise""]
0 --> 3[""Contact expert for review""]
1 --> 4[""Create report""]
2 --> 4
3 --> 4
4 --> 5[""EndNode""]
"
100,"
graph LR
0[""StartNode""] --> 1[""Send Main Document""]
1 --> 2{""Should Supplement A be sent?""}
2 --> |""Yes""|3[""Send Supplement A""]
2 --> |""No""|4[""EndNode""]
3 --> 5{""Should Supplement A be sent?""}
5 --> |""Yes""|3
5 --> |""No""|6{""Should Supplement B be sent?""}
6 --> |""Yes""|7[""Send Supplement B""]
6 --> |""No""|4
7 --> 4
"
101,"
graph LR
0[""StartNode""] --> 1[""Select Meetings p1""]
1 --> 2[""Send Consolidated Referee Forms""]
2 --> 3[""Send Round 2 Evaluation Form""]
3 --> 4[""Follow up with evaluation sheet""]
4 --> 5[""Consolidate evaluations""]
4 --> 6[""Answer panel member questions""]
5 --> 6
6 --> 7[""Log questions in FAQ""]
7 --> 8[""EndNode""]
"
102,"
graph LR
0[""StartNode""] --> 1[""Check for low inventory""]
1 --> 2[""Create purchase requisition""]
2 --> 3[""Submit purchase order""]
3 --> 4[""Send order materials""]
4 --> 5[""Inspect materials""]
5 --> 6{""Materials received okay?""}
6 --> |""Yes""|7[""Prepare goods receipt document""]
6 --> |""No""|8[""Communicate problems""]
7 --> 9[""Prepare and send invoice""]
8 --> 9
9 --> 10[""Verify document""]
10 --> 11[""Send payment""]
11 --> 12[""EndNode""]
"
103,"
graph LR
0[""StartNode""] --> 1[""Discovering""]
1 --> 2[""Gathering""]
2 --> 3{""Vulnerability found?""}
3 --> |""Yes""|4[""Exploiting""]
3 --> |""No""|5[""EndNode""]
4 --> 6[""Mending""]
6 --> 7[""Adjusting""]
7 --> 1
"
104,"
graph LR
0[""StartNode""] --> 1[""Continue the process""]
0 --> 2[""Continue the process""]
1 --> 3[""Empty Data Entry Staff Inbox""]
3 --> 4{""Invoice Received""}
4 --> 5[""Open and categorize invoices""]
5 --> 6[""Send invoice(s) to Admin Officer(s)""]
6 --> 7[""EndNode""]
"
105,"
graph LR
0[""StartNode""] --> 1[""Master Production Scheduling""]
1 --> 2[""MRP run""]
2 --> 3[""Capacity plan review and adjustment""]
2 --> 4[""Production plan review""]
2 --> 5[""Local supply planning""]
3 --> 6[""PIM plan review""]
4 --> 6
5 --> 6
6 --> 7[""Detailed production scheduling""]
7 --> 8[""EndNode""]
"
106,"
graph LR
0[""StartNode""] --> 1[""Indicate computer is not working""]
1 --> 2[""Bring computer in for repair""]
2 --> 3[""Describe problem""]
3 --> 4{""Estimate satisfactory?""}
4 --> |""No""|5[""Take computer home""]
4 --> |""Yes""|6[""Authorize repair""]
6 --> 7[""Pick up computer""]
7 --> 8[""Make payment""]
8 --> 9[""Access Invoice""]
8 --> 10[""Access Report Problems and Solutions""]
9 --> 11[""EndNode""]
10 --> 11
"
107,"
graph LR
0[""StartNode""] --> 1[""Conduct a property title search""]
0 --> 2[""Check the credit history""]
1 --> 3[""Property survey""]
2 --> 3
3 --> 4{""Make an offer?""}
4 --> |""Yes""|5[""Make an offer""]
4 --> |""No""|6[""EndNode""]
5 --> 6
"
108,"
graph LR
0[""StartNode""] --> 1{""Invoice has arrived?""}
1 --> |""Yes""|2[""Verify invoice completeness""]
1 --> |""No""|3[""EndNode""]
2 --> 3[""Scan invoice into computer""]
3 --> 4[""Make payment""]
4 --> 5[""Store records electronically""]
5 --> 6[""EndNode""]
"
109,"
graph LR
0[""StartNode""] --> 1[""Create Supplier master data""]
1 --> 2[""Prepare supplier master data for target system""]
2 --> 3[""Distribute to target system""]
3 --> 4[""Notify requestor and stewards""]
4 --> 5[""Deploy supplier master data to target system(s)""]
5 --> 6[""Notify Business Data Steward(s) and Supplier Data Requestor""]
"
110,"
graph LR
0[""StartNode""] --> 1[""Weekly in time for discounts""]
1 --> 2[""Pay invoices""]
2 --> 3[""Generate payment report""]
3 --> 4[""Send payment report to Accounts Receivable Department""]
4 --> 5[""Send payment report to registry""]
5 --> 6[""Generate monthly invoices""]
6 --> 7[""Send out invoices""]
7 --> 8[""Client charged $35 per paid invoice""]
8 --> 9[""EndNode""]
"
111,"
graph LR
0[""StartNode""] --> 1[""TASK1""]
1 --> 2[""TASK2""]
2 --> 3[""TASK3""]
2 --> 4[""TASK4""]
2 --> 5[""TASK5""]
5 --> 6[""EndNode""]
"
112,"
graph LR
0[""StartNode""] --> 1[""Initiate imgShare Process""]
1 --> 2[""Apply filter to image""]
1 --> 3[""Login to Flickr account""]
2 --> 3
3 --> 4[""Upload image to Flickr""]
4 --> 5[""Post image on Twitter""]
5 --> 6{""Tweet about it""}
6 --> |""No""| 7[""EndNode""]
6 --> |""Yes""| 8[""Login to Twitter account""]
8 --> 9{""Tweet about it""}
9 --> |""No""| 7
9 --> |""Yes""| 10[""Compose tweet""]
10 --> 7
"
113,"
graph LR
0[""StartNode""] --> 1[""Self Evaluation""]
1 --> 2[""PM Evaluation""]
1 --> 3[""HR Evaluation""]
2 --> 4[""End process""]
3 --> 4
"
114,"
graph LR
0[""StartNode""] --> 1[""Delay for 48 hours""]
1 --> 2[""Monitor issue votes""]
1 --> 3[""Send email warning""]
3 --> 4[""Delay for 24 hours""]
4 --> 5[""Moderate voting discussion""]
5 --> 6[""Close voting""]
6 --> 7[""EndNode""]
"
115,"
graph LR
0[""StartNode""] --> 1[""Verify contents""]
1 --> 2[""Perform quality inspection""]
2 --> 3{""Material okay?""}
3 --> |""Yes""|4[""Store materials""]
3 --> |""No""|5[""Report issue""]
4 --> 6[""Store materials""]
6 --> 7[""EndNode""]
5 --> 7
"
116,"
graph LR
0[""StartNode""] --> 1[""Verify RFQ""]
1 --> 2{""RFQ verified?""}
2 --> |""No""|3[""Ask for more information""]
2 --> |""Yes""|4[""Analyze RFQ""]
3 --> 5[""Provide clarification""]
5 --> 4
4 --> 6[""Provide L&M cost estimates""]
6 --> 7[""Add overhead costs""]
7 --> 8[""Generate pricing options""]
8 --> 9[""Generate sales quote""]
9 --> 10[""EndNode""]
"
117,"
graph LR
0[""StartNode""] --> 1[""Check raw material availability""]
1 --> 2{""Are raw materials available?""}
2 --> |""Yes""|3[""Check raw material in production line""]
2 --> |""No""|4[""Create alarm for raw material shortage""]
3 --> 5{""Is raw material already in production line?""}
5 --> |""No""|6[""Request transfer of raw material""]
5 --> |""Yes""|7[""Allocate raw material to production line""]
6 --> 8[""Transfer raw material to production line""]
7 --> 8
8 --> 9[""End process""]
4 --> 9
"
118,"
graph LR
0[""StartNode""] --> 1[""Go to the supermarket""]
1 --> 2[""Select chocolate""]
1 --> 3[""Pick out a bunch of flowers""]
2 --> 4[""Proceed to the cash desk""]
3 --> 4
4 --> 5[""Make the payment""]
5 --> 6[""EndNode""]
"
119,"
graph LR
0[""StartNode""] --> 1[""Receive request for funds""]
1 --> 2[""Write check""]
2 --> 3[""Document check as payable""]
3 --> 4{""Seller accepts check?""}
4 --> |""No""|5[""Cash check""]
4 --> |""Yes""|6[""Pay vendor""]
6 --> 7{""Seller accepts check?""}
7 --> |""No""|5
7 --> |""Yes""|6
5 --> 6
6 --> 8[""EndNode""]
"
120,"
graph LR
0[""StartNode""] --> 1[""Verify RFQ""]
1 --> 2{""RFQ verified?""}
2 --> |""No""|3[""Ask for more information""]
2 --> |""Yes""|4[""Analyze RFQ""]
4 --> 5[""Provide L&M Cost Estimates""]
5 --> 6[""Provide clarification""]
6 --> 7[""Add overhead costs""]
7 --> 8[""Generate pricing options""]
8 --> 9[""Generate sales quote""]
9 --> 10[""EndNode""]
3 --> 2
"
121,"
graph LR
0[""StartNode""] --> 1[""Incident Identification""]
1 --> 2[""Incident Lodgement""]
2 --> 3[""Incident Categorisation""]
2 --> 4[""Incident Prioritisation""]
3 --> 5[""Initial Diagnosis""]
4 --> 5
5 --> 6[""Escalation""]
6 --> 7[""Investigation & Diagnosis""]
7 --> 8{""Resolution identified?""}
8 --> |""No""|9[""Escalation""]
8 --> |""Yes""|10[""Incident Recovery""]
9 --> 6
10 --> 11{""Resolution identified?""}
11 --> |""No""|12[""Escalation""]
11 --> |""Yes""|13[""Incident Recovery""]
13 --> 14[""EndNode""]
"
122,"
graph LR
0[""StartNode""] --> 1[""Log in""]
1 --> 2[""Enter Apple ID""]
1 --> 3[""Enter password""]
2 --> 4[""User account logged in""]
3 --> 4
4 --> 5[""EndNode""]
"
123,"
graph LR
0[""StartNode""] --> 1[""Verify contents""]
1 --> 2[""Perform quality inspection""]
2 --> 3{""Material okay?""}
3 --> |""Yes""|4[""Store material""]
3 --> |""No""|5[""EndNode""]
4 --> 6[""Check material""]
6 --> 7{""Material okay?""}
7 --> |""Yes""|8[""EndNode""]
7 --> |""No""|9[""Repeat material check and storage""]
9 --> 6
"
124,"
graph LR
0[""StartNode""] --> 1[""Check customer's credit history""]
1 --> 2[""Conduct property survey""]
2 --> 3[""Search property title""]
3 --> 4[""EndNode""]
"
125,"
graph LR
0[""StartNode""] --> 1[""Initiate new participant""]
1 --> 2{""Participant is aged 18 or above?""}
2 --> |""Yes""|3[""Fill in medical certificate""]
2 --> |""No""|4[""Pass required documents""]
3 --> 5[""Sign medical certificate""]
4 --> 6[""Fill in documents""]
6 --> 7[""Sign documents""]
7 --> 8[""Check completeness of documents""]
8 --> 9[""Save process""]
9 --> 10[""Fix issues with documents""]
10 --> 11[""Fill in documents one day before departure""]
11 --> 12[""Sign non-infectivity confirmation""]
12 --> 13[""Proceed with departure""]
13 --> 14[""Check completeness of documents after departure""]
14 --> 15[""Take child's non-infectivity confirmation""]
15 --> 16[""EndNode""]
"
126,"
graph LR
0[""StartNode""] --> 1[""Verify contents""]
1 --> 2[""Perform quality inspection""]
2 --> 3{""Material okay?""}
3 --> |""Yes""|4[""Store materials at right location""]
3 --> |""No""|5[""Check material""]
4 --> 6[""EndNode""]
5 --> 2
"
127,"
graph LR
0[""StartNode""] --> 1[""Receive order""]
1 --> 2[""Send invoice""]
1 --> 3[""Ship products""]
2 --> 4[""Receive payment""]
3 --> 4
4 --> 5[""EndNode""]
"
128,"
graph LR
0[""StartNode""] --> 1[""Register participation""]
1 --> 2{""Fees exist?""}
2 --> |""No""|3[""Register seminar results""]
2 --> |""Yes""|4[""Create purchase request""]
4 --> 5{""Purchase request approved?""}
5 --> |""No""|6[""Notify rejection""]
5 --> |""Yes""|7[""Send approval notification""]
7 --> 5
6 --> 8[""EndNode""]
7 --> 3
3 --> 8
"
129,"
graph LR
0[""StartNode""] --> 1[""Receive message from nuclear plant""]
1 --> 2[""Activate crisis cell""]
1 --> 3[""Inform media that PUI has been activated""]
1 --> 4[""Establish safety perimeter""]
1 --> 5[""Develop circulation plan""]
2 --> 6[""Inform media and public regularly""]
4 --> 7[""Define safety perimeter""]
7 --> 8[""Request implementation of safety perimeter""]
5 --> 9[""Define circulation plan""]
9 --> 10[""Request implementation of circulation plan""]
10 --> 11[""Process concludes""]
"
130,"
graph LR
0[""StartNode""] --> 1[""Informal meeting""]
1 --> 2{""Meeting is successful?""}
2 --> |""Yes""|3[""Schedule another meeting""]
2 --> |""No""|4[""EndNode""]
3 --> 5[""Web site design""]
5 --> 6{""Web site design is successful?""}
6 --> |""Yes""|7[""Preparation of contents""]
7 --> 8{""Preparation of contents is successful?""}
8 --> |""Yes""|9[""Completion of initial draft""]
9 --> 10{""Completion of initial draft is successful?""}
10 --> |""Yes""|11[""Web site development""]
11 --> 12{""Web site development is successful?""}
12 --> |""Yes""|13[""Marketing review""]
13 --> 14{""Marketing review is successful?""}
14 --> |""Yes""|15[""Preparation of final version""]
15 --> 16{""Preparation of final version is successful?""}
16 --> |""Yes""|17[""Building phase""]
17 --> 18{""Building phase is successful?""}
18 --> |""Yes""|19[""Review activity""]
19 --> 20{""Review activity is successful?""}
20 --> |""Yes""|21[""Approval""]
21 --> 22{""Approval is successful?""}
22 --> |""Yes""|23[""EndNode""]
21 --> |""No""|17
17 --> 18
18 --> |""No""|17
"
131,"
graph LR
0[""StartNode""] --> 1[""Receive expense report""]
1 --> 2[""Wait 7 days""]
2 --> 3{""Existing account?""}
3 --> |""Yes""|4[""Automatically review account""]
3 --> |""No""|5[""Create new account""]
4 --> 6[""Send approval in progress email""]
5 --> 6
6 --> 7{""Amounts under $200?""}
7 --> |""Yes""|8[""Automatically approve expense""]
7 --> |""No""|9[""Review expense by supervisor""]
8 --> 10[""Transfer reimbursement to employee's bank account""]
9 --> 11[""Send email rejection to employee""]
10 --> 12[""EndNode""]
11 --> 12
"
132,"
graph LR
0[""StartNode""] --> 1[""Low Inventory""]
1 --> 2[""Create P.R.""]
2 --> 3[""Submit P.O.""]
3 --> 4[""Ship Material""]
4 --> 5{""Shipment okay?""}
5 --> |""Yes""|6[""Check Shipment""]
5 --> |""No""|7[""Communicate Shipment Problems""]
6 --> 8[""Send Payment""]
7 --> 8
8 --> 9[""EndNode""]
"
133,"
graph LR
0[""StartNode""] --> 1[""Feel hungry""]
1 --> 2[""Go shopping""]
2 --> 3[""Take the salad""]
2 --> 4[""Take the wine""]
2 --> 5[""Take the sausages""]
3 --> 6[""Pay for the products""]
4 --> 6
5 --> 6
6 --> 7[""Have enough to eat""]
7 --> 8[""EndNode""]
"
134,"
graph LR
0[""StartNode""] --> 1[""Choose a protein family""]
1 --> 2[""Retrieve sequences specifically for animals""]
2 --> 3[""Gene annotation""]
2 --> 4[""PHOG 1.0""]
2 --> 5[""BLAST p in both directions using the local database""]
3 --> 5
4 --> 5
5 --> 6[""Consensus reached""]
6 --> 7[""EndNode""]
"
135,"
graph LR
0[""StartNode""] --> 1[""Accept the offer""]
1 --> 2[""Send offer for signing""]
1 --> 3[""Scan signed offer""]
1 --> 4[""Register acceptance of contract""]
2 --> 5[""Receive signed offer""]
3 --> 5
4 --> 5
5 --> 6[""Send billing information""]
5 --> 7[""Send pincode information""]
6 --> 7
7 --> 8[""EndNode""]
"
136,"
graph LR
0[""StartNode""] --> 1[""Feel hungry""]
1 --> 2[""Choose a restaurant""]
2 --> 3[""Enter the restaurant""]
3 --> 4[""Get the menu""]
4 --> 5[""Order a salad""]
4 --> 6[""Order a glass of wine""]
5 --> 7[""Eat the salad""]
6 --> 7
7 --> 8[""Ask for the bill""]
8 --> 9[""Receive the bill""]
9 --> 10[""Pay the bill""]
10 --> 11[""Leave the restaurant""]
11 --> 12[""Hunger satisfied""]
12 --> 13[""EndNode""]
"
137,"
graph LR
0[""StartNode""] --> 1[""Manually trigger the START command""]
1 --> 2[""Check the inventory levels""]
1 --> 3[""Send a late notice""]
1 --> 4[""Prepare the materials for shipment""]
4 --> 5[""Send out the shipment""]
3 --> 6[""Notify the accounts receivable""]
5 --> 6
6 --> 7[""Send a delivery notice""]
7 --> 8[""EndNode""]
"
138,"
graph LR
0[""StartNode""] --> 1[""Enter Expenses""]
1 --> 2[""Generate Spreadsheet""]
2 --> 3{""Request Approved?""}
3 --> |""No""|4[""Disapprove Request""]
3 --> |""Yes""|5[""Pay Out Expenses""]
4 --> 1
5 --> 6{""Request Approved?""}
6 --> |""No""|7[""Disapprove Request""]
6 --> |""Yes""|8[""EndNode""]
7 --> 1
8 --> 9[""EndNode""]
"
139,"
graph LR
0[""StartNode""] --> 1[""Sequence position""]
1 --> 2[""Sequence neighborhood""]
1 --> 3[""Distance from membrane""]
2 --> 3
3 --> 4[""ANOVA analysis""]
4 --> 5{""Greater variance between clusters than within them?""}
5 --> |""Yes""|6[""EndNode""]
5 --> |""No""|7[""EndNode""]
"
140,"
graph LR
0[""StartNode""] --> 1[""Write up hard-copy ticket""]
1 --> 2[""Enter ticket into system""]
2 --> 3[""Process order""]
3 --> 4{""Order verified?""}
4 --> |""Yes""|5[""Send order to processing plant""]
4 --> |""No""|6[""Order rejection""]
5 --> 7[""Production phase""]
7 --> 8[""Ship products""]
8 --> 9[""Warehouse products""]
9 --> 10[""Send products to customer""]
10 --> 11[""EndNode""]
6 --> 10
"
141,"
graph LR
0[""StartNode""] --> 1[""Possess a driver's license""]
1 --> 2[""Be 17 years old""]
2 --> 3{""Individual is 17 years old?""}
3 --> |""Yes""|4[""Accompanying person present""]
3 --> |""No""|5[""EndNode""]
4 --> 6[""Wait until 17th birthday""]
6 --> 7[""Find an accompanying person""]
7 --> 8[""Individual is over 30 years old""]
8 --> 9[""Held a driver's license for at least 5 years""]
9 --> 10[""State accompanying person""]
10 --> 11[""EndNode""]
"
142,"
graph LR
0[""StartNode""] --> 1[""Check customer's credit history""]
0 --> 2[""Conduct property survey""]
1 --> 3[""Search for property title""]
2 --> 3
3 --> 4[""EndNode""]
"
143,"
graph LR
0[""StartNode""] --> 1[""Repair request""]
1 --> 2[""Check device""]
2 --> 3{""Is device broken?""}
3 --> |""No""|0
3 --> |""Yes""|4{""Is external repairer needed?""}
4 --> |""Yes""|5[""Provide information for external reparation""]
4 --> |""No""|6[""Repair device""]
6 --> 7[""Recheck device""]
7 --> 8[""Ratify device repairing""]
8 --> 9[""Add repair record""]
9 --> 10[""Plan for next revision""]
10 --> 11[""EndNode""]
5 --> 7
"
144,"
graph LR
0[""StartNode""] --> 1[""Informal meeting""]
1 --> 2{""Outcome of informal meeting""}
2 --> |""Not successful""| 3[""EndNode""]
2 --> |""Successful""| 4[""Full-day meeting""]
4 --> 5{""Outcome of full-day meeting""}
5 --> |""Not successful""| 3
5 --> |""Successful""| 6[""Storyboard creation""]
6 --> 7[""Design phase""]
7 --> 8[""Initial draft of content""]
7 --> 8
8 --> 9[""Development phase""]
9 --> 10{""Need for marketing review""}
10 --> |""Yes""| 11[""Preparation of final version""]
10 --> |""No""| 12[""Building phase""]
11 --> 12
12 --> 13[""Checking phase""]
13 --> 14{""Outcome of checking phase""}
14 --> |""Not successful""| 15[""Additional building phase""]
14 --> |""Successful""| 16[""EndNode""]
15 --> 16
"
145,"
graph LR
0[""StartNode""] --> 1[""Go Home""]
0 --> 2[""Hear Music""]
1 --> 3[""Homework""]
3 --> 4[""EndNode""]
"
146,"
graph LR
0[""StartNode""] --> 1[""Validate invoice""]
1 --> 2[""Run payment process""]
2 --> 3[""Send payment""]
3 --> 4[""Generate payment report""]
4 --> 5[""Send payment report to Registry""]
4 --> 6[""Send payment report to Account Receivable""]
5 --> 7[""Generate invoices for SSP Client""]
6 --> 8[""Select invoices for archiving""]
8 --> 9[""EndNode""]
7 --> 9
"
147,"
graph LR
0[""StartNode""] --> 1[""Receive machine from customer""]
1 --> 2[""Gather information about fault""]
2 --> 3[""Write service contract""]
3 --> 4[""Obtain customer's signature""]
4 --> 5[""Place other half of contract with machine""]
5 --> 6[""Give customer other half of contract""]
6 --> 7[""Write contract number on sticker""]
7 --> 8[""Attach sticker to machine""]
8 --> 9[""Transport machine to workshop""]
9 --> 10[""Receive machine""]
10 --> 11[""EndNode""]
"
148,"
graph LR
0[""StartNode""] --> 1[""Check Order Request""]
1 --> 2{""Can Order be fulfilled?""}
2 --> |""Yes""|3[""Order Confirmation""]
2 --> |""No""|4[""Order Rejection""]
3 --> 5[""Deliver Order""]
5 --> 6[""EndNode""]
4 --> 6
"
149,"
graph LR
0[""StartNode""] --> 1[""Select vbelv & vbeln from vbfa into ivbfa_completo_t""]
1 --> 2[""Sort the result""]
2 --> 3[""Perform NOP""]
3 --> 4[""Copy vbelv's from ivbfa_completo_t to it_unolips""]
4 --> 5[""Sort it_unolips and remove duplicates""]
5 --> 6[""Remove entries from it_likp that don't have a vbeln in it_unolips""]
6 --> 7[""Perform a left outer join between lips and it_likp on vbeln and vgpos, and store vbeln & vgbel in it_lipsm""]
7 --> 8[""Sort it_lipsm & remove duplicates""]
8 --> 9[""Perform a left outer join between vbfa and it_lipsm, and store vbeln,... in it_vbfa_completo""]
9 --> 10[""Remove from it_vbfa_completo where plmin!= '+' and sort it""]
10 --> 11[""Perform a left outer join between lips and it_unolips, and store the result in it_lips""]
11 --> 12[""Sort it_likp by vbeln and select * from it_likp where lifex!= space, storing the result in it_lifex sorted by vbeln""]
12 --> 13[""Replace it_vbfa_completo-secuencia with corresponding it_lifex-lifex""]
13 --> 14{""c_si in r_valida""}
14 --> |""No""|15[""Check if pvstel in r_exclog is yes""]
14 --> |""Yes""|16[""Check if it_nofacturado empty? is no""]
15 --> |""Yes""|17[""Remove rows from it_nofacturado that aren't errors""]
15 --> |""No""|18[""Perform a left outer join between vbap and it_vbfa_completo, and store the result in imatkl""]
16 --> |""No""|19[""Set & print error""]
16 --> |""Yes""|20[""Check if error? is no""]
20 --> |""No""|21[""Perform a left outer join between vbap and it_vbfa_completo, and store the result in imatkl""]
20 --> |""Yes""|22[""EndNode""]
21 --> 23[""Transfer maktl from imaktl to it_vbfa_completo""]
23 --> 24{""error?""}
24 --> |""No""|25[""EndNode""]
24 --> |""Yes""|22[""EndNode""]
"
150,"
graph LR
0[""StartNode""] --> 1[""Visit Travel agency""]
1 --> 2{""Decision on the trip""}
2 --> |""Yes""|3[""Select Land""]
2 --> |""No""|4[""EndNode""]
3 --> 5[""Choose Tour""]
5 --> 6[""Book Italy""]
6 --> 7[""Book Venice""]
7 --> 8[""Obtain permit""]
8 --> 9[""Organize vacation""]
9 --> 10[""EndNode""]
"
151,"
graph LR
0[""StartNode""] --> 1[""Conduct a Property Survey""]
0 --> 2[""Conduct a Property Title Search""]
1 --> 3[""Survey Document""]
2 --> 4[""Credit History File""]
3 --> 5[""EndNode""]
4 --> 5
"
152,"
graph LR
0[""StartNode""] --> 1[""Conduct assessment""]
1 --> 2[""Check credit history""]
1 --> 3[""Conduct property title search""]
1 --> 4[""Perform property survey""]
4 --> 5[""Assessment complete""]
5 --> 6[""EndNode""]
"
153,"
graph LR
0[""StartNode""] --> 1[""Request material""]
1 --> 2{""Material in stock?""}
2 --> |""No""|3[""Place orders to suppliers""]
2 --> |""Yes""|4[""Manage transfers of material""]
4 --> 2
4 --> |""No""|3
4 --> |""Yes""|5[""Monitor progress of purchase orders""]
5 --> 6[""Receive incoming material supplies""]
6 --> 7[""Receive requested material""]
7 --> 8[""Release invoices for payment""]
8 --> 9[""EndNode""]
"
154,"
graph LR
0[""StartNode""] --> 1[""Select Meetings p1""]
1 --> 2[""Send Consolidated Referee Forms""]
2 --> 3[""Send Round 2 Evaluation Form""]
3 --> 4[""Follow up with evaluation sheet""]
4 --> 5[""Consolidate evaluations""]
5 --> 6[""Answer panel member questions""]
5 --> 7[""Log questions in FAQ""]
6 --> 7
7 --> 8[""EndNode""]
"
155,"
graph LR
0[""StartNode""] --> 1[""Change status to Tender""]
1 --> 2[""Send email enclosing load tenders""]
2 --> 3[""Consolidate load tenders""]
3 --> 4[""Print shipping labels and picking list""]
4 --> 5[""Sort labels by customer and item type""]
5 --> 6[""Assign loading doors to orders""]
6 --> 7[""Collect items for order""]
7 --> 8{""All items available?""}
8 --> |""Yes""|9[""Leave order at door""]
8 --> |""No""|10[""Inform customer clerk""]
9 --> 11[""EndNode""]
10 --> 11
"
156,"
graph LR
0[""StartNode""] --> 1[""Collect daily mail""]
1 --> 2[""Sort unopened mail""]
2 --> 3[""Sort opened mail""]
3 --> 4[""Register mail""]
4 --> 5[""Check mail compliance""]
5 --> |""Rejected""|6[""Compile mailed document requisition""]
5 --> |""Accepted""|7[""Capture matter details""]
7 --> 8[""Receive payment""]
8 --> |""Filed document""|9[""Prepare response""]
8 --> |""Document copy & receipt""|10[""Capture party details""]
9 --> 11[""EndNode""]
10 --> 11
10 --> 12[""Print file server""]
12 --> 11
"
157,"
graph LR
0[""StartNode""] --> 1[""Check customary credit history""]
0 --> 2[""Conduct Property Survey""]
1 --> 3[""Search for property title""]
2 --> 3
3 --> 4[""EndNode""]
"
158,"
graph LR
0[""StartNode""] --> 1[""Customer reports a problem""]
1 --> 2[""Customer asks questions""]
2 --> 3[""Customer answers questions""]
3 --> 4{""Account manager can handle issue""}
4 --> |""Yes""|5[""Provide solution""]
4 --> |""No""|6[""First level support handles issue""]
6 --> 7{""First level support can handle issue""}
7 --> |""Yes""|8[""Provide feedback to account manager""]
7 --> |""No""|9[""Developer handles issue""]
9 --> 10[""Provide feedback to first level support""]
8 --> 5
5 --> 11[""EndNode""]
10 --> 5
"
159,"
graph LR
0[""StartNode""] --> 1[""Acknowledge feeling of hunger""]
1 --> 2[""Choose a dish""]
2 --> 3[""Select spaghetti""]
2 --> 4[""Choose a drink""]
3 --> 5[""Order spaghetti""]
4 --> 6[""Order drink""]
5 --> 7[""Eat spaghetti""]
6 --> 7
7 --> 8[""Settle bill""]
8 --> 9[""EndNode""]
"
160,"
graph LR
0[""StartNode""] --> 1[""Receive order""]
1 --> 2[""Send invoice""]
1 --> 3[""Ship products""]
2 --> 4[""Receive payment""]
3 --> 4
4 --> 5[""EndNode""]
"
161,"
graph LR
0[""StartNode""] --> 1[""BG.BG""]
1 --> 2[""BH.BH""]
2 --> 3[""DG.DG""]
3 --> 4[""BE.BE""]
4 --> 5[""DF""]
5 --> 6[""DC""]
6 --> 7[""DE.DD""]
7 --> 8[""CW""]
8 --> 9[""CU""]
9 --> 10[""EndNode""]
"
162,"
graph LR
0[""StartNode""] --> 1[""Customer receives invoice""]
1 --> 2[""Customer makes payment""]
2 --> 3[""Bank receives payment""]
3 --> 4{""Bank checks accounts for payments""}
4 --> |""Yes""|5[""Bank needs to contact customer""]
4 --> |""No""|6{""Bank needs to resolve invoice""}
6 --> |""Yes""|7[""Bank makes journal entry""]
6 --> |""No""|8[""Cash account is debited""]
8 --> 9[""Customer is contacted for negotiations""]
9 --> 10[""EndNode""]
"
163,"
graph LR
0[""StartNode""] --> 1[""Announce arrival""]
1 --> 2{""Has person already registered?""}
2 --> |""No""|3[""Send registration details""]
2 --> |""Yes""|4[""Request registration form""]
3 --> 5[""EndNode""]
4 --> 2
4 --> 6[""Announce start of measurement""]
6 --> 5
"
164,"
graph LR
0[""StartNode""] --> 1{""Offer is signed?""}
1 --> |""No""|2[""Register offer loss""]
1 --> |""Yes""|3[""Proceed to reception""]
2 --> 4[""Register opportunity loss""]
2 --> 5{""Competitor information is available?""}
3 --> 6[""Sign offer""]
6 --> 7[""End process""]
5 --> |""Yes""|8[""Register competitor information""]
5 --> |""No""|9{""Offer is signed?""}
9 --> |""No""|2
9 --> |""Yes""|3
8 --> 7
"
165,"
graph LR
0[""StartNode""] --> 1[""Check quality and update record""]
1 --> 2{""Quality okay?""}
2 --> |""No""|3[""Inform IT Manager""]
2 --> |""Yes""|4[""Check for permanent solution""]
4 --> 5{""Permanent solution found?""}
5 --> |""No""|6[""Send service request to vendor""]
5 --> |""Yes""|7[""Close service call""]
7 --> 8{""Service call closed?""}
8 --> |""Yes""|9[""Stop process""]
8 --> |""No""|6
"
166,"
graph LR
0[""StartNode""] --> 1[""Check if information is complete""]
1 --> 2{""Information is complete?""}
2 --> |""Yes""|3[""Add incoming mail number and archive letter""]
2 --> |""No""|4[""Call customer to complete data""]
4 --> 5[""EndNode""]
3 --> 6[""Bring letter book and member register to Secretary""]
6 --> 7[""Check if applicant is a member""]
7 --> 8{""Applicant is a member?""}
8 --> |""No""|9[""Write letter to applicant explaining why they can't become a member""]
8 --> |""Yes""|10[""Stamp 'new member' on letter and write date on it""]
9 --> 11[""EndNode""]
10 --> 12[""Add member to member register""]
12 --> 13[""Calculate membership fee""]
13 --> 14[""Write amount in membership register""]
14 --> 15[""Write invoice for payment of first fee""]
15 --> 16[""Print membership card""]
16 --> 17[""Send membership card to member""]
17 --> 18[""Wait for payment""]
18 --> 19[""EndNode""]
"
167,"
graph LR
0[""StartNode""] --> 1[""Notify the director""]
1 --> 2[""Receive patient interview""]
1 --> 3[""Receive expert review""]
2 --> 4[""File interview results""]
3 --> 5[""File expert review results""]
4 --> 6[""Create report""]
5 --> 6
6 --> 7[""EndNode""]
"
168,"
graph LR
0[""StartNode""] --> 1[""Use newCallOffOrderEvent""]
1 --> 2[""Send Order""]
1 --> 3[""Execute CallOff""]
1 --> 4[""Transport""]
1 --> 5[""Delivery Inspection""]
2 --> 6[""Ask For Invoice""]
2 --> 7[""Ask For CallOff Confirmation""]
6 --> 8[""Send Invoice""]
7 --> 8
8 --> 9[""EndNode""]
"
169,"
graph LR
0[""StartNode""] --> 1[""Set travel schedules""]
1 --> 2[""Look for accommodation""]
2 --> 3[""Request quote""]
3 --> 4[""Fill mission order request (MOR)""]
4 --> 5{""MOR approved?""}
5 --> |""Yes""|6[""Check MOR for relevancy and cost""]
5 --> |""No""|7[""EndNode""]
6 --> 7[""Choose financial contract""]
7 --> 8[""Approve or disapprove mission""]
8 --> |""Approved""|9[""Address MOR and quote to assistant""]
8 --> |""Disapproved""|7
9 --> 10{""Credit available?""}
10 --> |""Yes""|11[""Place order""]
10 --> |""No""|7
11 --> 12[""Enter mission data in budget management tool""]
12 --> 13{""Financier is employer?""}
13 --> |""Yes""|14[""Make mission order without expenses (MOWE)""]
13 --> |""No""|15[""Send dossier to direction""]
14 --> 15
15 --> 16{""Documents approved?""}
16 --> |""Yes""|17[""Approve or disapprove documents""]
16 --> |""No""|7
17 --> |""Approved""|18[""Give copy of MO and/or MOWE to employee""]
17 --> |""Disapproved""|7
18 --> 19[""Classify all documents""]
19 --> 20[""EndNode""]
"
170,"
graph LR
0[""StartNode""] --> 1[""Assess weak points in development""]
1 --> 2[""Choose employees for training""]
2 --> 3[""Specify education needs""]
3 --> 4[""Decide on training method""]
4 --> 5[""Check employee availability""]
4 --> 6[""Consult with employee""]
5 --> 6
6 --> 7[""Set possible training dates""]
7 --> 8[""Finalize education requirements""]
8 --> 9[""Sign contract""]
9 --> 10[""EndNode""]
"
171,"
graph LR
0[""StartNode""] --> 1[""Create Functional design document""]
1 --> 2[""Create State specific Business scenarios""]
2 --> 3[""Create Rating scenarios""]
2 --> 4[""Create Forms scenarios""]
2 --> 5[""Create UI test cases""]
3 --> 6[""Test Document Review""]
4 --> 6
5 --> 6
6 --> 7[""Test Execution""]
7 --> 8[""Test Audit""]
8 --> 9[""Test Report signoff""]
9 --> 10[""End of State Roll out process""]
10 --> 11[""EndNode""]
"
172,"
graph LR
0[""StartNode""] --> 1[""Issue a report to the client""]
0 --> 2[""Issue a report to the registry""]
0 --> 3[""Issue a report to accounts receivable""]
1 --> 4[""EndNode""]
2 --> 4
3 --> 4
"
173,"
graph LR
0[""StartNode""] --> 1[""Schedule production activities""]
1 --> 2[""Procure materials""]
2 --> 3[""Issue materials""]
3 --> 4[""Produce products""]
4 --> 5[""Test products""]
4 --> 6[""Dispose of waste""]
4 --> 7[""Stage products""]
5 --> 7
6 --> 7
7 --> 8[""Release for delivery""]
8 --> 9[""EndNode""]
"
174,"
graph LR
0[""StartNode""] --> 1[""Verify form structure""]
1 --> 2{""Form is correct?""}
2 --> |""Yes""|3[""Verify proposal""]
3 --> 4{""Form is correct?""}
4 --> |""Yes""|5[""Process successful""]
4 --> |""No""|6[""Face failure""]
3 --> 6
2 --> |""No""|7[""Form error""]
7 --> 8[""EndNode""]
5 --> 8
"
175,"
graph LR
0[""StartNode""] --> 1[""Book the car park location""]
0 --> 2[""Provide the guideline to the car park""]
1 --> 3[""Generate Data Object: building name, the level & number (D4)""]
2 --> 3[""Generate Data Object: GPS""]
3 --> 4[""Bill the credit card""]
4 --> 5[""EndNode""]
"
176,"
graph LR
0[""StartNode""] --> 1[""Fill a pot with water""]
1 --> 2[""Boil the water""]
1 --> 3[""Prepare the tomato sauce""]
3 --> 4[""Add seasoning""]
2 --> 5[""Put in the noodles""]
5 --> 6[""Mix the noodles with the tomato sauce""]
6 --> 7[""EndNode""]
"
177,"
graph LR
0[""StartNode""] --> 1[""Receive order""]
1 --> 2[""Send invoice""]
1 --> 3[""Ship products""]
2 --> 4[""Receive payment""]
4 --> 5[""EndNode""]
3 --> 4
"
178,"
graph LR
0[""StartNode""] --> 1[""T1 initiated""]
1 --> 2[""T2""]
1 --> 3[""T3""]
2 --> 4[""T4""]
3 --> 4
4 --> 5[""EndNode""]
"
179,"
graph LR
0[""StartNode""] --> 1[""Announce arrival""]
1 --> 2[""Request registration form""]
2 --> 3{""Registration form obtained?""}
3 --> |""No""|4[""Send registration details""]
3 --> |""Yes""|5[""Provide registration form""]
5 --> 6[""Announce measurement""]
6 --> 7{""Registration can be done in the van?""}
7 --> |""Yes""|8[""Permit registration""]
7 --> |""No""|9[""Request person to leave the van""]
8 --> 10[""Check if subject is ready""]
10 --> |""Yes""|11[""EndNode""]
10 --> |""No""|12[""Permit registration""]
12 --> 13[""Send questionnaire answers""]
13 --> 14[""Send registration ID""]
14 --> 15[""EndNode""]
9 --> 15
"
180,"
graph LR
0[""StartNode""] --> 1[""Vendor sends invoice""]
1 --> 2[""Vendor receives invoice""]
2 --> 3{""Instruction to send over invoice or contact vendor""}
3 --> |""Send over invoice""|4[""Enter invoice information in Payment Out Module""]
3 --> |""Contact vendor""|5[""Vendor revises invoice on the spot""]
5 --> 2
4 --> 6[""Make payment""]
6 --> 7[""Process payment""]
7 --> 8[""Forward payment to vendor""]
8 --> 9[""Close order""]
9 --> 10[""EndNode""]
"
181,"
graph LR
0[""StartNode""] --> 1[""Incoming Order""]
1 --> 2[""Check Availability""]
2 --> 3{""Is the Item Available?""}
3 --> |""Yes""|4[""Send the Item""]
3 --> |""No""|5[""Procure the Item""]
4 --> 6[""Process Payment""]
5 --> 4
4 --> 7[""EndNode""]
"
182,"
graph LR
0[""StartNode""] --> 1[""Submit application""]
1 --> 2[""Deliver required documents""]
2 --> 3[""Conduct completeness check""]
3 --> 4{""Application complete?""}
4 --> |""No""|5[""Send email regarding incompleteness""]
4 --> |""Yes""|6[""Send copies of documents to academic recognition agency""]
5 --> 7[""EndNode""]
6 --> 7
"
183,"
graph LR
0[""StartNode""] --> 1[""Identify errors""]
1 --> 2[""Highlight errors on Invoice Entry Form""]
1 --> 3[""Keep track of errors per Data Entry Officer""]
3 --> 4[""Return invoice to Data Entry Officer""]
4 --> 5[""Record number of errors per Data Entry Officer""]
5 --> 6[""EndNode""]
"
184,"
graph LR
0[""StartNode""] --> 1[""Collect process list and scope""]
1 --> 2[""Conduct interviews""]
2 --> 3[""Define process models and metrics""]
3 --> 4[""Publish process models to PCE""]
4 --> 5[""Provide comments and feedback""]
5 --> 3
3 --> 6[""Collect and review feedback""]
6 --> 7[""EndNode""]
"
185,"
graph LR
0[""StartNode""] --> 1[""Send message""]
1 --> 2[""Analyze sender""]
1 --> 3[""Analyze message""]
2 --> 4[""Generate reply""]
3 --> 4
4 --> 5[""Send reply""]
5 --> 6[""EndNode""]
"
186,"
graph LR
0[""StartNode""] --> 1[""Select pizza and place order""]
1 --> 2[""Pizza made""]
2 --> 3[""Pizza delivered""]
3 --> |""Yes""|4[""Customer makes payment""]
3 --> |""No""|5{""Over 60 minutes?""}
5 --> |""Yes""|6[""Customer calls vendor""]
5 --> |""No""|7[""Customer waits for delivery""]
6 --> 8[""Customer inquires about pizza status""]
7 --> 8
8 --> 9[""Customer asks for pizza""]
9 --> 4
4 --> 10[""Customer receives receipt""]
10 --> 11[""EndNode""]
"
187,"
graph LR
0[""StartNode""] --> 1[""Complete steps within 10 working days""]
1 --> 2[""Complete steps within 30 working days""]
1 --> 3{""10 working days passed?""}
3 --> |""Yes""|4[""Send reminder""]
3 --> |""No""|5{""30 working days passed?""}
5 --> |""Yes""|6[""Cancel job""]
5 --> |""No""|7[""Give additional 10 working days""]
4 --> 7
7 --> 8[""EndNode""]
6 --> 8
"
188,"
graph LR
0[""StartNode""] --> 1[""Feel tired""]
1 --> 2[""Put on pajamas""]
1 --> 3[""Brush teeth""]
2 --> 4[""Ready for bed""]
3 --> 4
4 --> 5[""EndNode""]
"
189,"
graph LR
0[""StartNode""] --> 1[""Inquiry""]
1 --> 2[""Quotation""]
2 --> 3{""Pricing and Terms satisfactory?""}
3 --> |""Yes""|4[""Purchase Order""]
3 --> |""No""|5[""Quotation""]
4 --> 6[""Sales Order""]
6 --> 7[""Shipment""]
7 --> 8[""Update Sales Order""]
8 --> 9[""Invoice/Bill""]
9 --> 10{""Payment received?""}
10 --> |""Yes""|11[""Record Payment""]
10 --> |""No""|12[""Reminder""]
11 --> 13[""EndNode""]
12 --> 10
"
190,"
graph LR
0[""StartNode""] --> 1[""Post job vacancy""]
1 --> 2[""Enter job profile""]
2 --> 3{""Job profile forwarded?""}
3 --> |""Yes""|4[""Extend job profile""]
3 --> |""No""|5[""Enter job profile again""]
5 --> 6{""Job profile released?""}
6 --> |""Yes""|7[""Create job profile""]
6 --> |""No""|4
4 --> 7[""Choose recruiting channels""]
7 --> 8[""EndNode""]
"
191,"
graph LR
0[""StartNode""] --> 1[""New signup""]
1 --> 2[""Country/Origin""]
1 --> 3[""Choose Account Type""]
1 --> 4[""Enter Details""]
4 --> 5[""Verify Details and Language""]
5 --> 6[""Verify Email""]
6 --> 7[""Verify Credit Card/Bank Account""]
7 --> 8[""EndNode""]
"
192,"
graph LR
0[""StartNode""] --> 1[""Check customer credit history""]
0 --> 2[""Search property title""]
1 --> 3[""Access Credit history file""]
2 --> 4[""Produce Survey document""]
3 --> 5[""End process""]
4 --> 5
2 --> 5
"
193,"
graph LR
0[""StartNode""] --> 1[""Generate payment report""]
1 --> 2[""Pay vendor""]
1 --> 3[""Send payment record to Accounts Receivable Department""]
1 --> 4[""Send payment report to registry""]
2 --> 5[""Archive invoices""]
3 --> 5
4 --> 5
5 --> 6[""Charge $35 per paid invoice""]
6 --> 7[""Generate monthly invoices for SSP's clients""]
7 --> 8[""EndNode""]
"
194,"
graph LR
0[""StartNode""] --> 1[""TASK1""]
1 --> 2[""TASK2""]
2 --> 3[""TASK3""]
2 --> 4[""TASK4""]
4 --> 5[""TASK5""]
5 --> 6[""EndNode""]
"
195,"
graph LR
0[""StartNode""] --> 1[""Create purchase requisition""]
1 --> 2[""Submit purchase order""]
2 --> 3[""Send ordered materials""]
3 --> 4{""Verify shipment contents""}
4 --> |""Incomplete""|5[""Communicate problems""]
4 --> |""Accurate""|6[""Verify shipment contents""]
6 --> |""Incomplete""|7[""Communicate problems""]
7 --> 3
6 --> |""Accurate""|8[""Verify documents""]
8 --> 9[""Send payment""]
9 --> 10[""EndNode""]
"
196,"
graph LR
0[""StartNode""] --> 1[""Distribute Applications""]
1 --> 2[""Email Evaluation Sheet""]
2 --> 3[""Follow-up Evaluation Sheets""]
3 --> 4[""Consolidate Rankings""]
4 --> 5[""Distribute Consolidated Ranking Sheet""]
5 --> 6[""EndNode""]
"
197,"
graph LR
0[""StartNode""] --> 1[""Select case to work on""]
1 --> 2[""Perform as-is analysis""]
2 --> 3[""Develop to-be model""]
2 --> 4[""Prepare final report""]
4 --> 5[""Prepare presentation""]
5 --> 6[""Deliver presentation""]
6 --> 7[""EndNode""]
"
198,"
graph LR
0[""StartNode""] --> 1[""Procure Part""]
1 --> 2{""All parts available?""}
2 --> |""Yes""| 3[""EndNode""]
2 --> |""No""| 4[""Part Auction""]
4 --> 3
"
199,"
graph LR
0[""StartNode""] --> 1[""Loan Request""]
1 --> 2[""Collect Credit Information""]
2 --> 3{""Amount >= 1M$""}
3 --> |""Yes""|4[""Assess Risk""]
3 --> |""No""|5[""Request Approval""]
4 --> 6{""Risk is low""}
6 --> |""Yes""|7[""Accept Credit""]
6 --> |""No""|7[""Request Approval""]
7 --> 8[""Check Approval""]
8 --> |""Yes""|9[""Accept Credit""]
8 --> |""No""|10[""Reject Credit""]
9 --> 11[""EndNode""]
10 --> 11
"
200,"
graph LR
0[""StartNode""] --> 1[""Test-Task starts""]
1 --> 2[""Parallel 1""]
1 --> 3[""Parallel 2""]
2 --> 4[""JoinNode""]
3 --> 4
4 --> 5[""End process""]
"
201,"
graph LR
0[""StartNode""] --> 1[""Verify RFQ""]
1 --> 2{""Is RFQ verified?""}
2 --> |""No""|3[""Ask for more information""]
2 --> |""Yes""|4[""Analyze RFQ""]
4 --> 5[""Provide L&M cost estimates""]
5 --> 6[""Check if RFQ is verified""]
6 --> |""No""|3
6 --> |""Yes""|7[""Ask for clarification""]
7 --> 8[""Add overhead costs""]
8 --> 9[""Generate pricing options""]
9 --> 10[""Generate sales quote""]
10 --> 11[""EndNode""]
"
202,"
graph LR
0[""StartNode""] --> 1[""Validate invoice""]
1 --> 2[""Wait until the end of the week""]
1 --> 3[""Validate invoice""]
3 --> 4[""Run payment file process""]
4 --> 5[""Generate payment report""]
5 --> 6[""Send payment report to client""]
5 --> 7[""Send payment report to registry""]
7 --> 8[""Archive invoice""]
8 --> 9[""Generate monthly invoices for SSP's clients""]
9 --> 10[""Send report of fees $35 per invoice to a client""]
10 --> 11[""EndNode""]
"
203,"
graph LR
0[""StartNode""] --> 1[""Validate invoice information for payment""]
1 --> 2[""Check validated invoices from SAP""]
2 --> 3[""Check possible date for payment""]
3 --> 4[""Arrange payment process""]
4 --> 5[""Run payment process""]
5 --> 6[""Generate payment reports""]
6 --> 7[""Send payment reports to the client""]
6 --> 8[""Send payment reports to the registry""]
6 --> 9[""Send payment reports to the accounts receivable department officer""]
9 --> 10[""Receive reports from the accounts receivable department officer""]
10 --> 11[""Generate monthly invoices""]
11 --> 12[""Send monthly invoices to the client""]
12 --> 13[""EndNode""]
"
204,"
graph LR
0[""StartNode""] --> 1[""Finish meal""]
1 --> 2{""Wash down with a refreshing drink?""}
2 --> |""Yes""|3[""Wash down with a refreshing drink""]
2 --> |""No""|4[""Add dish detergent""]
4 --> 5[""Let the water down""]
4 --> 6[""Sink the dirty dishes""]
5 --> 6
6 --> 7[""Wash the dishes""]
7 --> 8[""EndNode""]
"
205,"
graph LR
0[""StartNode""] --> 1[""Check availability with supplier""]
1 --> 2{""Is item deliverable?""}
2 --> |""No""|3[""EndNode""]
2 --> |""Yes""|4{""Is delivery late?""}
4 --> |""Yes""|5[""Order item from supplier""]
4 --> |""No""|6[""Check availability with supplier""]
5 --> 7[""Wait for article to be received""]
7 --> 8[""Procure article""]
8 --> 9[""EndNode""]
"
206,"
graph LR
0[""BI.BI""] --> 1[""BJ.BJ""]
1 --> 2[""DP.DP""]
2 --> 3[""BG.BG""]
3 --> 4[""DO""]
4 --> 5[""DL""]
5 --> 6[""DN.DM""]
6 --> 7[""DD""]
7 --> 8[""DB""]
8 --> 9[""EndNode""]
"
207,"
graph LR
0[""StartNode""] --> 1[""Pay Invoices""]
1 --> 2[""Generate Payment Report""]
1 --> 3[""Send Payment Report to Accounts Receivable Department""]
1 --> 4[""Send Payment Report to Registry""]
3 --> 5[""Generate Monthly Invoices for Clients""]
4 --> 5
5 --> 6[""Select Paper-Based Invoices""]
6 --> 7[""Sort Invoices per Client""]
7 --> 8[""Sort Invoices per Payment Data""]
8 --> 9[""Archive Invoices""]
9 --> 10[""EndNode""]
"
208,"
graph LR
0[""StartNode""] --> 1[""Request for Quotation""]
1 --> 2[""Sales""]
2 --> 3[""Contract Establishment""]
3 --> 4[""Order Management""]
4 --> 5[""Backlog Management""]
5 --> 6[""Revenue Realization""]
6 --> 7[""EndNode""]
"
209,"
graph LR
0[""StartNode""] --> 1[""Send cost calculation to client""]
1 --> 2[""Receive answer from client""]
2 --> 3{""Client's decision""}
3 --> |""Accepted""|4[""Check and repair computer""]
3 --> |""Not accepted""|5[""Client takes computer home""]
4 --> 6[""EndNode""]
5 --> 7{""Computer remains defective""}
7 --> 6
"
210,"
graph LR
0[""StartNode""] --> 1[""Arrange invoices""]
1 --> 2[""Sort invoices""]
2 --> 3[""Staple entry form""]
2 --> 4[""Enter vendor name""]
2 --> 5[""Enter client name""]
2 --> 6[""Enter date of arrival""]
3 --> 7[""EndNode""]
4 --> 7
5 --> 7
6 --> 7
"
211,"
graph LR
0[""StartNode""] --> 1[""Receive claim""]
1 --> 2[""Check completeness""]
2 --> 3{""Data complete?""}
3 --> |""No""|4[""Send failure notice""]
3 --> |""Yes""|5[""Check insurance case""]
5 --> 6[""Send expert""]
6 --> 7[""Define insurance case""]
7 --> 8[""Wait for invoice""]
8 --> 9[""Pay invoice""]
9 --> 10[""EndNode""]
"
212,"
graph LR
0[""StartNode""] --> 1[""Request for Quotation""]
1 --> 2[""Customer submits RFQ""]
2 --> 3[""Quotation submitted""]
3 --> 4[""Receive Quotation""]
4 --> 5[""Submit Purchase Order""]
5 --> 6[""Send Goods""]
5 --> 7[""Send Invoice""]
6 --> 8[""Mark Goods as sent""]
7 --> 8[""Mark Invoice as sent""]
6 --> 9[""EndNode""]
7 --> 9
"
213,"
graph LR
0[""StartNode""] --> 1[""Check if order has been received""]
1 --> 2[""Check availability of article""]
2 --> 3{""Article available?""}
3 --> |""No""|4[""Procurement process""]
3 --> |""Yes""|5[""Ship article""]
5 --> 6[""Check availability of article again""]
6 --> 7{""Article available?""}
7 --> |""No""|8[""Procurement process""]
7 --> |""Yes""|9[""Financial settlement""]
9 --> 10[""Wait for payment to be received""]
10 --> 11[""EndNode""]
"
214,"
graph LR
0[""StartNode""] --> 1[""Mark Invoice as Paid""]
1 --> 2[""Send the report""]
2 --> 3[""Send the report""]
3 --> 4[""Send the report""]
4 --> 5[""Generate the monthly invoices""]
5 --> 6[""Charge $35 for each paid invoice""]
6 --> 7[""EndNode""]
"
215,"
graph LR
0[""StartNode""] --> 1[""Check if query is from trusted or non-trusted partner""]
1 --> |""Yes""| 2[""Authorization based on access control policy""]
1 --> |""No""| 3[""Specify level of visibility""]
3 --> 4[""Check if query is from trusted or non-trusted partner""]
4 --> |""Yes""| 2
4 --> |""No""| 5[""Acting as NodeRefs for initial negotiation""]
5 --> 6[""Establish trust relationship and access control policy""]
6 --> 7[""EndNode""]
"
216,"
graph LR
0[""StartNode""] --> 1[""Verify stock quantities""]
1 --> 2{""Items in stock?""}
2 --> |""Yes""|3[""Pack the goods""]
2 --> |""No""|4[""Create purchase order""]
3 --> 5[""Prepare to ship purchase order""]
5 --> 6[""Prepare shipment""]
4 --> 5
6 --> 7[""EndNode""]
"
217,"
graph LR
0[""StartNode""] --> 1[""Purchase Raw Materials""]
0 --> 2[""Make Production Plan""]
1 --> 3[""Manufacture products""]
2 --> 3
3 --> 4[""EndNode""]
"
218,"
graph LR
0[""StartNode""] --> 1[""Prepare feedback proposal""]
1 --> 2[""Send for approval""]
2 --> 3{""Feedback proposal approved?""}
3 --> |""No""|4[""Receive denial""]
3 --> |""Yes""|5[""Request feedback""]
4 --> 6[""Prepare feedback proposal again""]
5 --> 7[""Wait for feedback receipt""]
7 --> 8[""Reply to feedback""]
8 --> 9[""Collect feedback""]
9 --> 10[""Send collected feedback""]
10 --> 11[""Wait for collected feedback receipt""]
11 --> 12[""Analyze feedback""]
12 --> 13[""EndNode""]
"
219,"
graph LR
0[""StartNode""] --> 1[""Start and enter metadata""]
1 --> 2[""IN-Patient step""]
1 --> 3[""Send data to suppliers""]
1 --> 4[""Create a claim""]
3 --> 5[""Extract data from suppliers""]
5 --> 6[""Transfer data to doctor's phone""]
6 --> 7[""Confirm GOP""]
7 --> 8[""Register case""]
8 --> 9[""Handle claim""]
9 --> 10[""Enter data on patient's record""]
10 --> 11[""Confirm IN-Patient status""]
11 --> 12[""Receive payment""]
"
220,"
graph LR
0[""StartNode""] --> 1[""Wait for application form""]
1 --> 2[""Focus on specific task""]
2 --> 3[""Make an assessment""]
3 --> 4[""Pay attention to sub-process""]
4 --> 5{""Offer available?""}
5 --> |""Yes""|6[""Offer mortgage""]
5 --> |""No""|7[""Send rejection""]
6 --> 8[""EndNode""]
7 --> 8
3 --> 5
"
221,"
graph LR
0[""StartNode""] --> 1[""Check volume of work""]
1 --> 2[""Prepare timetable for next two weeks""]
2 --> 3[""Publish timetable""]
3 --> 4[""Fulfill availability of workers""]
3 --> 5[""Take into account non-availability of workers""]
4 --> 6[""Fill shift sheet""]
5 --> 6
6 --> 7[""Publish shift schedule""]
7 --> 8[""EndNode""]
"
222,"
graph LR
0[""StartNode""] --> 1{""Can we fulfill the order request?""}
1 --> |""Yes""|2[""Order confirmation""]
1 --> |""No""|3[""Reject the order""]
2 --> 4[""EndNode""]
3 --> 4
5[""StartNode""] --> 1
5 --> 1
"
223,"
graph LR
0[""StartNode""] --> 1[""Determine workday""]
0 --> 2[""Determine season""]
1 --> 3[""Determine working hours""]
2 --> 3
3 --> 4[""Determine thermostat temperature""]
4 --> 5[""EndNode""]
"
224,"
graph LR
0[""StartNode""] --> 1[""Check query origin""]
1 --> 2{""Query origin""}
2 --> |""Trusted partner""|3[""Authorization based on access control policy""]
2 --> |""Non-trusted partner""|4[""Specify level of visibility""]
3 --> 5[""EndNode""]
4 --> 6[""Acting as NodeRefs for initial negotiation""]
6 --> 5
"
225,"
graph LR
0[""StartNode""] --> 1[""Enter order""]
1 --> 2{""Product on sale?""}
2 --> |""Yes""|3[""Confirm order placement""]
2 --> |""No""|4[""Check if product is on sale""]
3 --> 5[""Order placed""]
4 --> 2
4 --> |""Yes""|3
4 --> |""No""|6[""Dismiss order""]
6 --> 7[""Order not placed""]
"
226,"
graph LR
0[""StartNode""] --> 1[""Request for Quotation""]
1 --> 2[""Sales""]
2 --> 3[""Contract Establishment""]
3 --> 4[""Order Management""]
4 --> 5[""Backlog Management""]
5 --> 6[""Revenue Realization""]
6 --> 7[""EndNode""]
"
227,"
graph LR
0[""StartNode""] --> 1[""Enter required information""]
1 --> 2[""Enter client name""]
1 --> 3[""Enter vendor name""]
1 --> 4[""Enter date of arrival""]
2 --> 5[""EndNode""]
3 --> 5
4 --> 5
"
228,"
graph LR
0[""StartNode""] --> 1[""Verify RFQ""]
1 --> 2{""RFQ verified?""}
2 --> |""No""|3[""Ask for more information""]
2 --> |""Yes""|4[""Analyze RFQ""]
3 --> 4
4 --> 5[""Provide L&M Cost Estimates""]
5 --> 6[""Provide clarification""]
6 --> 7[""Verify RFQ""]
7 --> 8[""Add overhead costs""]
8 --> 9[""Generate pricing options""]
9 --> 10[""Generate Sales Quote""]
10 --> 11[""EndNode""]
"
229,"
graph LR
0[""StartNode""] --> 1{""Can the order request be fulfilled?""}
1 --> |""Yes""|2[""Confirmation""]
1 --> |""No""|3[""Rejection""]
2 --> 4[""Transmit delivery information""]
4 --> 5[""Shipment""]
5 --> 6[""Order marked as fulfilled""]
6 --> 7[""EndNode""]
"
230,"
graph LR
0[""StartNode""] --> 1[""Check if Change Request is realizable""]
1 --> |""No""|2[""Withdraw correction""]
1 --> |""Yes""|3[""Create new transport request""]
3 --> 4[""Select request type""]
4 --> |""Workbench""|5[""Log on to development system""]
4 --> |""Customizing""|5
5 --> 6[""Proceed with customizing or workbench development""]
6 --> 7[""Release transport request""]
7 --> 8[""Pass correction to test""]
8 --> 9[""Log on to test system""]
9 --> 10{""Test successful?""}
10 --> |""Yes""|11[""Confirm successful test""]
10 --> |""No""|12[""Reset correction""]
11 --> 13[""Send email to change manager""]
12 --> 14[""Evaluate correction""]
14 --> 5
"
231,"
graph LR
0[""StartNode""] --> 1[""Ask 1st Level Support""]
1 --> 2{""Issue resolved?""}
2 --> |""Yes""|3[""Provide feedback for account manager""]
2 --> |""No""|4[""Ask developer for assistance""]
4 --> 5{""Issue resolved?""}
5 --> |""Yes""|6[""Provide feedback for 1st Level support""]
5 --> |""No""|7[""Provide feedback for developer""]
7 --> 8[""Provide feedback for 1st Level support""]
8 --> 9[""Provide feedback for account manager""]
"
232,"
graph LR
0[""StartNode""] --> 1[""Inquire about availability""]
1 --> 2[""Create Quotation""]
2 --> 3{""Pricing and Terms satisfactory?""}
3 --> |""Yes""|4[""Send Purchase Order""]
3 --> |""No""|5[""Inquire about availability""]
4 --> 6[""Create Sales Order""]
6 --> 7[""Prepare and Send Shipment""]
7 --> 8{""Quantity sufficient?""}
8 --> |""No""|9[""Back Order and Document""]
8 --> |""Yes""|10{""Payment received?""}
9 --> 11[""EndNode""]
10 --> |""Yes""|11
10 --> |""No""|12[""Send Payment Reminder""]
12 --> 11
"
233,"
graph LR
0[""StartNode""] --> 1[""Product Inquiry""]
1 --> 2[""Create Price Quote""]
2 --> 3[""Create Sales Order""]
3 --> 4{""Sufficient Quantities?""}
4 --> |""Yes""|5[""Ship Items""]
4 --> |""No""|6[""Backorder""]
5 --> 4
6 --> 7[""EndNode""]
7 --> 8[""Prepare Invoice""]
8 --> 9{""Payment Received <30 days?""}
9 --> |""Yes""|10[""Process Payment""]
9 --> |""No""|11[""Send Reminder""]
10 --> 12[""EndNode""]
11 --> 12
"
234,"
graph LR
0[""StartNode""] --> 1[""Arrive at shopping mall""]
1 --> 2[""Choose presents""]
1 --> 3[""Buy perfume""]
1 --> 4[""Buy necklace""]
2 --> 5[""Finish shopping""]
3 --> 5
4 --> 5
5 --> 6[""EndNode""]
"
235,"
graph LR
0[""StartNode""] --> 1[""Initiate process""]
1 --> 2[""Buy a Car""]
1 --> 3[""Choose a Bike""]
1 --> 4[""Buy a House""]
1 --> 5[""Buy a Kitchen""]
2 --> 6[""Buy a Pizza""]
3 --> 6
4 --> 6
5 --> 6
6 --> 7[""Buy a Mountain Bike""]
6 --> 8[""Buy a City Bike""]
7 --> 8
8 --> 9[""EndNode""]
"
236,"
graph LR
0[""StartNode""] --> 1[""Receive purchase invoice with validated invoice information for SSP""]
1 --> 2[""Check validated invoices from SAP""]
2 --> 3[""Check possible date for payment""]
3 --> 4[""Make payment""]
4 --> 5[""Arrange payment process""]
5 --> 6[""Run payment process""]
6 --> 7[""Generate payment reports""]
7 --> 8[""Send payment reports to client""]
7 --> 9[""Send payment reports to registry""]
7 --> 10[""Send payment reports to accounts receivable department officer""]
10 --> 11[""Receive payment reports""]
11 --> 12[""Generate monthly invoices""]
12 --> 13[""Send SSP invoice to client""]
13 --> 14[""EndNode""]
"
237,"
graph LR
0[""StartNode""] --> 1[""Incident Identification""]
1 --> 2[""Incident Logging""]
2 --> 3[""Incident Categorization""]
3 --> 4{""Is it a Service Request?""}
4 --> |""Yes""|5[""Request Fulfilment""]
4 --> |""No""|6[""Incident Prioritization""]
5 --> 7{""Is it a Major Incident?""}
7 --> |""Yes""|8[""Escalate Incident""]
7 --> |""No""|9{""Was the incident Fixed in agreed time?""}
9 --> |""Yes""|10[""Incident Closure""]
9 --> |""No""|11{""Is Hierarchic escalation is needed?""}
11 --> |""Yes""|8[""Escalate Incident""]
11 --> |""No""|12[""Investigation and Diagnosis""]
12 --> 13{""Is Hierarchic escalation is needed?""}
13 --> |""Yes""|8[""Escalate Incident""]
13 --> |""No""|10[""Incident Closure""]
"
238,"
graph LR
0[""StartNode""] --> 1[""Send main document""]
1 --> 2{""Should we send Supplement A?""}
2 --> |""Yes""|3[""Send Supplement A""]
2 --> |""No""|4[""EndNode""]
3 --> 5{""Should we send Supplement A again?""}
5 --> |""Yes""|3
5 --> |""No""|6{""Should we send Supplement B?""}
6 --> |""Yes""|7[""Send Supplement B""]
6 --> |""No""|4
7 --> 8[""Send Supplement B""]
8 --> 4[""EndNode""]
"
239,"
graph LR
0[""StartNode""] --> 1[""Receive email with survey and testimonial request""]
1 --> 2[""Receive survey""]
1 --> 3[""Receive testimonial request""]
2 --> 4[""Respond to survey""]
3 --> 4
4 --> 5[""EndNode""]
"
240,"
graph LR
0[""StartNode""] --> 1[""Report computer problem""]
1 --> 2[""Bring computer to ACM""]
2 --> 3[""Receive estimates and describe problem""]
3 --> 4[""Evaluate estimates""]
4 --> 5{""Agree with terms?""}
5 --> |""No""|6[""Take computer back""]
5 --> |""Yes""|7[""Authorize repair""]
7 --> 8[""Pick up notice for computer pickup""]
8 --> 9[""Check if computer has been repaired""]
9 --> |""No""|10[""EndNode""]
9 --> |""Yes""|11[""Pay for work done""]
11 --> 12[""Access problem and solution for customer file""]
12 --> 10
6 --> 10
"
241,"
graph LR
0[""StartNode""] --> 1[""Enter invoices to validation office""]
1 --> 2[""Proceed with invoices validation""]
2 --> 3[""Tick box 'invoice entered correctly' on invoices form""]
3 --> 4[""Log into SAP""]
4 --> 5[""Change data status from parked to validated""]
5 --> 6[""Forward validated invoices to Registry officers""]
5 --> 7[""Forward validated invoices information in SAP to Payment officer""]
6 --> 8[""EndNode""]
7 --> 8
"
242,"
graph LR
0[""StartNode""] --> 1[""Issue Received""]
1 --> 2[""Open the ticket""]
2 --> 3[""Edit the 1st level ticket""]
3 --> 4{""Result?""}
4 --> |""Yes""|5[""Send email to Account Manager""]
4 --> |""No""|6[""Edit the 2nd level ticket""]
6 --> 7{""Result?""}
7 --> |""Yes""|5
7 --> |""No""|8[""Edit the 2nd level ticket""]
8 --> 9{""Result?""}
9 --> |""Yes""|5
9 --> |""No""|10[""Close the ticket""]
10 --> 11{""Result?""}
11 --> |""Yes""|12[""Insert issue into product backlog""]
11 --> |""No""|12
12 --> 13[""Send email to Account Manager""]
13 --> 14[""EndNode""]
"
243,"
graph LR
0[""StartNode""] --> 1[""Submit loan application""]
1 --> 2[""Review loan paperwork""]
2 --> 3{""Loan value > $1000?""}
3 --> |""No""|4[""Evaluate risk""]
3 --> |""Yes""|5{""Loan value > $1000?""}
5 --> |""No""|4
5 --> |""Yes""|6[""Approve loan""]
6 --> 7[""Receive money""]
7 --> 8[""EndNode""]
4 --> 6
"
244,"
graph LR
0[""StartNode""] --> 1[""Check customer's credit history""]
1 --> 2[""Conduct property survey""]
1 --> 3[""Search property title""]
2 --> 4[""EndNode""]
3 --> 4
"
245,"
graph LR
0[""StartNode""] --> 1[""Send main contract document""]
1 --> 2{""Send supplement A?""}
2 --> |""Yes""|3[""Send supplement A""]
2 --> |""No""|4[""EndNode""]
3 --> 5{""Send supplement B?""}
5 --> |""Yes""|6[""Send supplement B""]
5 --> |""No""|4
6 --> 7[""Conclude process""]
7 --> 8[""EndNode""]
"
246,"
graph LR
0[""StartNode""] --> 1[""Customer order""]
1 --> 2[""Receive Order""]
2 --> 3[""Enter Order into System""]
2 --> 4[""Check Inventory""]
2 --> 5[""Assemble Shipment""]
2 --> 6[""Billing""]
5 --> 7[""Send Shipment""]
6 --> 7
7 --> 8[""Wait for Delivery""]
8 --> 9[""EndNode""]
"
247,"
graph LR
0[""Send shipment planning request""] --> 1[""Receive shipment planning alternatives""]
1 --> 2[""Select shipment planning""]
1 --> 3[""Schedule pickup""]
1 --> 4[""Send shipment documents""]
2 --> 5[""Load shipment at pickup location""]
3 --> 5
4 --> 5
5 --> 6[""EndNode""]
"
248,"
graph LR
0[""StartNode""] --> 1[""Go to iTunes Store Home""]
1 --> 2{""Expand Search Using Artist Name or Select Album""}
2 --> |""Expand Search Using Artist Name""|3[""Search for Album""]
2 --> |""Select Album""|4[""Select Album""]
3 --> 5[""Enter Email Address""]
5 --> 6[""Enter Password""]
6 --> 7[""Confirm Purchase Choice""]
7 --> 8[""Download Album""]
8 --> 9[""EndNode""]
4 --> 7
7 --> 10[""Login to Account""]
10 --> 11{""Login to Account or Download Album""}
11 --> |""Login to Account""|12[""Enter Secret Question and Answer""]
11 --> |""Download Album""|13[""EndNode""]
12 --> 14[""Enter Date of Birth""]
14 --> 15[""Provide Payment Method""]
15 --> 16[""Enter Billing Address""]
16 --> 17[""Confirm Registration""]
17 --> 18[""Confirm Purchase Choice""]
18 --> 19[""EndNode""]
"
249,"
graph LR
0[""StartNode""] --> 1[""Log and route the complaint""]
1 --> 2{""Is complaint 'instructor resolvable'?""}
2 --> |""Yes""|3[""Handle the complaint""]
2 --> |""No""|3[""Handle the complaint""]
3 --> 4{""Should complaint be escalated?""}
4 --> |""Yes""|5[""EndNode""]
4 --> |""No""|6[""Send email to student and cc Complaint Staff""]
6 --> 7[""Update complaint database""]
7 --> 8[""EndNode""]
"
250,"
graph LR
0[""StartNode""] --> 1[""Customer enters the store""]
1 --> 2[""Customer decides what they want""]
2 --> 3{""Is it a custom order or in-store purchase?""}
3 --> |""Custom order""|4[""Customer fills out a customer invoice""]
3 --> |""In-store purchase""|5[""EndNode""]
4 --> 6[""Repeat check for custom order or in-store purchase""]
6 --> 2
"
251,"
graph LR
0[""StartNode""] --> 1[""Change code""]
1 --> 2[""Commit to SVN""]
2 --> 3[""Update from SVN""]
3 --> 4[""Resolve conflicts""]
2 --> 4
4 --> 5[""Commit to SVN""]
5 --> 6[""Resolve conflicts""]
6 --> 7[""Commit to SVN""]
7 --> 8[""Update from SVN""]
8 --> 9[""Deploy to QA""]
8 --> 10[""Change code""]
10 --> 11[""Commit to SVN""]
11 --> 12[""Update from SVN""]
12 --> 13[""Deploy to QA""]
12 --> 14[""Change code""]
14 --> 15[""Commit to SVN""]
15 --> 16[""Update from SVN""]
16 --> 17[""Deploy to production""]
17 --> 18[""EndNode""]
"
252,"
graph LR
0[""StartNode""] --> 1[""Determine rent conditions""]
1 --> 2[""Find suitable piece of land""]
2 --> 3{""Required price >= found price""}
3 --> |""Yes""|4[""Check availability and rentability""]
3 --> |""No""|5[""Reevaluate conditions""]
4 --> 6[""Create contract form""]
5 --> 4
6 --> 7{""Contract approved?""}
7 --> |""Yes""|8[""Ensure water resources""]
7 --> |""No""|9[""Reevaluate conditions""]
8 --> 10[""Ensure food supplier""]
10 --> 11[""Finalize contracts with suppliers""]
11 --> 12[""Send final contract""]
12 --> 13[""Wait for acknowledgement""]
13 --> 14{""Check response""}
14 --> 15[""EndNode""]
"
253,"
graph LR
0[""StartNode""] --> 1[""Check if we can fulfill the order""]
1 --> 2{""Can we fulfill the order?""}
2 --> |""Yes""|3[""Confirm the order""]
2 --> |""No""|4[""Reject the order""]
3 --> 5[""Deliver the order""]
4 --> 6[""Inform that the order has been rejected""]
5 --> 7[""Inform that the order has been successfully delivered""]
"
254,"
graph LR
0[""StartNode""] --> 1[""TASK1""]
1 --> 2[""TASK2""]
2 --> 3[""TASK3""]
2 --> 4[""TASK4""]
4 --> 5[""TASK5""]
5 --> 6[""EndNode""]
"
255,"
graph LR
0[""StartNode""] --> 1[""Customer encounters a problem""]
1 --> 2[""Obtain a description of the problem""]
2 --> 3{""Can I handle this on my own?""}
3 --> |""Yes""|4[""Explain the solution""]
3 --> |""No""|5[""Send an email to the support system""]
5 --> 6[""EndNode""]
4 --> 7[""Reevaluate if they can handle the problem themselves""]
7 --> 3
"
256,"
graph LR
0[""StartNode""] --> 1[""Create Product""]
1 --> 2[""Propose Product""]
2 --> 3{""Product approved?""}
3 --> |""Yes""|4[""Approve Product""]
3 --> |""No""|5[""Reject Product""]
4 --> 6[""Product Approved""]
5 --> 7[""Product Rejected""]
6 --> 8[""EndNode""]
7 --> 8
"
257,"
graph LR
0[""StartNode""] --> 1[""Check Credit History""]
0 --> 2[""Property Survey""]
1 --> 3[""Property Title Search""]
3 --> 4[""EndNode""]
"
258,"
graph LR
0[""StartNode""] --> 1[""Check order received""]
1 --> 2[""Check availability of article""]
2 --> 3{""Article available?""}
3 --> |""No""|4[""Initiate procurement process""]
3 --> |""Yes""|5[""Ship article""]
5 --> 6[""Check availability of article""]
6 --> 7{""Article available?""}
7 --> |""No""|4
7 --> |""Yes""|5
5 --> 8[""Complete financial settlement""]
8 --> 9[""Receive payment""]
9 --> 10[""EndNode""]
"
259,"
graph LR
0[""StartNode""] --> 1[""Turn on computer""]
1 --> 2[""Connect to internet""]
2 --> 3[""Navigate to nba.com""]
2 --> 4[""Grab a beer""]
3 --> 5[""Start streaming""]
4 --> 5
5 --> 6[""Enjoy beer""]
6 --> 7{""Game ends""}
7 --> 8[""EndNode""]
"
260,"
graph LR
0[""StartNode""] --> 1[""Invoice arrives""]
1 --> 2{""Invoice is complete?""}
2 --> |""Yes""|3[""Check if invoice can be paid""]
2 --> |""No""|4[""Return invoice to client""]
3 --> |""Yes""|5[""Sort invoice by client and vendor""]
3 --> |""No""|4
5 --> 6[""EndNode""]
"
261,"
graph LR
0[""StartNode""] --> 1[""Receive payment""]
0 --> 2[""Ship the order""]
1 --> 3[""Archive the order""]
2 --> 3
3 --> 4[""EndNode""]
"
262,"
graph LR
0[""StartNode""] --> 1[""Detection of incident""]
1 --> 2[""Troubleshooting application""]
2 --> 3{""Incident resolved within 1 hour?""}
3 --> |""Yes""|4[""Incident resolved""]
3 --> |""No""|5[""Analyze incident""]
5 --> 6{""Financial impact?""}
6 --> |""No""|7[""EndNode""]
6 --> |""Yes""|8[""Open EMS""]
8 --> 9[""Contact Application Team""]
9 --> 10[""Open conference line""]
10 --> 11[""EndNode""]
"
263,"
graph LR
0[""StartNode""] --> 1[""Confirm invoice paid""]
1 --> 2[""Send report to Client""]
1 --> 3[""Send report to SSP's Accounts Receivable Department""]
1 --> 4[""Send report to Registry""]
2 --> 5[""Payment report sent""]
3 --> 5
4 --> 5
5 --> 6[""EndNode""]
"
264,"
graph LR
0[""StartNode""] --> 1[""Participate""]
1 --> 2{""Check the suggestion""}
2 --> |""Yes""|3[""EndNode""]
2 --> |""No""|4[""Select a friend""]
4 --> 5[""Select a second friend""]
5 --> 6[""Suggest a date""]
6 --> 7[""Post a message on the suggested friend's wall""]
7 --> 8[""Invite friends""]
8 --> 9{""Check if you should invite friends to use the app""}
9 --> |""No""|10[""EndNode""]
9 --> |""Yes""|11[""Invite friends""]
11 --> 9
"
265,"
graph LR
0[""StartNode""] --> 1[""Publish flight schedule""]
1 --> 2[""Assign fleets""]
2 --> 3[""Send flight schedule""]
3 --> 4[""Receive Flight Schedule""]
4 --> 5[""Create crew pairings""]
4 --> 6[""Create crew rosters""]
5 --> 6
6 --> 7[""Update crew changes""]
7 --> 8[""Repair crew rosters""]
8 --> 9[""Send crew assignments""]
9 --> 10[""Receive crew assignments""]
10 --> 11[""Create flight plan""]
11 --> 12[""Repair flight plan""]
12 --> 13[""Create flight report""]
13 --> 14[""Send flight report""]
14 --> 15[""Post-operation analysis""]
15 --> 16[""EndNode""]
"
266,"
graph LR
0[""StartNode""] --> 1[""Mortgage offers""]
1 --> 2[""Analyze response""]
1 --> 3[""Wait for two weeks""]
2 --> 4{""Response received?""}
4 --> |""Yes""|5{""Response is 'accepted'?""}
5 --> |""Yes""|6[""Check status of documents""]
5 --> |""No""|7{""Response is 'rejected'?""}
7 --> |""Yes""|8[""Update details""]
7 --> |""No""|8
8 --> 9[""Archive case""]
9 --> 10{""Response received?""}
10 --> |""Yes""|11{""Response is 'accepted'?""}
11 --> |""Yes""|12[""Check status of documents""]
11 --> |""No""|13{""Response is 'rejected'?""}
13 --> |""Yes""|14[""Require additional documents""]
13 --> |""No""|12
12 --> |""Complete""|15[""Move case""]
12 --> |""Incomplete""|14
15 --> 16[""EndNode""]
14 --> 16
"
267,"
graph LR
0[""StartNode""] --> 1[""Register for event participation""]
1 --> 2{""Fees required?""}
2 --> |""No""|3[""Register for seminar results""]
2 --> |""Yes""|4[""Create purchase request""]
4 --> 5{""Purchase request approved""}
5 --> |""Yes""|6[""Send approval notification""]
5 --> |""No""|7[""Notify rejection""]
3 --> 5
6 --> 8[""EndNode""]
7 --> 8
"
268,"
graph LR
0[""StartNode""] --> 1[""Receive request""]
1 --> 2[""Evaluate request""]
2 --> 3{""Report favorable?""}
3 --> |""No""|4[""Send notification of denial""]
3 --> |""Yes""|5[""Check if analyst has authority""]
4 --> 6[""EndNode""]
5 --> 7{""Analyst has authority?""}
7 --> |""Yes""|8[""Send payment""]
7 --> |""No""|9[""Authorize payment""]
8 --> 10[""EndNode""]
9 --> 10
10 --> 11[""Authorize payment""]
11 --> 12[""Send payment to complete process""]
12 --> 13[""EndNode""]
"
269,"
graph LR
0[""StartNode""] --> 1[""Receive mail""]
1 --> 2{""Information complete?""}
2 --> |""No""|3[""Call customer""]
2 --> |""Yes""|4[""Add mail number and date""]
4 --> 5[""Record letter""]
5 --> 6[""Archive letter""]
6 --> 7[""Take letters to Miranda""]
7 --> 8[""EndNode""]
"
270,"
graph LR
0[""StartNode""] --> 1[""Identify demand for material""]
1 --> 2{""Goods Available?""}
2 --> |""Yes""|3[""Utilize available material""]
2 --> |""No""|4[""Specify required material demand""]
3 --> 5[""Create purchase requisition""]
4 --> 5
5 --> 6[""Verify purchase requisition""]
6 --> 7[""Generate purchase order""]
7 --> 8[""Notify vendor""]
8 --> 9[""Vendor shipment""]
9 --> 10[""Create goods receipt""]
9 --> 11[""Create invoice receipt""]
10 --> 11
11 --> 12[""Make payment""]
12 --> 13[""EndNode""]
"
271,"
graph LR
0[""StartNode""] --> 1[""Receive online update on vacancy status""]
1 --> 2[""Advertise Vacancy""]
1 --> 3[""Assemble selection panel""]
2 --> 4[""Published Advertisement""]
2 --> 5[""Receive complete applications""]
5 --> 6[""Enter selection panel details in career website""]
6 --> 7[""EndNode""]
"
272,"
graph LR
0[""StartNode""] --> 1[""Send mortgage offer""]
1 --> 2[""Receive answer""]
2 --> 3{""Answer is 'decline'?""}
3 --> |""Yes""|4[""Update details""]
3 --> |""No""|5{""Offer is 'complete'?""}
5 --> |""Yes""|6[""Complete offer""]
5 --> |""No""|7[""Send message to customer""]
4 --> 8[""End process""]
7 --> 9[""Wait for customer's answer""]
9 --> 5
6 --> 8
8 --> 10[""EndNode""]
"
273,"
graph LR
0[""StartNode""] --> 1[""Check if there are any fees involved""]
1 --> |""No""|2[""Proceed with registration process""]
1 --> |""Yes""|3[""Create purchase requisition request""]
2 --> 4[""Obtain seminar results""]
4 --> 5[""EndNode""]
3 --> 6[""Check status of purchase request approval""]
6 --> |""Rejected""|7[""Notify rejection""]
6 --> |""Approved""|8[""Send approved notification""]
7 --> 5
8 --> 5
"
274,"
graph LR
0[""StartNode""] --> 1[""Send main document""]
1 --> 2{""Should Supplement A be sent?""}
2 --> |""Yes""|3[""Send Supplement A""]
2 --> |""No""|4[""EndNode""]
3 --> 5{""Should Supplement B be sent?""}
5 --> |""Yes""|6[""Send Supplement B""]
5 --> |""No""|4
6 --> 4
"
275,"
graph LR
0[""StartNode""] --> 1[""Check Report against Invoice""]
1 --> 2[""Record errors made by Data Entry Officer""]
1 --> 3[""Highlight error""]
2 --> 3
3 --> 4[""Update Invoice Entry Form""]
4 --> 5[""Verify 'Invoice Entered Correctly' on Invoice Entry Form""]
5 --> 6[""EndNode""]
"
276,"
graph LR
0[""StartNode""] --> 1[""Accepted Item""]
1 --> 2[""Case""]
1 --> 3[""Other""]
1 --> 4[""Can""]
1 --> 5[""Non-perishable""]
1 --> 6[""Perishable""]
2 --> 7[""Fruit""]
3 --> 7
4 --> 7
5 --> 8[""Sack""]
6 --> 8
7 --> 9[""QC""]
7 --> 10[""Weight""]
7 --> 11[""Date Center""]
8 --> 9
8 --> 10
8 --> 11
9 --> 12[""Store items based on item policy""]
10 --> 12
11 --> 12
12 --> 13[""EndNode""]
"
277,"
graph LR
0[""StartNode""] --> 1[""Receive shipment""]
1 --> 2[""Place shipment in warehouse""]
2 --> 3[""Update IS""]
3 --> 4[""Sort shipments by service type""]
4 --> 5[""Sort shipments by destination node""]
5 --> 6[""Sort shipments by size""]
6 --> 7[""Route calculation""]
7 --> 8{""Vehicle available?""}
8 --> |""Yes""|9[""Determine transport vehicle""]
8 --> |""No""|10[""Set waiting time limit""]
9 --> 11[""Load shipment onto vehicle""]
11 --> 12[""Unload shipment""]
12 --> 13[""Place shipment in branch office""]
13 --> 14[""Update IS""]
14 --> 15[""EndNode""]
"
278,"
graph LR
0[""StartNode""] --> 1[""Review letter""]
1 --> 2{""Letter complete?""}
2 --> |""No""|3[""Make telephone call""]
2 --> |""Yes""|4[""Archive letter""]
4 --> 5{""Have all necessary information?""}
5 --> |""No""|6[""EndNode""]
5 --> |""Yes""|7[""Make decision""]
7 --> |""No""|8[""Send denial""]
7 --> |""Yes""|9[""Stamp letter""]
9 --> |""Not a member""|8
9 --> |""Member""|10[""Register member""]
10 --> 11[""Calculate fee""]
11 --> 12[""Write fee into register""]
12 --> 13[""Prepare invoice mail""]
13 --> 14[""EndNode""]
"
279,"
graph LR
0[""StartNode""] --> 1[""Demand planning""]
1 --> 2[""Forecast netting""]
1 --> 3[""Safety stock calculation""]
1 --> 4[""Current stock levels update""]
2 --> 5[""Planning data loading""]
3 --> 5
4 --> 5
5 --> 6[""Weekly planning run""]
6 --> 7[""Production plan loading""]
7 --> 8[""Local production planning""]
8 --> 9[""EndNode""]
"
280,"
graph LR
0[""StartNode""] --> 1[""Generate payment report""]
1 --> 2[""Pay vendor""]
1 --> 3[""Send payment report to Accounts Receivable Department""]
1 --> 4[""Send payment report to registry""]
3 --> 5[""Generate monthly invoices for clients""]
4 --> 5
5 --> 6[""Charge client""]
6 --> 7[""Archive invoices per vendor""]
6 --> 8[""Archive invoices per payment data""]
7 --> 8
8 --> 9[""Track down payment""]
9 --> 10[""EndNode""]
"
281,"
graph LR
0[""StartNode""] --> 1[""Low Inventory""]
1 --> 2[""Materials Request""]
2 --> 3[""Purchase Materials""]
3 --> 4[""Receive Materials""]
4 --> 5{""Shipment okay?""}
5 --> |""Yes""|6[""Send Payment""]
5 --> |""No""|7[""Communicate Shipment Problem""]
7 --> 8[""EndNode""]
6 --> 8
"
282,"
graph LR
0[""StartNode""] --> 1[""Check production rule""]
1 --> 2{""Production rule defined?""}
2 --> |""No""|3[""Check substitute product rule""]
2 --> |""Yes""|4[""Prepare production line""]
3 --> 4
4 --> 5{""Production rule defined?""}
5 --> |""No""|6[""Check substitute product rule""]
5 --> |""Yes""|7[""Prepare production line""]
6 --> 7
7 --> 8{""Substitute production rule found?""}
8 --> |""Yes""|9[""Prepare production line before end""]
8 --> |""No""|10[""Create product rule not found alarm""]
9 --> 10
10 --> 11[""EndNode""]
"
283,"
graph LR
0[""StartNode""] --> 1[""Check Customers' Credit History""]
1 --> 2[""Search Property Title""]
1 --> 3[""Conduct Property Survey""]
3 --> 4[""EndNode""]
"
284,"
graph LR
0[""StartNode""] --> 1[""Process Starts""]
1 --> 2[""Inquire about product""]
2 --> 3[""Preparing Quote""]
3 --> 4[""Verify terms and pricing""]
4 --> 5[""Create sale order""]
5 --> 6[""Proceed with shipment""]
6 --> 7{""Payment sent?""}
7 --> |""Yes""|8[""Send payment""]
7 --> |""No""|9[""Send reminder""]
9 --> 7
8 --> 10[""EndNode""]
"
285,"
graph LR
0[""StartNode""] --> 1[""Prepare to cut banana""]
1 --> 2[""Hold banana securely""]
2 --> 3[""Cut banana""]
3 --> 4[""EndNode""]
"
286,"
graph LR
0[""StartNode""] --> 1[""Informational meeting""]
1 --> 2{""Meeting successful?""}
2 --> |""Yes""|3[""Create storyboard""]
2 --> |""No""|4[""EndNode""]
3 --> 5[""Design website""]
5 --> 6[""Develop website""]
5 --> 7[""Prepare content""]
6 --> 8[""Create initial draft""]
8 --> 9{""Review draft""}
9 --> |""Yes""|10[""Prepare final version""]
9 --> |""No""|11[""Review draft""]
10 --> 12[""Website approved""]
12 --> 13[""EndNode""]
11 --> 5
"
287,"
graph LR
0[""StartNode""] --> 1[""Receive customer inquiry""]
1 --> 2[""Prepare quotation""]
2 --> 3[""Create sales order""]
3 --> 4{""Credit approved?""}
4 --> |""No""|5[""EndNode""]
4 --> |""Yes""|6[""Check stock availability""]
6 --> |""No""|7[""Check for new stock delivery date""]
7 --> 8[""EndNode""]
6 --> |""Yes""|9[""Create outbound delivery""]
9 --> 10[""Check stock availability""]
10 --> |""No""|7[""Check for new stock delivery date""]
10 --> |""Yes""|11[""Pick goods""]
11 --> 12[""Post goods issue""]
12 --> 13{""Credit approved?""}
13 --> |""No""|7[""Check for new stock delivery date""]
13 --> |""Yes""|14[""Create billing""]
14 --> 15[""Pack product and invoice""]
15 --> 16[""Ship product and invoice""]
16 --> 17[""EndNode""]
"
288,"
graph LR
0[""StartNode""] --> 1[""T1""]
0 --> 2[""T2""]
1 --> 3[""T2""]
2 --> 3
3 --> 4[""EndNode""]
"
289,"
graph LR
0[""StartNode""] --> 1[""Click on Start""]
1 --> 2[""Select Edit Report""]
2 --> 3{""Expense greater than 1000?""}
3 --> |""Yes""|4[""Review report""]
3 --> |""No""|5{""Need for translation?""}
5 --> |""Yes""|6[""Translate receipts""]
5 --> |""No""|7[""Confirm receipts""]
4 --> 8[""Evaluate review decision""]
8 --> |""Rejected""|9[""Edit report""]
8 --> |""Approved""|10{""Need for translation?""}
10 --> |""Yes""|6
10 --> |""No""|7
7 --> 8
6 --> 8
8 --> |""Rejected""|9
8 --> |""Approved""|11[""Process expense""]
9 --> 12[""Edit report""]
11 --> 13{""Evaluate receipts decision""}
13 --> |""Rejected""|9
13 --> |""Accepted""|11
"
290,"
graph LR
0[""StartNode""] --> 1[""start_element""]
1 --> 2[""myTaskOne""]
2 --> 3{""myMessageEvent?""}
3 --> |""Yes""|4[""myTaskTwo""]
3 --> |""No""|5{""myTimeEvent_60minutes?""}
5 --> |""Yes""|6[""myTaskThree""]
5 --> |""No""|7[""myTaskTwo""]
6 --> 8[""myTermination""]
4 --> 8
7 --> 4
8 --> 9[""EndNode""]
"
291,"
graph LR
0[""StartNode""] --> 1[""Send product availability inquiry""]
1 --> 2[""Send product inquiry""]
2 --> 3[""Receive quotation""]
3 --> 4[""Analyze quotation""]
4 --> 5{""Purchase Decision""}
5 --> |""Accept""|6[""Send purchase order""]
5 --> |""Decline""|7[""EndNode""]
6 --> 8[""Purchase order sent""]
8 --> 9[""Wait for invoice""]
9 --> 10[""Verify invoice accuracy""]
10 --> 11[""Send payment""]
11 --> 12[""EndNode""]
"
292,"
graph LR
0[""StartNode""] --> 1[""Confirm the order""]
1 --> 2[""Shipping the item""]
1 --> 3[""Sending the invoice""]
2 --> 4[""Activity after shipping""]
3 --> 5[""Activity after sending invoice""]
4 --> 6[""EndNode""]
5 --> 6
"
293,"
graph LR
0[""StartNode""] --> 1[""Activity B-1""]
0 --> 2[""Activity C-1""]
0 --> 3[""Activity C-2""]
0 --> 4[""Activity B-2""]
2 --> 5[""Activity A-1""]
3 --> 5
5 --> 6[""Activity D-2""]
6 --> 7[""Activity E-1""]
7 --> 8[""Activity D-1""]
8 --> 9[""Activity B-3""]
8 --> 10[""Activity D-3""]
"
294,"
graph LR
0[""StartNode""] --> 1[""Check customer's credit history""]
0 --> 2[""Conduct property survey""]
1 --> 3[""Credit History File""]
2 --> 4[""Survey Document""]
3 --> 5[""Search for property title""]
4 --> 5
5 --> 6[""EndNode""]
"
295,"
graph LR
0[""StartNode""] --> 1[""Receive order""]
1 --> 2[""Shipping products""]
1 --> 3[""Send invoice""]
3 --> 4[""Receive payment""]
4 --> 5[""EndNode""]
"
296,"
graph LR
0[""StartNode""] --> 1[""Send email to support system""]
1 --> 2[""Allocate ticket""]
2 --> 3{""First level can handle it?""}
3 --> |""Yes""|4[""Document ticket""]
3 --> |""No""|5[""Ask developer""]
4 --> 6[""Send email to account manager""]
5 --> 7[""Document ticket""]
7 --> 6
6 --> 8[""EndNode""]
"
297,"
graph LR
0[""StartNode""] --> 1[""Register contract acceptation""]
0 --> 2[""Scan offer""]
1 --> 3[""Provide billing information""]
2 --> 3
3 --> 4[""EndNode""]
"
298,"
graph LR
0[""StartNode""] --> 1[""Receive customer inquiry""]
1 --> 2[""Prepare quotation""]
2 --> 3[""Create sales order""]
3 --> 4{""Credit approved?""}
4 --> |""No""|5[""EndNode""]
4 --> |""Yes""|6[""Check stock availability""]
6 --> |""No""|7[""EndNode""]
6 --> |""Yes""|8[""Create outbound delivery""]
8 --> 9{""Stock available?""}
9 --> |""No""|10[""EndNode""]
9 --> |""Yes""|11[""Pick""]
11 --> 12[""Post goods issue""]
12 --> 13[""Create billing""]
13 --> 14[""Pack product""]
14 --> 15[""Invoice product""]
15 --> 16[""Ship product""]
16 --> 17[""EndNode""]
"
299,"
graph LR
0[""StartNode""] --> 1[""Sort invoices per client""]
1 --> 2[""Sort invoices per vendor""]
2 --> 3[""Staple invoice entry form to invoice""]
3 --> 4[""Enter vendor name on invoice entry form""]
3 --> 5[""Enter client name on invoice entry form""]
3 --> 6[""Enter invoice arrival date on invoice entry form""]
4 --> 7[""EndNode""]
5 --> 7
6 --> 7
"
300,"
graph LR
0[""StartNode""] --> 1[""Vendor sends invoice""]
1 --> 2[""Vendor receives invoice""]
2 --> 3{""Instruction to send over the invoice or contact the vendor""}
3 --> |""Send over the invoice""|4[""Enter invoice information in Payment Out Module""]
3 --> |""Contact the vendor""|5[""Revises invoice on the spot""]
5 --> 2
2 --> 3
3 --> |""Send over the invoice""|6[""Vendor makes payment""]
3 --> |""Contact the vendor""|7[""Vendor processes payment""]
6 --> 7
7 --> 8[""Forward payment to vendor""]
8 --> 9[""Vendor closes order""]
9 --> 10[""EndNode""]
"
301,"
graph LR
0[""StartNode""] --> 1[""Receive order""]
1 --> 2[""Send invoice""]
1 --> 3[""Ship products""]
2 --> 4[""Receive payment""]
3 --> 4
4 --> 5[""EndNode""]
"
302,"
graph LR
0[""StartNode""] --> 1[""Receive order""]
1 --> 2[""Confirm order""]
2 --> 3[""Arrange shipment""]
2 --> 4[""Update manufacturing plan""]
2 --> 5[""Generate order summary""]
2 --> 6[""Review and revise order""]
6 --> 7[""Update customer file""]
7 --> 8[""Update customer file""]
8 --> 9[""EndNode""]
"
303,"
graph LR
0[""StartNode""] --> 1[""Check Customers Credit History""]
0 --> 2[""Search Property Title""]
0 --> 3[""Conduct Property Survey""]
3 --> 4[""Survey Document""]
4 --> 5[""EndNode""]
"
304,"
graph LR
0[""StartNode""] --> 1[""Request Order""]
1 --> 2[""Choreography Task""]
2 --> 3{""Can Order be fulfilled?""}
3 --> |""Yes""|4[""Confirm Order""]
3 --> |""No""|5[""Reject Order""]
4 --> 6[""Deliver Order""]
6 --> 7[""EndNode""]
5 --> 8[""Notify Order Rejected""]
8 --> 7
"
305,"
graph LR
0[""Start the process""] --> 1[""Send new transport event""]
1 --> 2[""Receive transport order""]
2 --> 3[""Send transport order""]
3 --> 4[""Execute transport""]
3 --> 5[""Distribute shipment info""]
3 --> 6[""Ask for shipment confirmation""]
4 --> 7[""Distribute shipment info""]
6 --> 8[""Request shipment confirmation""]
7 --> 8
8 --> 9[""Send shipment confirmation""]
9 --> 10[""EndNode""]
"
306,"
graph LR
0[""StartNode""] --> 1[""Reach out to 1st Level Support""]
1 --> 2{""Can 1st Level Support handle the issue?""}
2 --> |""Yes""|3[""Provide feedback to account manager""]
2 --> |""No""|4[""Ask a developer for assistance""]
3 --> 5[""Receive assistance from 1st Level Support or developer""]
4 --> 5
5 --> 3
3 --> 6[""Provide feedback to 1st Level Support and account manager""]
6 --> 7[""EndNode""]
"
307,"
graph LR
0[""StartNode""] --> 1[""Initiate scheduling process""]
1 --> 2[""Manager creates Google Form and schedule template on Excel""]
2 --> 3[""Employee logs into Google account""]
3 --> 4[""Employee accesses Google Form""]
4 --> 5[""Employee selects available times""]
4 --> 6[""Employee lists reasons for unavailability""]
6 --> 7[""Employee submits form""]
2 --> 8[""Manager configures Excel schedule""]
8 --> 9[""Manager enters schedule on portal""]
9 --> 10[""Manager prints schedules for employees""]
10 --> 11[""Manager emails schedule to individual Gmail accounts""]
7 --> 11
11 --> 12[""Scheduling process complete""]
12 --> 13[""EndNode""]
"
308,"
graph LR
0[""StartNode""] --> 1[""Create purchase requisition""]
1 --> 2[""Submit purchase order""]
2 --> 3[""Send ordered materials""]
3 --> 4[""Send packing list and shipment details""]
4 --> 5[""Send invoice""]
5 --> 6[""Verify contents""]
6 --> |""Yes""|7[""Send payment""]
6 --> |""No""|8[""Report problems""]
7 --> 9[""EndNode""]
8 --> 10[""Send ordered materials again""]
10 --> 9
"
309,"
graph LR
0[""Weekly""] --> 1[""Pay invoices""]
1 --> 2[""Generate payment report""]
2 --> 3[""Send payment report to Accounts Receivable Department""]
2 --> 4[""Send payment report to registry""]
4 --> 5[""Generate monthly invoices""]
5 --> 6[""Send out invoices""]
"
310,"
graph LR
0[""StartNode""] --> 1[""Place change request""]
1 --> 2{""Delivery conflicts?""}
2 --> |""Yes""|3[""Dismiss change request""]
2 --> |""No""|4[""Check for cancellation""]
3 --> 5[""EndNode""]
4 --> 6{""Cancellation?""}
6 --> |""Yes""|7[""Cancel order""]
7 --> 8[""Mark order as canceled""]
8 --> 9[""EndNode""]
6 --> |""No""|10[""Check if product is on sale""]
10 --> |""Yes""|11[""Approve change request""]
10 --> |""No""|12[""Dismiss change request""]
11 --> 13[""Modify order""]
13 --> 14[""EndNode""]
"
311,"
graph LR
0[""StartNode""] --> 1[""Customer experiences computer problem""]
1 --> 2[""Describe problem""]
2 --> 3[""Receive estimated time and cost of repair""]
3 --> 4{""Time and cost acceptable?""}
4 --> |""Yes""|5[""Authorize repair""]
4 --> |""No""|6[""Take computer back""]
5 --> 7[""Repair itself""]
7 --> 8{""Check if computer problem has been fixed""}
8 --> |""Yes""|9[""Proceed with payment and pick up computer""]
8 --> |""No""|10[""EndNode""]
9 --> 11[""EndNode""]
"
312,"
graph LR
0[""StartNode""] --> 1[""Send order""]
1 --> 2[""Receive items""]
1 --> 3[""Receive invoice""]
2 --> 4[""Pay for items""]
3 --> 4
4 --> 5[""EndNode""]
"
313,"
graph LR
0[""StartNode""] --> 1[""Analyze""]
1 --> 2{""Goals satisfied?""}
2 --> |""No""|3[""Check for consistency""]
3 --> 4[""Update""]
4 --> 5[""Updated Business Model""]
4 --> 6[""Updated Goal Model""]
5 --> 7[""Analyze""]
6 --> 7
7 --> 2
2 --> |""Yes""| 8[""EndNode""]
"
314,"
graph LR
0[""StartNode""] --> 1[""Delay for 48 hours""]
1 --> 2[""Monitor issue votes""]
1 --> 3[""Send email warning""]
3 --> 4[""Delay for 24 hours""]
4 --> 5[""Moderate voting discussion""]
5 --> 6[""Close voting""]
6 --> 7[""EndNode""]
"
315,"
graph LR
0[""StartNode""] --> 1[""Meet with customer and discuss web design""]
1 --> 2{""Meeting with customer was successful?""}
2 --> |""Yes""|3[""Second meeting with customer to create storyboard""]
2 --> |""No""|4[""EndNode""]
3 --> 5{""Meeting with customer was successful?""}
5 --> |""Yes""|6[""Create storyboard""]
5 --> |""No""|4
6 --> 7[""EndNode""]
"
316,"
graph LR
0[""StartNode""] --> 1[""Send offer manually""]
1 --> 2{""Address available?""}
2 --> |""No""|3[""Contact customer to obtain address""]
2 --> |""Yes""|4[""Present offer""]
3 --> 4
4 --> 5[""Address customer questions""]
5 --> 6[""End process""]
"
317,"
graph LR
0[""StartNode""] --> 1[""Register participation in seminar""]
1 --> 2{""Seminar fees required?""}
2 --> |""No""|3[""Register post-seminar results""]
2 --> |""Yes""|4[""Create purchase request""]
4 --> 5{""Seminar fees required?""}
5 --> |""No""|6[""Notify rejection""]
5 --> |""Yes""|7[""Check purchase request approval""]
7 --> |""No""|6[""Notify rejection""]
7 --> |""Yes""|8[""Send appraisal notification""]
8 --> 9[""Register post-seminar results""]
"
318,"
graph LR
0[""StartNode""] --> 1[""Prepare shipment order""]
1 --> 2[""Send shipment order""]
2 --> 3{""Carrier response positive?""}
3 --> |""Yes""|4[""Realize ordered shipment""]
3 --> |""No""|5[""Acquire carriers (Link A)""]
4 --> 6[""EndNode""]
5 --> 6
"
319,"
graph LR
0[""StartNode""] --> 1[""Check Customer Credit History""]
0 --> 2[""Search Property Title""]
0 --> 3[""Property Survey""]
3 --> 4[""Survey Document""]
4 --> 5[""EndNode""]
"
320,"
graph LR
0[""StartNode""] --> 1[""Create M1""]
1 --> 2[""Handle all the information""]
2 --> 3[""EndNode""]
"
321,"
graph LR
0[""StartNode""] --> 1[""Undress""]
1 --> 2[""Put on underwear""]
1 --> 3[""Put on trousers""]
1 --> 4[""Put on shirt""]
2 --> 5[""Fully dressed""]
3 --> 5
4 --> 5
5 --> 6[""EndNode""]
"
322,"
graph LR
0[""StartNode""] --> 1[""Follow the recipe""]
1 --> 2[""Put eggs into bowl A""]
1 --> 3[""Put flour into bowl B""]
2 --> 4[""Add sugar to bowl A""]
3 --> 5[""Add baking powder to bowl B""]
2 --> 6[""Put butter into bowl A""]
6 --> 7[""Mix ingredients in bowl A""]
7 --> 8[""Bake the cake""]
8 --> 9[""Cake is fully baked""]
9 --> 10[""EndNode""]
"
323,"
graph LR
0[""StartNode""] --> 1[""Check Customer Credit History""]
1 --> 2[""Search Property Title""]
2 --> 3[""Property Survey""]
3 --> 4[""EndNode""]
"
324,"
graph LR
0[""StartNode""] --> 1[""Perform left outer join between lips and it_likp, store result in it_lipsm""]
1 --> 2[""Sort and remove duplicates from it_lipsm""]
2 --> 3[""Perform left outer join between vbfa and it_likpsm, store result in it_vbfa_completo""]
3 --> 4[""Remove lines from it_vbfa_completo where plmin is not equal to ""+""""]
4 --> 5[""Copy vbeln values from it_vbfa_completo to it_unolips, remove duplicates""]
5 --> 6[""Perform left outer join between lips and it_unolips, store result in it_lips""]
6 --> 7[""Copy lifex values from it_likp to it_lifex, sort""]
7 --> 8[""Write lifex values from it_lifex to it_vbfa_completo-secuencia""]
8 --> 9[""Execute busca_pedido_vbap and busca_factura_vbap functions""]
9 --> 10{""c_si in r_valida""}
10 --> |""Yes""|11{""pvstel in r_exclog""}
11 --> |""Yes""|12[""Perform left outer join between vbap and it_vbfa_completo, store result in imaktl""]
11 --> |""No""|13[""Perform left outer join between vbap and it_vbfa_completo, store result in imaktl""]
13 --> 14[""Transfer maktl values from imaktl to it_vbfa_completo""]
14 --> 15[""Remove rows that are not errors from it_nofacturado""]
15 --> 16[""Enhance rest of rows with data""]
16 --> 17[""Transfer vbeln values from it_vbfa_completo to itransp, remove duplicates""]
17 --> 18{""it_nofacturado empty?""}
18 --> |""Yes""|19[""Set error and print""]
18 --> |""No""|20{""error?""}
20 --> |""Yes""|21[""Perform left outer join between vbfa and itransp, store result in itnum""]
20 --> |""No""|22[""Perform right outer join between ivttk_t and itnum, store result in itnum""]
22 --> 23[""Transfer tknum values from itnum-vbeln to it_vbfa_completo""]
23 --> 24[""Remove rows from it_vbfa_completo without tknum""]
24 --> 25[""Remove rows from it_vbfa_completo where tknum is in so_tknum""]
25 --> 26[""EndNode""]
"
325,"
graph LR
0[""StartNode""] --> 1[""Allocate bank package""]
1 --> 2[""Verify data""]
2 --> 3{""Escalate if processing exceeds time limit""}
3 --> |""Yes""|4[""Escalate""]
3 --> |""No""|5[""Hour begins""]
5 --> 6[""Verify BR""]
6 --> 7{""Escalate if processing exceeds time limit""}
7 --> |""Yes""|8[""Escalate""]
7 --> |""No""|9[""Hour continues""]
9 --> 10[""Enter bank data comparative analysis""]
10 --> 11[""Simulate data""]
11 --> 12[""Consolidate and verify data""]
12 --> 13[""Reconcile banking system""]
13 --> 14[""Generate ratios and KPIs""]
14 --> 15{""Escalate if processing exceeds time limit""}
15 --> |""Yes""|16[""Escalate""]
15 --> |""No""|17[""Verify ratios and KPIs""]
17 --> 18[""Generate statistical reports""]
18 --> 19[""Post data to EIS""]
18 --> 20[""Post data to data warehouse""]
19 --> 21[""EndNode""]
20 --> 21
"
