,0
0,"The description contains the following activities and decisions:
Activities:
0. Interview Patients
1. File results and expertise
2. Create report
3. Ask for external expertise
4. Check if expert responds in time
5. Forward to referee
6. Fill out check to pay for expenses
Decisions:
0. Answer to ask for external expertise
1. Answer to check if expert responds in time

The process starts with activities 0 and 1 happening at the same time. After that, activity 2 happens. Decision 0 is made, if the answer is ""No"", then activity 3 happens. Decision 1 is made, if the answer is ""Yes"", then activity 5 happens, otherwise activity 3 happens. After activity 3, decision 0 is made again. If the answer is ""Yes"", then activity 5 happens, otherwise activity 6 happens. Activity 5 produces the data object ""Expertise"" and the process ends. Thus, the final activity diagram should look like the following:
```mermaid
graph LR
0[""StartNode""] --> 1[""Interview Patients""]
0 --> 2[""File results and expertise""]
1 --> 2
2 --> 3[""Create report""]
3 --> 4{""Answer to ask for external expertise""}
4 --> |""No""|5[""Ask for external expertise""]
4 --> |""Yes""|6{""Answer to check if expert responds in time""}
5 --> 4
6 --> |""Yes""|7[""Forward to referee""]
6 --> |""No""|5
7 --> 8[""Fill out check to pay for expenses""]
8 --> 9[""EndNode""]
```"
1,"The description contains the following activities and decisions:
Activities:
0. Register participation
1. Check if fees are required
2. Create purchase request
3. Register post-seminar results
4. Notify rejection
5. Send approval notification
Decisions:
0. Fees required?

The process specifies that activity 0 happens first, followed by decision 0. If decision 0 is no, then activity 3 happens and the process ends. If decision 0 is yes, then activity 2 happens. After that, activity 4 happens if the purchase request is denied, otherwise activity 5 happens. Finally, activity 3 happens. Thus, the final activity diagram should look like the following:
```mermaid
graph LR
0[""StartNode""] --> 1[""Register participation""]
1 --> 2{""Fees required?""}
2 --> |""No""|3[""Register post-seminar results""]
2 --> |""Yes""|4[""Create purchase request""]
4 --> 5{""Purchase approved?""}
5 --> |""No""|6[""Notify rejection""]
5 --> |""Yes""|7[""Send approval notification""]
6 --> 8[""EndNode""]
7 --> 3
3 --> 8
```"
2,"The description describes the following activities without decisions:
0. Accept item
1. Dairy
2. Other
3. Vegetable
4. Fruits
5. Fruit Categorization
6. Vegetable Categorization
7. Milk
8. Cheese
9. Non-perishable
10. Perishable
11. Temperature Weight and Date Center
12. Store items

The process can be broken down into the following steps:
- Activities 0, 1, 2, 3 happen at the same time
- Activity 4 happens after the previous step
- Activity 5 happens after activity 4
- Activity 6 happens after activity 4
- Activities 7, 8 happen at the same time after activity 6
- Activities 9, 10 happen at the same time after activity 6
- Activities 11 happens after activities 5, 6, 9, 10
- Activity 12 happens after activity 11

Thus, the final activity diagram should look like the following:
```mermaid
graph LR
0[""StartNode""] --> 1[""Accept item""]
1 --> 2[""Dairy""]
1 --> 3[""Other""]
1 --> 4[""Vegetable""]
2 --> 5[""Fruits""]
3 --> 5
4 --> 5
5 --> 6[""Fruit Categorization""]
4 --> 6[""Vegetable Categorization""]
6 --> 7[""Milk""]
6 --> 8[""Cheese""]
6 --> 9[""Non-perishable""]
6 --> 10[""Perishable""]
7 --> 11[""Temperature Weight and Date Center""]
8 --> 11
9 --> 11
10 --> 11
11 --> 12[""Store items""]
12 --> 13[""EndNode""]
```"
3,"The description contains the following activities and decisions:
Activities:
0. Detect incident
1. Check financial impact
2. Open EMS
3. End process
4. Contact Application Team
5. Contact SA Team
6. Contact DBA Team
7. Open conference line
8. Troubleshoot issue
9. Contact DBA Team
10. Check if resolution is known
11. Fix issue
12. Check with vendor
13. Resolve and close EMS
14. Failover to COB
15. Fix issue
Decisions:
0. Financial impact?
1. Resolution known?

The process specifies that activities 0 and 1 happen in sequence. If decision 0 is yes, then activity 2 happens, followed by activities 4, 5, 6, 7, 8, 9, 10, 11, 12, 13, 14, 15, 16, 17. If decision 0 is no, then activity 3 happens. If decision 1 is yes, then activity 11 happens. If decision 1 is no, then activity 12 happens. Thus, the final activity diagram should look like the following:
```mermaid
graph LR
0[""StartNode""] --> 1[""Detect incident""]
1 --> 2[""Check financial impact""]
2 --> 3{""Financial impact?""}
3 --> |""YES""|4[""Open EMS""]
3 --> |""NO""|5[""End process""]
4 --> 6[""Contact Application Team""]
4 --> 7[""Contact SA Team""]
4 --> 8[""Contact DBA Team""]
4 --> 9[""Open conference line""]
4 --> 10[""Troubleshoot issue""]
4 --> 11[""Contact DBA Team""]
11 --> 12{""Resolution known?""}
12 --> |""YES""|13[""Fix issue""]
12 --> |""NO""|14[""Check with vendor""]
13 --> 15[""Resolve and close EMS""]
14 --> 16[""Failover to COB""]
16 --> 17[""Fix issue""]
17 --> 15
```"
4,"The description contains the following activities and decisions:
Activities:
0. Open event creation page
1. Populate name form
2. Populate time forms
3. Populate location forms
4. Populate additional information
5. Configure privacy settings
6. Confirm event creation
7. Save event information
8. Display incorrect time notification
9. Populate time forms
10. Pay attention to the fact that it is saved on Facebook
Decisions:
0. Name form populated?
1. End time occurs after start time?

The process specifies that activities 0 and 1 happen in sequence. Then activity 2 happens. After that, activity 3 happens. Then activity 4 happens. After that, activity 5 happens. Then activity 6 happens. If decision 0 is no, then activity 1 happens. If decision 1 is no, then activity 7 happens. If decision 1 is yes, then activity 8 happens. If activity 8 happens, then activity 9 happens. After that, activity 2 happens. Finally, activity 10 happens. Thus, the final activity diagram should look like the following:
```mermaid
graph LR
0[""StartNode""] --> 1[""Open event creation page""]
1 --> 2[""Populate name form""]
2 --> 3[""Populate time forms""]
3 --> 4[""Populate location forms""]
4 --> 5[""Populate additional information""]
5 --> 6[""Configure privacy settings""]
6 --> 7[""Confirm event creation""]
7 --> 8{""Name form populated?""}
8 --> |""Yes""|9[""Populate time forms""]
8 --> |""No""|10[""Populate time forms""]
9 --> 11{""End time occurs after start time?""}
11 --> |""Yes""|12[""Save event information""]
11 --> |""No""|13[""Display incorrect time notification""]
13 --> 14[""Populate time forms""]
14 --> 9
12 --> 15[""Pay attention to the fact that it is saved on Facebook""]
15 --> 16[""EndNode""]
```"
5,"The description contains the following activities and decisions:
Activities:
0. Weekly
1. Pay invoices
2. Generate payment report
3. Send payment report to Accounts Receivable Department
4. Send payment report to registry
5. Generate monthly invoices
6. Send out invoices
Decisions:
0. None

The process specifies that activity 0 happens first, followed by activity 1. Activity 1 happens in a fully automated process. After that, activity 2 happens. Then activity 3 and 4 happen at the same time. After that, activity 5 happens. Then activity 6 happens. Thus, the final activity diagram should look like the following:
```mermaid
graph LR
0[""Weekly""] --> 1[""Pay invoices""]
1 --> 2[""Generate payment report""]
2 --> 3[""Send payment report to Accounts Receivable Department""]
2 --> 4[""Send payment report to registry""]
4 --> 5[""Generate monthly invoices""]
5 --> 6[""Send out invoices""]
```"
6,"The description contains the following activities and decisions:
Activities:
0. Submit Purchase Order
1. Select Warehouse
2. Reserve Inventory
3. Replenish Inventory
4. Confirm Order for Delivery
Decisions:
0. Purpose of Order

The process specifies that activities 0 and 1 happen first, followed by decision 0. If decision 0 is to Replenish Inventory, then activity 2 happens. If decision 0 is to Confirm Order for Delivery, then the process ends. Thus, the final activity diagram should look like the following:
```mermaid
graph LR
0[""StartNode""] --> 1[""Submit Purchase Order""]
1 --> 2[""Select Warehouse""]
2 --> 3{""Purpose of Order""}
3 --> |""Replenish Inventory""|4[""Reserve Inventory""]
3 --> |""Confirm Order for Delivery""|5[""EndNode""]
```"
7,"The description contains the following activities and decisions:
Activities:
0. Verify RFQ
1. Ask for more information
2. Analyze RFQ
3. Provide L&M cost estimates
4. Check if RFQ is verified
5. Provide clarification
6. Add overhead costs
7. Generate pricing options
8. Generate sales quote
Decisions:
0. Is RFQ verified?

The process specifies that activity 0 happens first, followed by decision 0. If decision 0 is no, then activity 1 happens. If decision 0 is yes, then activities 2, 3, 4 happens in sequence. If decision 0 is no after activity 4, then activity 1 happens. If decision 0 is yes after activity 4, then activities 5, 6, 7 happens in sequence. If activity 7 is not done, then activity 5 happens. If activity 7 is done, then activity 8 happens and the process ends. Thus, the final activity diagram should look like the following:
```mermaid
graph LR
0[""StartNode""] --> 1[""Verify RFQ""]
1 --> 2{""Is RFQ verified?""}
2 --> |""No""|3[""Ask for more information""]
2 --> |""Yes""|4[""Analyze RFQ""]
4 --> 5{""Is RFQ verified?""}
5 --> |""No""|6[""Ask for more information""]
5 --> |""Yes""|7[""Provide clarification""]
7 --> 8{""Is RFQ verified?""}
8 --> |""No""|9[""Ask for more information""]
8 --> |""Yes""|10[""Add overhead costs""]
10 --> 11[""Generate pricing options""]
11 --> 12[""Generate sales quote""]
12 --> 13[""EndNode""]
```"
8,"The description contains the following activities and decisions:
Activities:
0. Receive negotiated conditions
1. Check for completeness
2. Perform risk assessment
3. Send failure notice
4. Finish contract
Decisions:
0. Data complete?

The process specifies that activities 0 and 1 happen in sequence. Then decision 0 is made. If decision 0 is yes, then activities 2, 3 happens in sequence. If decision 0 is no, then activity 3 happens and then the process ends. After activity 2, activity 4 happens. Thus, the final activity diagram should look like the following:
```mermaid
graph LR
0[""StartNode""] --> 1[""Receive negotiated conditions""]
1 --> 2[""Check for completeness""]
2 --> 3{""Data complete?""}
3 --> |""Yes""|4[""Perform risk assessment""]
3 --> |""No""|5[""Send failure notice""]
4 --> 6[""Check reinsurance option""]
6 --> 7[""Finish contract""]
7 --> 8[""EndNode""]
5 --> 8
```"
9,"The description contains the following activities and decisions:
Activities:
0. Hungry feeling
1. Decide to cook
2. Choose recipes
3. Prepare ingredients
4. Prepare water for pasta
5. Put pasta into water
6. Prepare salad for washing
7. Wash salad
8. Prepare ingredients to make sauce
9. Make sauce
10. Prepare ingredients to make dressing
11. Make dressing
12. Bring dishes to table
13. Prepare dishes
14. Bring meal to table
15. Finish lunch
Decisions:
0. Decide to cook

The process starts with activity 0, followed by decision 0. If decision 0 is yes, then activities 2, 3, 4, 5, 6, 7 happens in sequence. Then activities 8, 9, 10, 11 happens in sequence. After that, activities 12, 13, 14 happens in sequence. Finally, activity 15 happens and the process ends. Thus, the final activity diagram should look like the following:
```mermaid
graph LR
0[""StartNode""] --> 1[""Hungry feeling""]
1 --> 2{""Decide to cook""}
2 --> |""Yes""|3[""Choose recipes""]
2 --> |""No""|4[""EndNode""]
3 --> 5[""Prepare ingredients""]
5 --> 6[""Prepare water for pasta""]
5 --> 7[""Prepare salad for washing""]
6 --> 8[""Put pasta into water""]
7 --> 9[""Wash salad""]
8 --> 10[""Prepare ingredients to make sauce""]
9 --> 11[""Prepare ingredients to make dressing""]
10 --> 12[""Make sauce""]
11 --> 12
12 --> 13[""Bring dishes to table""]
13 --> 14[""Prepare dishes""]
14 --> 15[""Bring meal to table""]
15 --> 16[""Finish lunch""]
16 --> 17[""EndNode""]
```"
10,"The description contains the following activities and decisions:
Activities:
0. Obtain problem description
1. Check if can handle problem
2. Explain solution
3. Send email to support system
4. Wait for answer
5. End process
Decisions:
0. Can handle problem?

The process specifies that activity 0 happens first, followed by decision 0. If decision 0 is yes, then activity 2 happens. If decision 0 is no, then activity 3 happens. After that, decision 0 is made again. If decision 0 is yes, then activity 2 happens. If decision 0 is no, then activity 3 happens again. After that, activity 4 happens, followed by activity 2. Thus, the final activity diagram should look like the following:
```mermaid
graph LR
0[""StartNode""] --> 1[""Obtain problem description""]
1 --> 2{""Can handle problem?""}
2 --> |""Yes""|3[""Explain solution""]
2 --> |""No""|4[""Send email to support system""]
4 --> 5{""Can handle problem?""}
5 --> |""Yes""|3
5 --> |""No""|6[""Wait for answer""]
6 --> 3
3 --> 7[""EndNode""]
```"
11,"The description describes the following activities without decisions:
0. Complete purchase order
1. Send invoice
2. Send goods

Activity 0 happens first, followed by activities 1 and 2 happen at the same time. Thus, the final activity diagram should look like the following:
```mermaid
graph LR
0[""StartNode""] --> 1[""Complete purchase order""]
1 --> 2[""Send invoice""]
1 --> 3[""Send goods""]
2 --> 4[""EndNode""]
3 --> 4
```"
12,"The description contains the following activities and decisions:
Activities:
0. Preparation of shipment order
1. Send shipment order
2. Carrier response
3. Acceptance of shipment order
4. Acquisition of carriers
5. Realized shipment
Decisions:
0. Carrier response is ""The answer was positive""?
1. Carrier response is ""yes""?
2. Carrier response is ""no""?

The process specifies that activities 0 and 1 happen in sequence, followed by activity 2. Decision 0 is made, if yes, then activity 3 happens, if no, then activity 4 happens. Then decision 1 is made, if yes, then activity 5 happens, if no, then activity 4 happens. Thus, the final activity diagram should look like the following:
```mermaid
graph LR
0[""StartNode""] --> 1[""Preparation of shipment order""]
1 --> 2[""Send shipment order""]
2 --> 3[""Carrier response""]
3 --> |""The answer was positive""|4[""Acceptance of shipment order""]
3 --> |""no""|5[""Acquisition of carriers""]
4 --> 6{""Carrier response is yes?""}
6 --> |""yes""|7[""Realized shipment""]
6 --> |""no""|5
7 --> 8[""EndNode""]
```"
13,"The description contains the following activities:
0. Order received
1. Create invoice
2. Prepare shipping
3. Send invoice
4. Ship item
5. Payment confirmed
6. End process

The process specifies that activities 0, 1, 2 happen at the same time. Then activity 3 happens after activity 1. Activity 4 happens after activity 2. Activity 5 happens after activity 3. Finally, activity 6 happens after activity 5. Thus, the final activity diagram should look like the following:
```mermaid
graph LR
0[""StartNode""] --> 1[""Order received""]
1 --> 2[""Create invoice""]
1 --> 3[""Prepare shipping""]
2 --> 4[""Send invoice""]
3 --> 5[""Ship item""]
4 --> 6[""Payment confirmed""]
5 --> 6
6 --> 7[""EndNode""]
```"
14,"The description contains the following activities and decisions:
Activities:
0. Check if we can fulfill the order
1. Confirm the order
2. Reject the order
3. Deliver the order
4. Notify order rejected
5. Notify order delivered
Decisions:
0. Can we fulfill the order?

The process specifies that activity 0 happens first, followed by decision 0. If decision 0 is yes, then activity 1 happens, followed by activity 0 again. If decision 0 is no, then activity 2 happens. If activity 1 happens, then activity 3 happens. If activity 2 happens, then activity 4 happens and the process ends. If activity 3 happens, then activity 5 happens and the process ends. Thus, the final activity diagram should look like the following:
```mermaid
graph LR
0[""StartNode""] --> 1{""Can we fulfill the order?""}
1 --> |""Yes""|2[""Check if we can fulfill the order""]
2 --> 3[""Confirm the order""]
3 --> 4[""Deliver the order""]
4 --> 5[""Notify order delivered""]
2 --> |""No""|6[""Reject the order""]
6 --> 7[""Notify order rejected""]
```"
15,"The description contains the following activities and decisions:
Activities:
0. Verify RFQ
1. Ask for more information
2. Analyze RFQ
3. Provide L&M cost estimates
4. Add overhead cost
5. Generate pricing options
6. Generate sales quote
Decisions:
0. Verification successful?

The process specifies that activity 0 happens first, followed by decision 0. If decision 0 is no, then activity 1 happens. If decision 0 is yes, then activities 2, 3, 0, 4, 5 happens in sequence. If activity 5 is not successful, then activity 1 happens. If activity 5 is successful, then activity 6 happens. Thus, the final activity diagram should look like the following:
```mermaid
graph LR
0[""StartNode""] --> 1[""Verify RFQ""]
1 --> 2{""Verification successful?""}
2 --> |""No""|3[""Ask for more information""]
2 --> |""Yes""|4[""Analyze RFQ""]
4 --> 5[""Provide L&M cost estimates""]
5 --> 6[""Verify RFQ""]
6 --> 7[""Add overhead cost""]
7 --> 8[""Generate pricing options""]
8 --> 9[""Generate sales quote""]
9 --> 10[""EndNode""]
```"
16,"The description describes the following activities without decisions:
0. Check the Customer's Credit History
1. Conduct a Property Survey
2. Search the Property Title
3. End process

Activities 0, 1, and 2 happen at the same time. Thus, the final activity diagram should look like the following:
```mermaid
graph LR
0[""StartNode""] --> 1[""Check the Customer's Credit History""]
1 --> 2[""Conduct a Property Survey""]
1 --> 3[""Search the Property Title""]
2 --> 4[""End process""]
3 --> 4
```"
17,"The description contains the following activities and decisions:
Activities:
0. Change status
1. Check if product is on sale
2. Mark product as on sale
3. Mark product as not on sale
Decisions:
0. Product on sale?

The process specifies that activity 0 happens first, followed by decision 0. If decision 0 is yes, then activity 2 happens and the process ends. If decision 0 is no, then activity 3 happens and the process ends. Then, activity 0 and decision 0 happen again. Thus, the final activity diagram should look like the following:
```mermaid
graph LR
0[""StartNode""] --> 1[""Change status""]
1 --> 2{""Product on sale?""}
2 --> |""Yes""|3[""Mark product as on sale""]
2 --> |""No""|4[""Mark product as not on sale""]
4 --> 5[""EndNode""]
3 --> 6[""Change status""]
6 --> 7{""Product on sale?""}
7 --> |""Yes""|8[""Mark product as on sale""]
7 --> |""No""|9[""Mark product as not on sale""]
9 --> 5
8 --> 5
```"
18,"The description contains the following activities and decisions:
Activities:
0. Identify invoice errors
1. Highlight errors on entry form
2. Update record of mistakes
3. Send invoice back
4. Conclude process
Decisions:
0. None

The process specifies that activities 0, 1, 2 happen at the same time. After that, activity 3 and 4 happen. Thus, the final activity diagram should look like the following:
```mermaid
graph LR
0[""StartNode""] --> 1[""Identify invoice errors""]
1 --> 2[""Highlight errors on entry form""]
1 --> 3[""Update record of mistakes""]
2 --> 4[""Send invoice back""]
3 --> 4
4 --> 5[""Conclude process""]
5 --> 6[""EndNode""]
```"
19,"The description contains the following activities and decisions:
Activities:
0. Run invoice payment process for SSP
1. Send payment report to Accounts Receivable
2. Run invoice payment process
3. Generate invoice payment report
4. Send payment report to Client
5. Send payment report to Registry
6. Generate monthly invoices for clients
7. Charge clients

The process specifies that activity 0 happens first, followed by activity 1, 2, 3, 4, 5 happen at the same time. After activity 1, activity 6 happens. After activity 4, the process ends. After activity 5, the process ends. After activity 6, activity 7 happens and the process ends. Thus, the final activity diagram should look like the following:
```mermaid
graph LR
0[""StartNode""] --> 1[""Run invoice payment process for SSP""]
1 --> 2[""Send payment report to Accounts Receivable""]
2 --> 3[""Generate monthly invoices for clients""]
2 --> 4[""Send payment report to Client""]
2 --> 5[""Send payment report to Registry""]
3 --> 6[""Charge clients""]
4 --> 7[""EndNode""]
5 --> 7
6 --> 7
```"
20,"The description contains the following activities and decisions:
Activities:
0. Check completeness
1. Verify credit history
2. Examine loan request
3. Customer request rejected
4. Customer request approved
Decisions:
0. Check Result?

The process specifies that activities 0 and 1 happen in sequence. Then decision 0 is made. If decision 0 is rejection, then activity 3 happens and then the process ends. If decision 0 is acceptance, then activity 2 happens, followed by activity 4. Thus, the final activity diagram should look like the following:
```mermaid
graph LR
0[""StartNode""] --> 1[""Check completeness""]
1 --> 2[""Verify credit history""]
2 --> 3{""Check Result?""}
3 --> |""Rejection""|4[""Customer request rejected""]
3 --> |""Acceptance""|5[""Examine loan request""]
5 --> 6[""Customer request approved""]
4 --> 7[""EndNode""]
6 --> 7
```"
21,"The description contains the following activities and decisions:
Activities:
0. Extract work orders
1. Load work orders
2. Extract inspection orders
3. Load inspection orders
4. Extract notifications
5. Load notifications
6. Pull together work order report
7. Pull together inspection order report
8. Pull together notification report
9. Link reports from PPT
10. Create and send email
11. WHISKY

The process specifies that activities 0, 1, 2, 3, 4 happen at the same time. Then activity 5 happens. After that, activity 6, 7, 8 happens in sequence. Then activity 9 happens. Finally, activity 10 happens, followed by activity 11. Thus, the final activity diagram should look like the following:
```mermaid
graph LR
0[""StartNode""] --> 1[""Extract work orders""]
0 --> 2[""Extract inspection orders""]
0 --> 3[""Extract notifications""]
1 --> 4[""Load work orders""]
2 --> 5[""Load inspection orders""]
3 --> 6[""Load notifications""]
4 --> 7[""Pull together work order report""]
5 --> 8[""Pull together inspection order report""]
6 --> 9[""Pull together notification report""]
9 --> 10[""Link reports from PPT""]
10 --> 11[""Create and send email""]
11 --> 12[""WHISKY""]
```"
22,"The description describes the following activities without decisions:
0. Plan the menu
1. Prepare the chicken
2. Make the salad
3. Refine the chicken
4. Serve the menu

Activity 0 and 1, 2 happen at the same time. Then activity 1 happens, followed by activity 3. After that, activity 2 happens, followed by activity 4. Thus, the final activity diagram should look like the following:
```mermaid
graph LR
0[""StartNode""] --> 1[""Plan the menu""]
1 --> 2[""Prepare the chicken""]
1 --> 3[""Make the salad""]
2 --> 4[""Refine the chicken""]
3 --> 4
4 --> 5[""Serve the menu""]
5 --> 6[""EndNode""]
```"
23,"The description contains the following activities and decisions:
Activities:
0. Write a letter
1. Obtain a letter
2. Check if applicant is a member
3. Obtain a second letter
4. Pay the fee
5. Receive a card
Decisions:
0. Applicant is a member?

The process specifies that activities 0 and 1 happen in sequence. Then decision 0 is made. If decision 0 is yes, then activities 2, 3, 4, 5 happens in sequence. If decision 0 is no, then decision 0 is made again. If decision 0 is yes, then activities 2, 3, 4, 5 happens in sequence. If decision 0 is no, then the process ends. Thus, the final activity diagram should look like the following:
```mermaid
graph LR
0[""StartNode""] --> 1[""Write a letter""]
1 --> 2[""Obtain a letter""]
2 --> 3{""Applicant is a member?""}
3 --> |""Yes""|4[""Check if applicant is a member""]
4 --> 5[""Obtain a second letter""]
5 --> 6[""Pay the fee""]
6 --> 7[""Receive a card""]
7 --> 8[""EndNode""]
3 --> |""No""|9[""EndNode""]
4 --> 5
```"
24,"The description describes the following activities without decisions:
0. Feel hungry
1. Have dinner
2. Have a salad
3. Enjoy ice-cream
4. Savor a plate of pasta
5. Feel satisfied

Activity 0 happens first, followed by activity 1. Activity 2, 3, 4 happen at the same time. Afterwards, activity 5 happens. Thus, the final activity diagram should look like the following:
```mermaid
graph LR
0[""StartNode""] --> 1[""Feel hungry""]
1 --> 2[""Have dinner""]
2 --> 3[""Have a salad""]
2 --> 4[""Enjoy ice-cream""]
2 --> 5[""Savor a plate of pasta""]
5 --> 6[""Feel satisfied""]
6 --> 7[""EndNode""]
```"
25,"The description describes the following activities and decisions:
Activities:
0. Start SSP process
1. Empty SAP Master Record Outbox
2. Deliver requests to Master Data Entry Department
3. Empty Master Data Entry Outbox
4. Receive Vendor Master Record Requests Form
5. Process Vendor Master Record Requests
6. Place completed requests in Data Entry Officer Inbox
7. Receive completed requests

The process specifies that activities 0 happens at two different times. Then, activities 1, 2, 3 happen at the same time. After that, activity 4 happens, followed by activity 5. After activity 5, activity 6 happens. Finally, activity 7 happens. Thus, the final activity diagram should look like the following:
```mermaid
graph LR
0[""Start SSP process""] --> 1[""Empty SAP Master Record Outbox""]
0 --> 2[""Deliver requests to Master Data Entry Department""]
1 --> 3[""Empty Master Data Entry Outbox""]
2 --> 3
4[""Start SSP process""] --> 5[""Receive Vendor Master Record Requests Form""]
5 --> 6[""Process Vendor Master Record Requests""]
6 --> 7[""Place completed requests in Data Entry Officer Inbox""]
7 --> 8[""EndNode""]
```"
26,"The description contains the following activities and decisions:
Activities:
0. Register event participation
1. Register process seminar results
2. Create a purchase request
3. Send approved notification
4. Notify rejection
Decisions:
0. ""purchase request approve?"" status

The process specifies that activities 0, 1, 2 happen at the same time. Then decision 0 is made. If decision 0 is ""rejected"", then activity 4 happens and then the process ends. If decision 0 is ""approved"", then activity 3 happens. Then decision 0 is made again. If decision 0 is ""rejected"", then activity 4 happens and then the process ends. If decision 0 is ""approved"", then activity 3 happens. If activity 4 happens, then the process ends. If activity 1 happens, then the process ends. If activity 3 happens twice, then activity 1 happens and the process ends. Thus, the final activity diagram should look like the following:
```mermaid
graph LR
0[""StartNode""] --> 1[""Register event participation""]
1 --> 2[""Register process seminar results""]
1 --> 3[""Create a purchase request""]
2 --> 4[""EndNode""]
3 --> 5{""purchase request approve?""}
5 --> |""Rejected""|6[""Notify rejection""]
5 --> |""Approved""|7[""Send approved notification""]
6 --> 8[""EndNode""]
7 --> 9[""EndNode""]
7 --> 2
```"
27,"The description contains the following activities and decisions:
Activities:
0. Place an order
1. Verify customer
2. Check availability
3. Produce goods
4. Ship goods
5. Create new customer
Decisions:
0. Customer okay?

The process specifies that activities 0 and 1 happen in sequence. Then decision 0 is made. If decision 0 is yes, then activity 2 happens. If decision 0 is no, then activity 5 happens and the process ends. After activity 2, decision 0 is not made again. Instead, activity 3 or 4 happens based on the availability of the product. Thus, the final activity diagram should look like the following:
```mermaid
graph LR
0[""StartNode""] --> 1[""Place an order""]
1 --> 2[""Verify customer""]
2 --> 3{""Customer okay?""}
3 --> |""Yes""|4[""Check availability""]
3 --> |""No""|5[""Create new customer""]
4 --> 6[""Ship goods""]
6 --> 7[""EndNode""]
4 --> 8[""Produce goods""]
8 --> 7
```"
28,"The description contains the following activities and decisions:
Activities:
0. Move to square (2,5)
1. Wait for a message
2. Check if response from all players has been received
Decisions:
0. Response from all players received?

The process specifies that activity 0 happens first, followed by activity 1. Then decision 0 is made. If decision 0 is no, then activity 1 happens again. If decision 0 is yes, then activity 2 happens. If decision 0 is yes, then activity 2 happens again. Thus, the final activity diagram should look like the following:
```mermaid
graph LR
0[""StartNode""] --> 1[""Move to square (2,5)""]
1 --> 2[""Wait for a message""]
2 --> 3{""Response from all players received?""}
3 --> |""No""|2
3 --> |""Yes""|4[""Check if response from all players has been received""]
4 --> 5{""Response from all players received?""}
5 --> |""No""|2
5 --> |""Yes""|6[""EndNode""]
```"
29,"The description contains the following activities and decisions:
Activities:
0. Obtain credit score
1. Get credit score
2. Check credit score
3. Check income to payment ratio
4. Assess credit risk
5. Process concludes

The process specifies that activities 0, 1, 2 happen at the same time. Then activity 3 and 4 happen. Thus, the final activity diagram should look like the following:
```mermaid
graph LR
0[""StartNode""] --> 1[""Obtain credit score""]
0 --> 2[""Get credit score""]
0 --> 3[""Check credit score""]
1 --> 4[""Check income to payment ratio""]
2 --> 4
3 --> 4
4 --> 5[""Assess credit risk""]
5 --> 6[""Process concludes""]
```"
30,"The description contains the following activities and decisions:
Activities:
0. Receive payment from previous week
1. Check if customer made payment for previous week
2. Document bad credit against accounts receivable and member's file
3. Update members and accounts receivable file
4. Process order
5. Inform member about bad credit status
6. Suspend future order processing
7. Complete credit check
Decisions:
0. Payment received?

The process specifies that activity 0 happens first, followed by decision 0. If decision 0 is no, then activity 2 happens. If decision 0 is yes, then activities 3, 4 happens. Then, decision 0 is made again. If decision 0 is no, then activity 2 happens. If decision 0 is yes, then activities 3, 4, 5, 6 happens. Then, activity 7 happens. Thus, the final activity diagram should look like the following:
```mermaid
graph LR
0[""StartNode""] --> 1[""Receive payment from previous week""]
1 --> 2{""Payment received?""}
2 --> |""No""|3[""Document bad credit against accounts receivable and member's file""]
2 --> |""Yes""|4[""Update members and accounts receivable file""]
4 --> 5[""Process order""]
5 --> 6{""Payment received?""}
6 --> |""No""|7[""Document bad credit against accounts receivable and member's file""]
6 --> |""Yes""|8[""Inform member about bad credit status""]
8 --> 9[""Suspend future order processing""]
9 --> 10[""Update members and accounts receivable file""]
10 --> 11[""Process order""]
11 --> 12[""Complete credit check""]
12 --> 13[""Inform member about bad credit status""]
13 --> 14[""Suspend future order processing""]
14 --> 15[""EndNode""]
```"
31,"The description contains the following activities and decisions:
Activities:
0. Verify RFQ
1. Ask for more information
2. Analyze RFQ
3. Provide L&M cost estimates
4. Provide verification
5. Add overhead costs
6. Generate pricing options
7. Generate sales quote
Decisions:
0. Is RFQ verified?

The process specifies that activity 0 happens first, followed by decision 0. If decision 0 is no, then activity 1 happens. If decision 0 is yes, then activities 2, 3 happens. Then decision 0 is made again. If decision 0 is no, then activity 1 happens. If decision 0 is yes, then activities 4, 5, 6 happens. Finally, activity 7 happens. Thus, the final activity diagram should look like the following:
```mermaid
graph LR
0[""StartNode""] --> 1[""Verify RFQ""]
1 --> 2{""Is RFQ verified?""}
2 --> |""No""|3[""Ask for more information""]
2 --> |""Yes""|4[""Analyze RFQ""]
4 --> 5[""Provide L&M cost estimates""]
5 --> 6{""Is RFQ verified?""}
6 --> |""No""|3
6 --> |""Yes""|7[""Provide verification""]
7 --> 8[""Add overhead costs""]
8 --> 9[""Generate pricing options""]
9 --> 10[""Generate sales quote""]
10 --> 11[""EndNode""]
```"
32,"The description contains the following activities and decisions:
Activities:
0. Bring computer to ACM
1. Describe computer problem
2. Receive estimate
3. Evaluate estimate
4. Authorize repair
5. Take computer back
6. Receive repair notice
7. Receive invoice and P/S document
8. Send payment
Decisions:
0. Estimate acceptable?

The process specifies that activities 0 and 1 happen in sequence, followed by activity 2. Then decision 0 is made. If decision 0 is yes, then activities 3, 4, 6 happens in sequence. If decision 0 is no, then activity 5 happens and the process ends. If activity 4 is done, then activities 7 and 8 happens in sequence. Thus, the final activity diagram should look like the following:
```mermaid
graph LR
0[""StartNode""] --> 1[""Bring computer to ACM""]
1 --> 2[""Describe computer problem""]
2 --> 3[""Receive estimate""]
3 --> 4{""Estimate acceptable?""}
4 --> |""Yes""|5[""Authorize repair""]
4 --> |""No""|6[""Take computer back""]
5 --> 7[""Receive repair notice""]
7 --> 8[""Receive invoice and P/S document""]
7 --> 9[""Send payment""]
8 --> 9
```"
33,"The description contains the following activities and decisions:
Activities:
0. Analyze Goal Model
1. Analyze Business Process Models
2. Check consistency
3. Update
4. Analyze again
5. End process
Decisions:
0. All goals satisfied?
1. Each activity corresponds to at least one goal?

The process specifies that activities 0 and 1 happen first. Then, decision 0 is made. If decision 0 is no, then activity 3 happens. If decision 0 is yes, then the process repeats the same check for all goals and activities. If decision 1 is no, then activity 3 happens. If decision 1 is yes, then the process ends. Finally, activity 4 happens before the process ends. Thus, the final activity diagram should look like the following:
```mermaid
graph LR
0[""StartNode""] --> 1[""Analyze Goal Model""]
1 --> 2[""Analyze Business Process Models""]
2 --> 3{""All goals satisfied?""}
3 --> |""No""|4[""Update""]
3 --> |""Yes""|5[""Check consistency""]
5 --> 6{""Each activity corresponds to at least one goal?""}
6 --> |""No""|4
6 --> |""Yes""|7[""End process""]
4 --> 8[""Analyze again""]
8 --> 1
7 --> 9[""Analyze again""]
9 --> 1
```"
34,"The description contains the following activities and decisions:
Activities:
0. Identify Vacancy
1. Manage Position Profile
2. Review Terms & Conditions
3. Assemble Selection Panel
4. Create Position Profile
5. Create Position Form
6. Liaise with client lanes
7. Confirm Selection Panel List
Decisions:
0. None

The process specifies that activity 0 happens first. During activity 0, activity 6 happens at the same time. After activity 0, activity 1 happens. During activity 1, activities 2 and 3 happen at the same time. Activity 2 generates data objects 4 and 5. Activity 3 generates data object 7. After activity 3, activity 1 continues. Finally, activity 4 and 5 happen after activity 2. Thus, the final activity diagram should look like the following:
```mermaid
graph LR
0[""StartNode""] --> 1[""Identify Vacancy""]
1 --> 2[""Manage Position Profile""]
2 --> 3[""Review Terms & Conditions""]
2 --> 4[""Assemble Selection Panel""]
3 --> 5[""Create Position Profile""]
3 --> 6[""Create Position Form""]
4 --> 7[""Confirm Selection Panel List""]
5 --> 7
6 --> 7
7 --> 8[""EndNode""]
```"
35,"The description contains the following activities and decisions:
Activities:
0. Verify form structure
1. Verify proposal
2. Check everything is okay
3. Form error
4. Process successful
5. Face failure
Decisions:
0. Form correct?

The process specifies that activity 0 happens first, followed by decision 0. If decision 0 is yes, then activity 1 happens, followed by activity 2. If decision 0 is no, then activity 3 happens and the process ends. After activity 1, decision 0 is made again. If decision 0 is yes, then activity 4 happens and the process ends. If decision 0 is no, then activity 5 happens and the process ends. Thus, the final activity diagram should look like the following:
```mermaid
graph LR
0[""StartNode""] --> 1[""Verify form structure""]
1 --> 2{""Form correct?""}
2 --> |""Yes""|3[""Verify proposal""]
2 --> |""No""|4[""Form error""]
3 --> 5{""Form correct?""}
5 --> |""Yes""|6[""Process successful""]
5 --> |""No""|7[""Face failure""]
```"
36,"The description contains the following activities and decisions:
Activities:
0. Receive negotiated conditions
1. Check for completeness
2. Send failure notice
3. Categorize customer
4. Check for completeness (again)
5. Check insurance benefits
6. Finish contract
Decisions:
0. Data complete?

The process specifies that activities 0 and 1 happen in sequence. Then decision 0 is made. If decision 0 is no, then activity 2 happens and the process ends. If decision 0 is yes, then activity 3 happens. Then activity 4 and decision 0 are made again. If decision 0 is no, then activity 2 happens and the process ends. If decision 0 is yes, then activities 5 and 6 happen in sequence. Thus, the final activity diagram should look like the following:
```mermaid
graph LR
0[""StartNode""] --> 1[""Receive negotiated conditions""]
1 --> 2{""Data complete?""}
2 --> |""No""|3[""Send failure notice""]
2 --> |""Yes""|4[""Categorize customer""]
4 --> 5{""Data complete?""}
5 --> |""No""|3[""Send failure notice""]
5 --> |""Yes""|6[""Check insurance benefits""]
6 --> 7[""Finish contract""]
7 --> 8[""EndNode""]
```"
37,"The description describes the following activities without decisions:
0. Receive signed offer
1. Register acceptance of contract
2. Scan offer's billing information and pincode
3. Register competitor's information
4. Process offer

Activity 0 and 2, 3 happen at the same time, followed by activity 1. Afterwards, activity 4 happens. Thus, the final activity diagram should look like the following:
```mermaid
graph LR
0[""StartNode""] --> 1[""Receive signed offer""]
1 --> 2[""Register acceptance of contract""]
1 --> 3[""Scan offer's billing information and pincode""]
1 --> 4[""Register competitor's information""]
3 --> 5[""Process offer""]
4 --> 5
5 --> 6[""EndNode""]
```"
38,"The description describes the following activities without decisions:
0. Finish by the end of the week
1. Generate and send payment report
2. Handle Individual Client's payment report
3. Handle SSP's Accounts Receivable Department's payment report
4. Deal with Registry's payment report

Activity 0 happens first, followed by activities 1, 2, 3, and 4 happen at the same time. Thus, the final activity diagram should look like the following:
```mermaid
graph LR
0[""StartNode""] --> 1[""Finish by the end of the week""]
1 --> 2[""Generate and send payment report""]
1 --> 3[""Handle Individual Client's payment report""]
1 --> 4[""Handle SSP's Accounts Receivable Department's payment report""]
1 --> 5[""Deal with Registry's payment report""]
2 --> 6[""EndNode""]
3 --> 6
4 --> 6
5 --> 6
```"
39,"The description contains the following activities and decisions:
Activities:
0. Execution begins
1. Allocate actors
2. Check if application is still executing
3. Application profiling
4. Check if there is another placement with a higher expected performance
5. Deploy new placement
6. Check if application is still executing (again)
7. Execution ends
Decisions:
0. First execution?

The process specifies that activity 0 happens first. Then decision 0 is made. If decision 0 is yes, then activity 1 happens. If decision 0 is no, then activity 1 happens. After that, activity 2 happens. If activity 2 is yes, then activity 3 happens. If activity 2 is no, then activity 7 happens. After that, activity 4 happens. If activity 4 is yes, then activity 5 happens. If activity 4 is no, then activity 6 happens. Thus, the final activity diagram should look like the following:
```mermaid
graph LR
0[""StartNode""] --> 1[""Execution begins""]
1 --> 2{""First execution?""}
2 --> |""Yes""|3[""Allocate actors""]
2 --> |""No""|3[""Allocate actors""]
3 --> 4[""Check if application is still executing""]
4 --> |""Yes""|5[""Application profiling""]
4 --> |""No""|6[""Execution ends""]
5 --> 7{""Is there another placement with a higher expected performance?""}
7 --> |""Yes""|8[""Deploy new placement""]
7 --> |""No""|9[""Check if application is still executing""]
9 --> 6
8 --> 9
```"
40,"The description contains the following activities and decisions:
Activities:
0. Check number of panellists
1. Photocopy applications
2. Send original copy to archives
3. Forward others to recruitment manager
4. End process
Decisions:
0. Every complete application

The process specifies that activity 0 happens first, followed by activity 1. During activity 1, activities 2 and 3 happen at the same time. Decision 0 is made during activity 1. If decision 0 is true, then activity 2 happens. If decision 0 is false, then activity 3 happens. Finally, activity 4 happens. Thus, the final activity diagram should look like the following:
```mermaid
graph LR
0[""StartNode""] --> 1[""Check number of panellists""]
1 --> 2[""Photocopy applications""]
2 --> 3{""Every complete application""}
3 --> |""Yes""|4[""Send original copy to archives""]
3 --> |""No""|5[""Forward others to recruitment manager""]
4 --> 6[""End process""]
5 --> 6
```"
41,"The description contains the following activities and decisions:
Activities:
0. Informational meeting
1. Storyboard meeting
2. Check if content is prepared
3. Develop the site
4. Complete initial draft
5. Check if site has marketing view
6. Marketing review
7. Complete final version
8. Build and review the activity
9. Marketing review approved
10. Marketing review rejected
Decisions:
0. Meeting successful?

The process starts with activity 0, followed by decision 0. If decision 0 is yes, then activity 1 happens. If decision 0 is no, then the process ends. If activity 1 happens, then activities 2, 3, 4 happens in sequence. If activity 2 happens, then activity 5 happens. If activity 5 is yes, then activity 6 happens at the same time with activity 3. If activity 5 is no, then activity 7 happens. If activity 6 happens, then decision 10 is made. If decision 10 is yes, then the process ends. If decision 10 is no, then activity 9 happens. If activity 9 happens, then activity 8 happens. Thus, the final activity diagram should look like the following:
```mermaid
graph LR
0[""StartNode""] --> 1[""Informational meeting""]
1 --> 2{""Meeting successful?""}
2 --> |""Yes""|3[""Storyboard meeting""]
2 --> |""No""|4[""EndNode""]
3 --> 5[""Check if content is prepared""]
5 --> 6[""Develop the site""]
6 --> 7[""Complete initial draft""]
7 --> 8[""Check if site has marketing view""]
8 --> |""Yes""|9[""Marketing review""]
8 --> |""No""|10[""Complete final version""]
9 --> 11{""Marketing review approved?""}
11 --> |""Yes""|12[""Build and review the activity""]
11 --> |""No""|4[""EndNode""]
12 --> 13[""EndNode""]
```"
42,"The description contains the following activities and decisions:
Activities:
0. Receive RFQ
1. Verify RFQ
2. Produce Verify RFQ
3. Produce Verified RFQ
4. Check if RFQ meets guidelines
5. Produce L&M Cost Estimates
6. Communicate with customer
7. Verify RFQ again
Decisions:
0. RFQ meets guidelines?

The process specifies that activity 0 happens first, followed by activity 1. Activity 1 happens in sequence with activities 2 and 3, which also happens in sequence. After that, decision 0 is made. If decision 0 is yes, then activity 5 happens and the process ends. If decision 0 is no, then activity 6 happens. After that, decision 0 is made again. If decision 0 is yes, then activity 5 happens and the process ends. If decision 0 is no, then activity 6 happens again. After that, activity 7 happens. Thus, the final activity diagram should look like the following:
```mermaid
graph LR
0[""StartNode""] --> 1[""Receive RFQ""]
1 --> 2[""Verify RFQ""]
2 --> 3[""Produce Verify RFQ""]
2 --> 4[""Produce Verified RFQ""]
4 --> 5{""RFQ meets guidelines?""}
5 --> |""Yes""|6[""Produce L&M Cost Estimates""]
5 --> |""No""|7[""Communicate with customer""]
7 --> 8{""RFQ meets guidelines?""}
8 --> |""Yes""|6
8 --> |""No""|7
7 --> 9[""Verify RFQ again""]
9 --> 5
```"
43,"The description contains the following activities:
0. Plan and Manage Iteration
1. Initiate Project
2. Identify and Refine Requirements
3. Agree on technical approach

The process specifies that activities 0 and 1 happen at the same time, followed by activities 2 and 3 happen at the same time. Thus, the final activity diagram should look like the following:
```mermaid
graph LR
0[""StartNode""] --> 1[""Plan and Manage Iteration""]
0 --> 2[""Initiate Project""]
1 --> 3[""Identify and Refine Requirements""]
2 --> 3
3 --> 4[""Agree on technical approach""]
4 --> 5[""EndNode""]
```"
44,"The description contains the following activities and decisions:
Activities:
0. Prepare TS
1. Create development plan
2. Development and unit testing
3. Assembly
4. Assembly test
5. Check if solution accepted for testing
Decisions:
0. Solution accepted for testing?

The process specifies that activities 0, 1, 2, 3, 4 happens in sequence. Then decision 0 is made. If decision 0 is yes, then the process ends. If decision 0 is no, then activities 2 happens again, followed by decision 0. This loop continues until decision 0 is yes. Thus, the final activity diagram should look like the following:
```mermaid
graph LR
0[""StartNode""] --> 1[""Prepare TS""]
1 --> 2[""Create development plan""]
2 --> 3[""Development and unit testing""]
3 --> 4[""Assembly""]
4 --> 5[""Assembly test""]
5 --> 6{""Solution accepted for testing?""}
6 --> |""Yes""|7[""EndNode""]
6 --> |""No""|8[""Development and unit testing""]
8 --> 3
3 --> 5
5 --> 6
```"
45,"The description contains the following activities and decisions:
Activities:
0. Customer has a problem
1. Provide problem description
2. Ask for 1st level support
3. Explain solution
4. Check result
5. Provide feedback for account manager
6. Ask developer
7. Provide feedback for 1st level support
8. Explain solution to customer
9. Provide feedback for account manager
10. Provide feedback for 1st level support
Decisions:
0. Can handle problem themselves?

The process specifies that activity 0 happens first, followed by activity 1. Then decision 0 is made. If decision 0 is no, then activity 2 happens, followed by activity 6, 7, 8, 9, 10. If decision 0 is yes, then activity 3 happens, followed by activity 4. If activity 4 is yes, then activity 5 happens. If activity 4 is no, then activity 6 happens, followed by activity 7, 8, 9, 10. Thus, the final activity diagram should look like the following:
```mermaid
graph LR
0[""StartNode""] --> 1[""Customer has a problem""]
1 --> 2[""Provide problem description""]
2 --> 3{""Can handle problem themselves?""}
3 --> |""No""|4[""Ask for 1st level support""]
3 --> |""Yes""|5[""Explain solution""]
5 --> 6[""Check result""]
6 --> |""Yes""|7[""Provide feedback for account manager""]
6 --> |""No""|8[""Ask developer""]
8 --> 9[""Provide feedback for 1st level support""]
9 --> 10[""Explain solution to customer""]
10 --> 11[""Provide feedback for account manager""]
11 --> 12[""Provide feedback for 1st level support""]
```"
46,"The description contains the following activities and decisions:
Activities:
0. Deploy DB Tier
1. Deploy Web Tier
2. Deploy VM (mySQL)
3. Deploy DB Tier
4. Deploy VM (Apache)
5. Deploy VM (mySQL)
6. Deploy OS (mySQL)
7. Deploy VM (Apache)
8. Deploy OS (Apache)
9. Deploy Web Tier
10. Deploy OS (mySQL)
11. Deploy mySQL
12. Deploy OS (Apache)
13. Deploy Apache Web Server
14. Deploy mySQL
15. Create SugarCRM Database
16. Deploy Apache Web Server
17. Deploy PHP Modules
18. Deploy PHP Modules
19. Deploy SugarCRM App
20. Connect App to DB
Decisions:
None

The process specifies that activities 0, 1, 2 happens in sequence. Then activity 3, 4, 5 happens in sequence. Then activity 6, 7, 8 happens in sequence. Then activity 9, 10, 11, 12 happens in sequence. Then activity 13, 14, 15, 16, 17, 18, 19 happens in sequence. Finally, activity 20 happens and the process ends. However, some activities happen at the same time, thus the final activity diagram should look like the following:
```mermaid
graph LR
0[""StartNode""] --> 1[""Deploy DB Tier""]
1 --> 2[""Deploy Web Tier""]
2 --> 3[""Deploy VM (mySQL)""]
3 --> 4[""Deploy DB Tier""]
4 --> 5[""Deploy VM (Apache)""]
5 --> 6[""Deploy VM (mySQL)""]
6 --> 7[""Deploy OS (mySQL)""]
5 --> 8[""Deploy OS (Apache)""]
8 --> 9[""Deploy Web Tier""]
7 --> 10[""Deploy mySQL""]
8 --> 11[""Deploy Apache Web Server""]
10 --> 12[""Deploy OS (mySQL)""]
11 --> 13[""Deploy PHP Modules""]
12 --> 14[""Deploy VM (Apache)""]
14 --> 15[""Deploy OS (Apache)""]
13 --> 16[""Deploy SugarCRM App""]
16 --> 17[""Connect App to DB""]
17 --> 18[""EndNode""]
```"
47,"The description contains the following activities and decisions:
Activities:
0. Create order and specify quantity
1. Send order to storage manager
2. Check product availability
3. Prepare product for shipping
4. Add delivery confirmation
5. Forward request to external vendor
6. Reorder product
7. Ship reordered product
8. Send product back to requesting employee
9. Send delivery confirmation to storage manager
10. Add delivery confirmation to product
11. Send invoice to accountant
Decisions:
0. Product available?

The process specifies that activities 0 and 1 happen in sequence. Then decision 0 is made. If decision 0 is yes, then activities 2, 3, 4 happens in sequence. If decision 0 is no, then activity 5 happens. After that, decision 0 is made again. If decision 0 is yes, then activities 2, 3, 4 happens in sequence. If decision 0 is no, then activity 5 happens. After that, activity 6, 7, 8 happens in sequence. Then activity 9, 10, 11 happens in sequence. Thus, the final activity diagram should look like the following:
```mermaid
graph LR
0[""StartNode""] --> 1[""Create order and specify quantity""]
1 --> 2[""Send order to storage manager""]
2 --> 3{""Product available?""}
3 --> |""Yes""|4[""Check product availability""]
3 --> |""No""|5[""Forward request to external vendor""]
4 --> 6[""Prepare product for shipping""]
4 --> 7[""Add delivery confirmation""]
6 --> 8[""Send product back to requesting employee""]
5 --> 9[""Reorder product""]
9 --> 10[""Ship reordered product""]
10 --> 8
8 --> 11[""Send delivery confirmation to storage manager""]
11 --> 12[""Add delivery confirmation to product""]
12 --> 13[""Send invoice to accountant""]
13 --> 14[""EndNode""]
```"
48,"The description contains the following activities and decisions:
Activities:
0. Check if project is economically beneficial
1. Check if there are additional goals given
2. Check if there is user acceptance
3. Project implementation
4. Project rejection
Decisions:
0. Is project economically beneficial?
1. Are there additional goals given?

The process specifies that decision 0 is made first. If decision 0 is no, then decision 1 is made. If decision 1 is no, then activity 4 happens. If decision 1 is yes, then decision 2 is made. If decision 2 is yes, then activity 3 happens. If decision 2 is no, then activity 4 happens. If decision 0 is yes, then decision 2 is made. If decision 2 is yes, then activity 3 happens. If decision 2 is no, then activity 4 happens. Thus, the final activity diagram should look like the following:
```mermaid
graph LR
0[""StartNode""] --> 1{""Is project economically beneficial?""}
1 --> |""No""|2{""Are there additional goals given?""}
2 --> |""No""|3[""Project rejection""]
2 --> |""Yes""|4{""Is there user acceptance?""}
4 --> |""Yes""|5[""Project implementation""]
4 --> |""No""|3
1 --> |""Yes""|4
4 --> |""Yes""|5
4 --> |""No""|3
5 --> 6[""EndNode""]
3 --> 6
```"
49,"The description contains the following activities:
0. Notify the successful payment
1. Process ends

The description specifies that activities 0 happens four times at the same time, followed by activity 1. However, the description also specifies that activity 0 happens once, followed by activity 1. This is a contradiction. Assuming the description is incorrect and the correct description is that activity 0 happens four times at the same time, followed by activity 1, the final activity diagram should look like the following:
```mermaid
graph LR
0[""StartNode""] --> 1[""Notify the successful payment""]
1 --> 2[""Notify the successful payment""]
1 --> 3[""Notify the successful payment""]
1 --> 4[""Notify the successful payment""]
4 --> 5[""Process ends""]
```"
50,"The description describes the following activities without decisions:
0. Move cargo to warehouse
1. Conduct physical examination of cargo
2. Check documents
3. Register custom declaration
4. Provide support documents
5. Release goods
6. Send release notice

Activity 0, 1, 2, 3, 4 happen first, followed by activity 5 and 6 happen at the same time. Thus, the final activity diagram should look like the following:
```mermaid
graph LR
0[""StartNode""] --> 1[""Move cargo to warehouse""]
1 --> 2[""Conduct physical examination of cargo""]
1 --> 3[""Check documents""]
1 --> 4[""Register custom declaration""]
1 --> 5[""Provide support documents""]
2 --> 6[""Release goods""]
3 --> 6
4 --> 6
5 --> 6
6 --> 7[""EndNode""]
```"
51,"The description contains the following activities and decisions:
Activities:
0. Initiate project
1. Conduct information search
2. Iteratively develop annotated bibliography
3. Iteratively develop literature review
4. Iteratively develop project proposal
5. Iteratively develop project presentation
6. Deliver presentation
Decisions:
0. None

The process specifies that activities 0, 1, 2 happens in sequence. Then activity 3 and 4 happen at the same time. After that, activity 5 happens. Finally, activity 6 happens. Thus, the final activity diagram should look like the following:
```mermaid
graph LR
0[""StartNode""] --> 1[""Initiate project""]
1 --> 2[""Conduct information search""]
2 --> 3[""Iteratively develop annotated bibliography""]
3 --> 4[""Iteratively develop literature review""]
4 --> 5[""Iteratively develop project proposal""]
2 --> 5
5 --> 6[""Iteratively develop project presentation""]
6 --> 7[""Deliver Presentation""]
7 --> 8[""EndNode""]
```"
52,"The description contains the following activities and decisions:
Activities:
0. Receive issue
1. Open ticket
2. Edit 1st level ticket
3. Edit 2nd level ticket
4. Send email to account manager
5. Close ticket
6. Insert issue into product backlog
Decisions:
0. Result?

The process specifies that activities 0 and 1 happen in sequence, followed by activity 2. Then decision 0 is made. If decision 0 is ""2nd level issue"", then activity 3 happens. If decision 0 is ""resolved"", then activity 4 happens. Then decision 0 is made again. If decision 0 is ""2nd level issue"", then activity 3 happens. If decision 0 is ""resolved"", then activity 4 happens. Then activity 5 happens. Then decision 0 is made again. If decision 0 is ""scheduled for next release"", then activity 6 happens. If decision 0 is ""resolved"", then activity 4 happens. Then activity 5 happens. If decision 0 is ""scheduled for next release"", then activity 6 happens. If decision 0 is ""resolved"", then activity 4 happens. Then activity 5 happens. If activity 6 happens, then activity 7 happens. Thus, the final activity diagram should look like the following:
```mermaid
graph LR
0[""StartNode""] --> 1[""Receive issue""]
1 --> 2[""Open ticket""]
2 --> 3[""Edit 1st level ticket""]
3 --> 4{""Result?""}
4 --> |""2nd level issue""|5[""Edit 2nd level ticket""]
4 --> |""resolved""|6[""Send email to account manager""]
5 --> 4
6 --> 4
4 --> 7[""Close ticket""]
7 --> 8{""Result?""}
8 --> |""scheduled for next release""|9[""Insert issue into product backlog""]
8 --> |""resolved""|6
9 --> 7
7 --> 10[""EndNode""]
```"
53,"The description contains the following activities:
0. Pay the Airline Company
1. Pay the HOTEL
2. Pay the Car Rental
3. End

The process specifies that activities 0, 1, 2 happen at the same time, and then the process ends. Thus, the final activity diagram should look like the following:
```mermaid
graph LR
0[""StartNode""] --> 1[""Pay the Airline Company""]
0 --> 2[""Pay the HOTEL""]
0 --> 3[""Pay the Car Rental""]
1 --> 4[""End""]
2 --> 4
3 --> 4
```"
54,"This description is a bit unusual, as it seems to be describing a process that is already complete. However, if we interpret it as a process that needs to be started, then the description contains the following activities:
Activities:
0. Continue the process
1. Bring it to an end

Since these two activities happen at the same time, the final activity diagram should look like the following:
```mermaid
graph LR
0[""StartNode""] --> 1[""Continue the process""]
1 --> 2[""Bring it to an end""]
2 --> 3[""EndNode""]
```"
55,"The description contains the following activities and decisions:
Activities:
0. Verify RFQ
1. Provide LandM cost estimates
2. Add overhead cost and generate pricing options
3. Generate sales quote
4. Provide clarification
Decisions:
0. RFQ verified as ""ok""

The process specifies that activity 0 happens first, followed by decision 0. If decision 0 is yes, then activity 1 happens. If decision 0 is no, then activity 4 happens. After activity 4, decision 0 is made again. If decision 0 is yes, then activity 1 happens. If decision 0 is no, then activity 4 happens again. After activity 4, activity 2 happens. After activity 2, decision 0 is made again. If decision 0 is yes, then activity 3 happens and the process ends. If decision 0 is no, then activity 4 happens again. Thus, the final activity diagram should look like the following:
```mermaid
graph LR
0[""StartNode""] --> 1[""Verify RFQ""]
1 --> 2{""RFQ verified as \""ok\""""}
2 --> |""Yes""|3[""Provide LandM cost estimates""]
2 --> |""No""|4[""Provide clarification""]
3 --> 5[""Add overhead cost and generate pricing options""]
5 --> 6{""RFQ verified as \""ok\""""}
6 --> |""Yes""|7[""Generate sales quote""]
6 --> |""No""|4
7 --> 8[""EndNode""]
4 --> 5
```"
56,"The description contains the following activities and decisions:
Activities:
0. Send XYZ Message
1. Ensure integrity of message data
2. Check for changes since signed
3. Verify acceptability of lodgment
4. Establish requirement for manual examination
5. Generate error report
6. Produce Lodgment Verification Report
Decisions:
0. None

The process specifies that activities 0, 1, 2, 3, 4 happens in sequence. Then activity 5 happens. After that, activity 6 happens. The activity 6 requires accessing the data object ""Generate error report"". Thus, the final activity diagram should look like the following:
```mermaid
graph LR
0[""StartNode""] --> 1[""Send XYZ Message""]
1 --> 2[""Ensure integrity of message data""]
2 --> 3[""Check for changes since signed""]
3 --> 4[""Verify acceptability of lodgment""]
4 --> 5[""Establish requirement for manual examination""]
5 --> 6[""Generate error report""]
6 --> 7[""Produce Lodgment Verification Report""]
7 --> 8[""EndNode""]
```"
57,"The description contains the following activities and decisions:
Activities:
0. Check customers' credit history
1. Conduct a property title search
2. End process
Decisions:
0. None

The process specifies that activities 0 and 1 happen at the same time. Activity 0 involves accessing the data object ""credit history file"". Activity 1 results in the data object ""Survey document"". After that, activity 2 happens. Thus, the final activity diagram should look like the following:
```mermaid
graph LR
0[""StartNode""] --> 1[""Check customers' credit history""]
0 --> 2[""Conduct a property title search""]
1 --> 3[""Access credit history file""]
2 --> 4[""Survey document""]
3 --> 4
4 --> 5[""End process""]
```"
58,"The description contains the following activities and decisions:
Activities:
0. Send a letter
1. Check for correctness
2. Make a phone call
3. Add mail number and date
4. Record and archive the letter
5. Transmit the letter and register it with Miranda
6. Make a membership decision
7. Stamp ""new member"" and the date
8. Provide a negative answer
9. Add the mail number and date
10. Check for membership
11. Add the new member
12. Calculate the membership fee
13. Write down the amount
14. Prepare the invoice at home
15. Send the membership card
16. Print the membership card
Decisions:
0. Correctness of the answer
1. Membership decision
2. Membership status

The process starts with activity 0, followed by decision 0. If decision 0 is no, then activity 2 happens. If decision 0 is yes, then activity 3 happens, followed by decision 0 again. If decision 0 is no, then activity 2 happens. If decision 0 is yes, then activity 4 happens, followed by activity 5. After activity 5, decision 1 is made. If decision 1 is no, then activity 8 happens and the process ends. If decision 1 is yes, then activity 7 happens, followed by decision 2. If decision 2 is no, then activity 8 happens and the process ends. If decision 2 is yes, then activity 9 happens, followed by decision 2 again. If decision 2 is no, then activity 8 happens and the process ends. If decision 2 is yes, then activity 11 happens, followed by activity 12, 13, 14, 15, 16. Thus, the final activity diagram should look like the following:
```mermaid
graph LR
0[""StartNode""] --> 1[""Send a letter""]
1 --> 2{""Correctness of the answer""}
2 --> |""No""|3[""Make a phone call""]
2 --> |""Yes""|4[""Add mail number and date""]
4 --> 2
4 --> 5[""Record and archive the letter""]
5 --> 6[""Transmit the letter and register it with Miranda""]
6 --> 7{""Membership decision""}
7 --> |""No""|8[""Provide a negative answer""]
7 --> |""Yes""|9[""Stamp 'new member' and the date""]
9 --> 10{""Membership status""}
10 --> |""No""|8
10 --> |""Yes""|11[""Add the new member""]
11 --> 12[""Calculate the membership fee""]
12 --> 13[""Write down the amount""]
13 --> 14[""Prepare the invoice at home""]
14 --> 15[""Send the membership card""]
15 --> 16[""Print the membership card""]
16 --> 17[""EndNode""]
```"
59,"The description contains the following activities:
0. Incoming Frozen Item
1. Poultry
2. Fish
3. Beef
4. Pork
5. Type Categorization
6. White Meat
7. Dark Meat
8. Deboned
9. Bone-In
10. Temperature Weight and Date Center
11. Store items based on item policy

The process starts with activity 0, followed by activities 1, 2, 3 happening at the same time. Then activity 4 happens, followed by activity 5. After that, activities 6, 7 happen at the same time, followed by activities 8, 9 happening at the same time. Then activities 6, 10, 5, 10, 11 happen in sequence. Then activities 7, 10 happen in sequence. Then activities 8, 10 happen in sequence. Finally, activity 11 happens. Thus, the final activity diagram should look like the following:
```mermaid
graph LR
0[""StartNode""] --> 1[""Incoming Frozen Item""]
1 --> 2[""Poultry""]
1 --> 3[""Fish""]
1 --> 4[""Beef""]
2 --> 5[""Pork""]
5 --> 6[""Type Categorization""]
6 --> 7[""White Meat""]
6 --> 8[""Dark Meat""]
7 --> 9[""Deboned""]
8 --> 10[""Bone-In""]
7 --> 11[""Temperature Weight and Date Center""]
9 --> 11
10 --> 11
11 --> 12[""Store items based on item policy""]
12 --> 13[""EndNode""]
```"
60,"The description describes the following activities without decisions:
0. Guest is hungry
1. Fill a pot with water
2. Buy sauce ingredients
3. Fill the pot
4. Boil the water
5. Prepare tomato sauce
6. Put in some noodles
7. Add seasoning
8. Mix noodles with tomato sauce
9. Meal is prepared

Activity 0 happens first, followed by activity 1 and 2 happen at the same time, followed by activity 3 and 4 happen in sequence. Then activity 5 and 6 happen in sequence. After that, activity 7 and 8 happen in sequence. Finally, activity 9 happens. Thus, the final activity diagram should look like the following:
```mermaid
graph LR
0[""StartNode""] --> 1[""Guest is hungry""]
1 --> 2[""Fill a pot with water""]
1 --> 3[""Buy sauce ingredients""]
2 --> 4[""Boil the water""]
3 --> 5[""Prepare tomato sauce""]
4 --> 6[""Put in some noodles""]
5 --> 7[""Add seasoning""]
6 --> 8[""Mix noodles with tomato sauce""]
8 --> 9[""Meal is prepared""]
9 --> 10[""EndNode""]
```"
61,"The description contains the following activities and decisions:
Activities:
0. Receive order
1. Check availability
2. Ship article
3. Engage in procurement activities
4. Financial settlement
5. Receive payment
Decisions:
0. Article available?

The process specifies that activity 0 happens first, followed by decision 0. If decision 0 is yes, then activity 2 happens. If decision 0 is no, then activity 3 happens. After activity 3, decision 0 is made again. If decision 0 is yes, then activity 2 happens. If decision 0 is no, then activity 3 happens again. After activity 2, activity 4 happens. After activity 4, activity 5 happens. Thus, the final activity diagram should look like the following:
```mermaid
graph LR
0[""StartNode""] --> 1[""Receive order""]
1 --> 2{""Article available?""}
2 --> |""Yes""|3[""Ship article""]
2 --> |""No""|4[""Engage in procurement activities""]
4 --> 2
4 --> |""Yes""|3
4 --> |""No""|5
3 --> 6[""Financial settlement""]
6 --> 7[""Receive payment""]
7 --> 8[""EndNode""]
```"
62,"The description contains the following activities and decisions:
Activities:
0. Generate payment report
1. Pay vendor
2. Send payment report to Accounts Receivable Department
3. Send payment report to Registry
4. Generate monthly invoices for clients
5. Select paper-based invoices that have been paid
6. Charge client $35 per invoice
7. Archive invoices per vendor
8. Track down payment
9. Archive invoices per payment date
Decisions:
0. None

The process specifies that activity 0 happens first, followed by activity 1 and 2 happen at the same time. After activity 2, activity 3 happens. After activity 3, activity 4 happens. After activity 4, activity 5 happens. After activity 5, activity 6 happens and the process ends. After activity 2, activity 7 happens. After activity 7, activity 8 happens and the process ends. After activity 8, activity 9 happens. Thus, the final activity diagram should look like the following:
```mermaid
graph LR
0[""StartNode""] --> 1[""Generate payment report""]
1 --> 2[""Pay vendor""]
1 --> 3[""Send payment report to Accounts Receivable Department""]
1 --> 4[""Send payment report to Registry""]
3 --> 5[""Generate monthly invoices for clients""]
4 --> 6[""Select paper-based invoices that have been paid""]
5 --> 7[""Charge client $35 per invoice""]
6 --> 7
7 --> 8[""EndNode""]
3 --> 9[""Archive invoices per vendor""]
9 --> 10[""Track down payment""]
10 --> 11[""Archive invoices per payment date""]
11 --> 8
```"
63,"The description describes the following activities without decisions:
0. Receive order
1. Send invoice
2. Ship products
3. Receive payment
4. End process

Activity 0 and 1, 2 happen at the same time, followed by activity 3. Thus, the final activity diagram should look like the following:
```mermaid
graph LR
0[""StartNode""] --> 1[""Receive order""]
1 --> 2[""Send invoice""]
1 --> 3[""Ship products""]
2 --> 4[""Receive payment""]
3 --> 4
4 --> 5[""End process""]
```"
64,"The description describes the following activities without decisions:
0. Enter requested information
1. Type in the date of arrival at SSP
2. Type in the client name
3. Type in the vendor name
4. End process

Activity 0 happens first, followed by activities 1, 2, and 3 happen at the same time. Thus, the final activity diagram should look like the following:
```mermaid
graph LR
0[""StartNode""] --> 1[""Enter requested information""]
1 --> 2[""Type in the date of arrival at SSP""]
1 --> 3[""Type in the client name""]
1 --> 4[""Type in the vendor name""]
4 --> 5[""End process""]
```"
65,"The description contains the following activities and decisions:
Activities:
0. Visit www.katyd.cz
1. Fill out form with basic information
2. Check ""Method of payment?"" option
3. Select ""offline"" or ""online""
4. Show payment information
5. Initiate payment process
6. Check ""Variant of subscription?"" option
7. Select ""online or print&online"", ""only print"", or ""online or online&print""
8. Assign subscription rights
9. Register payment information for accounting purposes
10. Renew subscription
11. Generate code
12. Enter code on www.katyd.cz
13. Assign subscription rights to reader
Decisions:
0. Method of payment? (offline or online)
1. Variant of subscription? (online or print&online, only print, or online or online&print)

The process specifies that activity 0 happens first, followed by activity 1. Then decision 0 is made. If decision 0 is offline, then activity 4 happens. If decision 0 is online, then activity 5 happens. Then decision 1 is made. If decision 1 is online or print&online, then activity 8 happens. If decision 1 is only print, then activity 9 and 10 happens. If decision 1 is online or online&print, then activity 11 happens. If activity 11 happens, then activity 12 happens. If decision 1 is only print, then activity 13 happens. Thus, the final activity diagram should look like the following:
```mermaid
graph LR
0[""StartNode""] --> 1[""Visit www.katyd.cz""]
1 --> 2[""Fill out form with basic information""]
2 --> 3{""Method of payment?""}
3 --> |""offline""|4[""Show payment information""]
3 --> |""online""|5[""Initiate payment process""]
5 --> 6{""Variant of subscription?""}
6 --> |""online or print&online""|7[""Assign subscription rights""]
6 --> |""only print""|8[""Register payment information for accounting purposes""]
6 --> |""online or online&print""|9[""Generate code""]
9 --> 10[""Enter code on www.katyd.cz""]
10 --> 7
7 --> 11[""Renew subscription""]
8 --> 11
11 --> 12[""EndNode""]
```"
66,"The description contains the following activities and no decisions:
Activities:
0. Draft Contract
1. Legal Review
2. Financial Review
3. Finalize Contract

The process specifies that activities 0, 1, 2 happen in sequence, followed by activity 3. Thus, the final activity diagram should look like the following:
```mermaid
graph LR
0[""StartNode""] --> 1[""Draft Contract""]
1 --> 2[""Legal Review""]
2 --> 3[""Financial Review""]
3 --> 4[""Finalize Contract""]
4 --> 5[""EndNode""]
```"
67,"The description contains the following activities and decisions:
Activities:
0. Check if we can fulfill the order
1. Confirm the order
2. Reject the order
3. Deliver the order
Decisions:
0. Can we fulfill the order?

The process specifies that activity 0 happens first, followed by decision 0. If decision 0 is yes, then activity 1 happens, followed by activity 3. If decision 0 is no, then activity 2 happens. Then activity 0 happens again, followed by decision 0. If decision 0 is yes, then activity 1 happens, followed by activity 3. If decision 0 is no, then activity 2 happens. If activity 1 happens, then activity 3 happens. If activity 2 happens, then the process ends. If activity 3 happens, then the process ends. Thus, the final activity diagram should look like the following:
```mermaid
graph LR
0[""StartNode""] --> 1[""Check if we can fulfill the order""]
1 --> 2{""Can we fulfill the order?""}
2 --> |""Yes""|3[""Confirm the order""]
2 --> |""No""|4[""Reject the order""]
3 --> 5[""Check if we can fulfill the order""]
5 --> 6{""Can we fulfill the order?""}
6 --> |""Yes""|7[""Confirm the order""]
6 --> |""No""|4
7 --> 8[""Deliver the order""]
8 --> 9[""EndNode""]
4 --> 10[""EndNode""]
```"
68,"The description contains the following activities and decisions:
Activities:
0. Check if we can fulfill the order
1. Confirm the order
2. Reject the order
3. Deliver the order
Decisions:
0. Can we fulfill the order?

The process specifies that activity 0 happens first, followed by decision 0. If decision 0 is yes, then activity 1 happens, followed by activity 3. If decision 0 is no, then activity 2 happens. Then activity 0 happens again, followed by decision 0. If decision 0 is yes, then activity 1 happens, followed by activity 3. If decision 0 is no, then activity 2 happens. Thus, the final activity diagram should look like the following:
```mermaid
graph LR
0[""StartNode""] --> 1{""Can we fulfill the order?""}
1 --> |""Yes""|2[""Confirm the order""]
1 --> |""No""|3[""Reject the order""]
2 --> 4[""Deliver the order""]
3 --> 5[""EndNode""]
4 --> 6[""EndNode""]
```"
69,"The description contains the following activities and decisions:
Activities:
0. Generate payment report
1. Pay vendor
2. Send payment report to Accounts Receivable Department
3. Send payment report to registry
4. Generate monthly invoices for clients
5. Charge client
6. Archive invoices per vendor
7. Track down payment
8. Archive invoices per payment data
Decisions:
0. None

The process specifies that activities 0 and 3 happen first, followed by activity 1 and 2 happen at the same time. After that, activity 4 happens, followed by activity 5. After activity 5, activity 6 and 7 happen at the same time, followed by activity 8. Thus, the final activity diagram should look like the following:
```mermaid
graph LR
0[""StartNode""] --> 1[""Generate payment report""]
1 --> 2[""Pay vendor""]
1 --> 3[""Send payment report to Accounts Receivable Department""]
1 --> 4[""Send payment report to registry""]
3 --> 5[""Generate monthly invoices for clients""]
5 --> 6[""Charge client""]
6 --> 7[""Archive invoices per vendor""]
7 --> 8[""Track down payment""]
8 --> 9[""Archive invoices per payment data""]
9 --> 10[""EndNode""]
```"
70,"The description contains the following activities and decisions:
Activities:
0. Contact customer regarding backorder
1. Check if customer still wants order
2. Postpone shipment
3. Terminate order
4. Order out-of-stock merchandise
5. Notify customer of expected shipping date
6. Goods arrived
7. Contact customer
Decisions:
0. Customer still wants order?

The process specifies that activity 0 happens first, followed by decision 0. If decision 0 is yes, then activity 2 happens, followed by activity 4. If decision 0 is no, then activity 3 happens and the process ends. After that, activity 2 happens, followed by activity 5. Then activity 6 happens, followed by activity 7. Thus, the final activity diagram should look like the following:
```mermaid
graph LR
0[""StartNode""] --> 1[""Contact customer regarding backorder""]
1 --> 2{""Customer still wants order?""}
2 --> |""Yes""|3[""Postpone shipment""]
2 --> |""No""|4[""Terminate order""]
3 --> 5[""Order out-of-stock merchandise""]
5 --> 6[""Notify customer of expected shipping date""]
6 --> 7[""Goods arrived""]
7 --> 8[""Contact customer""]
8 --> 9[""EndNode""]
```"
71,"The description describes the following activities without decisions:
0. Receive attendance request
1. Send email to advisor1
2. Send email to advisor3
3. Send email to advisor2
4. Respond to central office

Activity 0 happens first, followed by activities 1, 2, and 3 happen at the same time. Afterwards, activity 4 happens. Thus, the final activity diagram should look like the following:
```mermaid
graph LR
0[""StartNode""] --> 1[""Receive attendance request""]
1 --> 2[""Send email to advisor1""]
1 --> 3[""Send email to advisor3""]
1 --> 4[""Send email to advisor2""]
2 --> 5[""Respond to central office""]
3 --> 5
4 --> 5
5 --> 6[""EndNode""]
```"
72,"The description describes the following activities without decisions:
0. Prepare the shipment
1. Bill the customer

Activities 0 and 1 happen at the same time. Thus, the final activity diagram should look like the following:
```mermaid
graph LR
0[""StartNode""] --> 1[""Prepare the shipment""]
0 --> 2[""Bill the customer""]
1 --> 3[""EndNode""]
2 --> 3
```"
73,"The description contains the following activities and decisions:
Activities:
0. Verify RFQ
1. Ask for more information
2. Analyze RFQ
3. Provide L&M Cost Estimates
4. Add overhead costs
5. Generate pricing options
6. Provide clarification
7. Verify RFQ
8. Generate sales quote
Decisions:
0. Is RFQ verified?

The process starts with activity 0, followed by decision 0. If decision 0 is no, then activity 1 happens. If decision 0 is yes, then activities 2, 3 happens. If activity 3 is not done, then activity 1 happens again. If activity 3 is done, then activities 4, 5, 6 happens. After activity 6, decision 0 is made again. If decision 0 is yes, then activity 7 happens. If decision 0 is no, then activity 1 happens again. If decision 0 is yes, then activity 8 happens and the process ends. Thus, the final activity diagram should look like the following:
```mermaid
graph LR
0[""StartNode""] --> 1[""Verify RFQ""]
1 --> 2{""Is RFQ verified?""}
2 --> |""No""|3[""Ask for more information""]
2 --> |""Yes""|4[""Analyze RFQ""]
4 --> 5[""Provide L&M Cost Estimates""]
5 --> 6[""Add overhead costs""]
6 --> 7[""Generate pricing options""]
7 --> 8[""Provide clarification""]
8 --> 9{""Is RFQ verified?""}
9 --> |""No""|3
9 --> |""Yes""|10[""Generate sales quote""]
10 --> 11[""EndNode""]
```"
74,"The description contains the following activities and decisions:
Activities:
0. Payment reports to Registry
1. Validated invoices to Registry
2. Receive payment reports
3. Receive validated invoices
4. Select paid invoices
5. Sort invoices by vendor
6. Sort invoices by payment date
7. Archive invoices
8. Determine invoices location
9. Invoices location
Decisions:
0. None

The process specifies that activities 0 and 1 happen first, followed by activities 2 and 3 happen at the same time. Then activities 4, 5, 6, 7 happen in sequence. After that, activity 8 happens. Then activity 9 happens in a loop until the end of the month. Thus, the final activity diagram should look like the following:
```mermaid
graph LR
0[""StartNode""] --> 1[""Payment reports to Registry""]
1 --> 2[""Validated invoices to Registry""]
2 --> 3[""Receive payment reports""]
2 --> 4[""Receive validated invoices""]
3 --> 5[""Select paid invoices""]
4 --> 5
5 --> 6[""Sort invoices by vendor""]
6 --> 7[""Sort invoices by payment date""]
7 --> 8[""Archive invoices""]
8 --> 9[""Determine invoices location""]
9 --> 10[""Invoices location""]
10 --> 11[""EndNode""]
```"
75,"The description contains the following activities and decisions:
Activities:
0. Receive order
1. Check availability
2. Receive payment
3. Procurement
4. Ship article
5. Financial settlement
Decisions:
0. Article available?

The process specifies that activities 0 and 1 happen in sequence. Then decision 0 is made. If decision 0 is yes, then activities 2 and 4 happen in sequence. If decision 0 is no, then activity 3 happens, followed by activities 2 and 4. Thus, the final activity diagram should look like the following:
```mermaid
graph LR
0[""StartNode""] --> 1[""Receive order""]
1 --> 2[""Check availability""]
2 --> 3{""Article available?""}
3 --> |""Yes""|4[""Receive payment""]
3 --> |""No""|5[""Procurement""]
4 --> 6[""Ship article""]
5 --> 4
4 --> 7[""Financial settlement""]
7 --> 8[""EndNode""]
```"
76,"The description contains the following activities and decisions:
Activities:
0. Procure Part
1. Part Auction
Decisions:
0. All parts available?

The process specifies that activity 0 happens first, followed by decision 0. If decision 0 is yes, then the process ends. If decision 0 is no, then activity 1 happens. Thus, the final activity diagram should look like the following:
```mermaid
graph LR
0[""StartNode""] --> 1[""Procure Part""]
1 --> 2{""All parts available?""}
2 --> |""Yes""| 3[""EndNode""]
2 --> |""No""| 4[""Part Auction""]
4 --> 3
```"
77,"The description contains the following activities and decisions:
Activities:
0. Request petty cash
1. Write a check
2. Enter vendor, product description, and amount in Payment Out Module
3. Check if seller accepts the check
4. Cash the check
5. Purchase products
6. Pay the vendor
Decisions:
0. Seller accepts the check?

The process specifies that activities 0 and 1 happen in sequence. Then activity 2 happens. After that, decision 0 is made. If decision 0 is no, then activity 4 happens. If decision 0 is yes, then activity 5 happens. Finally, activity 6 happens. Thus, the final activity diagram should look like the following:
```mermaid
graph LR
0[""StartNode""] --> 1[""Request petty cash""]
1 --> 2[""Write a check""]
2 --> 3[""Enter vendor, product description, and amount in Payment Out Module""]
3 --> 4{""Seller accepts the check?""}
4 --> |""No""|5[""Cash the check""]
4 --> |""Yes""|6[""Purchase products""]
5 --> 7[""Pay the vendor""]
6 --> 7
7 --> 8[""EndNode""]
```"
78,"The description describes the following activities without decisions:
0. eBay account created
1. Customer logs into their account
2. Customer browses for an item
3. Seller reviews the item
4. Customer reviews the item
5. Seller completes review
6. Item reviewed

Activity 0 and 1 happen first, followed by activity 2, 3 and 4 happen at the same time. Afterwards, activity 5 and 6 happen. Thus, the final activity diagram should look like the following:
```mermaid
graph LR
0[""eBay account created""] --> 1[""Customer logs into their account""]
1 --> 2[""Customer browses for an item""]
1 --> 3[""Seller reviews the item""]
1 --> 4[""Customer reviews the item""]
3 --> 5[""Seller completes review""]
4 --> 5
5 --> 6[""Item reviewed""]
```"
79,"The description contains the following activities and decisions:
Activities:
0. Report problem
1. Send problem for evaluation
2. Receive estimate
3. Authorize repair
4. Submit authorization
5. Repair
6. Receive documentation
7. Receive incomplete notice
8. Check if computer was fixed
9. Send payment
10. Pick up computer
Decisions:
0. Agree with estimate
1. Repair successful?

The process specifies that activities 0 and 1 happen in sequence. Then decision 0 is made. If decision 0 is yes, then activities 3, 4, 5, 6, 8, 9 happens in sequence. If decision 0 is no, then activity 10 happens. If decision 1 is yes, then activity 9 happens. If decision 1 is no, then activity 10 happens. Thus, the final activity diagram should look like the following:
```mermaid
graph LR
0[""StartNode""] --> 1[""Report problem""]
1 --> 2[""Send problem for evaluation""]
2 --> 3[""Receive estimate""]
3 --> 4{""Agree with estimate""}
4 --> |""Yes""|5[""Authorize repair""]
4 --> |""No""|6[""Take back computer""]
5 --> 7[""Submit authorization""]
7 --> 8[""Repair""]
8 --> 9{""Repair successful?""}
9 --> |""Yes""|10[""Send payment""]
9 --> |""No""|11[""Pick up computer""]
10 --> 12[""EndNode""]
11 --> 12
```"
80,"The description contains the following activities and decisions:
Activities:
0. Advising unsuccessful shortlisted candidates verbally
1. Providing feedback
2. Receive signed letter of appointment
3. Scan letter into career website
4. Send offer in writing
5. Receive signed letter of appointment
6. Scan letter into career website
7. Close vacancy

The process specifies that activities 0 and 1 happen at the same time, followed by activities 2, 3, 4, 5, 6, 7 happen in sequence. Thus, the final activity diagram should look like the following:
```mermaid
graph LR
0[""StartNode""] --> 1[""Advising unsuccessful shortlisted candidates verbally""]
1 --> 2[""Providing feedback""]
2 --> 3[""Receive signed letter of appointment""]
3 --> 4[""Scan letter into career website""]
4 --> 5[""Send offer in writing""]
5 --> 6[""Receive signed letter of appointment""]
6 --> 7[""Scan letter into career website""]
7 --> 8[""Close vacancy""]
8 --> 9[""EndNode""]
```"
81,"The description contains the following activities and decisions:
Activities:
0. Enter vendor name
1. Enter client name
2. Enter date of arrival
Decisions:
0. None

The process specifies that activities 0, 1, 2 happen in sequence. However, the process ends after activity 0, 1, 2. Thus, the final activity diagram should look like the following:
```mermaid
graph LR
0[""StartNode""] --> 1[""Enter vendor name""]
1 --> 2[""EndNode""]
0 --> 3[""Enter client name""]
3 --> 2
0 --> 4[""Enter date of arrival""]
4 --> 2
```"
82,"The description contains the following activities and decisions:
Activities:
0. Verify shipment content
1. Perform quality inspection
2. Check material
3. Store material
4. Repeat check material
5. Process ends
Decisions:
0. Material okay?

The process specifies that activity 0 happens first, followed by activity 1. Then decision 0 is made. If decision 0 is yes, then activity 3 happens. If decision 0 is no, then activity 4 happens, and decision 0 is made again. This loop continues until decision 0 is yes, at which point activity 3 happens. Finally, activity 5 happens. Thus, the final activity diagram should look like the following:
```mermaid
graph LR
0[""StartNode""] --> 1[""Verify shipment content""]
1 --> 2[""Perform quality inspection""]
2 --> 3{""Material okay?""}
3 --> |""Yes""|4[""Store material""]
3 --> |""No""|5[""Repeat check material""]
5 --> 2
4 --> 6[""EndNode""]
```"
83,"The description contains the following activities:
0. Scan the offer
1. Register the offer
2. Send the billing
3. Send the pincode information

The process specifies that activities 0, 1, 2, 3 happen at the same time. Thus, the final activity diagram should look like the following:
```mermaid
graph LR
0[""StartNode""] --> 1[""Scan the offer""]
0 --> 2[""Register the offer""]
0 --> 3[""Send the billing""]
0 --> 4[""Send the pincode information""]
1 --> 5[""EndNode""]
2 --> 5
3 --> 5
4 --> 5
```"
84,"The description contains the following activities and no decisions:
Activities:
0. Check the order
1. Process the order
2. Send the books
3. Update the inventory
4. Order is complete

The process specifies that activity 0 happens first, followed by activity 1 and 2 happen at the same time. After that, activity 3 happens. Finally, activity 4 happens and the process ends. Thus, the final activity diagram should look like the following:
```mermaid
graph LR
0[""StartNode""] --> 1[""Check the order""]
1 --> 2[""Process the order""]
1 --> 3[""Send the books""]
1 --> 4[""Update the inventory""]
2 --> 5[""Order is complete""]
3 --> 5
4 --> 5
5 --> 6[""EndNode""]
```"
85,"The description contains the following activities and decisions:
Activities:
0. Incoming Package & Plasticware Item
1. Plasticware
2. Packaging Equipment
3. Cleaning Equipment
4. Kitchen Equipment
5. Item Categorization (Aluminum Foil, etc)
6. Cleaning Equipment
7. Item Categorization (Surface cleaners, etc)
8. Forks
9. Knives
10. Spoons
11. Aluminum/Plastic Containers
12. Plastic Wrap
13. Container Lids
14. Count
15. Store items based on item policy
Decisions:
None

The process specifies that activity 0 happens first, followed by activities 1, 2, 3 happening at the same time. Then, activities 4, 5, 6, 7 happen in sequence. After that, activities 8, 9, 10, 11, 12, 13 happen at the same time. Then, activity 14 happens six times, each time followed by activity 15. Thus, the final activity diagram should look like the following:
```mermaid
graph LR
0[""StartNode""] --> 1[""Incoming Package & Plasticware Item""]
1 --> 2[""Plasticware""]
1 --> 3[""Packaging Equipment""]
1 --> 4[""Cleaning Equipment""]
4 --> 5[""Kitchen Equipment""]
5 --> 6[""Item Categorization (Aluminum Foil, etc)""]
6 --> 7[""Cleaning Equipment""]
7 --> 8[""Item Categorization (Surface cleaners, etc)""]
8 --> 9[""Forks""]
8 --> 10[""Knives""]
8 --> 11[""Spoons""]
8 --> 12[""Aluminum/Plastic Containers""]
8 --> 13[""Plastic Wrap""]
8 --> 14[""Container Lids""]
9 --> 15[""Count""]
10 --> 15
11 --> 15
12 --> 15
13 --> 15
14 --> 15
15 --> 16[""Store items based on item policy""]
```"
86,"The description contains the following activities and decisions:
Activities:
0. Order request made
1. Check if order can be fulfilled
2. Confirm order
3. Request parts
4. Check if order can be fulfilled
5. Request parts
6. Check if capacity is sufficient but parts need to be ordered
7. Request parts
8. Check if order can be fulfilled
9. Reject order
10. Deliver order
11. Procure available parts
12. Check if all parts are available
13. Request parts in auction
14. Procure parts
15. Check if all parts have been obtained
16. Confirm order
17. End process
Decisions:
0. Order can be fulfilled?
1. Capacity is sufficient but parts need to be ordered?
2. All parts are available?
3. All parts have been obtained?

The process starts with activity 0. Then decision 0 is made. If decision 0 is yes, then activity 2 happens. If decision 0 is no, then decision 1 is made. If decision 1 is yes, then activity 3 happens and decision 0 is made again. If decision 1 is no, then activity 9 happens. If activity 2 happens, then activity 10 happens. If activity 3 happens, then activity 11 happens and decision 2 is made. If decision 2 is yes, then activity 2 happens. If decision 2 is no, then activity 13 happens and activity 14 happens. If activity 14 happens, then decision 3 is made. If decision 3 is yes, then activity 2 happens. If decision 3 is no, then activity 9 happens. Thus, the final activity diagram should look like the following:
```mermaid
graph LR
0[""StartNode""] --> 1[""Order request made""]
1 --> 2{""Order can be fulfilled?""}
2 --> |""Yes""|3[""Confirm order""]
2 --> |""No""|4{""Capacity is sufficient but parts need to be ordered?""}
4 --> |""Yes""|5[""Request parts""]
4 --> |""No""|6[""Reject order""]
3 --> 7[""Deliver order""]
5 --> 8[""Procure available parts""]
8 --> 9{""All parts are available?""}
9 --> |""Yes""|10[""Confirm order""]
9 --> |""No""|11[""Request parts in auction""]
11 --> 12[""Procure parts""]
12 --> 13{""All parts have been obtained?""}
13 --> |""Yes""|14[""Confirm order""]
13 --> |""No""|15[""Reject order""]
14 --> 16[""EndNode""]
15 --> 16
```"
87,"The description contains the following activities and decisions:
Activities:
0. Validate invoice
1. Run payment process
2. Generate payment report
3. Send payment report to clients, Account Receivable Department, and Registry
4. Receive payment report from Payment Office
5. Generate monthly invoices
6. Send monthly invoices to clients
7. End payment invoice process
Decisions:
0. None

The process specifies that activity 0 happens first, followed by activity 1. Activity 2 happens at the end of every week. Activity 3 happens after activity 2. Activity 4 happens after activity 3. Activity 5 happens after activity 4. Activity 6 happens after activity 5. Activity 7 happens after activity 6. Thus, the final activity diagram should look like the following:
```mermaid
graph LR
0[""StartNode""] --> 1[""Validate invoice""]
1 --> 2[""Run payment process""]
2 --> 3[""Generate payment report""]
3 --> 4[""Send payment report to clients, Account Receivable Department, and Registry""]
4 --> 5[""Receive payment report from Payment Office""]
5 --> 6[""Generate monthly invoices""]
6 --> 7[""Send monthly invoices to clients""]
7 --> 8[""End payment invoice process""]
```"
88,"The description contains the following activities and decisions:
Activities:
0. Back up database
1. Check ""Account Defaulter"" table
2. Check CRM system
3. Register defaulting accounts and customers
4. Reconcile new returns with existing account
5. Produce new table
6. Send table to supervisor
7. Alert supervisor
Decisions:
0. ""Account Defaulter"" table has changed?
1. Time is before 2:30 pm?
2. Time is before 4:00 pm?

The process specifies that activities 0 and 1 happen in sequence. If decision 0 is no, then activity 2 happens. If decision 0 is yes, then decision 1 is made. If decision 1 is yes, then activities 3, 4, 5, 6 happens in sequence. If decision 1 is no, then activity 7 happens. If decision 1 is yes, then decision 2 is made. If decision 2 is yes, then the process ends. If decision 2 is no, then activity 7 happens. Thus, the final activity diagram should look like the following:
```mermaid
graph LR
0[""StartNode""] --> 1[""Back up database""]
1 --> 2[""Check Account Defaulter table""]
2 --> 3{""Account Defaulter table has changed?""}
3 --> |""Yes""|4[""Check CRM system""]
3 --> |""No""|5[""Check CRM system""]
4 --> 6{""Time is before 2:30 pm?""}
6 --> |""Yes""|7[""Register defaulting accounts and customers""]
6 --> |""No""|8[""Alert supervisor""]
7 --> 9[""Reconcile new returns with existing account""]
9 --> 10[""Produce new table""]
10 --> 11[""Send table to supervisor""]
11 --> 12[""EndNode""]
8 --> 12
5 --> 6
6 --> |""Yes""|13[""EndNode""]
6 --> |""No""|8
```"
89,"The description contains the following activities and decisions:
Activities:
0. Identify demand for material
1. Specify required material demand
2. Utilize available material
3. Create purchase requisition
4. Verify purchase requisition accuracy
5. Create purchase order
6. Notify vendor
7. Vendor ships goods
8. Create goods receipt
9. Generate invoice receipt
10. Make payment to vendor
Decisions:
0. Goods Available?

The process specifies that activity 0 happens first, followed by decision 0. If decision 0 is yes, then activity 2 happens and the process ends. If decision 0 is no, then activity 1 happens. Then activity 3, 4, 5, 6, 7, 8, 9, 10 happens in sequence. Thus, the final activity diagram should look like the following:
```mermaid
graph LR
0[""StartNode""] --> 1[""Identify demand for material""]
1 --> 2{""Goods Available?""}
2 --> |""Yes""|3[""Utilize available material""]
2 --> |""No""|4[""Specify required material demand""]
3 --> 5[""EndNode""]
4 --> 6[""Create purchase requisition""]
6 --> 7[""Verify purchase requisition accuracy""]
7 --> 8[""Create purchase order""]
8 --> 9[""Notify vendor""]
9 --> 10[""Vendor ships goods""]
10 --> 11[""Create goods receipt""]
11 --> 12[""Generate invoice receipt""]
12 --> 13[""Make payment to vendor""]
13 --> 14[""EndNode""]
```"
90,"The description describes the following activities without decisions:
0. Fill in the tenure application form
1. Create a letter of application
2. Prepare the attached documents
3. Lodge the application

Activities 0, 1, and 2 happen at the same time, followed by activity 3. Thus, the final activity diagram should look like the following:
```mermaid
graph LR
0[""StartNode""] --> 1[""Fill in the tenure application form""]
0 --> 2[""Create a letter of application""]
0 --> 3[""Prepare the attached documents""]
1 --> 4[""Lodge the application""]
2 --> 4
3 --> 4
4 --> 5[""EndNode""]
```"
91,"The description contains the following activities and no decisions:
Activities:
0. Scan offer
1. Initiate register acception contract
2. Send billing information
3. Send pincode information
4. Customer created

According to the description, activities 0 and 1 happen first, followed by activities 2 and 3 happen at the same time. Finally, activity 4 happens and the process ends. Thus, the final activity diagram should look like the following:
```mermaid
graph LR
0[""StartNode""] --> 1[""Scan offer""]
1 --> 2[""Initiate register acception contract""]
2 --> 3[""Send billing information""]
2 --> 4[""Send pincode information""]
3 --> 5[""Customer created""]
4 --> 5
5 --> 6[""EndNode""]
```"
92,"The description describes the following activities without decisions:
0. Register Custom Declaration and support documents
1. Ship arrival notification
2. Document Checking
3. Payment Instruction
4. Release Goods
5. Processing Import Permit
6. Send Release Notification to Customs

Activities 0, 1, 2, 3 happen at the same time, and activities 4, 5 happen at the same time. Activity 6 happens after both sets of activities are completed. Thus, the final activity diagram should look like the following:
```mermaid
graph LR
0[""StartNode""] --> 1[""Register Custom Declaration and support documents""]
0 --> 2[""Ship arrival notification""]
0 --> 3[""Document Checking""]
0 --> 4[""Payment Instruction""]
1 --> 5[""Release Goods""]
1 --> 6[""Processing Import Permit""]
5 --> 7[""Send Release Notification to Customs""]
6 --> 7
7 --> 8[""EndNode""]
```"
93,"The description contains the following activities and decisions:
Activities:
0. Order Request
1. Order Confirmation
2. Procure Parts
3. Deliver Order
4. Choreography Task
5. Link A
6. Part Auction
Decisions:
0. Can fulfill order?
1. Capacity sufficient?
2. All parts available?

The process starts with activity 0. Decision 0 is made, if yes, then activity 1 happens. If no, then decision 1 is made, if yes, then activity 2 happens, then decision 0 is made again. If decision 1 is no, then decision 0 is made again. If decision 0 is no, then activity 3 happens, then decision 2 is made. If yes, then activity 5 happens and the process ends. If no, then activity 6 happens, then decision 2 is made. If yes, then activity 5 happens and the process ends. If no, then the process ends. Thus, the final activity diagram should look like the following:
```mermaid
graph LR
0[""StartNode""] --> 1[""Order Request""]
1 --> 2{""Can fulfill order?""}
2 --> |""Yes""|3[""Order Confirmation""]
2 --> |""No""|4{""Capacity sufficient?""}
4 --> |""Yes""|5[""Procure Parts""]
5 --> 6{""Can fulfill order?""}
6 --> |""Yes""|3
6 --> |""No""|7[""Deliver Order""]
7 --> 8{""All parts available?""}
8 --> |""Yes""|9[""Link A""]
8 --> |""No""|10[""Part Auction""]
10 --> 11{""All parts available?""}
11 --> |""Yes""|9
11 --> |""No""|12[""Reject Order""]
```"
94,"The description describes the following activities without decisions:
0. Define Marketing Goal
1. Determine Marketing Objectives
2. Define Primary Objectives
3. Define Primary Sub-Objectives
4. Determine Target Market
5. Understand Product/Services
6. Determine Business Location
7. Determine Product/Services Prices
8. Determine Financial Plan Budget
9. Generate Marketing Strategies
10. Create Market Development
11. Create Promotional Techniques
12. Create Monitoring Techniques

Activity 0 happens first, followed by activity 1, 2, 3 happen at the same time. Afterwards, activity 4, 5 happen at the same time. Then activity 6, 7, 8 happen in sequence. After that, activity 9, 10, 11, 12 happen in sequence. Thus, the final activity diagram should look like the following:
```mermaid
graph LR
0[""Define Marketing Goal""] --> 1[""Determine Marketing Objectives""]
1 --> 2[""Define Primary Objectives""]
1 --> 3[""Define Primary Sub-Objectives""]
2 --> 4[""Determine Target Market""]
3 --> 4
4 --> 5[""Understand Product/Services""]
5 --> 6[""Determine Business Location""]
6 --> 7[""Determine Product/Services Prices""]
7 --> 8[""Determine Financial Plan Budget""]
8 --> 9[""Generate Marketing Strategies""]
9 --> 10[""Create Market Development""]
10 --> 11[""Create Promotional Techniques""]
11 --> 12[""Create Monitoring Techniques""]
12 --> 13[""EndNode""]
```"
95,"The description contains the following activities and decisions:
Activities:
0. Identify demand
1. Choose supplier
2. Check if company is ours
3. Place order
Decisions:
0. Is company ours?

The process specifies that activities 0 and 1 happen first, followed by decision 0. If decision 0 is no, then the process ends. If decision 0 is yes, then activity 3 happens and the process ends. Then, decision 0 is made again. If decision 0 is no, then the process ends. If decision 0 is yes, then activity 3 happens and the process ends. Thus, the final activity diagram should look like the following:
```mermaid
graph LR
0[""StartNode""] --> 1[""Identify demand""]
1 --> 2[""Choose supplier""]
2 --> 3{""Is company ours?""}
3 --> |""No""|4[""EndNode""]
3 --> |""Yes""|5[""Place order""]
5 --> 6{""Is company ours?""}
6 --> |""No""|4
6 --> |""Yes""|5
```"
96,"The description contains the following activities and decisions:
Activities:
0. Customer encounters a problem
1. Ask questions
2. Answer questions
3. Provide solution
4. Allocate to first level support
5. Provide feedback to account manager
6. Allocate to first developer
7. Provide feedback to first level support
8. Provide solution
9. Provide feedback to account manager
Decisions:
0. Account manager can handle the issue
1. First level support can handle the issue

The process specifies that activities 0, 1, 2 happens in sequence. Then decision 0 is made. If decision 0 is yes, then activity 3 happens and then the process ends. If decision 0 is no, then activity 4 happens. Then decision 1 is made. If decision 1 is yes, then activity 5 happens, followed by activity 8 and then the process ends. If decision 1 is no, then activity 6 happens, followed by activity 7 and then activity 9. Thus, the final activity diagram should look like the following:
```mermaid
graph LR
0[""StartNode""] --> 1[""Customer encounters a problem""]
1 --> 2[""Ask questions""]
2 --> 3[""Answer questions""]
3 --> 4{""Account manager can handle the issue""}
4 --> |""Yes""|5[""Provide solution""]
4 --> |""No""|6[""Allocate to first level support""]
5 --> 7[""EndNode""]
6 --> 8{""First level support can handle the issue""}
8 --> |""Yes""|9[""Provide feedback to account manager""]
8 --> |""No""|10[""Allocate to first developer""]
9 --> 11[""Provide solution""]
11 --> 12[""Provide feedback to account manager""]
10 --> 13[""Provide feedback to first level support""]
13 --> 12
```"
97,"The description contains the following activities and decisions:
Activities:
0. Add/Drop a class
1. Check ESIS system availability
2. Complete online transaction
3. Request add/drop form
4. Receive add/drop form
5. Send form to instructor
6. Receive form back from instructor
7. Send form to advisor
8. Receive form back from advisor
9. Send form to registrar's office
10. Process transaction
Decisions:
0. ESIS system allows add/drop

The process specifies that activity 1 happens first, followed by decision 0. If decision 0 is yes, then activity 2 happens. If decision 0 is no, then activity 3 happens. Then activities 4, 5, 6, 7, 8, 9, 10 happen in sequence. Thus, the final activity diagram should look like the following:
```mermaid
graph LR
0[""StartNode""] --> 1[""Check ESIS system availability""]
1 --> 2{""ESIS system allows add/drop""}
2 --> |""Yes""|3[""Complete online transaction""]
2 --> |""No""|4[""Request add/drop form""]
3 --> 5[""Add/Drop a class""]
4 --> 5
5 --> 6[""Receive add/drop form""]
6 --> 7[""Send form to instructor""]
7 --> 8[""Receive form back from instructor""]
8 --> 9[""Send form to advisor""]
9 --> 10[""Receive form back from advisor""]
10 --> 11[""Send form to registrar's office""]
11 --> 12[""Process transaction""]
12 --> 13[""EndNode""]
```"
98,"The description contains the following activities and decisions:
Activities:
0. Verify contents
1. Perform quality inspection
2. Check materials
3. Store materials
4. Send materials back to supplier
Decisions:
0. Materials okay?

The process specifies that activities 0 and 1 happen first, followed by decision 0. If decision 0 is yes, then activity 3 happens. If decision 0 is no, then activity 4 happens. Thus, the final activity diagram should look like the following:
```mermaid
graph LR
0[""StartNode""] --> 1[""Verify contents""]
1 --> 2[""Perform quality inspection""]
2 --> 3{""Materials okay?""}
3 --> |""Yes""|4[""Store materials""]
3 --> |""No""|5[""Send materials back to supplier""]
4 --> 6[""EndNode""]
5 --> 6
```"
99,"The description describes the following activities without decisions:
0. Conduct a patient interview
1. File the results from the interviews and expertise
2. Contact an expert for a review of the doctor
3. Create a report

Activities 0, 1, and 2 happen at the same time, followed by activity 3. Thus, the final activity diagram should look like the following:
```mermaid
graph LR
0[""StartNode""] --> 1[""Conduct a patient interview""]
0 --> 2[""File the results from the interviews and expertise""]
0 --> 3[""Contact an expert for a review of the doctor""]
1 --> 4[""Create a report""]
2 --> 4
3 --> 4
4 --> 5[""EndNode""]
```"
100,"The description contains the following activities and decisions:
Activities:
0. Send main document
1. Send Supplement A
2. Send Supplement B
Decisions:
0. Should Supplement A be sent?
1. Should Supplement B be sent?

The process specifies that activity 0 happens first. Then decision 0 is made. If decision 0 is yes, then activity 1 happens, followed by decision 0 again. If decision 0 is no, then the process ends. Then decision 1 is made. If decision 1 is yes, then activity 2 happens, followed by decision 1 again. If decision 1 is no, then the process ends. Finally, activity 2 happens and the process ends. Thus, the final activity diagram should look like the following:
```mermaid
graph LR
0[""StartNode""] --> 1[""Send main document""]
1 --> 2{""Should Supplement A be sent?""}
2 --> |""Yes""|3[""Send Supplement A""]
2 --> |""No""|4[""EndNode""]
3 --> 2
4 --> 5{""Should Supplement B be sent?""}
5 --> |""Yes""|6[""Send Supplement B""]
5 --> |""No""|4
6 --> 7[""EndNode""]
```"
101,"The description contains the following activities and decisions:
Activities:
0. Select Meetings p1
1. Send Consolidated Referee Forms
2. Send Round 2 Evaluation Form
3. Follow up with evaluation sheet
4. Consolidate evaluations
5. Answer panel member questions
6. Log questions in FAQ
The process specifies that activities 0 and 1 happen in sequence. Then activity 2 happens. After that, activity 3 happens. Then activity 4 happens. While activities 3 and 4 happen, activity 5 and 6 happen at the same time. Thus, the final activity diagram should look like the following:
```mermaid
graph LR
0[""StartNode""] --> 1[""Select Meetings p1""]
1 --> 2[""Send Consolidated Referee Forms""]
2 --> 3[""Send Round 2 Evaluation Form""]
3 --> 4[""Follow up with evaluation sheet""]
4 --> 5[""Consolidate evaluations""]
5 --> 6[""Answer panel member questions""]
5 --> 7[""Log questions in FAQ""]
6 --> 7
7 --> 8[""EndNode""]
```"
102,"The description contains the following activities and decisions:
Activities:
0. Check for low inventory
1. Create purchase requisition
2. Submit purchase order
3. Send order materials
4. Inspect materials
5. Prepare goods receipt document
6. Communicate problems
7. Prepare and send invoice
8. Verify document
9. Send payment
Decisions:
0. Materials received okay?

The process specifies that activities 0, 1, 2, 3 happens in sequence. Then activity 4 happens, followed by decision 0. If decision 0 is yes, then activity 5 happens. If decision 0 is no, then activity 6 happens. Then activity 3 happens again. After that, activities 7, 8, 9 happens in sequence. Thus, the final activity diagram should look like the following:
```mermaid
graph LR
0[""StartNode""] --> 1[""Check for low inventory""]
1 --> 2[""Create purchase requisition""]
2 --> 3[""Submit purchase order""]
3 --> 4[""Send order materials""]
4 --> 5[""Inspect materials""]
5 --> 6{""Materials received okay?""}
6 --> |""Yes""|7[""Prepare goods receipt document""]
6 --> |""No""|8[""Communicate problems""]
7 --> 9[""Prepare and send invoice""]
9 --> 10[""Verify document""]
10 --> 11[""Send payment""]
11 --> 12[""EndNode""]
8 --> 3
```"
103,"The description contains the following activities and decisions:
Activities:
0. Discovering
1. Gathering
2. Exploiting
3. Mending
4. Adjusting
Decisions:
0. Vulnerability found?

The process specifies that activities 0 and 1 happen in sequence. Then decision 0 is made. If decision 0 is yes, then activity 2 happens, followed by activity 3, 4, and then activity 0. If decision 0 is no, then the process ends. Thus, the final activity diagram should look like the following:
```mermaid
graph LR
0[""StartNode""] --> 1[""Discovering""]
1 --> 2[""Gathering""]
2 --> 3{""Vulnerability found?""}
3 --> |""Yes""|4[""Exploiting""]
3 --> |""No""|5[""EndNode""]
4 --> 6[""Mending""]
6 --> 7[""Adjusting""]
7 --> 0
```"
104,"The description contains the following activities and decisions:
Activities:
0. Continue the process
1. Empty Data Entry Staff Inbox
2. Invoice Received
3. Open and categorize the invoices
4. Send invoice(s) to Admin Officer(s)
5. Send invoice(s) to Admin Officer(s)
6. Continue the process

The description specifies that activities 0 and 0 happen at the same time, followed by activity 1. Then activity 2 happens, which requires accessing the data object ""Invoice"". After that, activity 3 happens, which generates the data object ""Invoice"". Then activity 4 happens, which requires accessing the data object ""Invoice"". After that, activity 5 happens, which generates the data object ""Invoice"". Finally, activity 6 happens, and the process ends. Thus, the final activity diagram should look like the following:
```mermaid
graph LR
0[""StartNode""] --> 1[""Continue the process""]
0 --> 2[""Continue the process""]
1 --> 3[""Empty Data Entry Staff Inbox""]
2 --> 4[""Invoice Received""]
4 --> 5[""Open and categorize the invoices""]
5 --> 6[""Send invoice(s) to Admin Officer(s)""]
6 --> 7[""Send invoice(s) to Admin Officer(s)""]
7 --> 8[""Continue the process""]
```"
105,"The description contains the following activities and decisions:
Activities:
0. Master Production Scheduling
1. MRP run
2. Capacity plan review and adjustment
3. Production plan review
4. Local supply planning
5. PIM plan review
6. Detailed production scheduling
Decisions:
None

The process specifies that activity 0 happens first, followed by activity 1. Activity 0 produces data object ""TG purchasing needs"" and ""Production needs"". Activity 1 produces data object ""PIM needs"" and requires access to ""Production needs"". Activity 2, 3, 4 happens at the same time, activity 4 requires access to ""TG purchasing needs"" and ""PIM needs"". Activity 5 requires access to ""PIM needs"". Activity 6 happens last and produces ""Production orders"". Thus, the final activity diagram should look like the following:
```mermaid
graph LR
0[""StartNode""] --> 1[""Master Production Scheduling""]
1 --> 2[""MRP run""]
2 --> 3[""Capacity plan review and adjustment""]
2 --> 4[""Production plan review""]
2 --> 5[""Local supply planning""]
5 --> 6[""PIM plan review""]
1 --> 7[""Detailed production scheduling""]
3 --> 7
4 --> 7
5 --> 7
6 --> 7
7 --> 8[""EndNode""]
```"
106,"The description contains the following activities and decisions:
Activities:
0. Indicate computer is not working
1. Bring computer in for repair
2. Describe problem
3. Estimate is not satisfactory
4. Take computer home
5. Authorize repair
6. Pick up computer
7. Make payment
Decisions:
0. Estimate satisfactory?

The process specifies that activities 0 and 1 happen in sequence. Then decision 0 is made. If decision 0 is no, then activity 4 happens and the process ends. If decision 0 is yes, then activities 2, 3 happens. If decision 3 is no, then activity 4 happens and the process ends. If decision 3 is yes, then activities 5, 6, 7 happens in sequence. Thus, the final activity diagram should look like the following:
```mermaid
graph LR
0[""StartNode""] --> 1[""Indicate computer is not working""]
1 --> 2[""Bring computer in for repair""]
2 --> 3[""Describe problem""]
3 --> 4{""Estimate satisfactory?""}
4 --> |""No""|5[""Take computer home""]
4 --> |""Yes""|6[""Authorize repair""]
6 --> 7[""Pick up computer""]
7 --> 8[""Make payment""]
8 --> 9[""Access Invoice""]
8 --> 10[""Access Report Problems and Solutions""]
9 --> 10
8 --> 11[""EndNode""]
```"
107,"The description contains the following activities and decisions:
Activities:
0. Conduct a property title search
1. Check the credit history
2. Property survey
3. Make an offer
Decisions:
0. Make an offer?

The process specifies that activities 0 and 1 happen at the same time, followed by activity 2. Then decision 0 is made. If decision 0 is yes, then activity 3 happens and the process ends. If decision 0 is no, then the process ends. Thus, the final activity diagram should look like the following:
```mermaid
graph LR
0[""StartNode""] --> 1[""Conduct a property title search""]
1 --> 2[""Check the credit history""]
1 --> 3[""Property survey""]
2 --> 4{""Make an offer?""}
4 --> |""Yes""|5[""Make an offer""]
4 --> |""No""|6[""EndNode""]
5 --> 6
```"
108,"The description contains the following activities and decisions:
Activities:
0. Check if invoice has arrived
1. Verify invoice completeness
2. Scan invoice into computer
3. Make payment
4. Store records electronically
Decisions:
0. Invoice has arrived?

The process specifies that activity 0 happens first, followed by activity 1. Then activity 2, 3, 4 happen at the same time. Thus, the final activity diagram should look like the following:
```mermaid
graph LR
0[""StartNode""] --> 1{""Invoice has arrived?""}
1 --> |""Yes""|2[""Verify invoice completeness""]
1 --> |""No""|3[""EndNode""]
2 --> 4[""Scan invoice into computer""]
2 --> 5[""Make payment""]
2 --> 6[""Store records electronically""]
4 --> 5
5 --> 6
6 --> 7[""EndNode""]
```"
109,"The description contains the following activities and decisions:
Activities:
0. Create Supplier master data
1. Prepare supplier master data for target system
2. Distribute to target system
3. Notify requestor and stewards
4. Deploy supplier master data to target system
5. Notify Business Data Steward(s) and Supplier Data Requestor
Decisions:
None

The process specifies that activity 0 happens first, followed by activity 1. Activity 1 involves accessing the data objects ""Derivation rules for transfer,"" ""Supplier master data,"" and ""Business context"" and produces the data object ""Supplier master data to transfer (derived)."" Then activity 2 happens, which requires accessing the data objects ""Supplier master data to transfer (derived),"" ""Target system,"" and ""Supplier master data."" After that, activity 3 and 4 happen in sequence. Finally, activity 5 happens. Thus, the final activity diagram should look like the following:
```mermaid
graph LR
0[""StartNode""] --> 1[""Create Supplier master data""]
1 --> 2[""Prepare supplier master data for target system""]
2 --> 3[""Distribute to target system""]
3 --> 4[""Notify requestor and stewards""]
4 --> 5[""Deploy supplier master data to target system""]
5 --> 6[""Notify Business Data Steward(s) and Supplier Data Requestor""]
```"
110,"The description contains the following activities and decisions:
Activities:
0. Weekly
1. Pay invoices
2. Generate payment report
3. Send payment report to Accounts Receivable Department
4. Send payment report to registry
5. Generate monthly invoices
6. Send out invoices
7. Client charged

The process specifies that activity 0 happens first, followed by activity 1, 2, 3, 4, 5, 6 happens in sequence. After activity 6, activity 7 happens. Thus, the final activity diagram should look like the following:
```mermaid
graph LR
0[""StartNode""] --> 1[""Weekly""]
1 --> 2[""Pay invoices""]
2 --> 3[""Generate payment report""]
3 --> 4[""Send payment report to Accounts Receivable Department""]
4 --> 5[""Send payment report to registry""]
5 --> 6[""Generate monthly invoices""]
6 --> 7[""Send out invoices""]
7 --> 8[""Client charged""]
8 --> 9[""EndNode""]
```"
111,"The description describes the following activities without decisions:
0. TASK1
1. TASK2
2. TASK3
3. TASK4
4. TASK5

Activity 0 happens first, followed by activity 1. Then, activities 2, 3, and 4 happen at the same time. Finally, activity 5 happens. Thus, the final activity diagram should look like the following:
```mermaid
graph LR
0[""StartNode""] --> 1[""TASK1""]
1 --> 2[""TASK2""]
2 --> 3[""TASK3""]
2 --> 4[""TASK4""]
3 --> 5[""TASK5""]
4 --> 5
5 --> 6[""EndNode""]
```"
112,"The description contains the following activities and decisions:
Activities:
0. Initiate imgShare Process
1. Apply filter to image
2. Login to Flickr account
3. Upload image to Flickr
4. Post image on Twitter
5. Tweet about it
6. Login to Twitter account
7. Compose tweet
Decisions:
0. Tweet about it?

The process specifies that activities 0, 1, 2, 3 happens in sequence. Then, decision 0 is made. If decision 0 is no, then the process ends. If decision 0 is yes, then activity 6 happens, followed by decision 0 again. If decision 0 is no, then the process ends. If decision 0 is yes, then activity 7 happens and the process ends. Thus, the final activity diagram should look like the following:
```mermaid
graph LR
0[""StartNode""] --> 1[""Initiate imgShare Process""]
1 --> 2[""Apply filter to image""]
2 --> 3[""Login to Flickr account""]
3 --> 4[""Upload image to Flickr""]
4 --> 5[""Post image on Twitter""]
5 --> 6{""Tweet about it?""}
6 --> |""No""|7[""EndNode""]
6 --> |""Yes""|8[""Login to Twitter account""]
8 --> 6
8 --> 9[""Compose tweet""]
9 --> 7
```"
113,"The description describes the following activities without decisions:
0. Self Evaluation
1. PM Evaluation
2. HR Evaluation
3. End process

Activities 0, 1, and 2 happen at the same time. Thus, the final activity diagram should look like the following:
```mermaid
graph LR
0[""StartNode""] --> 1[""Self Evaluation""]
1 --> 2[""PM Evaluation""]
1 --> 3[""HR Evaluation""]
2 --> 4[""End process""]
3 --> 4
```"
114,"The description describes the following activities without decisions:
0. Delay for 48 hours
1. Monitor issue votes
2. Send email warning
3. Delay for 24 hours
4. Close voting
5. Moderate voting discussion

Activity 0 and 1 happen at the same time, followed by activity 2. Then activity 3 happens, followed by activity 4 and 5. Thus, the final activity diagram should look like the following:
```mermaid
graph LR
0[""StartNode""] --> 1[""Delay for 48 hours""]
0 --> 2[""Monitor issue votes""]
1 --> 3[""Send email warning""]
3 --> 4[""Delay for 24 hours""]
4 --> 5[""Close voting""]
4 --> 6[""Moderate voting discussion""]
6 --> 7[""EndNode""]
```"
115,"The description contains the following activities and decisions:
Activities:
0. Verify contents
1. Perform quality inspection
2. Check material
3. Store materials
4. Report issue
5. Store materials in correct location
Decisions:
0. Material okay?

The process specifies that activities 0 and 1 happen first, followed by decision 0. If decision 0 is yes, then activity 3 happens. If decision 0 is no, then activity 4 happens and the process ends. Activity 3 happens in a loop for each batch of materials. Thus, the final activity diagram should look like the following:
```mermaid
graph LR
0[""StartNode""] --> 1[""Verify contents""]
1 --> 2[""Perform quality inspection""]
2 --> 3{""Material okay?""}
3 --> |""Yes""|4[""Store materials""]
3 --> |""No""|5[""Report issue""]
4 --> 6[""Store materials in correct location""]
6 --> 7[""EndNode""]
```"
116,"The description contains the following activities and decisions:
Activities:
0. Verify RFQ
1. Ask for more information
2. Provide clarification
3. Analyze RFQ
4. Provide L&M cost estimates
5. Add overhead costs
6. Generate pricing options
7. Generate sales quote
Decisions:
0. RFQ verified?

The process specifies that activity 0 happens first, followed by decision 0. If decision 0 is no, then activity 1 happens, followed by activity 2, then activity 3, 4, and 5 happen in sequence. If decision 0 is yes, then activities 3, 4, 5, 6, 7 happen in sequence. Thus, the final activity diagram should look like the following:
```mermaid
graph LR
0[""StartNode""] --> 1[""Verify RFQ""]
1 --> 2{""RFQ verified?""}
2 --> |""No""|3[""Ask for more information""]
3 --> 4[""Provide clarification""]
4 --> 5[""Analyze RFQ""]
5 --> 6[""Provide L&M cost estimates""]
6 --> 7[""Add overhead costs""]
7 --> 8[""Generate pricing options""]
8 --> 9[""Generate sales quote""]
2 --> |""Yes""|5
9 --> 10[""EndNode""]
```"
117,"The description contains the following activities and decisions:
Activities:
0. Check raw material availability
1. Check raw material in production line
2. Create alarm for raw material shortage
3. Request transfer of raw material
4. Allocate raw material to production line
5. End process

Decisions:
0. Are the raw materials available?
1. Is the raw material already in the production line?

The process specifies that activity 0 happens first, followed by decision 0. If decision 0 is yes, then activity 1 happens. If decision 0 is no, then activity 2 happens and the process ends. If activity 1 is yes, then the process repeats from activity 0. If activity 1 is no, then activity 3 happens. If activity 3 happens, then activity 4 happens and the process ends. If activity 4 happens, then the process ends. Thus, the final activity diagram should look like the following:
```mermaid
graph LR
0[""StartNode""] --> 1[""Check raw material availability""]
1 --> 2{""Are the raw materials available?""}
2 --> |""Yes""|3[""Check raw material in production line""]
2 --> |""No""|4[""Create alarm for raw material shortage""]
3 --> 1
4 --> 5[""End process""]
3 --> |""No""|6[""Request transfer of raw material""]
6 --> 7[""Allocate raw material to production line""]
7 --> 5
```"
118,"The description describes the following activities without decisions:
0. Go to the supermarket
1. Select chocolate
2. Pick out a bunch of flowers
3. Proceed to the cash desk
4. Make the payment

Activity 0 happens first, followed by activities 1 and 2 happen at the same time. Afterwards, activity 3 and 4 happen. Thus, the final activity diagram should look like the following:
```mermaid
graph LR
0[""StartNode""] --> 1[""Go to the supermarket""]
1 --> 2[""Select chocolate""]
1 --> 3[""Pick out a bunch of flowers""]
2 --> 4[""Proceed to the cash desk""]
3 --> 4
4 --> 5[""Make the payment""]
5 --> 6[""EndNode""]
```"
119,"The description contains the following activities and decisions:
Activities:
0. Receive request for funds
1. Write check
2. Document check as payable
3. Check if seller accepts check
4. Cash check
5. Pay vendor
6. Cashing check
Decisions:
0. Seller accepts check?

The process specifies that activities 0 and 1 happen in sequence, followed by activity 2. Then, decision 0 is made. If decision 0 is no, then activity 4 happens, followed by activity 5. If decision 0 is yes, then activity 5 happens. However, decision 0 is made again, and if it is no, then activity 4 happens, followed by activity 5. If decision 0 is yes, then activity 5 happens. Thus, the final activity diagram should look like the following:
```mermaid
graph LR
0[""StartNode""] --> 1[""Receive request for funds""]
1 --> 2[""Write check""]
2 --> 3[""Document check as payable""]
3 --> 4{""Seller accepts check?""}
4 --> |""No""|5[""Cash check""]
4 --> |""Yes""|6[""Pay vendor""]
6 --> 7{""Seller accepts check?""}
7 --> |""No""|5
7 --> |""Yes""|6
5 --> 6
6 --> 8[""EndNode""]
```"
120,"The description contains the following activities and decisions:
Activities:
0. Verify RFQ
1. Ask for more information
2. Analyze RFQ
3. Provide L&M Cost Estimates
4. Add overhead costs
5. Generate pricing options
6. Provide clarification
7. Generate sales quote
Decisions:
0. RFQ verified?

The process specifies that activity 0 happens first. If decision 0 is no, then activity 1 happens. If decision 0 is yes, then activity 2 happens. If activity 2 is not done, then activity 1 happens. If activity 2 is done, then activity 3 happens. If activity 3 is not done, then activity 1 happens. If activity 3 is done, then activity 6 happens. If activity 6 is not done, then activity 1 happens. If activity 6 is done, then activity 4 happens. If activity 4 is not done, then activity 1 happens. If activity 4 is done, then activity 5 happens. If activity 5 is not done, then activity 1 happens. If activity 5 is done, then activity 7 happens. Thus, the final activity diagram should look like the following:
```mermaid
graph LR
0[""StartNode""] --> 1[""Verify RFQ""]
1 --> |""No""|2[""Ask for more information""]
1 --> |""Yes""|3[""Analyze RFQ""]
3 --> 4[""Provide L&M Cost Estimates""]
4 --> 5[""Add overhead costs""]
5 --> 6[""Generate pricing options""]
6 --> 7[""Generate sales quote""]
2 --> 1
4 --> 1
6 --> 1
5 --> 1
7 --> 8[""EndNode""]
```"
121,"The description contains the following activities and decisions:
Activities:
0. Incident Identification
1. Incident Lodgement
2. Incident Categorisation
3. Incident Prioritisation
4. Initial Diagnosis
5. Escalation
6. Investigation & Diagnosis
7. Incident Recovery
Decisions:
0. Resolution identified?

The process specifies that activities 0, 1 happen in sequence, followed by activities 2 and 3 happen at the same time. Then activity 4 happens, followed by activity 5. Activity 5 leads to activity 6. Decision 0 is made twice. If decision 0 is no, then activity 5 happens again. If decision 0 is yes, then activity 7 happens. Thus, the final activity diagram should look like the following:
```mermaid
graph LR
0[""StartNode""] --> 1[""Incident Identification""]
1 --> 2[""Incident Lodgement""]
2 --> 3[""Incident Categorisation""]
2 --> 4[""Incident Prioritisation""]
3 --> 5[""Initial Diagnosis""]
5 --> 6[""Escalation""]
6 --> 7[""Investigation & Diagnosis""]
7 --> 8{""Resolution identified?""}
8 --> |""No""|9[""Escalation""]
8 --> |""Yes""|10[""Incident Recovery""]
9 --> 6
10 --> 11[""Incident Recovery""]
11 --> 12[""EndNode""]
```"
122,"The description describes the following activities without decisions:
0. Log in
1. Enter Apple ID
2. Enter password
3. User account logged in

Activity 0 happens first, followed by activities 1 and 2 happen at the same time. After that, activity 3 happens. Thus, the final activity diagram should look like the following:
```mermaid
graph LR
0[""StartNode""] --> 1[""Log in""]
1 --> 2[""Enter Apple ID""]
1 --> 3[""Enter password""]
2 --> 4[""User account logged in""]
3 --> 4
4 --> 5[""EndNode""]
```"
123,"The description contains the following activities and decisions:
Activities:
0. Verify contents
1. Perform quality inspection
2. Check material
3. Store material
4. Repeat material check and storage
Decisions:
0. Material okay?

The process specifies that activities 0 and 1 happen in sequence. Then decision 0 is made. If decision 0 is yes, then activity 3 happens. If decision 0 is no, then the process ends. If decision 0 is yes, then activity 4 happens in a loop until all materials are stored correctly. Thus, the final activity diagram should look like the following:
```mermaid
graph LR
0[""StartNode""] --> 1[""Verify contents""]
1 --> 2[""Perform quality inspection""]
2 --> 3{""Material okay?""}
3 --> |""Yes""|4[""Store material""]
3 --> |""No""|5[""EndNode""]
4 --> 6[""Repeat material check and storage""]
6 --> 2
```"
124,"The description contains the following activities and no decisions:
Activities:
0. Check customer's credit history
1. Conduct property survey
2. Search property title

The process specifies that activities 0 and 1 happen at the same time, followed by activity 2. The activity 0 involves accessing the data object ""Credit History File"", and activity 1 involves accessing the data object ""Survey Document"". Thus, the final activity diagram should look like the following:
```mermaid
graph LR
0[""StartNode""] --> 1[""Check customer's credit history""]
0 --> 2[""Conduct property survey""]
1 --> 3[""Search property title""]
2 --> 3
3 --> 4[""EndNode""]
```"
125,"The description contains the following activities and decisions:
Activities:
0. New participant initiated
1. Check participant age
2. Fill in medical certificate
3. Sign medical certificate
4. Pass required documents
5. Fill in documents
6. Sign documents
7. Check documents completeness
8. Fix documents issues
9. Sign non-infectivity confirmation
10. Proceed with departure
11. Check documents completeness after departure
12. Take child's non-infectivity confirmation
Decisions:
0. Participant aged 18 or above?

The process specifies that activities 0 and 1 happen first. If decision 0 is yes, then activities 2, 3 happens. If decision 0 is no, then activity 4 happens. Then activities 5, 6, 7 happens in sequence. If activity 7 is not okay, then activity 8 happens. Then activity 9 happens. After that, activity 10 happens. If activity 10 is not okay, then activity 8 happens. Then activity 9 happens. After that, activity 11 happens. If activity 11 is not okay, then activity 8 happens. Then activity 12 happens and the process ends. If activity 11 is okay, then activity 12 happens and the process ends. Thus, the final activity diagram should look like the following:
```mermaid
graph LR
0[""StartNode""] --> 1[""New participant initiated""]
1 --> 2{""Participant aged 18 or above?""}
2 --> |""Yes""|3[""Fill in medical certificate""]
2 --> |""No""|4[""Pass required documents""]
3 --> 5[""Sign medical certificate""]
4 --> 5
5 --> 6[""Fill in documents""]
6 --> 7[""Sign documents""]
7 --> 8[""Check documents completeness""]
8 --> |""Not okay""|9[""Fix documents issues""]
9 --> 10[""Sign non-infectivity confirmation""]
10 --> 11[""Proceed with departure""]
11 --> |""Not okay""|12[""Fix documents issues""]
12 --> 13[""Sign non-infectivity confirmation""]
13 --> 14[""Check documents completeness after departure""]
14 --> |""Not okay""|15[""Fix documents issues""]
15 --> 16[""Take child's non-infectivity confirmation""]
16 --> 17[""EndNode""]
14 --> |""Okay""|16
```"
126,"The description contains the following activities and decisions:
Activities:
0. Verify contents
1. Perform quality inspection
2. Check material
3. Store materials
4. Material not okay
5. Material okay
6. End process

The process specifies that activity 0 happens first, followed by activity 1. During activity 1, decision 2 is made. If decision 2 is yes, then activity 3 happens. If decision 2 is no, then activity 4 happens and the process ends. If decision 2 is yes, then decision 5 is made. If decision 5 is yes, then activity 3 happens and the process ends. Thus, the final activity diagram should look like the following:
```mermaid
graph LR
0[""StartNode""] --> 1[""Verify contents""]
1 --> 2[""Perform quality inspection""]
2 --> 3{""Check material""}
3 --> |""Yes""|4[""Material okay""]
3 --> |""No""|5[""Material not okay""]
4 --> 6[""Store materials""]
6 --> 7[""EndNode""]
5 --> 7
```"
127,"The description describes the following activities without decisions:
0. Receive order
1. Send invoice
2. Ship products
3. Receive payment

Activity 0 and 1, 2 happen at the same time. Afterwards, activity 3 happens. Thus, the final activity diagram should look like the following:
```mermaid
graph LR
0[""StartNode""] --> 1[""Receive order""]
1 --> 2[""Send invoice""]
1 --> 3[""Ship products""]
2 --> 4[""Receive payment""]
3 --> 4
4 --> 5[""EndNode""]
```"
128,"The description contains the following activities and decisions:
Activities:
0. Register participation
1. Check fees
2. Register seminar results
3. Create purchase request
4. Send approval notification
5. Notify rejection
Decisions:
0. Fees exist?
1. Purchase request approved?

The process specifies that activities 0 and 1 happen in sequence. If decision 0 is no, then activity 2 happens. If decision 0 is yes, then activity 3 happens. Then decision 1 is made. If decision 1 is no, then activity 5 happens and the process ends. If decision 1 is yes, then activity 4 happens. Then decision 1 is made again. If decision 1 is no, then activity 5 happens and the process ends. If decision 1 is yes, then activity 2 happens. Thus, the final activity diagram should look like the following:
```mermaid
graph LR
0[""StartNode""] --> 1[""Register participation""]
1 --> 2{""Fees exist?""}
2 --> |""No""|3[""Register seminar results""]
2 --> |""Yes""|4[""Create purchase request""]
4 --> 5{""Purchase request approved?""}
5 --> |""No""|6[""Notify rejection""]
5 --> |""Yes""|7[""Send approval notification""]
7 --> 3
6 --> 8[""EndNode""]
3 --> 8
```"
129,"The description contains the following activities and decisions:
Activities:
0. Receive message from nuclear plant
1. Activate crisis cell
2. Inform media that PUI has been activated
3. Establish safety perimeter
4. Develop circulation plan
5. Inform media and public regularly
6. Define safety perimeter
7. Request implementation of safety perimeter
8. Define circulation plan
9. Request implementation of circulation plan
10. Process concludes

The process starts with activity 0, followed by activity 1 happening at the same time as activities 2, 3, 4. After that, activities 5, 6, 7, 8, 9 happens in sequence. Finally, activity 10 happens. Thus, the final activity diagram should look like the following:
```mermaid
graph LR
0[""StartNode""] --> 1[""Receive message from nuclear plant""]
1 --> 2[""Activate crisis cell""]
1 --> 3[""Inform media that PUI has been activated""]
1 --> 4[""Establish safety perimeter""]
1 --> 5[""Develop circulation plan""]
3 --> 6[""Inform media and public regularly""]
4 --> 7[""Define safety perimeter""]
7 --> 8[""Request implementation of safety perimeter""]
5 --> 9[""Define circulation plan""]
9 --> 10[""Request implementation of circulation plan""]
6 --> 10
8 --> 10
10 --> 11[""EndNode""]
```"
130,"The description contains the following activities and decisions:
Activities:
0. Informal meeting
1. Check meeting success
2. Schedule another meeting
3. Web site design
4. Preparation of contents
5. Completion of initial draft
6. Web site development
7. Marketing review
8. Preparation of final version
9. Building phase
10. Review activity
11. Approval
Decisions:
0. Meeting successful?

The process specifies that activity 0 happens first, followed by decision 0. If decision 0 is yes, then activities 3, 4, 5, 6, 7, 8 happens in sequence. If decision 0 is no, then the process ends. If activity 8 is successful, then activity 9 happens, followed by activity 10, then activity 11. If activity 8 is not successful, then activity 9 happens, followed by activity 10, then activity 11. Thus, the final activity diagram should look like the following:
```mermaid
graph LR
0[""StartNode""] --> 1[""Informal meeting""]
1 --> 2{""Meeting successful?""}
2 --> |""Yes""|3[""Schedule another meeting""]
2 --> |""No""|4[""EndNode""]
3 --> 5[""Web site design""]
5 --> 6[""Preparation of contents""]
6 --> 7[""Completion of initial draft""]
7 --> 8[""Web site development""]
8 --> 9[""Marketing review""]
9 --> 10[""Preparation of final version""]
10 --> 11[""Building phase""]
11 --> 12[""Review activity""]
12 --> 13{""Approval""}
13 --> |""Yes""|14[""EndNode""]
13 --> |""No""|11
```"
131,"The description contains the following activities and decisions:
Activities:
0. Receive expense report
1. Wait 7 days
2. Check existing account
3. Create new account
4. Review account
5. Send approval in progress email
6. Automatic review
7. Check amounts under $200
8. Automatically approve expense
9. Review by supervisor
10. Check 28th day after request
11. Send email cancellation and notice to resubmit
12. Transfer reimbursement to employee's bank account
13. Send email rejection to employee
Decisions:
0. Existing account?
1. Amounts under $200?

The process specifies that activity 0 happens first, followed by activity 1. Then decision 0 is made. If decision 0 is no, then activity 3 and 2 happens in sequence, followed by activity 7 and 8 or 9. If decision 0 is yes, then activity 4 happens, followed by activity 5. Then activity 1 happens again. After that, decision 1 is made. If decision 1 is yes, then activity 8 happens, followed by activity 12. If decision 1 is no, then activity 9 happens, followed by decision 0 again. If decision 0 is no, then activity 3 and 2 happens in sequence, followed by activity 7 and 8 or 9. If decision 0 is yes, then activity 4 happens, followed by activity 5. Then activity 1 happens again. After that, decision 1 is made. If decision 1 is yes, then activity 8 happens, followed by activity 12. If decision 1 is no, then activity 9 happens, followed by decision 0 again. Then activity 10 is made. If decision 10 is no, then activity 11 happens. If decision 10 is yes, then activity 13 happens. If activity 8 happens, then activity 12 happens. If activity 11 happens, then the process ends. If activity 13 happens, then the process ends. Thus, the final activity diagram should look like the following:
```mermaid
graph LR
0[""StartNode""] --> 1[""Receive expense report""]
1 --> 2[""Wait 7 days""]
2 --> 3{""Existing account?""}
3 --> |""No""|4[""Create new account""]
3 --> |""Yes""|5[""Review account""]
5 --> 6[""Send approval in progress email""]
6 --> 2
2 --> 7{""Amounts under $200?""}
7 --> |""Yes""|8[""Automatically approve expense""]
7 --> |""No""|9[""Review by supervisor""]
9 --> 3
3 --> |""No""|10[""Create new account""]
10 --> 7
10 --> |""Yes""|11[""Automatic review""]
11 --> 7
7 --> |""Yes""|12[""Transfer reimbursement to employee's bank account""]
7 --> |""No""|13[""Send email rejection to employee""]
12 --> 14[""EndNode""]
13 --> 14
```"
132,"The description contains the following activities and decisions:
Activities:
0. Low Inventory
1. Create P.R.
2. Submit P.O.
3. Ship Material
4. Check Shipment
5. Send Payment
6. Communicate Shipment Problems
Decisions:
0. Shipment okay?

The process specifies that activity 0 happens first, followed by activity 1, 2, 3 happens in sequence. After activity 3, decision 0 is made. If decision 0 is yes, then activity 5 happens. If decision 0 is no, then activity 6 happens. After activity 6, decision 0 is made again. If decision 0 is yes, then activity 5 happens. If decision 0 is no, then activity 6 happens. Thus, the final activity diagram should look like the following:
```mermaid
graph LR
0[""StartNode""] --> 1[""Low Inventory""]
1 --> 2[""Create P.R.""]
2 --> 3[""Submit P.O.""]
3 --> 4[""Ship Material""]
4 --> 5{""Shipment okay?""}
5 --> |""Yes""|6[""Send Payment""]
5 --> |""No""|7[""Communicate Shipment Problems""]
7 --> 4
4 --> 5
6 --> 8[""EndNode""]
```"
133,"The description describes the following activities without decisions:
0. Feel hungry
1. Go shopping
2. Take salad
3. Take wine
4. Take sausages
5. Pay for products
6. Have enough to eat

Activity 0 happens first, followed by activity 1 and activities 2, 3, 4 happen at the same time. Afterwards, activity 5 happens, followed by activity 6. Thus, the final activity diagram should look like the following:
```mermaid
graph LR
0[""StartNode""] --> 1[""Feel hungry""]
1 --> 2[""Go shopping""]
2 --> 3[""Take salad""]
2 --> 4[""Take wine""]
2 --> 5[""Take sausages""]
5 --> 6[""Pay for products""]
6 --> 7[""Have enough to eat""]
7 --> 8[""EndNode""]
```"
134,"The description contains the following activities and no decisions:
Activities:
0. Choose a protein family
1. Retrieve sequences for animals
2. Gene annotation
3. PHOG 1.0
4. BLAST p in both directions using the local database
5. Consensus reached

The process specifies that activity 0 happens first, followed by activity 1 and activities 2, 3, 4 happen at the same time. Finally, activity 5 happens. Thus, the final activity diagram should look like the following:
```mermaid
graph LR
0[""StartNode""] --> 1[""Choose a protein family""]
1 --> 2[""Retrieve sequences for animals""]
1 --> 3[""Gene annotation""]
1 --> 4[""PHOG 1.0""]
1 --> 5[""BLAST p in both directions using the local database""]
2 --> 6[""Consensus reached""]
3 --> 6
4 --> 6
5 --> 6
6 --> 7[""EndNode""]
```"
135,"The description contains the following activities and decisions:
Activities:
0. Accept the offer
1. Send the offer for signing
2. Receive the signed offer
3. Scan the signed offer
4. Register the acceptance of the contract
5. Send the billing information
6. Send the pincode information
7. Receive the pincode information
Decisions:
0. None

The process specifies that activities 0, 1, 2, 3, 4, 5, 6 happen in sequence. After activity 6, activity 7 happens, and then the process ends. Thus, the final activity diagram should look like the following:
```mermaid
graph LR
0[""StartNode""] --> 1[""Accept the offer""]
1 --> 2[""Send the offer for signing""]
2 --> 3[""Receive the signed offer""]
3 --> 4[""Scan the signed offer""]
4 --> 5[""Register the acceptance of the contract""]
5 --> 6[""Send the billing information""]
6 --> 7[""Send the pincode information""]
7 --> 8[""Receive the pincode information""]
8 --> 9[""EndNode""]
```"
136,"The description contains the following activities and decisions:
Activities:
0. Feel hungry
1. Choose a restaurant
2. Enter the restaurant
3. Get the menu
4. Order a salad
5. Order a glass of wine
6. Eat the salad
7. Drink the wine
8. Ask for the bill
9. Receive the bill
10. Pay the bill
11. Leave the restaurant
12. Hunger satisfied

The process specifies that activities 0, 1, 2 happen in sequence, followed by activity 3. Then activities 4 and 5 happen at the same time. After that, activities 6 and 7 happen at the same time. Then activities 8, 9, 10, 11 happen in sequence. Finally, activity 12 happens. Thus, the final activity diagram should look like the following:
```mermaid
graph LR
0[""StartNode""] --> 1[""Feel hungry""]
1 --> 2[""Choose a restaurant""]
2 --> 3[""Enter the restaurant""]
3 --> 4[""Get the menu""]
4 --> 5[""Order a salad""]
4 --> 6[""Order a glass of wine""]
5 --> 7[""Eat the salad""]
6 --> 7
7 --> 8[""Ask for the bill""]
8 --> 9[""Receive the bill""]
9 --> 10[""Pay the bill""]
10 --> 11[""Leave the restaurant""]
11 --> 12[""Hunger satisfied""]
12 --> 13[""EndNode""]
```"
137,"The description describes the following activities without decisions:
0. Manually trigger the START command
1. Check inventory levels
2. Send a late notice
3. Prepare materials for shipment
4. Send out the shipment
5. Notify accounts receivable
6. Send delivery notice

Activity 0 happens first, followed by activity 1 and 3 happen at the same time. After activity 3, activity 4 happens. After activity 2, activity 5 happens. After activity 4, activity 6 happens. Thus, the final activity diagram should look like the following:
```mermaid
graph LR
0[""StartNode""] --> 1[""Manually trigger the START command""]
1 --> 2[""Check inventory levels""]
1 --> 3[""Send a late notice""]
3 --> 4[""Notify accounts receivable""]
2 --> 3
3 --> 5[""Prepare materials for shipment""]
5 --> 6[""Send out the shipment""]
6 --> 7[""Send delivery notice""]
```"
138,"The description contains the following activities and decisions:
Activities:
0. Enter expenses
1. Generate spreadsheet
2. Approve request
3. Disapprove request
4. Pay out expenses
Decisions:
0. Request approved?

The process starts with activity 0, followed by activity 1. Then decision 0 is made. If decision 0 is no, then activity 3 happens and then the process goes back to activity 0. If decision 0 is yes, then activity 4 happens. After that, decision 0 is made again. If decision 0 is no, then activity 3 happens and then the process goes back to activity 0. If decision 0 is yes, then activity 4 happens directly and the process ends. Thus, the final activity diagram should look like the following:
```mermaid
graph LR
0[""StartNode""] --> 1[""Enter expenses""]
1 --> 2[""Generate spreadsheet""]
2 --> 3{""Request approved?""}
3 --> |""No""|4[""Disapprove request""]
4 --> 1
3 --> |""Yes""|5[""Pay out expenses""]
5 --> 6{""Request approved?""}
6 --> |""No""|4
6 --> |""Yes""|7[""EndNode""]
```"
139,"The description contains the following activities and decisions:
Activities:
0. Sequence position
1. Sequence neighborhood
2. Distance from membrane
3. ANOVA analysis
Decisions:
0. Greater variance between clusters than within them?

The process specifies that activities 0, 1, 2 happen at the same time. Then activity 3 happens. After that, decision 0 is made. If decision 0 is yes, then the process ends. Thus, the final activity diagram should look like the following:
```mermaid
graph LR
0[""StartNode""] --> 1[""Sequence position""]
1 --> 2[""Sequence neighborhood""]
1 --> 3[""Distance from membrane""]
2 --> 3
3 --> 4[""ANOVA analysis""]
4 --> 5{""Greater variance between clusters than within them?""}
5 --> |""Yes""|6[""EndNode""]
5 --> |""No""|7[""EndNode""]
```"
140,"The description contains the following activities and decisions:
Activities:
0. Write up hard-copy ticket
1. Enter ticket into system
2. Process order
3. Order verification
4. Order rejection
5. Archive order
6. Send order to processing plant
7. Production phase
8. Ship products
9. Warehouse products
10. Send products to customer
Decisions:
0. Order verified?

The process specifies that activities 0, 1, 2 happen in sequence. Then activity 3 and 4 happen at the same time. If decision 0 is yes, then activity 6 happens. If decision 0 is no, then activity 5 happens. After activity 6, activities 7, 8, 9, 10 happen in sequence. Thus, the final activity diagram should look like the following:
```mermaid
graph LR
0[""StartNode""] --> 1[""Write up hard-copy ticket""]
1 --> 2[""Enter ticket into system""]
2 --> 3[""Process order""]
3 --> 4{""Order verified?""}
4 --> |""Yes""|5[""Send order to processing plant""]
4 --> |""No""|6[""Archive order""]
5 --> 7[""Production phase""]
7 --> 8[""Ship products""]
8 --> 9[""Warehouse products""]
9 --> 10[""Send products to customer""]
10 --> 11[""EndNode""]
```"
141,"The description contains the following activities and decisions:
Activities:
0. Possess a driver's license
1. Be 17 years old
2. Accompanying person present
3. Wait until 17th birthday has passed
4. Find an accompanying person
5. Individual is over 30 years old
6. Held a driver's license for at least 5 years
7. State the accompanying person
Decisions:
0. Individual's age
1. Individual's driver's license status

The process specifies that activities 0 and 1 happen first. Then decision 0 is made. If decision 0 is yes, then activity 2 happens. If decision 0 is no, then activity 3 happens. After that, activity 4 happens. Then decision 1 is made. If decision 1 is yes, then activities 5, 6, and 7 happen in sequence. Thus, the final activity diagram should look like the following:
```mermaid
graph LR
0[""StartNode""] --> 1[""Possess a driver's license""]
1 --> 2[""Be 17 years old""]
2 --> 3{""Individual's age""}
3 --> |""Yes""|4[""Accompanying person present""]
3 --> |""No""|5[""Wait until 17th birthday has passed""]
4 --> 6[""Find an accompanying person""]
5 --> 6
6 --> 7{""Individual's driver's license status""}
7 --> |""Yes""|8[""Individual is over 30 years old""]
7 --> |""No""|9[""Held a driver's license for at least 5 years""]
8 --> 10[""State the accompanying person""]
9 --> 10
10 --> 11[""EndNode""]
```"
142,"The description contains the following activities and no decisions:
Activities:
0. Check customer's credit history
1. Conduct property survey
2. Search for property title

The process specifies that activities 0 and 1 happen at the same time, followed by activity 2. Thus, the final activity diagram should look like the following:
```mermaid
graph LR
0[""StartNode""] --> 1[""Check customer's credit history""]
0 --> 2[""Conduct property survey""]
1 --> 3[""Search for property title""]
2 --> 3
3 --> 4[""EndNode""]
```"
143,"The description contains the following activities and decisions:
Activities:
0. Receive repair request
1. Check device
2. Device is broken
3. Check if external repairer is needed
4. Provide information for external reparation
5. Repair device
6. Recheck device
7. Ratify device repairing
8. Add repair record
9. Plan next revision
Decisions:
0. Device is broken?
1. External repairer needed?

The process specifies that activity 0 happens first, followed by activity 1. If decision 0 is no, then activity 0 happens again. If decision 0 is yes, then decision 1 is made. If decision 1 is yes, then activity 4 happens, followed by activity 6. If decision 1 is no, then activity 5 happens, followed by activity 6. If decision 0 is yes, then activity 6 happens, followed by activity 7, 8, 9. Thus, the final activity diagram should look like the following:
```mermaid
graph LR
0[""StartNode""] --> 1[""Receive repair request""]
1 --> 2[""Check device""]
2 --> 3{""Device is broken?""}
3 --> |""No""|1
3 --> |""Yes""|4{""External repairer needed?""}
4 --> |""Yes""|5[""Provide information for external reparation""]
4 --> |""No""|6[""Repair device""]
5 --> 6
6 --> 7[""Recheck device""]
7 --> 8[""Ratify device repairing""]
8 --> 9[""Add repair record""]
9 --> 10[""Plan next revision""]
10 --> 11[""EndNode""]
```"
144,"The description contains the following activities and decisions:
Activities:
0. Informal meeting
1. Full-day meeting
2. Storyboard creation
3. Design phase
4. Initial draft of content
5. Development phase
6. Marketing review
7. Preparation of final version
8. Building phase
9. Checking phase
Decisions:
0. Outcome of informal meeting
1. Outcome of full-day meeting
2. Outcome of marketing review

The process starts with activity 0. If decision 0 is not successful, then the process ends. If decision 0 is successful, then activity 1 happens, followed by decision 1. If decision 1 is not successful, then the process ends. If decision 1 is successful, then activities 2, 3, 4 happen simultaneously. After activity 3, activity 5 happens. After activity 5, decision 2 is made. If decision 2 is deemed necessary by 40%, then activity 7 happens. If decision 2 is deemed necessary by 60%, then the process ends. If decision 2 is deemed necessary by less than 40%, then activity 6 happens. After activity 6, activity 8 happens. After activity 8, activity 9 happens. If decision 9 is not approval, then activity 8 happens again. If decision 9 is approval, then the process ends. Thus, the final activity diagram should look like the following:
```mermaid
graph LR
0[""StartNode""] --> 1[""Informal meeting""]
1 --> 2{""Outcome of informal meeting""}
2 --> |""Not successful""|3[""EndNode""]
2 --> |""Successful""|4[""Full-day meeting""]
4 --> 5{""Outcome of full-day meeting""}
5 --> |""Not successful""|3
5 --> |""Successful""|6[""Storyboard creation""]
6 --> 7[""Design phase""]
7 --> 8[""Initial draft of content""]
8 --> 9[""Development phase""]
9 --> 10{""Marketing review""}
10 --> |"">=60%""|11[""EndNode""]
10 --> |""<40%""|12[""Preparation of final version""]
12 --> 13[""Building phase""]
13 --> 14[""Checking phase""]
14 --> |""Not approval""|15[""Additional 3 days for building""]
15 --> 13
14 --> |""Approval""|16[""EndNode""]
```"
145,"The description describes the following activities without decisions:
0. Go Home
1. Hear Music
2. Make Homework

Activity 0 and 1 happen at the same time, followed by activity 2. Thus, the final activity diagram should look like the following:
```mermaid
graph LR
0[""StartNode""] --> 1[""Go Home""]
0 --> 2[""Hear Music""]
1 --> 3[""Make Homework""]
2 --> 3
3 --> 4[""EndNode""]
```"
146,"The description describes the following activities and decisions:
Activities:
0. Validate invoice
1. Run payment process
2. Send payment
3. Generate payment report
4. Send payment report to Registry
5. Send payment report to Account Receivable department
6. Select invoices for archiving
7. Mark invoices as ready for archiving
8. Generate invoices for SSP clients

The process specifies that activity 0 happens first, followed by activity 1. Activity 1 and 2 happen in sequence. Activity 3 happens after activity 2. Activity 4 and 5 happen at the same time after activity 3. Activity 6 and 7 happen after activity 4. Activity 8 happens after activity 5. Activity 6 and 7 mark the end of the process. Activity 8 also marks the end of the process. Thus, the final activity diagram should look like the following:
```mermaid
graph LR
0[""StartNode""] --> 1[""Validate invoice""]
1 --> 2[""Run payment process""]
2 --> 3[""Send payment""]
3 --> 4[""Generate payment report""]
4 --> 5[""Send payment report to Registry""]
4 --> 6[""Send payment report to Account Receivable department""]
5 --> 7[""Select invoices for archiving""]
6 --> 8[""Generate invoices for SSP clients""]
7 --> 9[""Mark invoices as ready for archiving""]
9 --> 10[""EndNode""]
8 --> 10
```"
147,"The description contains the following activities and decisions:
Activities:
0. Receive machine from customer
1. Gather information about fault
2. Write service contract
3. Obtain customer's signature
4. Place contract with machine
5. Give customer contract
6. Write contract number on sticker
7. Attach sticker to machine
8. Transport machine to workshop
9. Receive machine
10. End process
Decisions:
0. None

The process specifies that activities 0 and 1 happen first, followed by activity 2, 3, 4, 5 happen at the same time. Then activity 6 and 7 happen. After that, activity 8 and 9 happen. Thus, the final activity diagram should look like the following:
```mermaid
graph LR
0[""StartNode""] --> 1[""Receive machine from customer""]
1 --> 2[""Gather information about fault""]
2 --> 3[""Write service contract""]
3 --> 4[""Obtain customer's signature""]
4 --> 5[""Place contract with machine""]
4 --> 6[""Give customer contract""]
5 --> 6
6 --> 7[""Write contract number on sticker""]
7 --> 8[""Attach sticker to machine""]
8 --> 9[""Transport machine to workshop""]
9 --> 10[""Receive machine""]
10 --> 11[""EndNode""]
```"
148,"The description contains the following activities and decisions:
Activities:
0. Check Order Request
1. Order Confirmation
2. Order Rejection
3. Deliver Order
Decisions:
0. Can Order be fulfilled?

The process specifies that activity 0 happens first, followed by decision 0. If decision 0 is yes, then activity 1 happens. If decision 0 is no, then activity 2 happens. After that, activity 0 happens again, followed by decision 0. If decision 0 is yes, then activity 1 happens. If decision 0 is no, then activity 2 happens. If activity 1 happens, then activity 3 happens and the process ends. If activity 2 happens, then the process ends. Thus, the final activity diagram should look like the following:
```mermaid
graph LR
0[""StartNode""] --> 1{""Can Order be fulfilled?""}
1 --> |""Yes""|2[""Order Confirmation""]
1 --> |""No""|3[""Order Rejection""]
2 --> 4[""Deliver Order""]
4 --> 5[""EndNode""]
3 --> 5
```"
149,"The description contains the following activities and decisions:
Activities:
0. Select vbelv & vbeln from vbfa into ivbfa_completo_t
1. Sort ivbfa_completo_t
2. Perform NOP
3. Copy vbelv's from ivbfa_completo_t to it_unolips
4. Sort it_unolips and remove duplicates
5. Remove entries from it_likp that don't have a vbeln in it_unolips
6. Left outer join between lips and it_likp on vbeln and vgpos, and store vbeln & vgbel in it_lipsm
7. Sort it_lipsm and remove duplicates
8. Left outer join between vbfa and it_lipsm, and store vbeln, ... in it_vbfa_completo
9. Remove from it_vbfa_completo where plmin != '+' and sort it
10. Left outer join between lips and it_unolips, and store the result in it_lips
11. Sort it_likp by vbeln and select * from it_likp where lifex != space, storing the result in it_lifex sorted by vbeln
12. Replace it_vbfa_completo-secuencia with corresponding it_lifex-lifex
13. Perform busca_pedido_vbapt and busca_factura_vbapt, and clear any errors
14. Check if ""c_si in r_valida"" is ""no""
15. Left outer join between vbap and it_vbfa_completo, and store the result in imatkl
16. Check if ""pvstel in r_exclog"" is ""yes""
17. Remove rows from it_nofacturado that aren't errors
18. Transfer maktl from imaktl to it_vbfa_completo
19. Check if ""it_nofacturado empty?"" is ""no""
20. Set & print error
21. Check if ""error?"" is ""no""
22. Left outer join between vbap and it_vbfa_completo, and store the result in imatkl
23. Check if ""error?"" is ""yes""
Decisions:
0. ""c_si in r_valida"" is ""no"" or ""yes""
1. ""pvstel in r_exclog"" is ""yes"" or ""no""
2. ""it_nofacturado empty?"" is ""no"" or ""yes""
3. ""error?"" is ""no"" or ""yes""

The process starts with activity 0. Then, activity 1, 2, 3, 4, 5, 6, 7, 8, 9, 10, 11, 12 happens in sequence. After that, decision 0 is made. If decision 0 is no, then activity 13 happens. If decision 0 is yes, then decision 1 is made. If decision 1 is yes, then activity 17 happens. If decision 1 is no, then activity 15 happens. After that, activity 18 happens. Then, decision 2 is made. If decision 2 is no, then activity 20 happens. If decision 2 is yes, then decision 3 is made. If decision 3 is no, then activity 22 happens. If decision 3 is yes, then the process ends. Thus, the final activity diagram should look like the following:
```mermaid
graph LR
0[""StartNode""] --> 1[""Select vbelv & vbeln from vbfa into ivbfa_completo_t""]
1 --> 2[""Sort ivbfa_completo_t""]
2 --> 3[""Perform NOP""]
3 --> 4[""Copy vbelv's from ivbfa_completo_t to it_unolips""]
4 --> 5[""Sort it_unolips and remove duplicates""]
5 --> 6[""Remove entries from it_likp that don't have a vbeln in it_unolips""]
6 --> 7[""Left outer join between lips and it_likp on vbeln and vgpos, and store vbeln & vgbel in it_lipsm""]
7 --> 8[""Sort it_lipsm and remove duplicates""]
8 --> 9[""Left outer join between vbfa and it_lipsm, and store vbeln, ... in it_vbfa_completo""]
9 --> 10[""Remove from it_vbfa_completo where plmin != '+' and sort it""]
10 --> 11[""Left outer join between lips and it_unolips, and store the result in it_lips""]
11 --> 12[""Sort it_likp by vbeln and select * from it_likp where lifex != space, storing the result in it_lifex sorted by vbeln""]
12 --> 13[""Replace it_vbfa_completo-secuencia with corresponding it_lifex-lifex""]
13 --> 14[""Perform busca_pedido_vbapt and busca_factura_vbapt, and clear any errors""]
14 --> |""no""|15[""Left outer join between vbap and it_vbfa_completo, and store the result in imatkl""]
14 --> |""yes""|16[""Check if pvstel in r_exclog is yes""]
15 --> 18[""Transfer maktl from imaktl to it_vbfa_completo""]
16 --> |""yes""|17[""Remove rows from it_nofacturado that aren't errors""]
16 --> |""no""|15
17 --> 18
18 --> 19[""Check if it_nofacturado empty? is no""]
19 --> |""no""|20[""Set & print error""]
19 --> |""yes""|21[""Check if error? is no""]
20 --> 22[""EndNode""]
21 --> |""no""|15
21 --> |""yes""|23[""EndNode""]
```"
150,"The description contains the following activities and decisions:
Activities:
0. Visit Travel agency
1. Make a decision on the trip
2. Select the Land
3. Choose the Tour
4. Booking Italy
5. Booking Venice
6. Obtain the permit
7. Organize the vacation
Decisions:
0. Decision on the trip

The process specifies that activities 0 and 1 happen first, followed by activities 2 and 3 happen at the same time. Then, activities 4 and 5 happen in sequence. After that, activity 6 happens, followed by activity 7. Thus, the final activity diagram should look like the following:
```mermaid
graph LR
0[""StartNode""] --> 1[""Visit Travel agency""]
1 --> 2{""Decision on the trip""}
2 --> |""Yes""|3[""Select the Land""]
2 --> |""No""|4[""EndNode""]
3 --> 5[""Choose the Tour""]
5 --> 6[""Booking Italy""]
6 --> 7[""Booking Venice""]
7 --> 8[""Obtain the permit""]
8 --> 9[""Organize the vacation""]
9 --> 10[""EndNode""]
```"
151,"The description contains the following activities and decisions:
Activities:
0. Conduct Property Survey
1. Conduct Property Title Search
2. Check customers Credit History
Decisions:
0. None

The process specifies that activities 0 and 1 happen at the same time. After that, activity 2 happens. The process ends after activity 2. Thus, the final activity diagram should look like the following:
```mermaid
graph LR
0[""StartNode""] --> 1[""Conduct Property Survey""]
0 --> 2[""Conduct Property Title Search""]
1 --> 3[""Survey Document""]
2 --> 4[""Credit History File""]
3 --> 5[""EndNode""]
4 --> 5
```"
152,"The description describes the following activities without decisions:
0. Conducting assessment
1. Check credit history
2. Conduct property title search
3. Perform property survey
4. Assessment complete

Activity 0 and activities 1, 2, 3 happen at the same time. Afterwards, activity 4 happens. Thus, the final activity diagram should look like the following:
```mermaid
graph LR
0[""StartNode""] --> 1[""Conducting assessment""]
1 --> 2[""Check credit history""]
1 --> 3[""Conduct property title search""]
1 --> 4[""Perform property survey""]
4 --> 5[""Assessment complete""]
5 --> 6[""EndNode""]
```"
153,"The description contains the following activities and decisions:
Activities:
0. Request material
1. Manage inventory
2. Place orders to suppliers
3. Manage transfers of material
4. Monitor progress of purchase orders
5. Receive incoming material supplies
6. Receive requested material
7. Release invoices for payment
Decisions:
0. Material in stock?

The process specifies that activity 0 happens first, followed by decision 0. If decision 0 is no, then activities 2 happens. If decision 0 is yes, then activity 3 happens. Then decision 0 is made again. If decision 0 is no, then activity 2 happens. If decision 0 is yes, then activity 3 happens. Then activities 4, 5, 6, 7 happens in sequence. Thus, the final activity diagram should look like the following:
```mermaid
graph LR
0[""StartNode""] --> 1[""Request material""]
1 --> 2{""Material in stock?""}
2 --> |""No""|3[""Place orders to suppliers""]
2 --> |""Yes""|4[""Manage transfers of material""]
4 --> 2
4 --> |""No""|3
4 --> |""Yes""|5[""Monitor progress of purchase orders""]
5 --> 6[""Receive incoming material supplies""]
5 --> 7[""Receive requested material""]
7 --> 8[""Release invoices for payment""]
8 --> 9[""EndNode""]
```"
154,"The description contains the following activities and decisions:
Activities:
0. Select Meetings p1
1. Send Consolidated Referee Forms
2. Send Round 2 Evaluation Form
3. Follow up with evaluation sheet
4. Consolidate evaluations
5. Answer panel member questions
6. Log questions in FAQ
Decisions:
0. None

The process specifies that activities 0 and 1 happen in sequence, followed by activity 2. Then activity 3 happens. After that, activities 4 and 5 happen at the same time, and activity 6 happens at the same time with activity 5. Thus, the final activity diagram should look like the following:
```mermaid
graph LR
0[""StartNode""] --> 1[""Select Meetings p1""]
1 --> 2[""Send Consolidated Referee Forms""]
2 --> 3[""Send Round 2 Evaluation Form""]
3 --> 4[""Follow up with evaluation sheet""]
4 --> 5[""Consolidate evaluations""]
4 --> 6[""Answer panel member questions""]
6 --> 7[""Log questions in FAQ""]
5 --> 7
7 --> 8[""EndNode""]
```"
155,"The description contains the following activities and decisions:
Activities:
0. Change status to Tender
1. Send email enclosing load tenders
2. Consolidate load tenders
3. Print shipping labels and picking list
4. Sort labels by customer and item type
5. Assign loading doors to orders
6. Collect items for order
7. Check if all items are available
8. Leave order at door
9. Inform customer clerk
Decisions:
0. All items available?

The process specifies that activities 0, 1, 2, 3, 4, 5 happens in sequence. Then activity 6 happens. If decision 0 is yes, then activity 7 happens, followed by activity 8. If decision 0 is no, then activity 9 happens. Thus, the final activity diagram should look like the following:
```mermaid
graph LR
0[""StartNode""] --> 1[""Change status to Tender""]
1 --> 2[""Send email enclosing load tenders""]
2 --> 3[""Consolidate load tenders""]
3 --> 4[""Print shipping labels and picking list""]
4 --> 5[""Sort labels by customer and item type""]
5 --> 6[""Assign loading doors to orders""]
6 --> 7[""Collect items for order""]
7 --> 8{""All items available?""}
8 --> |""Yes""|9[""Leave order at door""]
8 --> |""No""|10[""Inform customer clerk""]
9 --> 11[""EndNode""]
10 --> 11
```"
156,"The description contains the following activities and decisions:
Activities:
0. Collecting mail
1. Sorting unopened mail
2. Sorting opened mail
3. Registering mail
4. Checking mail compliance
5. Capturing matter details
6. Compiling mailed document requisition
7. Receiving payment
8. Preparing response
9. Capturing party details
10. Printing file server
Decisions:
0. None

The process specifies that activity 0 happens first, followed by activity 1. Activity 1 produces a data object that is used by activity 2. Activity 2 produces a data object that is used by activity 3. Activity 3 produces a data object that is used by activity 4. Activity 4 produces two data objects that are used by activity 5. Activity 5 produces a data object that is used by activity 6. Activity 6 happens after activity 7. Activity 7 happens after activity 5. Activity 7 produces two data objects that are used by activity 8 and activity 9. Activity 9 produces a data object that is used by activity 10. Activity 10 happens after activity 9. Thus, the final activity diagram should look like the following:
```mermaid
graph LR
0[""StartNode""] --> 1[""Collecting mail""]
1 --> 2[""Sorting unopened mail""]
2 --> 3[""Sorting opened mail""]
3 --> 4[""Registering mail""]
4 --> 5[""Checking mail compliance""]
5 --> |""Rejected mailed document""|6[""Compiling mailed document requisition""]
5 --> |""Accepted mailed documents""|7[""Capturing matter details""]
7 --> 8[""Receiving payment""]
8 --> |""Filed document""|9[""Preparing response""]
8 --> |""Document copy & receipt""|9
9 --> 10[""Capturing party details""]
10 --> 11[""Printing file server""]
```"
157,"The description contains the following activities and decisions:
Activities:
0. Check customary credit history
1. Conduct Property Survey
2. Search for property title
Decisions:
0. None

The process specifies that activities 0 and 1 happen at the same time. After that, activity 2 happens. Thus, the final activity diagram should look like the following:
```mermaid
graph LR
0[""StartNode""] --> 1[""Check customary credit history""]
1 --> 2[""Conduct Property Survey""]
2 --> 3[""Search for property title""]
3 --> 4[""EndNode""]
```"
158,"The description contains the following activities and decisions:
Activities:
0. Customer reports a problem
1. Customer asks questions
2. Customer answers questions
3. Account manager handles issue
4. Account manager cannot handle issue
5. First level support is asked for assistance
6. First level support handles issue
7. First level support cannot handle issue
8. Developer is asked for help
9. Solution is provided
10. Feedback is provided to account manager
11. Feedback is provided to first level support
12. Feedback is provided to account manager
Decisions:
0. Account manager can handle issue
1. First level support can handle issue
2. Developer can handle issue

The process specifies that activities 0, 1, 2 happens in sequence. Then decision 0 is made. If decision 0 is yes, then activity 3 happens and then activity 9 happens. If decision 0 is no, then activity 4 happens and then activity 5 happens. Then decision 1 is made. If decision 1 is yes, then activity 6 happens and then activity 9 happens. If decision 1 is no, then activity 7 happens and then activity 8 happens. Then decision 2 is made. If decision 2 is yes, then activity 9 happens. If decision 2 is no, then activity 10 happens and then activity 11 happens. Finally, activity 12 happens. Thus, the final activity diagram should look like the following:
```mermaid
graph LR
0[""StartNode""] --> 1[""Customer reports a problem""]
1 --> 2[""Customer asks questions""]
2 --> 3[""Customer answers questions""]
3 --> 4{""Account manager can handle issue""}
4 --> |""Yes""|5[""Solution is provided""]
4 --> |""No""|6[""Account manager cannot handle issue""]
6 --> 7[""First level support is asked for assistance""]
7 --> 8{""First level support can handle issue""}
8 --> |""Yes""|9[""Solution is provided""]
8 --> |""No""|10[""First level support cannot handle issue""]
10 --> 11[""Developer is asked for help""]
11 --> 12{""Developer can handle issue""}
12 --> |""Yes""|9
12 --> |""No""|13[""Feedback is provided to first level support""]
13 --> 14[""Feedback is provided to account manager""]
14 --> 15[""EndNode""]
```"
159,"The description contains the following activities and decisions:
Activities:
0. Acknowledge hunger
1. Choose a dish
2. Select spaghetti
3. Choose a drink
4. Order spaghetti
5. Order drink
6. Eat spaghetti
7. Have drink
8. Settle bill
Decisions:
0. None

The process specifies that activities 0 and 1 happen first, followed by activity 2 and 3 happen at the same time. Then activities 4 and 5 happen, followed by activities 6 and 7. Finally, activity 8 happens. Thus, the final activity diagram should look like the following:
```mermaid
graph LR
0[""StartNode""] --> 1[""Acknowledge hunger""]
1 --> 2[""Choose a dish""]
2 --> 3[""Select spaghetti""]
2 --> 4[""Choose a drink""]
3 --> 5[""Order spaghetti""]
4 --> 6[""Order drink""]
5 --> 7[""Eat spaghetti""]
6 --> 7
7 --> 8[""Settle bill""]
8 --> 9[""EndNode""]
```"
160,"The description contains the following activities and decisions:
Activities:
0. Receive order
1. Send invoice
2. Ship products
3. Receive payment
Decisions:
0. None

The process specifies that activities 0, 1, 2 happen at the same time. Then activity 3 happens. Thus, the final activity diagram should look like the following:
```mermaid
graph LR
0[""StartNode""] --> 1[""Receive order""]
1 --> 2[""Send invoice""]
1 --> 3[""Ship products""]
2 --> 4[""Receive payment""]
3 --> 4
4 --> 5[""EndNode""]
```"
161,"The description contains the following activities and no decisions:
Activities:
0. BG.BG
1. BH.BH
2. DG.DG
3. BE.BE
4. DF
5. DC
6. DE.DD
7. CW
8. CU

The process specifies that activities 0, 1, 2, 3, 4 happens in sequence. At the same time, activities 5, 6, 7 happens in sequence. After activity 7, activity 8 happens and the process ends. Thus, the final activity diagram should look like the following:
```mermaid
graph LR
0[""StartNode""] --> 1[""BG.BG""]
1 --> 2[""BH.BH""]
2 --> 3[""DG.DG""]
3 --> 4[""BE.BE""]
4 --> 5[""DF""]
5 --> 6[""DC""]
6 --> 7[""DE.DD""]
7 --> 8[""CW""]
8 --> 9[""CU""]
9 --> 10[""EndNode""]
```"
162,"The description contains the following activities and decisions:
Activities:
0. Customer receives invoice
1. Customer makes payment
2. Bank receives payment
3. Bank checks accounts for payments
4. Need to contact customer
5. Customer has made payment
6. Need to resolve invoice
7. Make journal entry
8. Customer is contacted for negotiations
9. Cash account is debited
Decisions:
0. Need to contact customer?
1. Need to resolve invoice?

The process specifies that activities 0 and 1 happen in sequence, followed by activity 2 and 3. Then decision 0 is made. If decision 0 is yes, then decision 5 is made. If decision 5 is yes, then the process continues. If decision 5 is no, then activity 7 happens. If decision 0 is no, then decision 1 is made. If decision 1 is yes, then activity 7 happens. If decision 1 is no, then activity 8 happens after 3 strikes. If activity 7 happens, then activity 9 happens. Thus, the final activity diagram should look like the following:
```mermaid
graph LR
0[""StartNode""] --> 1[""Customer receives invoice""]
1 --> 2[""Customer makes payment""]
2 --> 3[""Bank receives payment""]
3 --> 4{""Need to contact customer?""}
4 --> |""Yes""|5{""Customer has made payment?""}
5 --> |""Yes""|6
5 --> |""No""|7[""Make journal entry""]
4 --> |""No""|8{""Need to resolve invoice?""}
8 --> |""Yes""|7
8 --> |""No""|9[""Customer is contacted for negotiations""]
7 --> 10[""Cash account is debited""]
10 --> 11[""EndNode""]
9 --> 11
```"
163,"The description contains the following activities and decisions:
Activities:
0. Announce arrival
1. Send registration details
2. Request registration form
3. Announce start of measurement
Decisions:
0. Person already registered?

The process specifies that activity 0 happens first. Then decision 0 is made. If decision 0 is no, then activity 1 happens and the process ends. If decision 0 is yes, then activity 2 happens. If activity 2 happens, then activity 3 happens and the process ends. Thus, the final activity diagram should look like the following:
```mermaid
graph LR
0[""StartNode""] --> 1[""Announce arrival""]
1 --> 2{""Person already registered?""}
2 --> |""No""|3[""Send registration details""]
2 --> |""Yes""|4[""Request registration form""]
3 --> 5[""EndNode""]
4 --> 6[""Announce start of measurement""]
6 --> 5
```"
164,"The description contains the following activities and decisions:
Activities:
0. Check if offer is signed
1. Register offer loss
2. Register opportunity loss
3. Proceed to reception
4. Sign offer
5. Check if competitor information is available
6. Register competitor information
7. End process
Decisions:
0. Offer is signed?

The process specifies that activity 0 happens first. If decision 0 is no, then activities 1 and 2 happen. If decision 0 is yes, then activities 3 and 4 happen. After that, decision 5 is made. If decision 5 is no, then the process ends. If decision 5 is yes, then activity 6 happens. Thus, the final activity diagram should look like the following:
```mermaid
graph LR
0[""StartNode""] --> 1{""Offer is signed?""}
1 --> |""No""|2[""Register offer loss""]
1 --> |""Yes""|3[""Proceed to reception""]
2 --> 4[""Register opportunity loss""]
3 --> 5[""Sign offer""]
5 --> 6{""Competitor information available?""}
6 --> |""No""|7[""End process""]
6 --> |""Yes""|8[""Register competitor information""]
8 --> 7
```"
165,"The description contains the following activities and decisions:
Activities:
0. Check quality and update record
1. Inform IT Manager
2. Check for permanent solution
3. Close service call
4. Send service request to vendor
5. Stop process
Decisions:
0. Quality okay?
1. Permanent solution found?
2. Service call closed?

The process specifies that activity 0 happens first, followed by decision 0. If decision 0 is no, then activity 1 happens and the process ends. If decision 0 is yes, then activity 2 happens, followed by decision 1. If decision 1 is no, then activity 1 happens and the process ends. If decision 1 is yes, then activity 3 happens, followed by decision 2. If decision 2 is no, then activity 4 happens and the process ends. If decision 2 is yes, then activity 5 happens and the process ends. Thus, the final activity diagram should look like the following:
```mermaid
graph LR
0[""StartNode""] --> 1[""Check quality and update record""]
1 --> 2{""Quality okay?""}
2 --> |""No""|3[""Inform IT Manager""]
2 --> |""Yes""|4[""Check for permanent solution""]
4 --> 5{""Permanent solution found?""}
5 --> |""No""|3[""Inform IT Manager""]
5 --> |""Yes""|6[""Close service call""]
6 --> 7{""Service call closed?""}
7 --> |""No""|8[""Send service request to vendor""]
7 --> |""Yes""|9[""Stop process""]
9 --> 10[""EndNode""]
```"
166,"The description contains the following activities and decisions:
Activities:
0. Check if information is complete
1. Add incoming mail number and archive letter
2. Bring letter book and member register to Secretary
3. Check if applicant is a member
4. Write letter to applicant explaining why they can't become a member
5. Stamp ""new member"" on letter and write date on it
6. Add member to member register
7. Calculate membership fee
8. Write amount in membership register
9. Write invoice for payment of first fee
10. Send invoice to member
11. Print membership card
12. Send membership card to member
13. Wait for payment
Decisions:
0. Information is complete?

The process starts with activity 0, followed by decision 0. If decision 0 is yes, then activities 1, 2, 3 happens in sequence. If decision 0 is no, then the process ends after activity 4. If decision 3 is no, then activity 4 happens. If decision 3 is yes, then activity 5 happens. If activity 5 happens, then activities 6, 7, 8, 9, 10, 11, 12 happens in sequence. Finally, activity 13 happens. Thus, the final activity diagram should look like the following:
```mermaid
graph LR
0[""StartNode""] --> 1[""Check if information is complete""]
1 --> 2{""Information is complete?""}
2 --> |""Yes""|3[""Add incoming mail number and archive letter""]
2 --> |""No""|4[""EndNode""]
3 --> 5[""Bring letter book and member register to Secretary""]
5 --> 6[""Check if applicant is a member""]
6 --> |""No""|7[""Write letter to applicant explaining why they can't become a member""]
7 --> 8[""EndNode""]
6 --> |""Yes""|9[""Stamp 'new member' on letter and write date on it""]
9 --> 10[""Add member to member register""]
10 --> 11[""Calculate membership fee""]
11 --> 12[""Write amount in membership register""]
12 --> 13[""Write invoice for payment of first fee""]
13 --> 14[""Send invoice to member""]
14 --> 15[""Print membership card""]
15 --> 16[""Send membership card to member""]
16 --> 17[""Wait for payment""]
17 --> 18[""EndNode""]
```"
167,"The description describes the following activities without decisions:
0. Notify the director
1. Receive patient interview
2. Receive expert review
3. File interview results
4. File expert review results
5. Create report

Activity 0 happens first, followed by activities 1 and 2 happen at the same time. Then, activities 3 and 4 happen after activities 1 and 2 respectively. Finally, activity 5 happens. Thus, the final activity diagram should look like the following:
```mermaid
graph LR
0[""StartNode""] --> 1[""Notify the director""]
1 --> 2[""Receive patient interview""]
1 --> 3[""Receive expert review""]
2 --> 4[""File interview results""]
3 --> 5[""File expert review results""]
4 --> 6[""Create report""]
5 --> 6
6 --> 7[""EndNode""]
```"
168,"The description contains the following activities and decisions:
Activities:
0. Use newCallOffOrderEvent
1. Send Order
2. Execute CallOff
3. Transport
4. Delivery Inspection
5. Ask For Invoice
6. Ask For CallOff Confirmation
7. Send Invoice
8. Send CallOff Confirmation
9. End of process

The process specifies that activities 0 and 1 happen first, followed by activities 2, 3, 4, 5, 6 happen at the same time. Then activities 7 and 8 happen. Finally, activity 9 happens. Thus, the final activity diagram should look like the following:
```mermaid
graph LR
0[""StartNode""] --> 1[""Use newCallOffOrderEvent""]
1 --> 2[""Send Order""]
1 --> 3[""Execute CallOff""]
1 --> 4[""Transport""]
1 --> 5[""Delivery Inspection""]
1 --> 6[""Ask For Invoice""]
1 --> 7[""Ask For CallOff Confirmation""]
6 --> 8[""Send Invoice""]
7 --> 9[""Send CallOff Confirmation""]
9 --> 10[""End of process""]
```"
169,"The description contains the following activities and decisions:
Activities:
0. Set travel schedules
1. Look for accommodation
2. Request quote for transportation and accommodation
3. Fill mission order request (MOR)
4. Check MOR for relevancy and cost
5. Choose financial contract
6. Check if mission is approved
7. Approve mission by signing
8. Disapprove mission
9. Address MOR and quote to assistant
10. Check credit availability
11. Place order
12. Enter mission data in budget management tool
13. Check if financier is employer
14. Make mission order without expenses (MOWE)
15. Send dossier to direction
16. Check documents
17. Approve documents by signing
18. Disapprove documents
19. Give copy of MO and/or MOWE to employee
20. Classify all documents
Decisions:
0. MOR approved?
1. Credit available?
2. Financier is employer?

The process specifies that activities 0, 1, 2 happens in sequence. Then activity 3 happens, followed by decision 4. If decision 4 is yes, then activity 5 happens. Then decision 6 is made. If decision 6 is yes, then activity 7 happens. If decision 6 is no, then activity 8 happens and the process ends. If decision 6 is yes, then activity 9 happens. Then decision 1 is made. If decision 1 is yes, then activity 11 happens. Then activity 12 happens. Then decision 2 is made. If decision 2 is yes, then activity 14 happens. Then activity 15 happens. Then decision 3 is made. If decision 3 is yes, then activity 16 happens. If decision 3 is no, then activity 17 happens. If decision 3 is no, then activity 18 happens and the process ends. If decision 3 is yes, then activity 19 happens. Then activity 20 happens. Thus, the final activity diagram should look like the following:
```mermaid
graph LR
0[""StartNode""] --> 1[""Set travel schedules""]
1 --> 2[""Look for accommodation""]
2 --> 3[""Request quote for transportation and accommodation""]
3 --> 4[""Fill mission order request (MOR)""]
4 --> 5[""Check MOR for relevancy and cost""]
5 --> 6{""MOR approved?""}
6 --> |""Yes""|7[""Choose financial contract""]
6 --> |""No""|8[""Disapprove mission""]
7 --> 9[""Approve mission by signing""]
9 --> 10[""Address MOR and quote to assistant""]
10 --> 11{""Credit available?""}
11 --> |""Yes""|12[""Place order""]
11 --> |""No""|13[""Check credit availability""]
12 --> 14[""Enter mission data in budget management tool""]
14 --> 15{""Financier is employer?""}
15 --> |""Yes""|16[""Make mission order without expenses (MOWE)""]
15 --> |""No""|17[""Send dossier to direction""]
16 --> 18[""Check documents""]
17 --> 18
18 --> 19{""Documents approved?""}
19 --> |""Yes""|20[""Approve documents by signing""]
19 --> |""No""|21[""Disapprove documents""]
20 --> 22[""Give copy of MO and/or MOWE to employee""]
22 --> 23[""Classify all documents""]
23 --> 24[""EndNode""]
21 --> 24
```"
170,"The description contains the following activities and decisions:
Activities:
0. Assess weak points in development
1. Choose employees for training
2. Specify education needs
3. Decide on training method
4. Check employee availability
5. Consult with employee
6. Set training dates
7. Finalize education requirements
8. Sign contract
Decisions:
0. None

The process specifies that activities 0, 1, 2, 3, 4 happen in sequence. Then activity 5 happens. After that, activity 6 happens. Finally, activities 7 and 8 happen in sequence. Thus, the final activity diagram should look like the following:
```mermaid
graph LR
0[""StartNode""] --> 1[""Assess weak points in development""]
1 --> 2[""Choose employees for training""]
2 --> 3[""Specify education needs""]
3 --> 4[""Decide on training method""]
4 --> 5[""Check employee availability""]
5 --> 6[""Consult with employee""]
6 --> 7[""Set training dates""]
7 --> 8[""Finalize education requirements""]
8 --> 9[""Sign contract""]
9 --> 10[""EndNode""]
```"
171,"The description contains the following activities and decisions:
Activities:
0. Create Functional design document
1. Create State specific Business scenarios
2. Create Rating scenarios
3. Create Forms scenarios
4. Create UI test cases
5. Test Document Review
6. Test Execution
7. Test Audit
8. Test Report signoff
9. End of State Roll out
10. End of process

The process specifies that activity 0 happens first, followed by activities 1, 2, 3, 4 happen at the same time. After that, activities 5, 6, 7, 8 happen in sequence. Finally, activity 9 happens, followed by activity 10. Thus, the final activity diagram should look like the following:
```mermaid
graph LR
0[""StartNode""] --> 1[""Create Functional design document""]
1 --> 2[""Create State specific Business scenarios""]
1 --> 3[""Create Rating scenarios""]
1 --> 4[""Create Forms scenarios""]
1 --> 5[""Create UI test cases""]
2 --> 6[""Test Document Review""]
5 --> 6
6 --> 7[""Test Execution""]
7 --> 8[""Test Audit""]
8 --> 9[""Test Report signoff""]
9 --> 10[""End of State Roll out""]
10 --> 11[""End of process""]
```"
172,"The description describes the following activities without decisions:
0. Issue report to client
1. Issue report to registry
2. Issue report to accounts receivable

Activities 0, 1, and 2 happen at the same time. Thus, the final activity diagram should look like the following:
```mermaid
graph LR
0[""StartNode""] --> 1[""Issue report to client""]
0 --> 2[""Issue report to registry""]
0 --> 3[""Issue report to accounts receivable""]
1 --> 4[""EndNode""]
2 --> 4
3 --> 4
```"
173,"The description describes the following activities without decisions:
0. Schedule production activities
1. Procure materials
2. Issue materials
3. Produce products
4. Test products
5. Package products
6. Dispose of waste
7. Stage products
8. Release for delivery

According to the description, activities 0, 1, 2 happen in sequence, then activity 3 happens. After that, activities 4, 5, 6, 7 happen at the same time. Finally, activity 8 happens. Thus, the final activity diagram should look like the following:
```mermaid
graph LR
0[""StartNode""] --> 1[""Schedule production activities""]
1 --> 2[""Procure materials""]
2 --> 3[""Issue materials""]
3 --> 4[""Produce products""]
4 --> 5[""Test products""]
4 --> 6[""Package products""]
4 --> 7[""Dispose of waste""]
4 --> 8[""Stage products""]
7 --> 8
8 --> 9[""Release for delivery""]
9 --> 10[""EndNode""]
```"
174,"The description contains the following activities and decisions:
Activities:
0. Verify form structure
1. Verify proposal
2. Check everything is okay
3. Form error
4. Process successful
5. Face failure
Decisions:
0. Form correct?

The process specifies that activity 0 happens first, followed by decision 0. If decision 0 is yes, then activity 1 happens, followed by activity 2. If decision 0 is no, then activity 3 happens and the process ends. If activity 2 is true, then activity 4 happens and the process ends. If activity 2 is false, then activity 5 happens and the process ends. Thus, the final activity diagram should look like the following:
```mermaid
graph LR
0[""StartNode""] --> 1[""Verify form structure""]
1 --> 2{""Form correct?""}
2 --> |""Yes""|3[""Verify proposal""]
2 --> |""No""|4[""Form error""]
3 --> 5[""Check everything is okay""]
5 --> |""True""|6[""Process successful""]
5 --> |""False""|7[""Face failure""]
6 --> 8[""EndNode""]
7 --> 8
```"
175,"The description describes the following activities without decisions:
0. Book the car park location
1. Provide the guideline to the car park
2. Bill the credit card

Activities 0 and 1 happen at the same time. After that, activity 2 happens. Thus, the final activity diagram should look like the following:
```mermaid
graph LR
0[""StartNode""] --> 1[""Book the car park location""]
0 --> 2[""Provide the guideline to the car park""]
1 --> 3[""Bill the credit card""]
2 --> 3
3 --> 4[""EndNode""]
```"
176,"The description describes the following activities without decisions:
0. Fill a pot with water
1. Boil the water
2. Prepare the tomato sauce
3. Add seasoning
4. Put in the noodles
5. Mix the noodles with the tomato sauce

Activity 0 and 2, 3 happen at the same time, and activity 1 happens at the same time as well. After activity 1, activity 4 happens. Then, activity 4 and 2 happen at the same time, followed by activity 5. Thus, the final activity diagram should look like the following:
```mermaid
graph LR
0[""StartNode""] --> 1[""Fill a pot with water""]
1 --> 2[""Boil the water""]
1 --> 3[""Prepare the tomato sauce""]
3 --> 4[""Add seasoning""]
2 --> 5[""Put in the noodles""]
3 --> 5
5 --> 6[""Mix the noodles with the tomato sauce""]
6 --> 7[""EndNode""]
```"
177,"The description contains the following activities and no decisions:
Activities:
0. Receive Order
1. Send Invoice
2. Ship Products
3. Receive Payment

The process specifies that activities 0 and 1, 2 happen at the same time. After activity 1, activity 3 happens. Thus, the final activity diagram should look like the following:
```mermaid
graph LR
0[""StartNode""] --> 1[""Receive Order""]
1 --> 2[""Send Invoice""]
1 --> 3[""Ship Products""]
2 --> 4[""Receive Payment""]
4 --> 5[""EndNode""]
```"
178,"The description describes the following activities without decisions:
0. T1 initiated
1. T2
2. T3
3. T4

According to the description, activities 0, 1, and 2 happen at the same time, followed by activity 3. Thus, the final activity diagram should look like the following:
```mermaid
graph LR
0[""StartNode""] --> 1[""T1 initiated""]
1 --> 2[""T2""]
1 --> 3[""T3""]
2 --> 4[""T4""]
3 --> 4
4 --> 5[""EndNode""]
```"
179,"The description contains the following activities and decisions:
Activities:
0. Announce arrival
1. Request registration form
2. Check if registration form has been obtained
3. Send registration details
4. Provide registration form
5. Announce measurement
6. Check if registration can be done in the van
7. Permit registration
8. Request person to leave the van
9. Check if subject is ready
10. Permit registration
11. Send questionnaire answers
12. Send registration ID
Decisions:
0. Registration form obtained?
1. Registration can be done in the van?

The process specifies that activities 0, 1 happens in sequence. Then decision 0 is made. If decision 0 is no, then activity 3 happens. If decision 0 is yes, then activity 4 happens. This loop repeats until activity 4 happens. Then activity 5 happens. After that, decision 1 is made. If decision 1 is no, then activity 8 happens and the process ends. If decision 1 is yes, then activity 7 happens. Then decision 1 is made again. If decision 1 is no, then activity 8 happens and the process ends. If decision 1 is yes, then activity 10 happens. Then activity 9 is made. If decision 9 is no, then activity 11, 12 happens in sequence. If decision 9 is yes, then activity 10 happens directly. Thus, the final activity diagram should look like the following:
```mermaid
graph LR
0[""StartNode""] --> 1[""Announce arrival""]
1 --> 2[""Request registration form""]
2 --> 3{""Registration form obtained?""}
3 --> |""No""|4[""Send registration details""]
3 --> |""Yes""|5[""Provide registration form""]
5 --> 6[""Announce measurement""]
6 --> 7{""Registration can be done in the van?""}
7 --> |""No""|8[""Request person to leave the van""]
7 --> |""Yes""|9[""Permit registration""]
9 --> 10{""Subject is ready?""}
10 --> |""No""|11[""Permit registration""]
11 --> 12[""Send questionnaire answers""]
11 --> 13[""Send registration ID""]
10 --> |""Yes""|14[""EndNode""]
8 --> 14
```"
180,"The description contains the following activities and decisions:
Activities:
0. Vendor sends invoice
1. Vendor receives invoice
2. Vendor checks invoice against inventory
3. Enter invoice information in Payment Out Module
4. Revises invoice on the spot
5. Vendor makes payment
6. Vendor processes payment
7. Forward payment to vendor
8. Vendor closes order
Decisions:
0. Instruction to send over the invoice or contact the vendor

The process starts with activity 0 and 1. Then decision 0 is made. If decision 0 is to send over the invoice, then activities 2, 3, 5, 6, 7, 8 happens in sequence. If decision 0 is to contact the vendor, then activities 4 and 1 happens in sequence, followed by activities 2, 3, 5, 6, 7, 8. Thus, the final activity diagram should look like the following:
```mermaid
graph LR
0[""StartNode""] --> 1[""Vendor sends invoice""]
1 --> 2[""Vendor receives invoice""]
2 --> 3{""Instruction to send over the invoice or contact the vendor""}
3 --> |""Send over the invoice""|4[""Vendor checks invoice against inventory""]
3 --> |""Contact the vendor""|5[""Vendor revises invoice on the spot""]
4 --> 6[""Enter invoice information in Payment Out Module""]
5 --> 2
6 --> 7[""Vendor makes payment""]
7 --> 8[""Vendor processes payment""]
8 --> 9[""Forward payment to vendor""]
9 --> 10[""Vendor closes order""]
10 --> 11[""EndNode""]
```"
181,"The description contains the following activities and decisions:
Activities:
0. Incoming Order
1. Check Availability
2. Send the Item
3. Procure the Item
4. Process Payment
Decisions:
0. Is the Item Available?

The process specifies that activity 0 happens first, followed by activity 1 and decision 0. If decision 0 is yes, then activity 2 happens, followed by activity 4. If decision 0 is no, then activity 3 happens. After activity 3, activity 2 happens, followed by activity 4. Thus, the final activity diagram should look like the following:
```mermaid
graph LR
0[""StartNode""] --> 1[""Incoming Order""]
1 --> 2[""Check Availability""]
2 --> 3{""Is the Item Available?""}
3 --> |""Yes""|4[""Send the Item""]
3 --> |""No""|5[""Procure the Item""]
4 --> 6[""Process Payment""]
5 --> 4
4 --> 7[""EndNode""]
```"
182,"The description contains the following activities and decisions:
Activities:
0. Submit application
1. Deliver required documents
2. Conduct completeness check
3. Send email regarding incompleteness
4. Send copies of documents to academic recognition agency
Decisions:
0. Application complete?

The process specifies that activities 0 and 1 happen in sequence. Then activity 2 happens. If decision 0 is no, then activity 3 happens and then the process ends. If decision 0 is yes, then activity 4 happens. However, if decision 0 is no and the application is incomplete by 20%, then activity 3 happens and then the process ends. If decision 0 is yes, then the application is 80% complete, and activity 2 happens again. Thus, the final activity diagram should look like the following:
```mermaid
graph LR
0[""StartNode""] --> 1[""Submit application""]
1 --> 2[""Deliver required documents""]
2 --> 3[""Conduct completeness check""]
3 --> 4{""Application complete?""}
4 --> |""No""|5[""Send email regarding incompleteness""]
4 --> |""Yes""|6[""Send copies of documents to academic recognition agency""]
5 --> 7[""EndNode""]
6 --> 8[""Conduct completeness check""]
8 --> 4
```"
183,"The description describes the following activities without decisions:
0. Identify errors
1. Highlight errors on Invoice Entry Form
2. Keep track of errors per Data Entry Officer
3. Return invoice to Data Entry Officer
4. Record number of errors per Data Entry Officer

Activity 0 and 1 happen at the same time, followed by activity 2. Afterwards, activity 3 and 4 happen. Thus, the final activity diagram should look like the following:
```mermaid
graph LR
0[""StartNode""] --> 1[""Identify errors""]
0 --> 2[""Highlight errors on Invoice Entry Form""]
1 --> 2
2 --> 3[""Keep track of errors per Data Entry Officer""]
3 --> 4[""Return invoice to Data Entry Officer""]
4 --> 5[""Record number of errors per Data Entry Officer""]
5 --> 6[""EndNode""]
```"
184,"The description contains the following activities and decisions:
Activities:
0. Collect process list and scope
1. Conduct interviews
2. Define process models and related metrics
3. Publish process models to PCE
4. Provide comments and feedback
5. Collect and review feedback
Decisions:
0. None

The process specifies that activity 0 happens first, followed by activity 1. Activity 0 requires accessing data object ""List of processes mapped to activities"" and ""Prioritized list of business activities"". Activity 1 requires accessing data object ""List of processes mapped to activities"" and ""Process models and descriptions [initial]"". Activity 2 happens after activity 1, and also requires accessing data object ""List of processes mapped to activities"" and ""Process models and descriptions [initial]"". Activity 3 happens after activity 2, and also requires accessing data object ""Process models and descriptions [initial]"". Activity 4 happens after activity 3, and also requires accessing data object ""Process models and descriptions [initial]"". Activity 5 happens after activity 4. Thus, the final activity diagram should look like the following:
```mermaid
graph LR
0[""StartNode""] --> 1[""Collect process list and scope""]
1 --> 2[""Conduct interviews""]
2 --> 3[""Define process models and related metrics""]
3 --> 4[""Publish process models to PCE""]
4 --> 5[""Provide comments and feedback""]
5 --> 6[""Collect and review feedback""]
6 --> 7[""EndNode""]
```"
185,"The description describes the following activities without decisions:
0. Community Manager sends a message
1. Analyze the sender
2. Analyze the message
3. Generate a reply
4. Send the reply

Activity 0 and 1, 2 happen at the same time, followed by activity 3 and 4. Thus, the final activity diagram should look like the following:
```mermaid
graph LR
0[""StartNode""] --> 1[""Community Manager sends a message""]
1 --> 2[""Analyze the sender""]
1 --> 3[""Analyze the message""]
2 --> 4[""Generate a reply""]
3 --> 4
4 --> 5[""Send the reply""]
5 --> 6[""EndNode""]
```"
186,"The description contains the following activities and decisions:
Activities:
0. Select pizza
1. Place order
2. Pizza made
3. Pizza delivered
4. Customer checks delivery
5. Customer waits
6. Customer makes payment
7. Customer receives receipt
8. Customer calls vendor
9. Customer inquires about pizza status
10. Customer asks for pizza
Decisions:
0. Pizza delivered?
1. Over 60 minutes?

The process specifies that activities 0 and 1 happen first, followed by activity 2. Then decision 0 is made. If decision 0 is yes, then activity 6 happens. If decision 0 is no, then decision 1 is made. If decision 1 is yes, then activity 8 and 9 happens. If decision 1 is no, then activity 5 happens. If decision 0 is yes, then activity 6 happens. If decision 0 is no, then activity 8 and 10 happens. Thus, the final activity diagram should look like the following:
```mermaid
graph LR
0[""StartNode""] --> 1[""Select pizza""]
1 --> 2[""Place order""]
2 --> 3[""Pizza made""]
3 --> 4[""Pizza delivered""]
4 --> |""Yes""|5[""Customer makes payment""]
4 --> |""No""|6{""Over 60 minutes?""}
6 --> |""Yes""|7[""Customer calls vendor""]
6 --> |""No""|8[""Customer waits""]
7 --> 9[""Customer inquires about pizza status""]
9 --> 10[""Customer asks for pizza""]
10 --> 5
5 --> 11[""Customer receives receipt""]
11 --> 12[""EndNode""]
```"
187,"The description contains the following activities and decisions:
Activities:
0. Complete steps within 10 working days
1. Complete steps within 30 working days
2. Send reminder
3. Cancel job
4. Give additional 10 working days
Decisions:
0. 10 working days passed?
1. 30 working days passed?

The process specifies that activities 0 and 1 happen at the same time. After that, decision 0 is made. If decision 0 is yes, then activity 2 happens. If decision 0 is no, then decision 1 is made. If decision 1 is yes, then activity 3 happens and the process ends. If decision 1 is no, then activity 4 happens. Thus, the final activity diagram should look like the following:
```mermaid
graph LR
0[""StartNode""] --> 1[""Complete steps within 10 working days""]
1 --> 2[""Complete steps within 30 working days""]
1 --> 3{""10 working days passed?""}
3 --> |""Yes""|4[""Send reminder""]
3 --> |""No""|5{""30 working days passed?""}
5 --> |""Yes""|6[""Cancel job""]
5 --> |""No""|7[""Give additional 10 working days""]
6 --> 8[""EndNode""]
7 --> 1
```"
188,"The description describes the following activities without decisions:
0. Feel tired
1. Put on pajamas
2. Brush teeth
3. Ready for bed

Activity 0 and activities 1, 2 happen at the same time. Afterwards, activity 3 happens. Thus, the final activity diagram should look like the following:
```mermaid
graph LR
0[""StartNode""] --> 1[""Feel tired""]
1 --> 2[""Put on pajamas""]
1 --> 3[""Brush teeth""]
2 --> 4[""Ready for bed""]
3 --> 4
4 --> 5[""EndNode""]
```"
189,"The description contains the following activities and decisions:
Activities:
0. Inquiry
1. Quotation
2. Purchase Order creation
3. Purchase Order issuance
4. Sales Order creation
5. Shipment
6. Update Sales Order
7. Generate Invoice/Bill
8. Send Invoice/Bill
9. Check Payment
10. Record Payment
11. Send Reminder
Decisions:
0. Pricing and Terms satisfactory?
1. Pricing and Terms satisfactory?

The process starts with activity 0, followed by activity 1. Decision 0 is made. If decision 0 is yes, then activity 2 happens. If decision 0 is no, then activity 1 happens again. Decision 1 is made. If decision 1 is yes, then activity 3 happens. If decision 1 is no, then activity 1 happens again. After that, activity 4 happens. Then activities 5, 6, 7, 8 happens in sequence. After that, decision 9 is made. If decision 9 is yes, then activity 10 happens and the process ends. If decision 9 is no, then activity 11 happens and the process ends. If activity 11 happens, then decision 9 is made again. If decision 9 is yes, then activity 10 happens and the process ends. Thus, the final activity diagram should look like the following:
```mermaid
graph LR
0[""StartNode""] --> 1[""Inquiry""]
1 --> 2[""Quotation""]
2 --> 3{""Pricing and Terms satisfactory?""}
3 --> |""Yes""|4[""Purchase Order creation""]
3 --> |""No""|5[""Quotation""]
5 --> 6{""Pricing and Terms satisfactory?""}
6 --> |""Yes""|7[""Purchase Order issuance""]
6 --> |""No""|5
7 --> 8[""Sales Order creation""]
8 --> 9[""Shipment""]
9 --> 10[""Update Sales Order""]
10 --> 11[""Generate Invoice/Bill""]
11 --> 12[""Send Invoice/Bill""]
12 --> 13[""Check Payment""]
13 --> |""Yes""|14[""Record Payment""]
13 --> |""No""|15[""Send Reminder""]
14 --> 16[""EndNode""]
15 --> 17[""EndNode""]
```"
190,"The description contains the following activities and decisions:
Activities:
0. Post job vacancy
1. Enter job profile
2. Check if job profile has been forwarded
3. Extend job profile
4. Enter job profile again
5. Check if job profile has been released
6. Create job profile
7. Choose recruiting channels
8. Select recruiting channels
Decisions:
0. Job profile forwarded?
1. Job profile released?

The process specifies that activities 0 and 1 happen first. Then decision 0 is made. If decision 0 is yes, then activity 3 happens. If decision 0 is no, then activity 4 happens. After that, decision 1 is made. If decision 1 is yes, then activity 6 happens. If decision 1 is no, then activity 3 happens. After that, activity 7 happens. Finally, activity 8 happens and the process ends. Thus, the final activity diagram should look like the following:
```mermaid
graph LR
0[""StartNode""] --> 1[""Post job vacancy""]
1 --> 2[""Enter job profile""]
2 --> 3{""Job profile forwarded?""}
3 --> |""Yes""|4[""Extend job profile""]
3 --> |""No""|5[""Enter job profile again""]
5 --> 3
4 --> 6{""Job profile released?""}
6 --> |""Yes""|7[""Create job profile""]
6 --> |""No""|4
7 --> 8[""Choose recruiting channels""]
8 --> 9[""Select recruiting channels""]
9 --> 10[""EndNode""]
```"
191,"The description describes the following activities without decisions:
0. New signup
1. Country/Origin
2. Choose Account Type
3. Enter Details
4. Verify Details and Language
5. Verify Email
6. Verify Credit Card/Bank Account
7. End

Activity 0 happens first, followed by activities 1, 2, 3 happen at the same time. Afterwards, activity 4 happens. Then activities 5 and 6 happen in sequence. Finally, activity 7 happens. Thus, the final activity diagram should look like the following:
```mermaid
graph LR
0[""StartNode""] --> 1[""New signup""]
1 --> 2[""Country/Origin""]
1 --> 3[""Choose Account Type""]
1 --> 4[""Enter Details""]
2 --> 4
3 --> 4
4 --> 5[""Verify Details and Language""]
5 --> 6[""Verify Email""]
6 --> 7[""Verify Credit Card/Bank Account""]
7 --> 8[""EndNode""]
```"
192,"The description contains the following activities and decisions:
Activities:
0. Check customer credit history
1. Search property title
2. Conduct property survey
Decisions:
0. None

The process specifies that activities 0 and 1 happen at the same time. After that, activity 2 happens. Thus, the final activity diagram should look like the following:
```mermaid
graph LR
0[""StartNode""] --> 1[""Check customer credit history""]
0 --> 2[""Search property title""]
1 --> 3[""Conduct property survey""]
2 --> 3
3 --> 4[""EndNode""]
```"
193,"The description contains the following activities and decisions:
Activities:
0. Generate payment report
1. Pay vendor
2. Send payment record to Accounts Receivable Department
3. Send payment report to registry
4. Archive invoices
5. Charge $35 per paid invoice
6. Generate monthly invoices for SSP's clients
Decisions:
0. None

The process specifies that activity 0 happens first, followed by activity 1 and 2 happen at the same time. Then activity 3 happens. After that, activity 2 happens monthly. Activity 4 happens after activity 3. Activity 5 happens monthly after activity 4. Activity 6 happens after activity 5. Thus, the final activity diagram should look like the following:
```mermaid
graph LR
0[""StartNode""] --> 1[""Generate payment report""]
1 --> 2[""Pay vendor""]
1 --> 3[""Send payment record to Accounts Receivable Department""]
1 --> 4[""Send payment report to registry""]
3 --> 5[""Archive invoices""]
4 --> 5
5 --> 6[""Charge $35 per paid invoice""]
6 --> 7[""Generate monthly invoices for SSP's clients""]
7 --> 8[""EndNode""]
```"
194,"The description describes the following activities without decisions:
0. TASK1
1. TASK2
2. TASK3
3. TASK4
4. TASK5

According to the description, activity 0 happens first, followed by activity 1. Then, activities 2, 3, and 4 happen at the same time. Finally, activity 5 happens, which marks the end of the process. Thus, the final activity diagram should look like the following:
```mermaid
graph LR
0[""StartNode""] --> 1[""TASK1""]
1 --> 2[""TASK2""]
2 --> 3[""TASK3""]
2 --> 4[""TASK4""]
2 --> 5[""TASK5""]
5 --> 6[""EndNode""]
```"
195,"The description contains the following activities and decisions:
Activities:
0. Create purchase requisition
1. Submit purchase order
2. Send ordered materials
3. Verify shipment contents
4. Communicate problems
5. Verify documents
6. Send payment
Decisions:
0. Shipment is incomplete?

The process specifies that activities 0 and 1 happen first, followed by activity 2. Then, decision 0 is made. If decision 0 is yes, then activity 4 happens, followed by activity 2. If decision 0 is no, then activity 3 happens, followed by decision 0. If decision 0 is yes, then activity 4 happens, followed by activity 2. If decision 0 is no, then activity 5 happens, followed by activity 6. Thus, the final activity diagram should look like the following:
```mermaid
graph LR
0[""StartNode""] --> 1[""Create purchase requisition""]
1 --> 2[""Submit purchase order""]
2 --> 3[""Send ordered materials""]
3 --> 4{""Verify shipment contents""}
4 --> |""Incomplete""|5[""Communicate problems""]
4 --> |""Accurate""|6[""Verify documents""]
5 --> 3
6 --> 7[""Send payment""]
7 --> 8[""EndNode""]
```"
196,"The description contains the following activities and decisions:
Activities:
0. Distribute applications to recruitment panel
1. Email evaluation sheet to recruitment panel
2. Follow up on evaluation sheets
3. Consolidate rankings
4. Distribute consolidated ranking sheet
5. End process

The process specifies that activity 0 happens first, followed by activity 1. Activity 2 happens after activity 1. Activity 3 happens after activity 2, followed by activity 4. Finally, activity 5 happens. Thus, the final activity diagram should look like the following:
```mermaid
graph LR
0[""StartNode""] --> 1[""Distribute applications to recruitment panel""]
1 --> 2[""Email evaluation sheet to recruitment panel""]
2 --> 3[""Follow up on evaluation sheets""]
3 --> 4[""Consolidate rankings""]
4 --> 5[""Distribute consolidated ranking sheet""]
5 --> 6[""EndNode""]
```"
197,"The description contains the following activities and decisions:
Activities:
0. Select case to work on
1. Perform as-is analysis
2. Develop to-be model
3. Prepare final report
4. Prepare presentation
5. Deliver presentation
6. End process

The process specifies that activities 0 and 1 happen in sequence. While activity 1 is happening, activities 2 and 3 happen at the same time. After activity 3, activity 4 happens. Then activity 5 happens. Finally, activity 6 happens. Thus, the final activity diagram should look like the following:
```mermaid
graph LR
0[""StartNode""] --> 1[""Select case to work on""]
1 --> 2[""Perform as-is analysis""]
2 --> 3[""Develop to-be model""]
2 --> 4[""Prepare final report""]
4 --> 5[""Prepare presentation""]
5 --> 6[""Deliver presentation""]
6 --> 7[""EndNode""]
```"
198,"The description contains the following activities and decisions:
Activities:
0. Procure Part
1. Check if all parts are available
2. Part Auction
Decisions:
0. All parts available?

The process specifies that activity 0 happens first, followed by decision 0. If decision 0 is yes, then the process ends. If decision 0 is no, then activity 1 happens, followed by decision 0 again. If decision 0 is yes, then the process ends. If decision 0 is no, then activity 2 happens and the process ends. Thus, the final activity diagram should look like the following:
```mermaid
graph LR
0[""StartNode""] --> 1[""Procure Part""]
1 --> 2{""All parts available?""}
2 --> |""Yes""| 3[""EndNode""]
2 --> |""No""| 4[""Check if all parts are available""]
4 --> 2
4 --> 5[""Part Auction""]
5 --> 3
```"
199,"The description contains the following activities and decisions:
Activities:
0. Loan Request
1. Collect Credit Information
2. Assess Risk
3. Request Approval
4. Accept Credit
5. Reject Credit
Decisions:
0. Amount >= 1M$
1. Risk is low

The process specifies that activities 0 and 1 happen in sequence. Then decision 0 is made. If decision 0 is yes, then activity 2 happens. If decision 0 is no, then activity 3 happens. Then decision 1 is made. If decision 1 is yes, then activity 4 happens. If decision 1 is no, then activity 3 happens again. After that, decision 4 is made. If decision 4 is yes, then the process ends. If decision 4 is no, then activity 5 happens and the process ends. Thus, the final activity diagram should look like the following:
```mermaid
graph LR
0[""StartNode""] --> 1[""Loan Request""]
1 --> 2[""Collect Credit Information""]
2 --> 3{""Amount >= 1M$""}
3 --> |""Yes""|4[""Assess Risk""]
3 --> |""No""|5[""Request Approval""]
4 --> 6{""Risk is low""}
6 --> |""Yes""|7[""Accept Credit""]
6 --> |""No""|5
5 --> 8[""Request Approval""]
8 --> 9{""Credit approved""}
9 --> |""Yes""|7
9 --> |""No""|10[""Reject Credit""]
7 --> 11[""EndNode""]
10 --> 11
```"
200,"The description describes the following activities without decisions:
0. Test-Task starts
1. Parallel 1
2. Parallel 2

According to the description, activity 0 happens first, followed by activities 1 and 2 happen at the same time. After that, the process ends. Thus, the final activity diagram should look like the following:
```mermaid
graph LR
0[""StartNode""] --> 1[""Test-Task starts""]
1 --> 2[""Parallel 1""]
1 --> 3[""Parallel 2""]
2 --> 4[""EndNode""]
3 --> 4
```"
201,"The description contains the following activities and decisions:
Activities:
0. Verify RFQ
1. Ask for more information
2. Analyze RFQ
3. Provide L&M cost estimates
4. Check if RFQ is verified
5. Ask for clarification
6. Add overhead costs
7. Generate pricing options
8. Generate sales quote
Decisions:
0. Is RFQ verified?

The process specifies that activity 0 happens first, followed by decision 0. If decision 0 is no, then activity 1 happens. If decision 0 is yes, then activities 2, 3, 4 happens in sequence. If decision 0 is no after activity 4, then activity 1 happens. If decision 0 is yes after activity 4, then activities 5, 6, 7 happens in sequence. Finally, activity 8 happens. Thus, the final activity diagram should look like the following:
```mermaid
graph LR
0[""StartNode""] --> 1[""Verify RFQ""]
1 --> 2{""Is RFQ verified?""}
2 --> |""No""|3[""Ask for more information""]
2 --> |""Yes""|4[""Analyze RFQ""]
4 --> 5[""Provide L&M cost estimates""]
5 --> 6[""Check if RFQ is verified""]
6 --> |""No""|7[""Ask for more information""]
6 --> |""Yes""|8[""Add overhead costs""]
8 --> 9[""Generate pricing options""]
9 --> 10[""Generate sales quote""]
10 --> 11[""EndNode""]
```"
202,"The description contains the following activities and decisions:
Activities:
0. Validate Invoice
1. Wait until the end of the week
2. Validate Invoice
3. Run Payment File Process
4. Generate Payment Report
5. Send Payment Report to Client
6. Send Payment Report to Registry
7. Archive Invoice
8. Generate Monthly Invoices
9. Send Report of Fees
Decisions:
0. None

The process specifies that activities 0, 1, 2 happen at the same time. Then activity 3 happens, followed by activity 4. Activity 4 happens at the same time with activity 5 and 6. Activity 5 happens at the same time with activity 7 and 8. Activity 8 happens at the same time with activity 9. Thus, the final activity diagram should look like the following:
```mermaid
graph LR
0[""StartNode""] --> 1[""Validate Invoice""]
1 --> 2[""Wait until the end of the week""]
1 --> 3[""Validate Invoice""]
3 --> 4[""Run Payment File Process""]
4 --> 5[""Generate Payment Report""]
5 --> 6[""Send Payment Report to Client""]
5 --> 7[""Send Payment Report to Registry""]
6 --> 8[""Archive Invoice""]
7 --> 8
8 --> 9[""Generate Monthly Invoices""]
9 --> 10[""Send Report of Fees""]
10 --> 11[""EndNode""]
```"
203,"The description contains the following activities and decisions:
Activities:
0. Validate invoice information for payment
1. Check validated invoices from SAP
2. Check possible date for payment
3. Arrange payment process
4. Run payment process
5. Generate payment reports
6. Send payment reports to the client
7. Send payment reports to the registry
8. Send payment reports to the accounts receivable department officer
9. Receive reports
10. Generate monthly invoices
11. Send monthly invoices to the client
Decisions:
0. None

The process specifies that activities 0, 1, 2 happens in sequence. Then activity 3 happens. After that, activity 4 happens. After activity 4, activity 5 happens. Then activities 6, 7, 8 happens at the same time. After activity 8, activity 9 happens. Then activity 10 happens. After activity 10, activity 11 happens. Thus, the final activity diagram should look like the following:
```mermaid
graph LR
0[""StartNode""] --> 1[""Validate invoice information for payment""]
1 --> 2[""Check validated invoices from SAP""]
2 --> 3[""Check possible date for payment""]
3 --> 4[""Arrange payment process""]
4 --> 5[""Run payment process""]
5 --> 6[""Generate payment reports""]
6 --> 7[""Send payment reports to the client""]
6 --> 8[""Send payment reports to the registry""]
6 --> 9[""Send payment reports to the accounts receivable department officer""]
9 --> 10[""Receive reports""]
10 --> 11[""Generate monthly invoices""]
11 --> 12[""Send monthly invoices to the client""]
12 --> 13[""EndNode""]
```"
204,"The description contains the following activities and decisions:
Activities:
0. Finish meal
1. Wash down with a refreshing drink
2. Add dish detergent
3. Let the water down
4. Sink the dirty dishes
5. Wash the dishes
Decisions:
0. Wash down with a refreshing drink?

The process specifies that activity 0 happens first. Then decision 0 is made. If decision 0 is yes, then activities 1, 2, 3, 4 happens in sequence. Finally, activity 5 happens. Thus, the final activity diagram should look like the following:
```mermaid
graph LR
0[""StartNode""] --> 1[""Finish meal""]
1 --> 2{""Wash down with a refreshing drink?""}
2 --> |""Yes""|3[""Wash down with a refreshing drink""]
2 --> |""No""|4[""Wash the dishes""]
3 --> 4[""Add dish detergent""]
3 --> 5[""Let the water down""]
3 --> 6[""Sink the dirty dishes""]
4 --> 6
6 --> 4
4 --> 7[""EndNode""]
```"
205,"The description contains the following activities and decisions:
Activities:
0. Check availability with supplier
1. Check if item is deliverable
2. Order item from supplier
3. Wait for article to be received
4. Procure article
Decisions:
0. Will it take more than 2 days to deliver?
1. Is the item deliverable?

The process specifies that activity 0 happens first, followed by decision 1. If decision 1 is no, then the process ends. If decision 1 is yes, then decision 0 is made. If decision 0 is yes, then activity 3 happens, followed by activity 4. If decision 0 is no, then activity 2 happens. Thus, the final activity diagram should look like the following:
```mermaid
graph LR
0[""StartNode""] --> 1[""Check availability with supplier""]
1 --> 2{""Is the item deliverable?""}
2 --> |""No""| 3[""EndNode""]
2 --> 4{""Will it take more than 2 days to deliver?""}
4 --> |""Yes""| 5[""Late delivery""]
4 --> |""No""| 6[""Order item from supplier""]
5 --> 6
6 --> 7[""Wait for article to be received""]
7 --> 8[""Procure article""]
8 --> 9[""EndNode""]
```"
206,"The description contains the following activities and decisions:
Activities:
0. BI.BI
1. BJ.BJ
2. DP.DP
3. BG.BG
4. DO
5. DL
6. DN.DM
7. DD
8. DB
The process specifies that activities 0, 1, 2, 3, 4 happens in sequence. At the same time, activities 5, 6, 7 happens in sequence. After activity 7, activity 8 happens. Thus, the final activity diagram should look like the following:
```mermaid
graph LR
0[""StartNode""] --> 1[""BI.BI""]
1 --> 2[""BJ.BJ""]
2 --> 3[""DP.DP""]
3 --> 4[""BG.BG""]
4 --> 5[""DO""]
5 --> 6[""DL""]
6 --> 7[""DN.DM""]
7 --> 8[""DD""]
8 --> 9[""DB""]
9 --> 10[""EndNode""]
```"
207,"The description contains the following activities and decisions:
Activities:
0. Pay Invoices
1. Generate Payment Report
2. Send Payment Report to Accounts Receivable Department
3. Send Payment Report to Registry
4. Generate Monthly Invoices for Clients
5. Select Paper-based Invoices
6. Sort Invoices per Client
7. Sort Invoices per Payment Data
8. Archive Invoices
Decisions:
0. None

The process specifies that activities 0 and 1 happen first, followed by activity 2 and 3 happen at the same time. After activity 2, activity 4 happens. After activity 3, activity 5 happens. After activity 4, activity 6 happens. After activity 5, activity 7 happens. Finally, activity 8 happens. Thus, the final activity diagram should look like the following:
```mermaid
graph LR
0[""StartNode""] --> 1[""Pay Invoices""]
1 --> 2[""Generate Payment Report""]
1 --> 3[""Send Payment Report to Accounts Receivable Department""]
1 --> 4[""Send Payment Report to Registry""]
2 --> 5[""Generate Monthly Invoices for Clients""]
3 --> 6[""Select Paper-based Invoices""]
4 --> 6
5 --> 7[""Sort Invoices per Client""]
7 --> 8[""Sort Invoices per Payment Data""]
8 --> 9[""Archive Invoices""]
6 --> 9
9 --> 10[""EndNode""]
```"
208,"The description describes the following activities without decisions:
0. Request for Quotation
1. Sales
2. Contract Establishment
3. Order Management
4. Backlog Management
5. Revenue Realization
6. Process concludes

The process specifies that activities 0 and 1 happen in sequence, followed by activity 2. Then activity 3 happens, followed by activity 4 and 5 happen in sequence. Finally, activity 6 happens. Thus, the final activity diagram should look like the following:
```mermaid
graph LR
0[""StartNode""] --> 1[""Request for Quotation""]
1 --> 2[""Sales""]
2 --> 3[""Contract Establishment""]
3 --> 4[""Order Management""]
4 --> 5[""Backlog Management""]
5 --> 6[""Revenue Realization""]
6 --> 7[""EndNode""]
```"
209,"The description contains the following activities and decisions:
Activities:
0. Send cost calculation to client
1. Receive answer from client
2. Check and repair computer
3. Client takes computer home
4. Computer remains defective
Decisions:
0. Client's decision

The process specifies that activity 0 happens first, followed by activity 1. Then decision 0 is made. If decision 0 is ""accepted"", then activity 2 happens. If decision 0 is ""not accepted"", then activity 3 happens. Then decision 0 is made again. If decision 0 is ""computer remains defective"", then the process ends. If decision 0 is ""computer is fixed"", then activity 2 happens. Thus, the final activity diagram should look like the following:
```mermaid
graph LR
0[""StartNode""] --> 1[""Send cost calculation to client""]
1 --> 2[""Receive answer from client""]
2 --> 3{""Client's decision""}
3 --> |""accepted""|4[""Check and repair computer""]
3 --> |""not accepted""|5[""Client takes computer home""]
4 --> 6{""Computer is fixed""}
6 --> 4
5 --> 7{""Computer remains defective""}
7 --> 8[""EndNode""]
```"
210,"The description describes the following activities without decisions:
0. Arrange invoices
1. Sort invoices
2. Staple entry form
3. Enter vendor name
4. Enter client name
5. Enter date of arrival
6. End process

Activities 0 and 1 happen first, followed by activity 2, 3, 4, and 5 happen at the same time. Thus, the final activity diagram should look like the following:
```mermaid
graph LR
0[""StartNode""] --> 1[""Arrange invoices""]
1 --> 2[""Sort invoices""]
2 --> 3[""Staple entry form""]
2 --> 4[""Enter vendor name""]
2 --> 5[""Enter client name""]
2 --> 6[""Enter date of arrival""]
3 --> 7[""End process""]
4 --> 7
5 --> 7
6 --> 7
```"
211,"The description contains the following activities and decisions:
Activities:
0. Receive claim
1. Check completeness
2. Send failure notice
3. Check insurance case
4. Send expert
5. Define insurance case
6. Wait for invoice
7. Pay invoice
Decisions:
0. Data complete?

The process specifies that activities 0 and 1 happen in sequence. Then decision 0 is made. If decision 0 is yes, then activities 3, 4, 5, 6, 7 happens in sequence. If decision 0 is no, then activity 2 happens and the process ends. Thus, the final activity diagram should look like the following:
```mermaid
graph LR
0[""StartNode""] --> 1[""Receive claim""]
1 --> 2[""Check completeness""]
2 --> 3{""Data complete?""}
3 --> |""Yes""|4[""Check insurance case""]
3 --> |""No""|5[""Send failure notice""]
4 --> 6[""Send expert""]
6 --> 7[""Define insurance case""]
7 --> 8[""Wait for invoice""]
8 --> 9[""Pay invoice""]
9 --> 10[""EndNode""]
```"
212,"The description contains the following activities and decisions:
Activities:
0. Request for Quotation
1. Customer submits RFQ
2. Quotation submitted
3. Receive Quotation
4. Submit Purchase Order
5. Send Goods
6. Mark Goods as sent
7. Send Invoice
8. Mark Invoice as sent
Decisions:
0. None

The process specifies that activities 0 and 1 happen in sequence, followed by activity 2. Then activity 3 happens, followed by activity 4. Then activities 5 and 7 happen at the same time, followed by activities 6 and 8. The process ends when either activity 6 or 8 happens. Thus, the final activity diagram should look like the following:
```mermaid
graph LR
0[""StartNode""] --> 1[""Request for Quotation""]
1 --> 2[""Customer submits RFQ""]
2 --> 3[""Quotation submitted""]
3 --> 4[""Receive Quotation""]
4 --> 5[""Submit Purchase Order""]
5 --> 6[""Send Goods""]
5 --> 7[""Send Invoice""]
6 --> 8[""Mark Goods as sent""]
7 --> 9[""Mark Invoice as sent""]
8 --> 10[""EndNode""]
9 --> 10
```"
213,"The description contains the following activities and decisions:
Activities:
0. Check if order has been received
1. Check availability of article
2. Procurement process
3. Ship article
4. Check availability of article again
5. Financial settlement
6. Wait for payment to be received
Decisions:
0. Article available?

The process specifies that activities 0 and 1 happen in sequence. Then decision 0 is made. If decision 0 is no, then activity 2 happens. If decision 0 is yes, then activity 3 happens. Then activity 4 happens. If decision 0 is no, then activity 2 happens. If decision 0 is yes, then activity 3 happens. Then activity 5 happens. Finally, activity 6 happens. Thus, the final activity diagram should look like the following:
```mermaid
graph LR
0[""StartNode""] --> 1[""Check if order has been received""]
1 --> 2[""Check availability of article""]
2 --> 3{""Article available?""}
3 --> |""No""|4[""Procurement process""]
3 --> |""Yes""|5[""Ship article""]
5 --> 6[""Check availability of article again""]
6 --> 7{""Article available?""}
7 --> |""No""|8[""Procurement process""]
7 --> |""Yes""|9[""Financial settlement""]
9 --> 10[""Wait for payment to be received""]
10 --> 11[""EndNode""]
```"
214,"The description contains the following activities and decisions:
Activities:
0. Mark Invoice as Paid
1. Send the report
2. Generate the monthly invoices
3. Charge $35 for each paid invoice
Decisions:
0. None

The process specifies that activity 0 happens first, followed by activity 1, 2, and 3 happen in sequence. However, it seems there is a repetition in the description, it says ""Send the report"" three times, but it is likely that it should be a single activity. Thus, the final activity diagram should look like the following:
```mermaid
graph LR
0[""StartNode""] --> 1[""Mark Invoice as Paid""]
1 --> 2[""Send the report""]
2 --> 3[""Generate the monthly invoices""]
3 --> 4[""Charge $35 for each paid invoice""]
4 --> 5[""EndNode""]
```"
215,"The description contains the following activities and decisions:
Activities:
0. Check if query is from trusted or non-trusted partner
1. Authorization based on access control policy
2. Specify level of visibility
3. Acting as NodeRefs for initial negotiation
4. Establishing a trust relationship and an access control policy
Decisions:
0. Query is from trusted or non-trusted partner?

The process specifies that activity 0 happens first, followed by decision 0. If decision 0 is yes, then activity 1 happens and the process ends. If decision 0 is no, then activity 2 happens. Then activity 0 happens again, followed by decision 0. If decision 0 is yes, then activity 1 happens and the process ends. If decision 0 is no, then activity 3 happens, followed by activity 4 and the process ends. Thus, the final activity diagram should look like the following:
```mermaid
graph LR
0[""StartNode""] --> 1[""Check if query is from trusted or non-trusted partner""]
1 --> |""Yes""|2[""Authorization based on access control policy""]
1 --> |""No""|3[""Specify level of visibility""]
3 --> 4[""Check if query is from trusted or non-trusted partner""]
4 --> |""Yes""|5[""Authorization based on access control policy""]
4 --> |""No""|6[""Acting as NodeRefs for initial negotiation""]
6 --> 7[""Establishing a trust relationship and an access control policy""]
7 --> 8[""EndNode""]
5 --> 8
```"
216,"The description contains the following activities and decisions:
Activities:
0. Verify stock quantities
1. Pack the goods
2. Create purchase order
3. Prepare to ship purchase order
4. Prepare shipment
Decisions:
0. Items in stock?

The process specifies that activity 0 happens first, followed by decision 0. If decision 0 is yes, then activity 1 happens, followed by activity 3. If decision 0 is no, then activity 2 happens, and then activity 3 happens. After activity 3, activity 4 happens. Thus, the final activity diagram should look like the following:
```mermaid
graph LR
0[""StartNode""] --> 1[""Verify stock quantities""]
1 --> 2{""Items in stock?""}
2 --> |""Yes""|3[""Pack the goods""]
2 --> |""No""|4[""Create purchase order""]
3 --> 5[""Prepare to ship purchase order""]
4 --> 5
5 --> 6[""Prepare shipment""]
6 --> 7[""EndNode""]
```"
217,"The description contains the following activities without decisions:
0. Purchase Raw Materials
1. Make Production Plan
2. Manufacture products

Activity 0 and 1 happen at the same time, followed by activity 2. Thus, the final activity diagram should look like the following:
```mermaid
graph LR
0[""StartNode""] --> 1[""Purchase Raw Materials""]
0 --> 2[""Make Production Plan""]
1 --> 3[""Manufacture products""]
2 --> 3
3 --> 4[""EndNode""]
```"
218,"The description contains the following activities and decisions:
Activities:
0. Prepare feedback proposal
1. Send for approval
2. Wait for dean's approval
3. Receive denial
4. Prepare feedback proposal again
5. Receive approval
6. Request feedback
7. Wait for feedback receipt
8. Reply to feedback
9. Collect all feedback
10. Send collected feedback
11. Wait for collected feedback receipt
12. Analyze collected feedback
Decisions:
0. Feedback proposal approved?

The process specifies that activities 0 and 1 happen in sequence. Then decision 0 is made. If decision 0 is no, then activity 3 happens, followed by activity 4. If decision 0 is yes, then activities 5, 6, 7, 8, 9, 10, 11, 12 happens in sequence. Thus, the final activity diagram should look like the following:
```mermaid
graph LR
0[""StartNode""] --> 1[""Prepare feedback proposal""]
1 --> 2[""Send for approval""]
2 --> 3{""Feedback proposal approved?""}
3 --> |""No""|4[""Receive denial""]
3 --> |""Yes""|5[""Request feedback""]
4 --> 6[""Prepare feedback proposal again""]
5 --> 7[""Wait for feedback receipt""]
7 --> 8[""Reply to feedback""]
8 --> 9[""Collect all feedback""]
9 --> 10[""Send collected feedback""]
10 --> 11[""Wait for collected feedback receipt""]
11 --> 12[""Analyze collected feedback""]
12 --> 13[""EndNode""]
```"
219,"The description contains the following activities and decisions:
Activities:
0. Start and enter metadata
1. IN-Patient step
2. Send data to suppliers
3. Create a claim
4. Extract data from suppliers
5. Transfer data to doctor's phone
6. Confirm GOP
7. Register case
8. Handle claim
9. Enter data on patient's record
10. Confirm IN-Patient status
11. Receive payment

The process specifies that activities 0 and 1 happen first, followed by activities 2 and 3 happen at the same time. Then activity 4 happens, followed by activity 5. After that, activity 6 happens. Then there are two parallel paths:
- Path 1: activity 7, 8, 10, 11 happen in sequence.
- Path 2: activity 9, 8, 11 happen in sequence.

Thus, the final activity diagram should look like the following:
```mermaid
graph LR
0[""StartNode""] --> 1[""Start and enter metadata""]
1 --> 2[""IN-Patient step""]
1 --> 3[""Send data to suppliers""]
1 --> 4[""Create a claim""]
3 --> 5[""Extract data from suppliers""]
5 --> 6[""Transfer data to doctor's phone""]
6 --> 7[""Confirm GOP""]
2 --> 8[""Register case""]
2 --> 9[""Handle claim""]
8 --> 10[""Enter data on patient's record""]
9 --> 10
8 --> 11[""Receive payment""]
9 --> 11
10 --> 11
```"
220,"The description contains the following activities and decisions:
Activities:
0. Wait for application form
1. Make assessment
2. Focus on specific task
3. Pay attention to sub-process
4. Check for offer
5. Offer mortgage
6. Send rejection
Decisions:
0. Offer available?

The process specifies that activity 0 happens first, followed by activities 2 and 3 happen at the same time. Then activity 1 happens. After that, decision 0 is made. If decision 0 is yes, then activity 5 happens and the process ends. If decision 0 is no, then activity 6 happens and the process ends. If activity 6 happens, then decision 0 is made again. If decision 0 is yes, then activity 5 happens and the process ends. If decision 0 is no, then activity 6 happens and the process ends. Thus, the final activity diagram should look like the following:
```mermaid
graph LR
0[""StartNode""] --> 1[""Wait for application form""]
1 --> 2[""Focus on specific task""]
1 --> 3[""Pay attention to sub-process""]
2 --> 4[""Make assessment""]
4 --> 5{""Offer available?""}
5 --> |""Yes""|6[""Offer mortgage""]
5 --> |""No""|7[""Send rejection""]
6 --> 8[""EndNode""]
7 --> 9{""Offer available?""}
9 --> |""Yes""|6
9 --> |""No""|7
```"
221,"The description describes the following activities without decisions:
0. Check volume of work
1. Prepare timetable
2. Publish timetable
3. Check availability of workers
4. Fill shift sheet
5. Publish shift schedule

Activity 0 happens first, followed by activity 1. Then activity 2 happens. Activity 3 and 4 happen at the same time. Finally, activity 5 happens. Thus, the final activity diagram should look like the following:
```mermaid
graph LR
0[""StartNode""] --> 1[""Check volume of work""]
1 --> 2[""Prepare timetable""]
2 --> 3[""Publish timetable""]
3 --> 4[""Check availability of workers""]
3 --> 5[""Fill shift sheet""]
4 --> 5
5 --> 6[""Publish shift schedule""]
6 --> 7[""EndNode""]
```"
222,"The description contains the following activities and decisions:
Activities:
0. Check if we can fulfill the order request
1. Order confirmation
2. Reject the order
Decisions:
0. Can we fulfill the order request?

The process specifies that activity 0 happens first, followed by decision 0. If decision 0 is yes, then activity 1 happens and the process ends. If decision 0 is no, then activity 2 happens and the process ends. Then activity 0 happens again, followed by decision 0. If decision 0 is yes, then activity 1 happens and the process ends. If decision 0 is no, then activity 2 happens and the process ends. Thus, the final activity diagram should look like the following:
```mermaid
graph LR
0[""StartNode""] --> 1{""Can we fulfill the order request?""}
1 --> |""Yes""|2[""Order confirmation""]
1 --> |""No""|3[""Reject the order""]
2 --> 4[""EndNode""]
3 --> 4
5[""StartNode""] --> 1
5 --> 1
```"
223,"The description contains the following activities and decisions:
Activities:
0. Determine workday
1. Determine season
2. Determine working hours
3. Determine thermostat temperature
Decisions:
0. None

The process specifies that activities 0 and 1 happen at the same time. Then, activity 2 happens, followed by activity 3. Thus, the final activity diagram should look like the following:
```mermaid
graph LR
0[""StartNode""] --> 1[""Determine workday""]
0 --> 2[""Determine season""]
1 --> 3[""Determine working hours""]
2 --> 3
3 --> 4[""Determine thermostat temperature""]
4 --> 5[""EndNode""]
```"
224,"The description contains the following activities and decisions:
Activities:
0. Check query source
1. Authorization based on access control policy
2. Specify level of visibility
3. Acting as NodeRefs for initial negotiation
Decisions:
0. Query source trusted or non-trusted?

The process specifies that activity 0 happens first, followed by decision 0. If decision 0 is yes, then activity 1 happens and the process ends. If decision 0 is no, then activity 2 happens. Then activity 0 happens again, followed by decision 0. If decision 0 is yes, then activity 1 happens and the process ends. If decision 0 is no, then activity 3 happens and the process ends. Thus, the final activity diagram should look like the following:
```mermaid
graph LR
0[""StartNode""] --> 1[""Check query source""]
1 --> 2{""Query source trusted or non-trusted?""}
2 --> |""Yes""|3[""Authorization based on access control policy""]
2 --> |""No""|4[""Specify level of visibility""]
3 --> 5[""EndNode""]
4 --> 1
4 --> 6[""Acting as NodeRefs for initial negotiation""]
6 --> 5
```"
225,"The description contains the following activities and decisions:
Activities:
0. Enter order
1. Check if product is on sale
2. Confirm order placement
3. Dismiss order
4. Order is placed
5. Order is not placed
Decisions:
0. Product is on sale?

The process specifies that activity 0 happens first, followed by decision 0. If decision 0 is yes, then activity 2 happens. If decision 0 is no, then activity 1 happens again. If decision 0 is yes, then activity 2 happens. If decision 0 is no, then activity 3 happens. If activity 2 happens, then activity 4 happens and the process ends. If activity 3 happens, then activity 5 happens and the process ends. Thus, the final activity diagram should look like the following:
```mermaid
graph LR
0[""StartNode""] --> 1[""Enter order""]
1 --> 2{""Product is on sale?""}
2 --> |""Yes""|3[""Confirm order placement""]
2 --> |""No""|4[""Check if product is on sale""]
3 --> 5[""Order is placed""]
4 --> 2
5 --> 6[""Dismiss order""]
6 --> 7[""Order is not placed""]
```"
226,"The description contains the following activities and no decisions:
Activities:
0. Request for Quotation
1. Sales
2. Contract Establishment
3. Order Management
4. Backlog Management
5. Revenue Realization
6. End

The process specifies that activities 0 and 1 happen in sequence, followed by activity 2. Then activity 3 happens, followed by activity 4 and 5 in sequence. Finally, activity 6 happens. Thus, the final activity diagram should look like the following:
```mermaid
graph LR
0[""StartNode""] --> 1[""Request for Quotation""]
1 --> 2[""Sales""]
2 --> 3[""Contract Establishment""]
3 --> 4[""Order Management""]
4 --> 5[""Backlog Management""]
5 --> 6[""Revenue Realization""]
6 --> 7[""EndNode""]
```"
227,"The description describes the following activities without decisions:
0. Enter required information
1. Enter client name
2. Enter vendor name
3. Enter date of arrival
4. End process

Activity 0 and 1, 2, 3 happen at the same time. Thus, the final activity diagram should look like the following:
```mermaid
graph LR
0[""StartNode""] --> 1[""Enter required information""]
1 --> 2[""Enter client name""]
1 --> 3[""Enter vendor name""]
1 --> 4[""Enter date of arrival""]
4 --> 5[""EndNode""]
```"
228,"The description contains the following activities and decisions:
Activities:
0. Verify RFQ
1. Ask for more information
2. Analyze RFQ
3. Provide L&M Cost Estimates
4. Add overhead costs
5. Generate pricing options
6. Provide clarification
7. Generate Sales Quote
Decisions:
0. RFQ verified?

The process starts with activity 0. If decision 0 is no, then activity 1 happens. If decision 0 is yes, then activity 2 happens. However, if activity 1 happens, then activity 6 happens, followed by activity 2. After activity 2, activity 4 happens, followed by activity 5. After activity 5, activity 7 happens. Thus, the final activity diagram should look like the following:
```mermaid
graph LR
0[""StartNode""] --> 1{""RFQ verified?""}
1 --> |""No""|2[""Ask for more information""]
1 --> |""Yes""|3[""Analyze RFQ""]
2 --> 4[""Provide clarification""]
4 --> 3
3 --> 5[""Provide L&M Cost Estimates""]
5 --> 6[""Add overhead costs""]
6 --> 7[""Generate pricing options""]
7 --> 8[""Generate Sales Quote""]
8 --> 9[""EndNode""]
```"
229,"The description contains the following activities and decisions:
Activities:
0. Check if order request can be fulfilled
1. Confirmation
2. Rejection
3. Transmit delivery information
4. Shipment
5. Mark order as fulfilled
Decisions:
0. Can order request be fulfilled?

The process specifies that activity 0 happens first, followed by decision 0. If decision 0 is yes, then activities 1, 3, 4 happens in sequence. If decision 0 is no, then activity 2 happens and the process ends. If activity 3 happens, then activity 4 happens. If activity 4 happens, then activity 5 happens and the process ends. Thus, the final activity diagram should look like the following:
```mermaid
graph LR
0[""StartNode""] --> 1{""Can order request be fulfilled?""}
1 --> |""Yes""|2[""Confirmation""]
1 --> |""No""|3[""Rejection""]
2 --> 4[""Transmit delivery information""]
4 --> 5[""Shipment""]
5 --> 6[""Mark order as fulfilled""]
6 --> 7[""EndNode""]
3 --> 7
```"
230,"The description contains the following activities and decisions:
Activities:
0. Check if Change Request is realizable
1. Create new transport request
2. Withdraw correction
3. Select request type
4. Log on to development system
5. Proceed with customizing or workbench development
6. Release transport request
7. Pass correction to test
8. Log on to test system
9. Check status
10. Confirm successful test
11. Send email to change manager
12. Reset correction
13. Evaluate correction
14. Log on to development system
Decisions:
0. Is Change Request realizable?
1. Is it a workbench or customizing request?
2. Is the test successful?

The process specifies that activity 0 happens first, followed by decision 0. If decision 0 is yes, then activities 1, 3, 4, 5, 6 happens in sequence. If decision 0 is no, then activity 2 happens and the process ends. If activity 6 happens, then activity 7 happens. If activity 7 happens, then activity 8 happens. If activity 8 happens, then decision 2 is made. If decision 2 is yes, then activity 11 happens and the process ends. If decision 2 is no, then activity 12 happens, followed by activity 13 and 14. Thus, the final activity diagram should look like the following:
```mermaid
graph LR
0[""StartNode""] --> 1[""Check if Change Request is realizable""]
1 --> |""Yes""|2[""Create new transport request""]
1 --> |""No""|3[""Withdraw correction""]
2 --> 4[""Select request type""]
4 --> 5{""Is it a workbench or customizing request?""}
5 --> |""Workbench""|6[""Log on to development system""]
5 --> |""Customizing""|6
6 --> 7[""Proceed with customizing or workbench development""]
7 --> 8[""Release transport request""]
8 --> 9[""Pass correction to test""]
9 --> 10[""Log on to test system""]
10 --> 11{""Is the test successful?""}
11 --> |""Yes""|12[""Confirm successful test""]
11 --> |""No""|13[""Reset correction""]
13 --> 14[""Evaluate correction""]
14 --> 15[""Log on to development system""]
12 --> 16[""Send email to change manager""]
16 --> 17[""EndNode""]
```"
231,"The description contains the following activities and decisions:
Activities:
0. Ask 1st Level Support
1. Provide feedback for account manager
2. Ask developer for assistance
3. Check result
4. Provide feedback for account manager
5. Ask developer for help
6. Provide feedback for 1st Level support
7. Provide feedback for account manager
Decisions:
0. Issue resolved?

The process specifies that activity 0 happens first. Then decision 0 is made. If decision 0 is yes, then activity 1 happens. If decision 0 is no, then activity 2 happens. Then decision 0 is made again. If decision 0 is yes, then activity 1 happens. If decision 0 is no, then activity 5 happens. Then activity 6 happens. After that, activity 7 happens. Finally, activity 6 happens again. Thus, the final activity diagram should look like the following:
```mermaid
graph LR
0[""StartNode""] --> 1[""Ask 1st Level Support""]
1 --> 2{""Issue resolved?""}
2 --> |""Yes""|3[""Provide feedback for account manager""]
2 --> |""No""|4[""Ask developer for assistance""]
4 --> 5{""Issue resolved?""}
5 --> |""Yes""|3
5 --> |""No""|6[""Ask developer for help""]
6 --> 7[""Provide feedback for 1st Level support""]
7 --> 8[""Provide feedback for account manager""]
8 --> 9[""Provide feedback for 1st Level support""]
```"
232,"The description contains the following activities and decisions:
Activities:
0. Inquire about product availability
1. Create quotation
2. Check pricing and terms
3. Send purchase order to Sales
4. Create sales order
5. Prepare and send shipment
6. Check quantity of products
7. Back order and document unavailable parts
8. Update Sales Order and shipped by data
9. Check if payment has been received
10. Send payment reminder
Decisions:
0. Pricing and terms satisfactory?
1. Payment received?

The process specifies that activities 0 and 1 happen in sequence. Then decision 0 is made. If decision 0 is yes, then activity 2 happens, followed by activity 3. If decision 0 is no, then activity 0 happens again. If decision 0 is yes, then activity 4 happens, followed by activity 5. Then decision 1 is made. If decision 1 is yes, then activity 8 happens, followed by decision 2. If decision 2 is yes, then the process ends. If decision 2 is no, then activity 6 happens. If activity 6 is yes, then activity 7 happens and the process ends. If activity 6 is no, then activity 9 happens. If activity 9 is yes, then the process ends. If activity 9 is no, then activity 10 happens and the process ends. Thus, the final activity diagram should look like the following:
```mermaid
graph LR
0[""StartNode""] --> 1[""Inquire about product availability""]
1 --> 2[""Create quotation""]
2 --> 3{""Pricing and terms satisfactory?""}
3 --> |""Yes""|4[""Send purchase order to Sales""]
3 --> |""No""|5[""Inquire about product availability""]
4 --> 6[""Create sales order""]
6 --> 7[""Prepare and send shipment""]
7 --> 8{""Quantity of products sufficient?""}
8 --> |""Yes""|9[""Update Sales Order and shipped by data""]
8 --> |""No""|10[""Back order and document unavailable parts""]
9 --> 11{""Payment received?""}
11 --> |""Yes""|12[""EndNode""]
11 --> |""No""|13{""Payment over 30 days late?""}
13 --> |""Yes""|14[""Send payment reminder""]
14 --> 12
```"
233,"The description contains the following activities and decisions:
Activities:
0. Product Inquiry
1. Create Price Quote
2. Create Sales Order
3. Ship Items
4. Prepare Invoice
5. Process Payment
6. Send Reminder
7. Backorder
Decisions:
0. Sufficient Quantities?
1. Payment Received <30 days?

The process specifies that activities 0 and 1 happen in sequence. Then activity 2 happens. After that, decision 0 is made. If decision 0 is yes, then activity 3 happens. If decision 0 is no, then activity 7 happens and the process ends. If decision 0 is yes, then activity 3 happens, followed by decision 0 being made again. If decision 0 is no, then activity 7 happens and the process ends.

After activity 3, activity 4 happens. Then decision 1 is made. If decision 1 is yes, then activity 5 happens and the process ends. If decision 1 is no, then activity 6 happens and the process ends. If decision 1 is yes, then activity 5 happens and the process ends. If decision 1 is no, then activity 6 happens and the process ends.

Thus, the final activity diagram should look like the following:
```mermaid
graph LR
0[""StartNode""] --> 1[""Product Inquiry""]
1 --> 2[""Create Price Quote""]
2 --> 3[""Create Sales Order""]
3 --> 4{""Sufficient Quantities?""}
4 --> |""Yes""|5[""Ship Items""]
4 --> |""No""|6[""Backorder""]
5 --> 7[""Prepare Invoice""]
7 --> 8{""Payment Received <30 days?""}
8 --> |""Yes""|9[""Process Payment""]
8 --> |""No""|10[""Send Reminder""]
9 --> 11[""EndNode""]
10 --> 11
```"
234,"The description describes the following activities without decisions:
0. Arrive at shopping mall
1. Choose presents
2. Buy perfume
3. Buy necklace
4. Finish shopping

Activity 0 happens first, followed by activity 1 and 2 and 3 happen at the same time. Afterwards, activity 4 happens. Thus, the final activity diagram should look like the following:
```mermaid
graph LR
0[""StartNode""] --> 1[""Arrive at shopping mall""]
1 --> 2[""Choose presents""]
1 --> 3[""Buy perfume""]
1 --> 4[""Buy necklace""]
2 --> 5[""Finish shopping""]
3 --> 5
4 --> 5
5 --> 6[""EndNode""]
```"
235,"The description describes the following activities without decisions:
0. Initiate process
1. Buy a Car
2. Choose a Bike
3. Buy a House
4. Buy a Kitchen
5. Buy a Pizza
6. Buy a Mountain Bike
7. Buy a City Bike

The process starts with activity 0. Then, activities 1 and 2 happen at the same time, and activities 3 and 4 happen at the same time. After that, activity 5 happens. Then, activities 6 and 7 happen at the same time. Finally, the process ends. Thus, the final activity diagram should look like the following:
```mermaid
graph LR
0[""StartNode""] --> 1[""Initiate process""]
1 --> 2[""Buy a Car""]
1 --> 3[""Choose a Bike""]
1 --> 4[""Buy a House""]
1 --> 5[""Buy a Kitchen""]
2 --> 6[""Buy a Pizza""]
4 --> 6
3 --> 6
6 --> 7[""Buy a Mountain Bike""]
6 --> 8[""Buy a City Bike""]
7 --> 8
8 --> 9[""EndNode""]
```"
236,"The description contains the following activities and decisions:
Activities:
0. Receive purchase invoice with validated invoice information
1. Check validated invoices from SAP
2. Check possible date for payment
3. Make payment
4. Arrange payment process
5. Run payment process
6. Generate payment reports
7. Send payment reports to client
8. Send payment reports to registry
9. Send payment reports to accounts receivable department officer
10. Receive payment reports
11. Generate monthly invoices
12. Send SSP invoice to client
Decisions:
0. None

The process specifies that activities 0, 1, 2, 3, 4 happens in sequence. Then activity 5 happens. After that, activity 6 happens. Then activity 7, 8, 9 happens in sequence. After that, activity 10 happens. Then activity 11 happens. Finally, activity 12 happens. Thus, the final activity diagram should look like the following:
```mermaid
graph LR
0[""StartNode""] --> 1[""Receive purchase invoice with validated invoice information""]
1 --> 2[""Check validated invoices from SAP""]
2 --> 3[""Check possible date for payment""]
3 --> 4[""Make payment""]
4 --> 5[""Arrange payment process""]
5 --> 6[""Run payment process""]
6 --> 7[""Generate payment reports""]
7 --> 8[""Send payment reports to client""]
8 --> 9[""Send payment reports to registry""]
9 --> 10[""Send payment reports to accounts receivable department officer""]
10 --> 11[""Receive payment reports""]
11 --> 12[""Generate monthly invoices""]
12 --> 13[""Send SSP invoice to client""]
13 --> 14[""EndNode""]
```"
237,"The description contains the following activities and decisions:
Activities:
0. Incident Identification
1. Incident Logging
2. Incident Categorization
3. Incident Prioritization
4. Request Fulfilment
5. Initial Diagnosis
6. Escalate Incident
7. Investigation and Diagnosis
8. Incident Closure
Decisions:
0. Is it a ""Service Request""?
1. Is it a ""Major Incident""?
2. Was the incident ""Fixed in agreed time""?
3. Is hierarchic escalation needed?

The process specifies that activities 0, 1, 2 happens in sequence. Then decision 0 is made. If decision 0 is no, then activity 3 happens. If decision 0 is yes, then activity 4 happens and the process ends. If decision 0 is no, then decision 1 is made. If decision 1 is no, then activity 5 happens. If decision 1 is yes, then activity 6 happens and the process ends. If decision 1 is no, then decision 2 is made. If decision 2 is no, then decision 3 is made. If decision 3 is yes, then activity 6 happens and the process ends. If decision 3 is no, then activity 7 happens. If decision 3 is no, then decision 3 is made again. If decision 3 is no, then activity 8 happens and the process ends. Thus, the final activity diagram should look like the following:
```mermaid
graph LR
0[""StartNode""] --> 1[""Incident Identification""]
1 --> 2[""Incident Logging""]
2 --> 3[""Incident Categorization""]
3 --> 4{""Is it a Service Request?""}
4 --> |""Yes""|5[""Request Fulfilment""]
4 --> |""No""|6{""Is it a Major Incident?""}
6 --> |""Yes""|7[""Escalate Incident""]
6 --> |""No""|8{""Was the incident Fixed in agreed time?""}
8 --> |""Yes""|9{""Is hierarchic escalation needed?""}
8 --> |""No""|10{""Is hierarchic escalation needed?""}
9 --> |""Yes""|7[""Escalate Incident""]
9 --> |""No""|11[""Investigation and Diagnosis""]
10 --> |""Yes""|7[""Escalate Incident""]
10 --> |""No""|11[""Investigation and Diagnosis""]
11 --> 12{""Is hierarchic escalation needed?""}
12 --> |""Yes""|7[""Escalate Incident""]
12 --> |""No""|13[""Incident Closure""]
13 --> 14[""EndNode""]
```"
238,"The description contains the following activities and decisions:
Activities:
0. Send main document
1. Send Supplement A
2. Send Supplement B
3. Conclude process
Decisions:
0. Should we send Supplement A?
1. Should we send Supplement A again?
2. Should we send Supplement B?

The process specifies that activity 0 happens first, followed by decision 0. If decision 0 is yes, then activity 1 happens, followed by decision 1. If decision 1 is yes, then activity 1 happens again. If decision 1 is no, then decision 2 is made. If decision 2 is no, then the process ends. If decision 2 is yes, then activity 2 happens, followed by activity 3. Thus, the final activity diagram should look like the following:
```mermaid
graph LR
0[""StartNode""] --> 1[""Send main document""]
1 --> 2{""Should we send Supplement A?""}
2 --> |""Yes""|3[""Send Supplement A""]
2 --> |""No""|4[""EndNode""]
3 --> 5{""Should we send Supplement A again?""}
5 --> |""Yes""|3
5 --> |""No""|6{""Should we send Supplement B?""}
6 --> |""No""|4
6 --> |""Yes""|7[""Send Supplement B""]
7 --> 8[""Conclude process""]
```"
239,"The description describes the following activities without decisions:
0. Receive email with survey and testimonial request
1. Receive survey
2. Receive testimonial request
3. Respond to survey
4. Write testimonial

Activity 0 happens first, followed by activity 1 and 2 happen at the same time. Afterwards, activity 3 and 4 happen. Thus, the final activity diagram should look like the following:
```mermaid
graph LR
0[""Receive email with survey and testimonial request""] --> 1[""Receive survey""]
0 --> 2[""Receive testimonial request""]
1 --> 3[""Respond to survey""]
2 --> 4[""Write testimonial""]
3 --> 5[""EndNode""]
4 --> 5
```"
240,"The description contains the following activities and decisions:
Activities:
0. Report computer problem
1. Bring computer to ACM
2. Receive estimates and describe problem
3. Evaluate estimates
4. Agree with terms
5. Authorize repair
6. Pick up notice for computer pickup
7. Check if computer has been repaired
8. Pay for work done
9. Take computer back
Decisions:
0. Agree with terms?

The process specifies that activities 0 and 1 happen in sequence, followed by activity 2. Then decision 0 is made. If decision 0 is no, then activity 9 happens and the process ends. If decision 0 is yes, then activity 5 happens. After that, activity 6 happens. Then decision 0 is made again. If decision 0 is no, then activity 9 happens and the process ends. If decision 0 is yes, then activity 7 happens. If activity 7 is no, then the process ends. If activity 7 is yes, then activity 8 happens and the process ends. Thus, the final activity diagram should look like the following:
```mermaid
graph LR
0[""StartNode""] --> 1[""Report computer problem""]
1 --> 2[""Bring computer to ACM""]
2 --> 3[""Receive estimates and describe problem""]
3 --> 4{""Agree with terms?""}
4 --> |""No""|5[""Take computer back""]
4 --> |""Yes""|6[""Authorize repair""]
6 --> 7[""Pick up notice for computer pickup""]
7 --> 8{""Check if computer has been repaired""}
8 --> |""No""|9[""EndNode""]
8 --> |""Yes""|10[""Pay for work done""]
10 --> 11[""EndNode""]
```"
241,"The description contains the following activities and decisions:
Activities:
0. Enter invoices to validation office
1. Proceed with invoices validation
2. Tick box ""invoice entered correctly"" on invoices form
3. Log into SAP
4. Change data status from parked to validated
5. Forward validated invoices to Registry officers
6. Forward validated invoices information in SAP to Payment officer
7. End process

The process specifies that activities 0 and 1 happen in sequence. Then activity 2 happens, which creates a data object ""ticked invoices entry form"". After that, activity 3 happens. Then activity 4 happens, which takes approximately one minute per invoice. At the same time, activities 5 and 6 happen. Finally, activity 7 happens. Thus, the final activity diagram should look like the following:
```mermaid
graph LR
0[""StartNode""] --> 1[""Enter invoices to validation office""]
1 --> 2[""Proceed with invoices validation""]
2 --> 3[""Tick box 'invoice entered correctly' on invoices form""]
3 --> 4[""Log into SAP""]
4 --> 5[""Change data status from parked to validated""]
5 --> 6[""Forward validated invoices to Registry officers""]
5 --> 7[""Forward validated invoices information in SAP to Payment officer""]
6 --> 8[""original paper-based invoices with entry form""]
7 --> 9[""SAP system invoices records entered by data entry officer""]
8 --> 10[""EndNode""]
9 --> 10
```"
242,"The description contains the following activities and decisions:
Activities:
0. Issue Received
1. Open the ticket
2. Edit the 1st level ticket
3. Edit the 2nd level ticket
4. Send email to Account Manager
5. Close the ticket
6. Insert issue into product backlog
Decisions:
0. Result?

The process specifies that activities 0 and 1 happen in sequence. Then activity 2 happens. Decision 0 is made. If decision 0 is yes, then activity 4 happens. If decision 0 is no, then activity 3 happens. Decision 0 is made again. If decision 0 is yes, then activity 4 happens. If decision 0 is no, then activity 3 happens again. Decision 0 is made again. If decision 0 is yes, then activity 5 happens. If decision 0 is no, then activity 6 happens. Decision 0 is made again. If decision 0 is yes, then activity 4 happens. If decision 0 is no, then activity 6 happens. Thus, the final activity diagram should look like the following:
```mermaid
graph LR
0[""StartNode""] --> 1[""Issue Received""]
1 --> 2[""Open the ticket""]
2 --> 3[""Edit the 1st level ticket""]
3 --> 4{""Result?""}
4 --> |""Yes""|5[""Send email to Account Manager""]
4 --> |""No""|6[""Edit the 2nd level ticket""]
6 --> 7{""Result?""}
7 --> |""Yes""|5
7 --> |""No""|8[""Edit the 2nd level ticket""]
8 --> 9{""Result?""}
9 --> |""Yes""|5
9 --> |""No""|10[""Close the ticket""]
10 --> 11{""Result?""}
11 --> |""Yes""|12[""Insert issue into product backlog""]
11 --> |""No""|12
12 --> 13[""Send email to Account Manager""]
13 --> 14[""EndNode""]
```"
243,"The description contains the following activities and decisions:
Activities:
0. Submit loan application
1. Review loan paperwork
2. Evaluate risk
3. Approve loan
4. Receive money
Decisions:
0. Loan value > $1000?

The process specifies that activities 0 and 1 happen in sequence. Then decision 0 is made. If decision 0 is no, then activity 2 happens. If decision 0 is yes, then the process ends. Then decision 0 is made again. If decision 0 is no, then activity 2 happens. If decision 0 is yes, then the process ends. If activity 2 happens, then activity 3 happens. Then activity 4 happens. Thus, the final activity diagram should look like the following:
```mermaid
graph LR
0[""StartNode""] --> 1[""Submit loan application""]
1 --> 2[""Review loan paperwork""]
2 --> 3{""Loan value > $1000?""}
3 --> |""No""|4[""Evaluate risk""]
3 --> |""Yes""|5[""EndNode""]
4 --> 6[""Approve loan""]
6 --> 7[""Receive money""]
7 --> 8[""EndNode""]
```"
244,"The description contains the following activities:
0. Check customer's credit history
1. Conduct property survey
2. Search property title

The process specifies that activities 0 and 1 happen at the same time. Then, activity 2 happens. Thus, the final activity diagram should look like the following:
```mermaid
graph LR
0[""StartNode""] --> 1[""Check customer's credit history""]
1 --> 2[""Conduct property survey""]
1 --> 3[""Search property title""]
2 --> 3
3 --> 4[""EndNode""]
```"
245,"The description contains the following activities and decisions:
Activities:
0. Send main contract document
1. Send supplement A
2. Send supplement B
3. Conclude process
Decisions:
0. Send supplement A?
1. Send supplement B?

The process specifies that activity 0 happens first. Then decision 0 is made. If decision 0 is no, then the process ends. If decision 0 is yes, then activity 1 happens. Then decision 1 is made. If decision 1 is no, then the process ends. If decision 1 is yes, then activity 2 happens, followed by activity 3. Thus, the final activity diagram should look like the following:
```mermaid
graph LR
0[""StartNode""] --> 1[""Send main contract document""]
1 --> 2{""Send supplement A?""}
2 --> |""Yes""|3[""Send supplement A""]
2 --> |""No""|4[""EndNode""]
3 --> 5{""Send supplement B?""}
5 --> |""Yes""|6[""Send supplement B""]
5 --> |""No""|4
6 --> 7[""Conclude process""]
7 --> 4
```"
246,"The description describes the following activities without decisions:
0. Customer order
1. Receive Order
2. Enter Order into System
3. Check Inventory
4. Assemble Shipment
5. Billing
6. Send Shipment
7. Wait for Delivery

Activity 0 and 1 happen first, followed by activity 2 and 3 happen at the same time, and activity 4 and 5 happen at the same time. Afterwards, activity 6 happens, followed by activity 7. Thus, the final activity diagram should look like the following:
```mermaid
graph LR
0[""StartNode""] --> 1[""Customer order""]
1 --> 2[""Receive Order""]
2 --> 3[""Enter Order into System""]
2 --> 4[""Check Inventory""]
2 --> 5[""Assemble Shipment""]
2 --> 6[""Billing""]
5 --> 7[""Send Shipment""]
7 --> 8[""Wait for Delivery""]
8 --> 9[""EndNode""]
```"
247,"The description contains the following activities and no decisions:
Activities:
0. Send Shipment Planning Request
1. Receive Shipment Planning Alternatives
2. Select Shipment Planning
3. Schedule Pickup
4. Send Shipment Documents
5. Receive Shipment Detail
6. Load Shipment at Pickup Location

According to the description, activities 0 and 1 happen in sequence, followed by activities 2, 3, and 4 happen at the same time. Then, activities 5 and 6 happen in sequence. Thus, the final activity diagram should look like the following:
```mermaid
graph LR
0[""StartNode""] --> 1[""Send Shipment Planning Request""]
1 --> 2[""Receive Shipment Planning Alternatives""]
2 --> 3[""Select Shipment Planning""]
2 --> 4[""Schedule Pickup""]
2 --> 5[""Send Shipment Documents""]
3 --> 6[""Load Shipment at Pickup Location""]
5 --> 6
```"
248,"The description contains the following activities and decisions:
Activities:
0. Go to iTunes Store Home
1. Search for Album
2. Expand Search Using Artist Name
3. Select Album
4. Enter Email Address
5. Enter Password
6. Confirm Purchase Choice
7. Download Album
8. Login to Account
9. Confirm Registration
10. Enter Secret Question and Answer
11. Enter Date of Birth
12. Provide Payment Method
13. Enter Billing Address
Decisions:
0. Expand Search Using Artist Name or Select Album

The process starts with activity 0. Then decision 0 is made. If decision 0 is Expand Search Using Artist Name, then activity 1 happens again. If decision 0 is Select Album, then activity 3 happens. Then activity 4 happens. After that, activity 5 happens. Then activity 6 happens. After that, activity 7 happens. If activity 8 happens, then activity 9 happens. Then activity 10 happens. Then activity 11 happens. Then activity 12 happens. Then activity 13 happens. Finally, activity 9 happens. Thus, the final activity diagram should look like the following:
```mermaid
graph LR
0[""StartNode""] --> 1[""Go to iTunes Store Home""]
1 --> 2[""Search for Album""]
2 --> 3{""Expand Search Using Artist Name or Select Album""}
3 --> |""Expand Search Using Artist Name""|4[""Search for Album""]
3 --> |""Select Album""|5[""Select Album""]
5 --> 6[""Enter Email Address""]
6 --> 7[""Enter Password""]
7 --> 8[""Confirm Purchase Choice""]
8 --> 9[""Download Album""]
9 --> 10[""EndNode""]
8 --> 11[""Login to Account""]
11 --> 12[""Confirm Registration""]
12 --> 13[""Enter Secret Question and Answer""]
13 --> 14[""Enter Date of Birth""]
14 --> 15[""Provide Payment Method""]
15 --> 16[""Enter Billing Address""]
16 --> 17[""Confirm Registration""]
17 --> 18[""Confirm Purchase Choice""]
18 --> 19[""EndNode""]
```"
249,"The description contains the following activities and decisions:
Activities:
0. Log and route the complaint
1. Check if complaint is ""instructor resolvable""
2. Handle the complaint
3. Check if complaint should be escalated
4. Send email to student and cc Complaint Staff
5. Update complaint database
Decisions:
0. Is the complaint ""instructor resolvable""?
1. Should the complaint be escalated?

The process specifies that activity 0 happens first, followed by decision 0. If decision 0 is yes, then activity 2 happens. If decision 0 is no, then activity 2 happens. Then decision 1 is made. If decision 1 is no, then activity 4 happens. If decision 1 is yes, then activity 2 happens and the process ends. Finally, activity 4 happens and then activity 5 happens. Thus, the final activity diagram should look like the following:
```mermaid
graph LR
0[""StartNode""] --> 1[""Log and route the complaint""]
1 --> 2{""Is the complaint 'instructor resolvable'?""}
2 --> |""Yes""|3[""Handle the complaint""]
2 --> |""No""|3[""Handle the complaint""]
3 --> 4{""Should the complaint be escalated?""}
4 --> |""No""|5[""Send email to student and cc Complaint Staff""]
4 --> |""Yes""|6[""EndNode""]
3 --> 5
5 --> 6[""Send email to student and cc Complaint Staff""]
6 --> 7[""Update complaint database""]
7 --> 8[""EndNode""]
```"
250,"The description contains the following activities and decisions:
Activities:
0. Customer enters the store
1. Customer decides what they want
2. Check if it is a custom order or in-store purchase
3. Customer fills out a customer invoice
4. Repeat check for custom order or in-store purchase
Decisions:
0. Is it a custom order or in-store purchase?

The process specifies that activities 0 and 1 happen first, followed by decision 0. If decision 0 is yes, then activity 3 happens and the process ends. If decision 0 is no, then the process repeats with activity 4 and decision 0. Since the process ends in both cases, there is no need for another decision. Thus, the final activity diagram should look like the following:
```mermaid
graph LR
0[""StartNode""] --> 1[""Customer enters the store""]
1 --> 2[""Customer decides what they want""]
2 --> 3{""Is it a custom order or in-store purchase?""}
3 --> |""Yes""|4[""Customer fills out a customer invoice""]
3 --> |""No""|5[""Repeat check for custom order or in-store purchase""]
4 --> 6[""EndNode""]
5 --> 7{""Is it a custom order or in-store purchase?""}
7 --> |""Yes""|8[""Customer fills out a customer invoice""]
7 --> |""No""|9[""EndNode""]
```"
251,"The description contains the following activities and decisions:
Activities:
0. Change code
1. Commit to SVN
2. Update from SVN
3. Resolve conflicts
4. Deploy to QA
5. Deploy to production
Decisions:
0. None

The process can be broken down into several parallel and sequential flows. Here is the activity diagram:
```mermaid
graph LR
0[""StartNode""] --> 1[""Change code""]
1 --> 2[""Commit to SVN""]
1 --> 3[""Update from SVN""]
3 --> 4[""Change code""]
4 --> 5[""Resolve conflicts""]
5 --> 6[""Commit to SVN""]
6 --> 7[""Deploy to QA""]
7 --> 8[""Update from SVN""]
8 --> 9[""Change code""]
9 --> 10[""Commit to SVN""]
10 --> 11[""Update from SVN""]
11 --> 12[""Deploy to QA""]
12 --> 13[""Deploy to production""]
13 --> 14[""EndNode""]
```"
252,"The description contains the following activities and decisions:
Activities:
0. Determine rent conditions
1. Find a suitable piece of land
2. Check if the required price is greater than or equal to the found price
3. Check availability and rentability
4. Reevaluate conditions
5. Check if the space is available
6. Continue searching for land
7. Create a contract form
8. Check if the contract is approved
9. Go back to finding land
10. Send contract via email
11. Ensure water resources
12. Ensure a food supplier
13. Finalize contracts with suppliers
14. Send final contract
15. Wait for acknowledgement
16. Check the response
17. End of the process
Decisions:
0. Required price >= found price
1. Space available
2. Contract approved

The process specifies that activities 0 and 1 happen first, followed by decision 0. If decision 0 is true, then activities 3 and 5 happen in sequence. If decision 0 is false, then activity 4 happens. Then, decision 1 is made. If decision 1 is true, then activity 7 happens, followed by decision 2. If decision 2 is true, then activities 3 and 13 happen in sequence. If decision 2 is false, then activity 9 happens. If decision 1 is false, then activity 6 happens. Then, activity 10 happens. After that, activities 11, 12, 14, 15, 16 happens in sequence. Finally, activity 17 happens. Thus, the final activity diagram should look like the following:
```mermaid
graph LR
0[""StartNode""] --> 1[""Determine rent conditions""]
1 --> 2[""Find a suitable piece of land""]
2 --> 3{""Required price >= found price""}
3 --> |""Yes""|4[""Check availability and rentability""]
3 --> |""No""|5[""Reevaluate conditions""]
4 --> 6[""Check if the space is available""]
6 --> |""Yes""|7[""Create a contract form""]
6 --> |""No""|8[""Continue searching for land""]
7 --> 9{""Contract approved""}
9 --> |""Yes""|10[""Ensure water resources""]
9 --> |""No""|11[""Go back to finding land""]
10 --> 12[""Ensure a food supplier""]
12 --> 13[""Finalize contracts with suppliers""]
13 --> 14[""Send final contract""]
14 --> 15[""Wait for acknowledgement""]
15 --> 16[""Check the response""]
16 --> 17[""EndNode""]
```"
253,"The description contains the following activities and decisions:
Activities:
0. Check if we can fulfill the order
1. Confirm the order
2. Reject the order
3. Deliver the order
4. Inform order rejected
5. Inform order delivered
Decisions:
0. Can we fulfill the order?

The process specifies that activity 0 happens first, followed by decision 0. If decision 0 is yes, then activity 1 happens, followed by activity 3. If decision 0 is no, then activity 2 happens. Then activity 0 happens again, followed by decision 0. If decision 0 is yes, then activity 1 happens, followed by activity 3. If decision 0 is no, then activity 2 happens. If activity 1 happens, then activity 3 happens. If activity 2 happens, then activity 4 happens. If activity 3 happens, then activity 5 happens. Thus, the final activity diagram should look like the following:
```mermaid
graph LR
0[""StartNode""] --> 1[""Check if we can fulfill the order""]
1 --> 2{""Can we fulfill the order?""}
2 --> |""Yes""|3[""Confirm the order""]
2 --> |""No""|4[""Reject the order""]
3 --> 5[""Deliver the order""]
5 --> 6[""Inform order delivered""]
4 --> 7[""Inform order rejected""]
```"
254,"The description contains the following activities:
Activities:
0. TASK1
1. TASK2
2. TASK3
3. TASK4
4. TASK5

According to the description, activities 0 and 1 happen in sequence, then activities 2, 3, and 4 happen at the same time, followed by activity 5. Thus, the final activity diagram should look like the following:
```mermaid
graph LR
0[""StartNode""] --> 1[""TASK1""]
1 --> 2[""TASK2""]
2 --> 3[""TASK3""]
2 --> 4[""TASK4""]
4 --> 5[""TASK5""]
5 --> 6[""EndNode""]
```"
255,"The description contains the following activities and decisions:
Activities:
0. Customer encounters a problem
1. Obtain a description of the problem
2. Explain the solution
3. Send an email to the support system
4. Reevaluate if they can handle the problem themselves
Decisions:
0. Can I handle this on my own?

The process specifies that activity 0 happens first, followed by activity 1. Then decision 0 is made. If decision 0 is yes, then activity 2 happens. If decision 0 is no, then activity 3 happens and the process ends. Then activity 4 happens, and decision 0 is made again. If decision 0 is yes, then activity 2 happens. If decision 0 is no, then activity 3 happens and the process ends. Finally, activity 2 happens. Thus, the final activity diagram should look like the following:
```mermaid
graph LR
0[""StartNode""] --> 1[""Customer encounters a problem""]
1 --> 2[""Obtain a description of the problem""]
2 --> 3{""Can I handle this on my own?""}
3 --> |""Yes""|4[""Explain the solution""]
3 --> |""No""|5[""Send an email to the support system""]
5 --> 6[""EndNode""]
4 --> 7[""Reevaluate if they can handle the problem themselves""]
7 --> 3
3 --> |""Yes""|4
3 --> |""No""|5
4 --> 8[""EndNode""]
```"
256,"The description contains the following activities and decisions:
Activities:
0. Create Product
1. Propose Product
2. Approve Product
3. Reject Product
4. Product Approved
5. Product Rejected
Decisions:
0. Product approved?

The process specifies that activities 0 and 1 happen in sequence. Then decision 0 is made. If decision 0 is yes, then activity 2 happens, followed by activity 4. If decision 0 is no, then activity 3 happens. Then decision 0 is made again. If decision 0 is yes, then activity 2 happens, followed by activity 4. If decision 0 is no, then activity 3 happens. Thus, the final activity diagram should look like the following:
```mermaid
graph LR
0[""StartNode""] --> 1[""Create Product""]
1 --> 2[""Propose Product""]
2 --> 3{""Product approved?""}
3 --> |""Yes""|4[""Approve Product""]
3 --> |""No""|5[""Reject Product""]
4 --> 6[""Product Approved""]
5 --> 7[""Product Rejected""]
4 --> 6
5 --> 7
6 --> 8[""EndNode""]
7 --> 8
```"
257,"The description contains the following activities and decisions:
Activities:
0. Check Credit History
1. Property Survey
2. Property Title Search
Decisions:
0. None

The process specifies that activities 0 and 1 happen at the same time. Activity 0 involves decision 0, which is accessing the data object ""Application"" and conducting a Property Title Search. After that, the process ends. Thus, the final activity diagram should look like the following:
```mermaid
graph LR
0[""StartNode""] --> 1[""Check Credit History""]
0 --> 2[""Property Survey""]
1 --> 3[""Access Application""]
1 --> 4[""Property Title Search""]
3 --> 5[""EndNode""]
4 --> 5
```"
258,"The description contains the following activities and decisions:
Activities:
0. Check order received
1. Check availability of article
2. Initiate procurement process
3. Ship article
4. Complete financial settlement
5. Receive payment
Decisions:
0. Article available?

The process specifies that activities 0 and 1 happen in sequence. Then decision 0 is made. If decision 0 is no, then activity 2 happens. If decision 0 is yes, then activity 3 happens. After activity 3, decision 0 is made again. If decision 0 is no, then activity 2 happens. If decision 0 is yes, then activity 3 happens. After activity 3, activities 4 and 5 happen in sequence. Thus, the final activity diagram should look like the following:
```mermaid
graph LR
0[""StartNode""] --> 1[""Check order received""]
1 --> 2[""Check availability of article""]
2 --> 3{""Article available?""}
3 --> |""No""|4[""Initiate procurement process""]
3 --> |""Yes""|5[""Ship article""]
5 --> 6[""Check availability of article""]
6 --> 3
6 --> |""Yes""|7[""Ship article""]
7 --> 8[""Complete financial settlement""]
8 --> 9[""Receive payment""]
9 --> 10[""EndNode""]
```"
259,"The description describes the following activities without decisions:
0. Turn on the computer
1. Connect to the internet
2. Navigate to nba.com
3. Grab a beer from the fridge
4. Start streaming
5. Enjoy beer while watching basketball game
6. Game ends

Activities 0 and 1 happen first, followed by activities 2 and 3 happen at the same time. Afterwards, activities 4 and 5 happen. Finally, activity 6 happens and the process ends. Thus, the final activity diagram should look like the following:
```mermaid
graph LR
0[""StartNode""] --> 1[""Turn on the computer""]
1 --> 2[""Connect to the internet""]
2 --> 3[""Navigate to nba.com""]
2 --> 4[""Grab a beer from the fridge""]
3 --> 5[""Start streaming""]
4 --> 5
5 --> 6[""Enjoy beer while watching basketball game""]
6 --> 7[""Game ends""]
7 --> 8[""EndNode""]
```"
260,"The description contains the following activities and decisions:
Activities:
0. Invoice arrives
1. Check if invoice is complete
2. Check if invoice can be paid
3. Sort invoice by client and vendor
4. Return invoice to client
Decisions:
0. Invoice is complete?
1. Invoice can be paid?

The process specifies that activity 0 happens first, followed by decision 0. If decision 0 is yes, then activity 1 happens, followed by decision 1. If decision 1 is yes, then activity 3 happens and the process ends. If decision 1 is no, then activity 4 happens and the process ends. If decision 0 is no, then activity 4 happens and the process ends. Thus, the final activity diagram should look like the following:
```mermaid
graph LR
0[""StartNode""] --> 1[""Invoice arrives""]
1 --> 2{""Invoice is complete?""}
2 --> |""Yes""|3[""Check if invoice can be paid""]
2 --> |""No""|4[""Return invoice to client""]
3 --> |""Yes""|5[""Sort invoice by client and vendor""]
3 --> |""No""|4
5 --> 6[""EndNode""]
```"
261,"The description describes the following activities without decisions:
0. Receive payment
1. Ship the order
2. Archive the order

Activity 0 and 1 happen at the same time, followed by activity 2. Thus, the final activity diagram should look like the following:
```mermaid
graph LR
0[""StartNode""] --> 1[""Receive payment""]
0 --> 2[""Ship the order""]
1 --> 3[""Archive the order""]
2 --> 3
3 --> 4[""EndNode""]
```"
262,"The description contains the following activities and decisions:
Activities:
0. Detection of incident
1. Troubleshooting application
2. Incident resolved
3. Analyze incident
4. Financial impact
5. Open EMS
6. Contact Application Team
7. Open conference line
Decisions:
0. Incident resolved within 1 hour?
1. Financial impact?

The process specifies that activities 0 and 1 happen in sequence. Then decision 0 is made. If decision 0 is yes, then activity 2 happens and the process ends. If decision 0 is no, then activity 3 happens. Then decision 1 is made. If decision 1 is no, then the process ends. If decision 1 is yes, then activities 5, 6, 7 happen in sequence. Thus, the final activity diagram should look like the following:
```mermaid
graph LR
0[""StartNode""] --> 1[""Detection of incident""]
1 --> 2[""Troubleshooting application""]
2 --> 3{""Incident resolved within 1 hour?""}
3 --> |""Yes""|4[""Incident resolved""]
3 --> |""No""|5[""Analyze incident""]
5 --> 6{""Financial impact?""}
6 --> |""No""|7[""EndNode""]
6 --> |""Yes""|8[""Open EMS""]
8 --> 9[""Contact Application Team""]
9 --> 10[""Open conference line""]
10 --> 11[""EndNode""]
```"
263,"The description contains the following activities but no decisions:
Activities:
0. Confirm invoice paid
1. Send report to Client
2. Send report to SSP's Accounts Receivable Department
3. Send report to Registry
4. Payment report sent

According to the description, activities 0, 1, 2, 3 happen at the same time. After that, activity 4 happens. Thus, the final activity diagram should look like the following:
```mermaid
graph LR
0[""StartNode""] --> 1[""Confirm invoice paid""]
1 --> 2[""Send report to Client""]
1 --> 3[""Send report to SSP's Accounts Receivable Department""]
1 --> 4[""Send report to Registry""]
2 --> 5[""Payment report sent""]
3 --> 5
4 --> 5
5 --> 6[""EndNode""]
```"
264,"The description contains the following activities and decisions:
Activities:
0. Participate
1. Select a friend
2. Select a second friend
3. Suggest a date
4. Post a message on the suggested friend's wall
5. Invite friends
Decisions:
0. Check suggestion
1. Check if you should invite friends to use the app

The process specifies that activity 0 happens first. Then decision 0 is made. If decision 0 is yes, then the process ends. If decision 0 is no, then activities 1, 2 happens in sequence. Then activity 3 happens. After that, activity 4 happens. Then decision 1 is made. If decision 1 is no, then the process ends. If decision 1 is yes, then activity 5 happens. Then decision 1 is made again. If decision 1 is no, then the process ends. If decision 1 is yes, then activity 5 happens. Thus, the final activity diagram should look like the following:
```mermaid
graph LR
0[""StartNode""] --> 1[""Participate""]
1 --> 2{""Check suggestion""}
2 --> |""Yes""|3[""EndNode""]
2 --> |""No""|4[""Select a friend""]
4 --> 5[""Select a second friend""]
5 --> 6[""Suggest a date""]
6 --> 7[""Post a message on the suggested friend's wall""]
7 --> 8{""Check if you should invite friends to use the app""}
8 --> |""No""|9[""EndNode""]
8 --> |""Yes""|10[""Invite friends""]
10 --> 11{""Check if you should invite friends to use the app""}
11 --> |""No""|12[""EndNode""]
11 --> |""Yes""|13[""Invite friends""]
13 --> 14[""EndNode""]
```"
265,"The description contains the following activities and decisions:
Activities:
0. Publish flight schedule
1. Assign fleets
2. Send flight schedule
3. Receive Flight Schedule
4. Create crew pairings
5. Create crew rosters
6. Update crew changes
7. Repair crew rosters
8. Send out crew assignments
9. Receive crew assignments
10. Create flight plan
11. Repair flight plan
12. Create flight report
13. Send out flight report
14. Post-operation analysis
Decisions:
0. None

The process specifies that activities 0 and 1 happen in sequence, followed by activity 2. Then activity 3 happens, which requires accessing the data object ""Flight schedule"". After that, activities 4, 5, 6, 7 happen in sequence. Then activities 8 and 9 happen in sequence, which requires accessing the data object ""Crew assignments"". After that, activities 10, 11, 12, 13 happen in sequence. Finally, activity 14 happens and the process ends. Thus, the final activity diagram should look like the following:
```mermaid
graph LR
0[""StartNode""] --> 1[""Publish flight schedule""]
1 --> 2[""Assign fleets""]
2 --> 3[""Send flight schedule""]
3 --> 4{""Flight schedule""}
4 --> |""Received""|5[""Receive Flight Schedule""]
5 --> 6[""Create crew pairings""]
6 --> 7[""Create crew rosters""]
7 --> 8[""Update crew changes""]
8 --> 9[""Repair crew rosters""]
9 --> 10[""Send out crew assignments""]
10 --> 11[""Receive crew assignments""]
11 --> 12{""Crew assignments""}
12 --> |""Received""|13[""Create flight plan""]
13 --> 14[""Repair flight plan""]
14 --> 15[""Create flight report""]
15 --> 16[""Send out flight report""]
16 --> 17[""Post-operation analysis""]
17 --> 18[""EndNode""]
```"
266,"The description contains the following activities and decisions:
Activities:
0. Mortgage offers
1. Analyze response
2. Wait for two weeks
3. Check status of documents
4. Update details
5. Archive case
6. Move case
Decisions:
0. Response received?
1. Response accepted?
2. Response rejected?

The process starts with activity 0. Then, activity 1 and 2 happen at the same time. After that, decision 0 is made. If decision 0 is yes, then decision 1 is made. If decision 1 is yes, then activity 3 happens. If decision 1 is no, then decision 2 is made. If decision 2 is yes, then activity 4 happens. If decision 2 is no, then activity 4 happens. After activity 4, activity 5 happens. Then, activity 3 happens again. If decision 1 is yes, then activity 3 happens. If decision 1 is no, then decision 2 is made. If decision 2 is yes, then activity 4 happens. If decision 2 is no, then activity 4 happens. After activity 4, activity 5 happens. Then, activity 6 happens. If activity 6 happens, then the process ends. If activity 3 happens and the documents are complete, then activity 6 happens. If activity 3 happens and the documents are incomplete, then the process ends. If activity 5 happens, then the process ends. If activity 6 happens, then the process ends. Thus, the final activity diagram should look like the following:
```mermaid
graph LR
0[""StartNode""] --> 1[""Mortgage offers""]
1 --> 2[""Analyze response""]
1 --> 3[""Wait for two weeks""]
2 --> 4{""Response received?""}
4 --> |""Yes""|5{""Response accepted?""}
5 --> |""Yes""|6[""Check status of documents""]
5 --> |""No""|7{""Response rejected?""}
7 --> |""Yes""|8[""Update details""]
7 --> |""No""|8[""Update details""]
8 --> 9[""Archive case""]
9 --> 10[""Check status of documents""]
10 --> |""Complete""|11[""Move case""]
10 --> |""Incomplete""|12[""EndNode""]
11 --> 13[""EndNode""]
9 --> 13
```"
267,"The description contains the following activities and decisions:
Activities:
0. Register for event participation
1. Check if fees are required
2. Register for seminar results
3. Create purchase request
4. Check if purchase request is approved
5. Notify rejection
6. Send approval notification
Decisions:
0. Fees required?

The process specifies that activity 0 happens first, followed by decision 0. If decision 0 is no, then activity 2 happens. If decision 0 is yes, then activity 3 happens. After that, decision 4 is made. If decision 4 is no, then activity 5 happens and the process ends. If decision 4 is yes, then activity 6 happens and the process ends. If activity 2 happens, then decision 4 is made. If decision 4 is no, then activity 5 happens and the process ends. If decision 4 is yes, then activity 6 happens and the process ends. Thus, the final activity diagram should look like the following:
```mermaid
graph LR
0[""StartNode""] --> 1[""Register for event participation""]
1 --> 2{""Fees required?""}
2 --> |""No""|3[""Register for seminar results""]
2 --> |""Yes""|4[""Create purchase request""]
4 --> 5{""Purchase request approved?""}
5 --> |""No""|6[""Notify rejection""]
5 --> |""Yes""|7[""Send approval notification""]
3 --> 5
6 --> 8[""EndNode""]
7 --> 8
```"
268,"The description contains the following activities and decisions:
Activities:
0. Receive request
1. Evaluate report
2. Send notification of denial
3. Check analyst authority
4. Send payment
5. Authorize payment
Decisions:
0. Report favorable?
1. Analyst has authority?

The process specifies that activities 0 and 1 happen in sequence. Then decision 0 is made. If decision 0 is no, then activity 2 happens and the process ends. If decision 0 is yes, then activity 3 happens. Then decision 1 is made. If decision 1 is yes, then activity 4 happens and the process ends. If decision 1 is no, then activity 5 happens, followed by activity 4 and the process ends. Thus, the final activity diagram should look like the following:
```mermaid
graph LR
0[""StartNode""] --> 1[""Receive request""]
1 --> 2[""Evaluate report""]
2 --> 3{""Report favorable?""}
3 --> |""No""|4[""Send notification of denial""]
3 --> |""Yes""|5[""Check analyst authority""]
5 --> 6{""Analyst has authority?""}
6 --> |""Yes""|7[""Send payment""]
6 --> |""No""|8[""Authorize payment""]
7 --> 9[""EndNode""]
8 --> 7
8 --> 9
```"
269,"The description contains the following activities and decisions:
Activities:
0. Receive mail
1. Check information
2. Call customer
3. Add mail number and date
4. Record letter
5. Archive letter
6. Take letters to Miranda
Decisions:
0. Information complete?

The process specifies that activity 0 happens first, followed by activity 1. If decision 0 is no, then activity 2 happens and the process ends. If decision 0 is yes, then activities 3, 4, 5 happens in sequence. If it is Wednesday, then activity 6 happens and the process ends. Thus, the final activity diagram should look like the following:
```mermaid
graph LR
0[""StartNode""] --> 1[""Receive mail""]
1 --> 2{""Information complete?""}
2 --> |""No""|3[""Call customer""]
2 --> |""Yes""|4[""Add mail number and date""]
4 --> 5[""Record letter""]
5 --> 6[""Archive letter""]
6 --> 7{""Is today Wednesday?""}
7 --> |""Yes""|8[""Take letters to Miranda""]
7 --> |""No""|9[""EndNode""]
```"
270,"The description contains the following activities and decisions:
Activities:
0. Identify demand for material
1. Specify required material demand
2. Utilize available material
3. Create purchase requisition
4. Verify purchase requisition
5. Generate purchase order
6. Notify vendor
7. Vendor shipment
8. Create goods receipt
9. Create invoice receipt
10. Make payment
Decisions:
0. Goods Available?

The process specifies that activity 0 happens first, followed by decision 0. If decision 0 is yes, then activity 2 happens. If decision 0 is no, then activity 1 happens. Then activity 3 happens, followed by activity 4. After that, activity 5 happens, followed by activity 6. Then activity 7 happens, followed by activity 8 and 9. Finally, activity 10 happens. Thus, the final activity diagram should look like the following:
```mermaid
graph LR
0[""StartNode""] --> 1[""Identify demand for material""]
1 --> 2{""Goods Available?""}
2 --> |""Yes""|3[""Utilize available material""]
2 --> |""No""|4[""Specify required material demand""]
4 --> 5[""Create purchase requisition""]
5 --> 6[""Verify purchase requisition""]
6 --> 7[""Generate purchase order""]
7 --> 8[""Notify vendor""]
8 --> 9[""Vendor shipment""]
9 --> 10[""Create goods receipt""]
9 --> 11[""Create invoice receipt""]
11 --> 12[""Make payment""]
12 --> 13[""EndNode""]
```"
271,"The description contains the following activities and decisions:
Activities:
0. Receive online update on vacancy status
1. Advertise Vacancy
2. Assemble selection panel
3. Receive complete applications
4. Enter selection panel details
Decisions:
0. Vacancy approved?

The process specifies that activity 0 happens first, followed by activities 1 and 2 happen at the same time. After activity 1, there is a KPI measure to check if the vacancy is advertised by day 10. After activity 3, activity 4 happens. Thus, the final activity diagram should look like the following:
```mermaid
graph LR
0[""StartNode""] --> 1[""Receive online update on vacancy status""]
1 --> 2[""Advertise Vacancy""]
1 --> 3[""Assemble selection panel""]
2 --> 4{""Vacancy advertised by day 10?""}
4 --> |""Yes""|5[""Receive complete applications""]
4 --> |""No""|5
5 --> 6[""Enter selection panel details""]
6 --> 7[""EndNode""]
```"
272,"The description contains the following activities and decisions:
Activities:
0. Send mortgage offer
1. Wait for answer
2. Check if answer is ""decline""
3. Check if offer is ""complete""
4. Update details
5. Send message to customer
6. Complete offer
7. Wait for customer's answer
Decisions:
0. Answer is ""decline""?

The process specifies that activity 0 happens first, followed by activity 1. Then decision 0 is made. If decision 0 is no, then activity 3 is made. If decision 3 is yes, then activity 4 happens. If decision 3 is no, then activity 5 happens. If decision 0 is yes, then activity 4 happens. If activity 5 happens, then activity 7 happens. If activity 7 happens, then activity 4 happens. Thus, the final activity diagram should look like the following:
```mermaid
graph LR
0[""StartNode""] --> 1[""Send mortgage offer""]
1 --> 2[""Wait for answer""]
2 --> 3{""Answer is 'decline'?""}
3 --> |""Yes""|4[""Update details""]
3 --> |""No""|5[""Check if offer is 'complete'""]
4 --> 6[""EndNode""]
5 --> |""Yes""|6[""EndNode""]
5 --> |""No""|7[""Send message to customer""]
7 --> 8[""Wait for customer's answer""]
8 --> 4
```"
273,"The description contains the following activities and decisions:
Activities:
0. Check if there are any fees involved
1. Proceed with registration process
2. Obtain seminar results
3. Create purchase requisition request
4. Notify rejection
5. Send approved notification
Decisions:
0. Fees involved?

The process specifies that activity 0 happens first, followed by decision 0. If decision 0 is no, then activities 1 and 2 happens in sequence. If decision 0 is yes, then activity 3 happens. Then, activity 2 happens. After that, decision 0 is made again. If decision 0 is rejected, then activity 4 happens. If decision 0 is approved, then activity 5 happens. Thus, the final activity diagram should look like the following:
```mermaid
graph LR
0[""StartNode""] --> 1{""Fees involved?""}
1 --> |""No""|2[""Proceed with registration process""]
1 --> |""Yes""|3[""Create purchase requisition request""]
2 --> 4[""Obtain seminar results""]
4 --> 5[""EndNode""]
3 --> 4
4 --> 6{""Purchase request approval status""}
6 --> |""Rejected""|7[""Notify rejection""]
6 --> |""Approved""|8[""Send approved notification""]
7 --> 9[""EndNode""]
8 --> 9
```"
274,"The description contains the following activities and decisions:
Activities:
0. Send main document
1. Send Supplement A
2. Send Supplement B
Decisions:
0. Should Supplement A be sent?
1. Should Supplement B be sent?

The process specifies that activity 0 happens first. Then decision 0 is made. If decision 0 is yes, then activity 1 happens. If decision 0 is no, then the process ends. Then decision 1 is made. If decision 1 is yes, then activity 2 happens. If decision 1 is no, then the process ends. However, the description also states that the process ends after activity 2, regardless of the decision. Thus, the final activity diagram should look like the following:
```mermaid
graph LR
0[""StartNode""] --> 1[""Send main document""]
1 --> 2{""Should Supplement A be sent?""}
2 --> |""Yes""|3[""Send Supplement A""]
2 --> |""No""|4[""EndNode""]
3 --> 5{""Should Supplement B be sent?""}
5 --> |""Yes""|6[""Send Supplement B""]
5 --> |""No""|4
6 --> 4
```"
275,"The description contains the following activities and decisions:
Activities:
0. Check Report against Invoice
1. Verify Invoice Entered Correctly
2. Record errors made by Data Entry Officer
3. Highlight error
4. Update Invoice Entry Form
Decisions:
0. Invoice Entered Correctly?

The process specifies that activity 0 happens first, followed by activity 1 and 2 happen at the same time. Then activity 3 happens, which also updates activity 4. Finally, activity 1 is verified. Thus, the final activity diagram should look like the following:
```mermaid
graph LR
0[""StartNode""] --> 1[""Check Report against Invoice""]
1 --> 2{""Invoice Entered Correctly?""}
2 --> |""Yes""|3[""Verify Invoice Entered Correctly""]
2 --> |""No""|4[""Record errors made by Data Entry Officer""]
4 --> 5[""Highlight error""]
5 --> 6[""Update Invoice Entry Form""]
3 --> 6
6 --> 7[""EndNode""]
```"
276,"The description contains the following activities and decisions:
Activities:
0. Accepted Item
1. Case
2. Other
3. Can
4. Non-perishable
5. Perishable
6. Fruit
7. Vegetable
8. Sack
9. QC
10. Weight
11. Date Center
12. Store items based on item policy
Decisions:
0. None

The process starts with activity 0. Then, activities 1, 2, 3, 4, 5 happen at the same time. Then, activities 6, 7 happen at the same time. Then, activities 8, 9, 10, 11 happen in sequence for each of the following: Non-perishable, Perishable, Fruit, Vegetable. Finally, activities 9, 10, 11 happen in sequence, followed by activity 12. Thus, the final activity diagram should look like the following:
```mermaid
graph LR
0[""StartNode""] --> 1[""Accepted Item""]
1 --> 2[""Case""]
1 --> 3[""Other""]
1 --> 4[""Can""]
1 --> 5[""Non-perishable""]
1 --> 6[""Perishable""]
1 --> 7[""Fruit""]
1 --> 8[""Vegetable""]
5 --> 9[""QC""]
5 --> 10[""Weight""]
5 --> 11[""Date Center""]
6 --> 9
6 --> 10
6 --> 11
7 --> 9
7 --> 10
7 --> 11
8 --> 9
8 --> 10
8 --> 11
9 --> 12[""Store items based on item policy""]
10 --> 12
11 --> 12
12 --> 13[""EndNode""]
```"
277,"The description contains the following activities and decisions:
Activities:
0. Receive shipment
1. Place shipment in warehouse
2. Update IS
3. Sort shipments by service type
4. Sort shipments by destination node
5. Sort shipments by size
6. Route calculation to next node
7. Determine transport vehicle
8. Check if vehicle is available
9. Load shipment onto transport vehicle
10. Set waiting time limit
11. Unload shipment at destination warehouse
12. Check if destination warehouse has been reached
13. Place shipment in branch office
Decisions:
0. Vehicle available?

The process specifies that activities 0, 1, 2 happens in sequence. Then activity 3, 4, 5 happens in sequence. Then activity 6 happens. After that, decision 0 is made. If decision 0 is yes, then activity 7, 8, 9 happens in sequence. If decision 0 is no, then activity 10 happens. Then activity 11, 12 happens in sequence. If decision 0 is yes, then activity 11, 12 happens in sequence. Then activity 13 happens. Finally, activity 2, 2, 2 happens in sequence. Thus, the final activity diagram should look like the following:
```mermaid
graph LR
0[""StartNode""] --> 1[""Receive shipment""]
1 --> 2[""Place shipment in warehouse""]
2 --> 3[""Update IS""]
3 --> 4[""Sort shipments by service type""]
4 --> 5[""Sort shipments by destination node""]
5 --> 6[""Sort shipments by size""]
6 --> 7[""Route calculation to next node""]
7 --> 8{""Vehicle available?""}
8 --> |""Yes""|9[""Determine transport vehicle""]
8 --> |""No""|10[""Set waiting time limit""]
9 --> 11[""Load shipment onto transport vehicle""]
10 --> 11
11 --> 12[""Unload shipment at destination warehouse""]
12 --> 13{""Destination warehouse reached?""}
13 --> |""Yes""|14[""Place shipment in branch office""]
13 --> |""No""|15[""Update IS""]
14 --> 16[""Update IS""]
16 --> 17[""EndNode""]
```"
278,"The description contains the following activities and decisions:
Activities:
0. Review letter
1. Make telephone call
2. Archive letter
3. Make decision
4. Stamp letter
5. Register member in member register
6. Calculate fee
7. Write fee into register
8. Prepare invoice mail
Decisions:
0. Letter complete?
1. Have all necessary information?
2. Person is a member?

The process specifies that activity 0 happens first, followed by decision 0. If decision 0 is no, then activity 1 happens. If decision 0 is yes, then activity 2 happens. After activity 2, decision 1 is made. If decision 1 is no, then the process ends. If decision 1 is yes, then activity 4 happens. If the person is not a member, then activity 8 happens and the process ends. If the person is a member, then activity 5, 6, 7 happens in sequence. Finally, activity 8 happens and the process ends. Thus, the final activity diagram should look like the following:
```mermaid
graph LR
0[""StartNode""] --> 1[""Review letter""]
1 --> 2{""Letter complete?""}
2 --> |""No""|3[""Make telephone call""]
2 --> |""Yes""|4[""Archive letter""]
4 --> 5{""Have all necessary information?""}
5 --> |""No""|6[""EndNode""]
5 --> |""Yes""|7[""Stamp letter""]
7 --> 8{""Person is a member?""}
8 --> |""No""|9[""Send denial""]
8 --> |""Yes""|10[""Register member in member register""]
10 --> 11[""Calculate fee""]
11 --> 12[""Write fee into register""]
12 --> 13[""Prepare invoice mail""]
13 --> 14[""EndNode""]
```"
279,"The description contains the following activities and decisions:
Activities:
0. Demand planning
1. Forecast netting
2. Safety stock calculation
3. Current stock levels update
4. Planning data loading
5. Weekly planning run
6. Production plan loading
7. Local production planning
Decisions:
0. None

The process specifies that activity 0 happens first, followed by activities 2 and 3 happen at the same time. Then activity 1 happens, which requires accessing the data objects ""Gross forecast"" and ""Customer orders"". Activity 4 happens twice, first time it requires accessing the data objects ""Total demand"" and ""Stock-related figures"", second time it requires accessing the data objects ""Total demand"" and ""Stock-related figures"". Activity 5 happens, which produces the data objects ""Optimized net requirements (ONR)"" and ""Shipment plan"". Activity 6 happens, which requires accessing the data object ""Optimized net requirements (ONR)"". Activity 7 happens, which requires accessing the data object ""Constrained/ unconstrained plan"". Thus, the final activity diagram should look like the following:
```mermaid
graph LR
0[""StartNode""] --> 1[""Demand planning""]
1 --> 2[""Safety stock calculation""]
1 --> 3[""Current stock levels update""]
2 --> 4[""Forecast netting""]
4 --> 5[""Planning data loading""]
5 --> 6[""Weekly planning run""]
6 --> 7[""Production plan loading""]
7 --> 8[""Local production planning""]
8 --> 9[""EndNode""]
```"
280,"The description contains the following activities and decisions:
Activities:
0. Generate payment report
1. Pay vendor
2. Send payment report to Accounts Receivable Department
3. Send payment report to registry
4. Generate monthly invoices for clients
5. Charge client
6. Archive invoices per vendor
7. Archive invoices per payment data
8. Track down payment
Decisions:
0. None

The process specifies that activities 0 and 3, 2 happen at the same time. Then activity 1 happens. After that, activity 4 happens. Then activity 5 happens. After that, activity 6 and 7 happen. Then activity 8 happens. Thus, the final activity diagram should look like the following:
```mermaid
graph LR
0[""StartNode""] --> 1[""Generate payment report""]
1 --> 2[""Send payment report to Accounts Receivable Department""]
1 --> 3[""Send payment report to registry""]
2 --> 4[""Generate monthly invoices for clients""]
3 --> 4
4 --> 5[""Charge client""]
5 --> 6[""Archive invoices per vendor""]
5 --> 7[""Archive invoices per payment data""]
6 --> 8[""Track down payment""]
7 --> 8
8 --> 9[""EndNode""]
```"
281,"The description contains the following activities and decisions:
Activities:
0. Low Inventory
1. Materials Request
2. Purchase Materials
3. Receive Materials
4. Check Shipment
5. Send Payment
6. Communicate Shipment Problem
7. End Process
Decisions:
0. Shipment okay?

The process specifies that activity 0 happens first, followed by activity 1, 2, 3 happens in sequence. Then decision 0 is made. If decision 0 is yes, then activity 4, 5 happens in sequence. If decision 0 is no, then activity 6 happens and the process ends. Then decision 0 is made again. If decision 0 is yes, then activity 5 happens. If decision 0 is no, then activity 6 happens and the process ends. Finally, activity 7 happens. Thus, the final activity diagram should look like the following:
```mermaid
graph LR
0[""StartNode""] --> 1[""Low Inventory""]
1 --> 2[""Materials Request""]
2 --> 3[""Purchase Materials""]
3 --> 4[""Receive Materials""]
4 --> 5{""Shipment okay?""}
5 --> |""Yes""|6[""Check Shipment""]
5 --> |""No""|7[""Communicate Shipment Problem""]
6 --> 8[""Send Payment""]
7 --> 9[""EndNode""]
8 --> 9
9 --> 10[""EndNode""]
```"
282,"The description contains the following activities and decisions:
Activities:
0. Check production rule
1. Check substitute product rule
2. Prepare production line
3. Prepare production line
4. Create product rule not found alarm
5. Prepare production line
6. End process
Decisions:
0. Production rule defined?
1. Substitute production rule found?

The process specifies that activity 0 happens first, followed by decision 0. If decision 0 is no, then activity 1 happens. If decision 0 is yes, then activity 2 happens. After activity 2, decision 0 is checked again. If decision 0 is no, then activity 1 happens. If decision 0 is yes, then activity 2 happens. If activity 1 happens, then activity 3 happens. If activity 1 does not happen, then activity 4 happens. After activity 3, activity 5 happens. If activity 4 happens, then activity 6 happens. Thus, the final activity diagram should look like the following:
```mermaid
graph LR
0[""StartNode""] --> 1[""Check production rule""]
1 --> 2{""Production rule defined?""}
2 --> |""No""|3[""Check substitute product rule""]
2 --> |""Yes""|4[""Prepare production line""]
3 --> 5[""Prepare production line""]
3 --> 6[""Create product rule not found alarm""]
4 --> 5
5 --> 7[""Prepare production line""]
7 --> 8[""End process""]
6 --> 8
```"
283,"The description contains the following activities and decisions:
Activities:
0. Check Customers' Credit History
1. Search Property Title
2. Conduct Property Survey
Decisions:
0. None

The process specifies that activities 0 and 1 happen at the same time. After that, activity 2 happens. Thus, the final activity diagram should look like the following:
```mermaid
graph LR
0[""StartNode""] --> 1[""Check Customers' Credit History""]
0 --> 2[""Search Property Title""]
1 --> 3[""Conduct Property Survey""]
2 --> 3
3 --> 4[""EndNode""]
```"
284,"The description contains the following activities and decisions:
Activities:
0. Process Starts
1. Inquire about product
2. Preparing Quote
3. Verify terms and pricing
4. Create sale order
5. Proceed with shipment
6. Send payment
7. Check payment status
8. Process payment
9. Send reminder
10. Send payment (again)
Decisions:
0. Payment sent?

The process starts with activity 0, followed by activities 1 and 2. Then activity 3 happens, followed by activity 4. After that, activity 5 happens. Then activity 6 happens, followed by decision 0. If decision 0 is yes, then activity 8 happens. If decision 0 is no, then activity 9 happens, followed by decision 0 again. If decision 0 is still no, then activity 10 happens, followed by activity 8. Thus, the final activity diagram should look like the following:
```mermaid
graph LR
0[""StartNode""] --> 1[""Process Starts""]
1 --> 2[""Inquire about product""]
2 --> 3[""Preparing Quote""]
3 --> 4[""Verify terms and pricing""]
4 --> 5[""Create sale order""]
5 --> 6[""Proceed with shipment""]
6 --> 7{""Payment sent?""}
7 --> |""Yes""|8[""Process payment""]
7 --> |""No""|9[""Send reminder""]
9 --> 7
7 --> |""No""|10[""Send payment (again)""]
10 --> 8
8 --> 11[""EndNode""]
```"
285,"The description describes the following activities without decisions:
0. Prepare to cut the banana
1. Hold the banana securely
2. Cut the banana

Activity 0 and 1 happen at the same time, followed by activity 2. Thus, the final activity diagram should look like the following:
```mermaid
graph LR
0[""StartNode""] --> 1[""Prepare to cut the banana""]
1 --> 2[""Hold the banana securely""]
1 --> 3[""Cut the banana""]
2 --> 3
3 --> 4[""EndNode""]
```"
286,"The description contains the following activities and decisions:
Activities:
0. Informational meeting
1. Create storyboard
2. Design and develop website
3. Prepare content
4. Create initial draft
5. Review draft
6. Prepare final version
7. Build website
Decisions:
0. Meeting successful?

The process starts with activity 0, followed by decision 0. If decision 0 is yes, then activity 1 happens. If decision 0 is no, then the process ends. Activities 2, 3, 4 happen at the same time. After that, activity 5 happens. If activity 5 is yes, then activity 6 happens. If activity 5 is no, then activity 5 happens again. If activity 6 is yes, then activity 7 happens. If activity 6 is no, then activity 5 happens again. Thus, the final activity diagram should look like the following:
```mermaid
graph LR
0[""StartNode""] --> 1[""Informational meeting""]
1 --> 2{""Meeting successful?""}
2 --> |""Yes""|3[""Create storyboard""]
2 --> |""No""|4[""EndNode""]
3 --> 5[""Design and develop website""]
3 --> 6[""Prepare content""]
3 --> 7[""Create initial draft""]
5 --> 7
6 --> 7
7 --> 8[""Review draft""]
8 --> |""Yes""|9[""Prepare final version""]
8 --> |""No""|10[""Review draft""]
9 --> 11[""Build website""]
10 --> 7
11 --> 12[""EndNode""]
```"
287,"The description contains the following activities and decisions:
Activities:
0. Receive customer inquiry
1. Prepare quotation
2. Create sales order
3. Perform credit check
4. Check stock availability
5. Check for new stock delivery date
6. Create outbound delivery
7. Pick goods
8. Post goods issue
9. Create billing
10. Pack product
11. Ship product
Decisions:
0. Credit approved?
1. Stock available?

The process specifies that activities 0 and 1 happen in sequence, followed by activity 2. Then decision 0 is made. If decision 0 is no, then the process ends. If decision 0 is yes, then activity 3 happens. Then decision 1 is made. If decision 1 is no, then activity 5 happens and the process ends. If decision 1 is yes, then activity 6 happens. Then decision 1 is made again. If decision 1 is no, then activity 5 happens and the process ends. If decision 1 is yes, then activities 7, 8, 9, 10, 11 happens in sequence. Thus, the final activity diagram should look like the following:
```mermaid
graph LR
0[""StartNode""] --> 1[""Receive customer inquiry""]
1 --> 2[""Prepare quotation""]
2 --> 3[""Create sales order""]
3 --> 4{""Credit approved?""}
4 --> |""No""|5[""EndNode""]
4 --> |""Yes""|6[""Check stock availability""]
6 --> |""No""|7[""Check for new stock delivery date""]
7 --> 8[""EndNode""]
6 --> |""Yes""|9[""Create outbound delivery""]
9 --> 10{""Stock available?""}
10 --> |""No""|7
10 --> |""Yes""|11[""Pick goods""]
11 --> 12[""Post goods issue""]
12 --> 13[""Create billing""]
13 --> 14[""Pack product""]
14 --> 15[""Ship product""]
15 --> 16[""EndNode""]
```"
288,"The description contains the following activities:
0. T1
1. T2

The process specifies that activities 0 and 1 happen at the same time, then activity 0 happens first, followed by activity 1. Thus, the final activity diagram should look like the following:
```mermaid
graph LR
0[""StartNode""] --> 1[""T1""]
0 --> 2[""T2""]
1 --> 3[""EndNode""]
2 --> 3
```"
289,"The description contains the following activities and decisions:
Activities:
0. Click on ""Start""
1. Select ""Edit Report""
2. Review report
3. Check if translation is required
4. Translate receipts
5. Confirm receipts
6. Edit report
7. Process expense
Decisions:
0. Expense greater than 1000?
1. Need for translation?
2. Report approved?
3. Receipts accepted?

The process starts with activities 0 and 1. Then decision 0 is made. If decision 0 is yes, then activity 2 happens. If decision 0 is no, then decision 1 is made. If decision 1 is yes, then activity 4 happens. If decision 1 is no, then activity 5 happens. After that, decision 2 is made. If decision 2 is no, then activity 6 happens. If decision 2 is yes, then decision 1 is made again. If decision 1 is yes, then activity 4 happens. If decision 1 is no, then activity 5 happens. After that, decision 3 is made. If decision 3 is no, then activity 6 happens. If decision 3 is yes, then activity 7 happens. Thus, the final activity diagram should look like the following:
```mermaid
graph LR
0[""StartNode""] --> 1[""Click on Start""]
1 --> 2[""Select Edit Report""]
2 --> 3{""Expense greater than 1000?""}
3 --> |""Yes""|4[""Review report""]
3 --> |""No""|5{""Need for translation?""}
5 --> |""Yes""|6[""Translate receipts""]
5 --> |""No""|7[""Confirm receipts""]
4 --> 8[""Edit report""]
7 --> 8
8 --> 9{""Report approved?""}
9 --> |""No""|10[""Edit report""]
9 --> |""Yes""|11{""Need for translation?""}
11 --> |""Yes""|12[""Translate receipts""]
11 --> |""No""|13[""Confirm receipts""]
13 --> 14{""Receipts accepted?""}
14 --> |""No""|10
14 --> |""Yes""|15[""Process expense""]
15 --> 16[""EndNode""]
```"
290,"The description contains the following activities and decisions:
Activities:
0. start_element
1. myTaskOne
2. myTaskTwo
3. myTaskThree
4. myEndEvent
5. myTermination
Decisions:
0. myMessageEvent
1. myTimeEvent_60minutes

The process specifies that activities 0 and 1 happen in sequence. Then decision 0 is made. If decision 0 is yes, then activity 2 happens, followed by activity 4. If decision 0 is no, then decision 1 is made. If decision 1 is yes, then activity 3 happens, followed by activity 5. Thus, the final activity diagram should look like the following:
```mermaid
graph LR
0[""StartNode""] --> 1[""start_element""]
1 --> 2[""myTaskOne""]
2 --> 3{""myMessageEvent""}
3 --> |""Yes""|4[""myTaskTwo""]
3 --> |""No""|5{""myTimeEvent_60minutes""}
5 --> |""Yes""|6[""myTaskThree""]
6 --> 7[""myTermination""]
4 --> 7
```"
291,"The description contains the following activities and decisions:
Activities:
0. Send product availability inquiry
1. Send product inquiry
2. Receive quotation
3. Analyze quotation
4. Check Purchase Decision
5. Send purchase order
6. Purchase order sent
7. Wait for invoice
8. Verify invoice accuracy
9. Send payment
Decisions:
0. Purchase Decision

The process specifies that activities 0 and 1 happen in sequence. Then activity 2 happens. After that, activity 3 happens. Then decision 0 is made. If decision 0 is yes, then activities 5, 6 happens in sequence. Then activity 7 happens. After that, activity 8 happens. Then activity 9 happens and the process ends. If decision 0 is no, then the process ends. Thus, the final activity diagram should look like the following:
```mermaid
graph LR
0[""StartNode""] --> 1[""Send product availability inquiry""]
1 --> 2[""Send product inquiry""]
2 --> 3[""Receive quotation""]
3 --> 4[""Analyze quotation""]
4 --> 5{""Purchase Decision""}
5 --> |""Yes""|6[""Send purchase order""]
5 --> |""No""|7[""EndNode""]
6 --> 8[""Purchase order sent""]
8 --> 9[""Wait for invoice""]
9 --> 10[""Verify invoice accuracy""]
10 --> 11[""Send payment""]
11 --> 12[""EndNode""]
```"
292,"The description describes the following activities without decisions:
0. Confirm the order
1. Shipping the item
2. Sending the invoice
3. Activity after shipping
4. Activity after sending the invoice
5. End the process

Activity 0 and 1, 2 happen at the same time. Then activity 3 and 4 happen after activity 1 and 2 respectively. Finally, activity 5 happens. Thus, the final activity diagram should look like the following:
```mermaid
graph LR
0[""StartNode""] --> 1[""Confirm the order""]
1 --> 2[""Shipping the item""]
1 --> 3[""Sending the invoice""]
2 --> 4[""Activity after shipping""]
3 --> 5[""Activity after sending the invoice""]
4 --> 6[""EndNode""]
5 --> 6
```"
293,"The description describes the following activities without decisions:
Activities:
0. Activity B-1
1. Activity C-1
2. Activity C-2
3. Activity B-2
4. Activity A-1
5. Activity D-2
6. Activity E-1
7. Activity D-1
8. Activity B-3
9. Activity D-3

The process starts with activities 0, 1, 2, 3 happening at the same time. Then activities 4 and 5 happen at the same time. Then activities 6 and 7 happen at the same time. Finally, activities 8 and 9 happen. Thus, the final activity diagram should look like the following:
```mermaid
graph LR
0[""StartNode""] --> 1[""Activity B-1""]
0 --> 2[""Activity C-1""]
0 --> 3[""Activity C-2""]
0 --> 4[""Activity B-2""]
2 --> 5[""Activity A-1""]
3 --> 5
5 --> 6[""Activity D-2""]
6 --> 7[""Activity E-1""]
7 --> 8[""Activity D-1""]
8 --> 9[""Activity B-3""]
8 --> 10[""Activity D-3""]
```"
294,"The description contains the following activities and decisions:
Activities:
0. Check customer's credit history
1. Conduct property survey
2. Search for property title
Decisions:
0. None

The process specifies that activities 0 and 1 happen at the same time. Afterwards, activity 2 happens. Thus, the final activity diagram should look like the following:
```mermaid
graph LR
0[""StartNode""] --> 1[""Check customer's credit history""]
0 --> 2[""Conduct property survey""]
1 --> 3[""Credit History File""]
2 --> 4[""Survey Document""]
3 --> 5[""Search for property title""]
4 --> 5
5 --> 6[""EndNode""]
```"
295,"The description describes the following activities without decisions:
0. Receive order
1. Shipping products
2. Send invoice
3. Receive payment

Activities 0 and 1 happen at the same time, followed by activity 2. Then activity 3 happens. Thus, the final activity diagram should look like the following:
```mermaid
graph LR
0[""StartNode""] --> 1[""Receive order""]
1 --> 2[""Shipping products""]
1 --> 3[""Send invoice""]
2 --> 4[""Receive payment""]
3 --> 4
4 --> 5[""EndNode""]
```"
296,"The description contains the following activities and decisions:
Activities:
0. Send email to support system
1. Allocate ticket
2. Check if first level can handle it
3. Document ticket
4. Ask developer
5. Send email to account manager
Decisions:
0. First level can handle it?

The process specifies that activities 0 and 1 happen first. Then decision 0 is made. If decision 0 is yes, then activity 3 happens. If decision 0 is no, then activity 4 happens. Then decision 0 is made again. If decision 0 is yes, then activity 3 happens. If decision 0 is no, then activity 4 happens again. Once activity 3 happens, activity 5 happens. If activity 4 happens, then activity 3 happens and activity 5 happens. Thus, the final activity diagram should look like the following:
```mermaid
graph LR
0[""StartNode""] --> 1[""Send email to support system""]
1 --> 2[""Allocate ticket""]
2 --> 3{""First level can handle it?""}
3 --> |""Yes""|4[""Document ticket""]
3 --> |""No""|5[""Ask developer""]
4 --> 6[""Send email to account manager""]
5 --> 7[""Document ticket""]
7 --> 6
```"
297,"The description contains the following activities without decisions:
0. Register contract acceptation
1. Scan offer
2. Provide billing information
3. Provide pincode information

Activities 0 and 1 happen at the same time, followed by activities 2 and 3. Thus, the final activity diagram should look like the following:
```mermaid
graph LR
0[""StartNode""] --> 1[""Register contract acceptation""]
0 --> 2[""Scan offer""]
1 --> 3[""Provide billing information""]
2 --> 3
3 --> 4[""EndNode""]
```"
298,"The description contains the following activities and decisions:
Activities:
0. Receive customer inquiry
1. Prepare quotation
2. Create sales order
3. Perform credit check
4. Check stock availability
5. Create outbound delivery
6. Pick
7. Post goods issue
8. Create billing
9. Pack product
10. Invoice product
11. Ship product
Decisions:
0. Credit approved?
1. Stock available?

The process specifies that activities 0 and 1 happen in sequence, followed by activity 2. Then decision 0 is made. If decision 0 is no, then the process ends. If decision 0 is yes, then activity 4 happens. If activity 4 is no, then the process ends. If activity 4 is yes, then activity 5 happens. Then activity 4 is checked again. If activity 4 is no, then the process ends. If activity 4 is yes, then activities 6, 7, 8, 9, 10, 11 happen in sequence. Thus, the final activity diagram should look like the following:
```mermaid
graph LR
0[""StartNode""] --> 1[""Receive customer inquiry""]
1 --> 2[""Prepare quotation""]
2 --> 3[""Create sales order""]
3 --> 4{""Credit approved?""}
4 --> |""No""|5[""EndNode""]
4 --> |""Yes""|6[""Check stock availability""]
6 --> |""No""|7[""EndNode""]
6 --> |""Yes""|8[""Create outbound delivery""]
8 --> 9[""Check stock availability""]
9 --> |""No""|10[""EndNode""]
9 --> |""Yes""|11[""Pick""]
11 --> 12[""Post goods issue""]
12 --> 13[""Create billing""]
13 --> 14[""Pack product""]
14 --> 15[""Invoice product""]
15 --> 16[""Ship product""]
16 --> 17[""EndNode""]
```"
299,"The description contains the following activities and decisions:
Activities:
0. Sort invoices per client
1. Sort invoices per vendor
2. Staple invoice entry form to invoice
3. Enter vendor name on invoice entry form
4. Enter client name on invoice entry form
5. Enter invoice arrival date on invoice entry form
6. End process

The process specifies that activities 0 and 1 happen in sequence. Then activity 2 happens, followed by activities 3, 4, and 5 happen at the same time. Finally, activity 6 happens. Thus, the final activity diagram should look like the following:
```mermaid
graph LR
0[""StartNode""] --> 1[""Sort invoices per client""]
1 --> 2[""Sort invoices per vendor""]
2 --> 3[""Staple invoice entry form to invoice""]
3 --> 4[""Enter vendor name on invoice entry form""]
3 --> 5[""Enter client name on invoice entry form""]
3 --> 6[""Enter invoice arrival date on invoice entry form""]
4 --> 7[""EndNode""]
5 --> 7
6 --> 7
```"
300,"The description contains the following activities and decisions:
Activities:
0. Vendor sends the invoice
1. Vendor receives the invoice
2. Check invoice against inventory
3. Enter invoice information in Payment Out Module
4. Revises the invoice on the spot
5. Receive the invoice again
6. Make the payment
7. Process the payment
8. Forward the payment to the vendor
9. Close the order
Decisions:
0. Instruction is to ""send over the invoice"" or ""contact the vendor""

The process starts with activity 0, followed by activity 1. Then decision 0 is made. If decision 0 is ""send over the invoice"", then activities 2, 3, 6, 7, 8, 9 happens in sequence. If decision 0 is ""contact the vendor"", then activities 2, 4, 5, 6, 7, 8, 9 happens in sequence. Thus, the final activity diagram should look like the following:
```mermaid
graph LR
0[""StartNode""] --> 1[""Vendor sends the invoice""]
1 --> 2[""Vendor receives the invoice""]
2 --> 3{""Instruction is to 'send over the invoice' or 'contact the vendor'""}
3 --> |""send over the invoice""|4[""Check invoice against inventory""]
3 --> |""contact the vendor""|5[""Revises the invoice on the spot""]
4 --> 6[""Enter invoice information in Payment Out Module""]
5 --> 2
6 --> 7[""Make the payment""]
7 --> 8[""Process the payment""]
8 --> 9[""Forward the payment to the vendor""]
9 --> 10[""Close the order""]
10 --> 11[""EndNode""]
```"
301,"The description contains the following activities and no decisions:
Activities:
0. Receive Order
1. Send Invoice
2. Ship Products
3. Receive Payment

According to the description, activities 0, 1, 2 happen at the same time. After activity 1, activity 3 happens. Thus, the final activity diagram should look like the following:
```mermaid
graph LR
0[""StartNode""] --> 1[""Receive Order""]
1 --> 2[""Send Invoice""]
1 --> 3[""Ship Products""]
2 --> 4[""Receive Payment""]
4 --> 5[""EndNode""]
3 --> 4
```"
302,"The description contains the following activities and decisions:
Activities:
0. Receive order
1. Confirm order
2. Arrange shipment
3. Update manufacturing plan
4. Generate order summary
5. Review and revise order
6. Update customer file
7. End process
Decisions:
0. None

The process specifies that activities 0 and 1 happen first, followed by activities 2, 3, 4, and 5 happening at the same time. After that, activity 6 happens. Then activity 6 happens again, followed by activity 7. Thus, the final activity diagram should look like the following:
```mermaid
graph LR
0[""StartNode""] --> 1[""Receive order""]
1 --> 2[""Confirm order""]
2 --> 3[""Arrange shipment""]
2 --> 4[""Update manufacturing plan""]
2 --> 5[""Generate order summary""]
2 --> 6[""Review and revise order""]
6 --> 7[""Update customer file""]
7 --> 8[""Update customer file""]
8 --> 9[""EndNode""]
```"
303,"The description contains the following activities and data object:
Activities:
0. Check Customers Credit History
1. Search Property Title
2. Conduct Property Survey
Data Object:
0. Survey Document

The process specifies that activities 0, 1, 2 happen at the same time. Thus, the final activity diagram should look like the following:
```mermaid
graph LR
0[""StartNode""] --> 1[""Check Customers Credit History""]
0 --> 2[""Search Property Title""]
0 --> 3[""Conduct Property Survey""]
3 --> 4[""Survey Document""]
4 --> 5[""EndNode""]
```"
304,"The description contains the following activities and decisions:
Activities:
0. Request an order
1. Choreography task
2. Check if order can be fulfilled
3. Confirm the order
4. Reject the order
5. Deliver the order
6. Notify order rejected
7. Notify order delivered
Decisions:
0. Can order be fulfilled?

The process specifies that activity 0 happens first, followed by activity 1. Then decision 0 is made. If decision 0 is yes, then activities 3 and 5 happens in sequence. If decision 0 is no, then activity 4 happens and the process ends. If activity 3 happens, then activity 6 happens and the process ends. If activity 5 happens, then activity 7 happens and the process ends. Thus, the final activity diagram should look like the following:
```mermaid
graph LR
0[""StartNode""] --> 1[""Request an order""]
1 --> 2[""Choreography task""]
2 --> 3{""Can order be fulfilled?""}
3 --> |""Yes""|4[""Confirm the order""]
3 --> |""No""|5[""Reject the order""]
4 --> 6[""Deliver the order""]
4 --> 7[""Notify order delivered""]
5 --> 8[""EndNode""]
6 --> 9[""Notify order delivered""]
```"
305,"The description contains the following activities and decisions:
Activities:
0. Start process
1. Send new transport event
2. Receive transport order
3. Send transport order
4. Execute transport
5. Distribute shipment info
6. Ask for shipment confirmation
7. Send shipment info
8. Send shipment confirmation
Decisions:
0. None

The process specifies that activities 0, 1, 2, 3 happens in sequence. At the same time, activities 4, 5, 6 happens. After that, activities 7, 8 happens. Thus, the final activity diagram should look like the following:
```mermaid
graph LR
0[""StartNode""] --> 1[""Start process""]
1 --> 2[""Send new transport event""]
2 --> 3[""Send transport order""]
3 --> 4[""Receive transport order""]
4 --> 5[""Execute transport""]
5 --> 6[""Distribute shipment info""]
5 --> 7[""Ask for shipment confirmation""]
6 --> 7
7 --> 8[""Send shipment info""]
8 --> 9[""Send shipment confirmation""]
9 --> 10[""EndNode""]
```"
306,"The description contains the following activities and decisions:
Activities:
0. Reach out to 1st Level Support
1. Provide feedback to account manager
2. Ask a developer for assistance
3. Receive assistance
4. Provide feedback to 1st Level Support
5. Provide feedback to account manager
Decisions:
0. 1st Level Support can handle the issue?

The process specifies that activity 0 happens first, followed by decision 0. If decision 0 is yes, then activity 1 happens. If decision 0 is no, then activity 2 happens, followed by activity 3. Then activity 1 happens. Finally, activities 4 and 5 happen. Thus, the final activity diagram should look like the following:
```mermaid
graph LR
0[""StartNode""] --> 1[""Reach out to 1st Level Support""]
1 --> 2{""1st Level Support can handle the issue?""}
2 --> |""Yes""|3[""Provide feedback to account manager""]
2 --> |""No""|4[""Ask a developer for assistance""]
3 --> 5[""Receive assistance""]
4 --> 5
5 --> 6[""Provide feedback to 1st Level Support""]
6 --> 7[""Provide feedback to account manager""]
7 --> 8[""EndNode""]
```"
307,"The description contains the following activities and decisions:
Activities:
0. Initiate scheduling process
1. Manager creates Google Form and schedule template
2. Employee logs into Google account
3. Employee accesses Google Form
4. Employee selects available times
5. Employee lists reasons for unavailability
6. Employee submits form
7. Manager configures Excel schedule
8. Manager enters schedule on portal
9. Manager prints schedules for employees
10. Manager emails schedules to employees
11. Manager reviews collected results
12. Scheduling process complete
Decisions:
0. None

The process specifies that activities 0 and 1 happen at the same time. Then activity 2 happens, followed by activity 3. After that, activity 4 happens, followed by activity 5 and 6. Meanwhile, activity 7, 8, 9, 10 happens. Finally, activity 11 happens, followed by activity 12. Thus, the final activity diagram should look like the following:
```mermaid
graph LR
0[""StartNode""] --> 1[""Initiate scheduling process""]
1 --> 2[""Manager creates Google Form and schedule template""]
2 --> 3[""Employee logs into Google account""]
3 --> 4[""Employee accesses Google Form""]
4 --> 5[""Employee selects available times""]
4 --> 6[""Employee lists reasons for unavailability""]
6 --> 7[""Employee submits form""]
3 --> 8[""Manager configures Excel schedule""]
3 --> 9[""Manager enters schedule on portal""]
3 --> 10[""Manager prints schedules for employees""]
3 --> 11[""Manager emails schedules to employees""]
7 --> 12[""Manager reviews collected results""]
12 --> 13[""Scheduling process complete""]
13 --> 14[""EndNode""]
```"
308,"The description contains the following activities and decisions:
Activities:
0. Create Purchase Requisition
1. Submit Purchase Order
2. Send Ordered Materials
3. Send Packing List and Shipment Details
4. Send Invoice
5. Verify Contents
6. Check Shipment Accuracy
7. Send Payment
8. Report Shipment Problems
9. Send Ordered Materials Again
Decisions:
0. Shipment accurate?

The process specifies that activities 0 and 1 happen in sequence. Then activity 2 happens. After that, activities 3 and 4 happen in sequence. Then activity 5 happens, followed by decision 0. If decision 0 is yes, then activity 7 happens and the process ends. If decision 0 is no, then activity 8 happens, followed by activity 9. Thus, the final activity diagram should look like the following:
```mermaid
graph LR
0[""StartNode""] --> 1[""Create Purchase Requisition""]
1 --> 2[""Submit Purchase Order""]
2 --> 3[""Send Ordered Materials""]
3 --> 4[""Send Packing List and Shipment Details""]
4 --> 5[""Send Invoice""]
5 --> 6[""Verify Contents""]
6 --> 7{""Shipment accurate?""}
7 --> |""Yes""|8[""Send Payment""]
7 --> |""No""|9[""Report Shipment Problems""]
8 --> 10[""EndNode""]
9 --> 11[""Send Ordered Materials Again""]
```"
309,"The description contains the following activities and decisions:
Activities:
0. Weekly, in time for discounts
1. Pay invoices
2. Generate payment report
3. Send payment report to Accounts Receivable Department
4. Send payment report to registry
5. Generate monthly invoices
6. Send out invoices
Decisions:
0. None

The process specifies that activity 0 happens first, followed by activity 1. Activity 1 happens in a fully automated process. After that, activity 2 happens, followed by activity 3 and 4 happen at the same time. After that, activity 5 happens, followed by activity 6. Thus, the final activity diagram should look like the following:
```mermaid
graph LR
0[""StartNode""] --> 1[""Weekly, in time for discounts""]
1 --> 2[""Pay invoices""]
2 --> 3[""Generate payment report""]
3 --> 4[""Send payment report to Accounts Receivable Department""]
3 --> 5[""Send payment report to registry""]
5 --> 6[""Generate monthly invoices""]
6 --> 7[""Send out invoices""]
```"
310,"The description contains the following activities and decisions:
Activities:
0. Make place change request
1. Check for delivery conflicts
2. Check for cancellation
3. Cancel order
4. Check if product is on sale
5. Approve change request
6. Dismiss change request
Decisions:
0. Delivery conflicts?
1. Cancellation?

The process specifies that activity 0 happens first, followed by decision 0. If decision 0 is yes, then activity 6 happens and the process ends. If decision 0 is no, then activity 1 happens. If activity 1 is yes, then activity 6 happens and the process ends. If activity 1 is no, then activity 2 happens. If activity 2 is yes, then activity 3 happens. If activity 2 is no, then activity 4 happens. If activity 4 is yes, then activity 5 happens. If activity 4 is no, then activity 6 happens. If activity 5 happens, then activity 6 happens. Thus, the final activity diagram should look like the following:
```mermaid
graph LR
0[""StartNode""] --> 1[""Make place change request""]
1 --> 2{""Delivery conflicts?""}
2 --> |""Yes""|3[""Dismiss change request""]
2 --> |""No""|4[""Check for cancellation""]
4 --> |""Yes""|5[""Cancel order""]
4 --> |""No""|6[""Check if product is on sale""]
6 --> |""Yes""|7[""Approve change request""]
6 --> |""No""|3[""Dismiss change request""]
7 --> 8[""EndNode""]
3 --> 8
5 --> 8
```"
311,"The description contains the following activities and decisions:
Activities:
0. Customer experiences computer problem
1. Describe problem
2. Receive estimated time and cost
3. Check if time and cost are acceptable
4. Authorize repair
5. Take computer back
6. Repair
7. Check if problem is fixed
8. Proceed with payment and pickup
9. Payment made and computer picked up
Decisions:
0. Time and cost acceptable?

The process specifies that activities 0 and 1 happen in sequence. Then decision 0 is made. If decision 0 is yes, then activities 4, 6, 7 happens in sequence. If decision 0 is no, then activity 5 happens and the process ends. If activity 4 happens, then activity 8 happens. If activity 7 is no, then the process ends. If activity 7 is yes, then activity 8 happens. Finally, activity 9 happens. Thus, the final activity diagram should look like the following:
```mermaid
graph LR
0[""StartNode""] --> 1[""Customer experiences computer problem""]
1 --> 2[""Describe problem""]
2 --> 3[""Receive estimated time and cost""]
3 --> 4{""Time and cost acceptable?""}
4 --> |""Yes""|5[""Authorize repair""]
4 --> |""No""|6[""Take computer back""]
5 --> 7[""Repair""]
7 --> 8{""Problem fixed?""}
8 --> |""Yes""|9[""Proceed with payment and pickup""]
8 --> |""No""|10[""EndNode""]
9 --> 11[""Payment made and computer picked up""]
11 --> 12[""EndNode""]
```"
312,"The description describes the following activities without decisions:
0. Send order
1. Receive items
2. Receive invoice
3. Pay for items

Activity 0 and 1, 2 happen at the same time, followed by activity 3. Thus, the final activity diagram should look like the following:
```mermaid
graph LR
0[""StartNode""] --> 1[""Send order""]
1 --> 2[""Receive items""]
1 --> 3[""Receive invoice""]
2 --> 4[""Pay for items""]
3 --> 4
4 --> 5[""EndNode""]
```"
313,"The description contains the following activities and decisions:
Activities:
0. Analyze
1. Check for consistency
2. Update
Decisions:
0. Goals satisfied?

The process specifies that activity 0 happens first, followed by decision 0. If decision 0 is no, then activity 2 happens, followed by activity 0 again. If decision 0 is yes, then the process ends. Thus, the final activity diagram should look like the following:
```mermaid
graph LR
0[""StartNode""] --> 1[""Analyze""]
1 --> 2{""Goals satisfied?""}
2 --> |""No""|3[""Update""]
3 --> 4[""Analyze""]
4 --> 2
2 --> |""Yes""|5[""EndNode""]
```"
314,"The description describes the following activities without decisions:
0. Delay for 48 hours
1. Monitor issue votes
2. Send email warning
3. Delay for 24 hours
4. Moderate voting discussion
5. Close voting

Activities 0 and 1 happen at the same time, followed by activity 2. Then activity 3 happens, followed by activity 4 and 5. Thus, the final activity diagram should look like the following:
```mermaid
graph LR
0[""StartNode""] --> 1[""Delay for 48 hours""]
0 --> 2[""Monitor issue votes""]
1 --> 3[""Send email warning""]
2 --> 4[""Delay for 24 hours""]
3 --> 4
4 --> 5[""Moderate voting discussion""]
5 --> 6[""Close voting""]
6 --> 7[""EndNode""]
```"
315,"The description contains the following activities and decisions:
Activities:
0. Meet with customer and discuss web design
1. Check if meeting was successful
2. Second meeting with customer to create storyboard
3. Create storyboard
Decisions:
0. Meeting was successful?

The process specifies that activity 0 happens first, followed by decision 0. If decision 0 is yes, then activity 1 happens, followed by activity 2 and 3. If decision 0 is no, then the process ends. The same check happens again before activity 2. Thus, the final activity diagram should look like the following:
```mermaid
graph LR
0[""StartNode""] --> 1[""Meet with customer and discuss web design""]
1 --> 2{""Meeting was successful?""}
2 --> |""Yes""|3[""Check if meeting was successful""]
3 --> |""Yes""|4[""Second meeting with customer to create storyboard""]
3 --> |""No""|5[""EndNode""]
4 --> 6[""Create storyboard""]
6 --> 7[""EndNode""]
```"
316,"The description contains the following activities and decisions:
Activities:
0. Send offer manually
1. Check address availability
2. Contact customer to obtain address
3. Present offer
4. Address customer questions
5. End process
Decisions:
0. Address available?

The process specifies that activity 0 happens first, followed by decision 0. If decision 0 is no, then activity 2 happens, then activity 3 happens. If decision 0 is yes, then activity 3 happens directly. Then activity 4 happens, and if there are no issues, activity 5 happens. Thus, the final activity diagram should look like the following:
```mermaid
graph LR
0[""StartNode""] --> 1[""Send offer manually""]
1 --> 2{""Address available?""}
2 --> |""No""|3[""Contact customer to obtain address""]
2 --> |""Yes""|4[""Present offer""]
3 --> 4
4 --> 5[""Address customer questions""]
5 --> 6[""End process""]
```"
317,"The description contains the following activities and decisions:
Activities:
0. Register participation in seminar
1. Register post-seminar results
2. Create purchase request
3. Check purchase request approval
4. Notify rejection
5. Send appraisal notification
Decisions:
0. Seminar fees required?

The process specifies that activity 0 happens first. Then decision 0 is made. If decision 0 is no, then activity 1 happens. If decision 0 is yes, then activity 2 happens. After that, decision 0 is made again. If decision 0 is no, then activity 4 happens. If decision 0 is yes, then activity 3 happens. If decision 3 is no, then activity 4 happens. If decision 3 is yes, then activity 5 happens, followed by activity 1. Thus, the final activity diagram should look like the following:
```mermaid
graph LR
0[""StartNode""] --> 1[""Register participation in seminar""]
1 --> 2{""Seminar fees required?""}
2 --> |""No""|3[""Register post-seminar results""]
2 --> |""Yes""|4[""Create purchase request""]
4 --> 5{""Seminar fees required?""}
5 --> |""No""|6[""Notify rejection""]
5 --> |""Yes""|7[""Check purchase request approval""]
7 --> |""No""|6[""Notify rejection""]
7 --> |""Yes""|8[""Send appraisal notification""]
8 --> 9[""Register post-seminar results""]
```"
318,"The description contains the following activities and decisions:
Activities:
0. Prepare shipment order
1. Send shipment order
2. Get carrier response
3. Realize shipment
4. Acquisition of carriers
Decisions:
0. Carrier response positive?

The process specifies that activity 0 happens first, followed by activity 1. Then activity 2 happens, and decision 0 is made. If decision 0 is yes, then activity 3 happens and the process ends. If decision 0 is no, then activity 4 happens, and the process ends. The process then loops back to activity 1. Thus, the final activity diagram should look like the following:
```mermaid
graph LR
0[""StartNode""] --> 1[""Prepare shipment order""]
1 --> 2[""Send shipment order""]
2 --> 3[""Get carrier response""]
3 --> |""Yes""|4[""Realize shipment""]
3 --> |""No""|5[""Acquisition of carriers""]
4 --> 6[""EndNode""]
5 --> 1
```"
319,"The description describes the following activities without decisions:
0. Check Customer Credit History
1. Search Property Title
2. Property Survey
3. Conclude process

Activity 0, 1, 2 happen at the same time. After that, activity 3 happens. Thus, the final activity diagram should look like the following:
```mermaid
graph LR
0[""StartNode""] --> 1[""Check Customer Credit History""]
0 --> 2[""Search Property Title""]
0 --> 3[""Property Survey""]
3 --> 4[""Survey Document""]
4 --> 5[""EndNode""]
```"
320,"The description contains the following activities:
Activities:
0. Create M1
1. Handle all the information

The process specifies that activity 0 happens first, followed by activity 1. Thus, the final activity diagram should look like the following:
```mermaid
graph LR
0[""StartNode""] --> 1[""Create M1""]
1 --> 2[""Handle all the information""]
2 --> 3[""EndNode""]
```"
321,"The description describes the following activities without decisions:
0. Undress
1. Put on underwear
2. Put on trousers
3. Put on shirt
4. Fully dressed

Activity 0 happens first, followed by activities 1, 2, and 3 happen at the same time. After that, activity 4 happens. Thus, the final activity diagram should look like the following:
```mermaid
graph LR
0[""StartNode""] --> 1[""Undress""]
1 --> 2[""Put on underwear""]
1 --> 3[""Put on trousers""]
1 --> 4[""Put on shirt""]
2 --> 5[""Fully dressed""]
3 --> 5
4 --> 5
5 --> 6[""EndNode""]
```"
322,"The description describes the following activities without decisions:
0. Follow the recipe
1. Put eggs into bowl A
2. Put flour into bowl B
3. Add sugar to bowl A
4. Add baking powder to bowl B
5. Put butter into bowl A
6. Mix ingredients in bowl A
7. Bake the cake
8. Cake is fully baked

Activity 0 happens first, followed by activities 1 and 2 happen at the same time. Then, activities 3 and 4 happen at the same time. Then, activity 5 happens, followed by activity 6. Finally, activity 7 and 8 happen in sequence. Thus, the final activity diagram should look like the following:
```mermaid
graph LR
0[""StartNode""] --> 1[""Follow the recipe""]
1 --> 2[""Put eggs into bowl A""]
1 --> 3[""Put flour into bowl B""]
2 --> 4[""Add sugar to bowl A""]
3 --> 5[""Add baking powder to bowl B""]
5 --> 6[""Put butter into bowl A""]
6 --> 7[""Mix ingredients in bowl A""]
7 --> 8[""Bake the cake""]
8 --> 9[""Cake is fully baked""]
```"
323,"The description contains the following activities and decisions:
Activities:
0. Check Customer Credit History
1. Search Property Title
2. Property Survey
Decisions:
0. None

The process specifies that activities 0 and 1 happen at the same time. Activity 2 happens after activities 0 and 1. Thus, the final activity diagram should look like the following:
```mermaid
graph LR
0[""StartNode""] --> 1[""Check Customer Credit History""]
1 --> 2[""Search Property Title""]
1 --> 3[""Property Survey""]
3 --> 4[""EndNode""]
```"
324,"This description contains the following activities and decisions:
Activities:
0. Left outer join between lips and it_likp
1. Sort and remove duplicates from it_lipsm
2. Left outer join between vbfa and it_likpsm
3. Remove lines from it_vbfa_completo where plmin is not ""+""
4. Copy vbeln values from it_vbfa_completo to it_unolips
5. Remove duplicates from it_unolips
6. Left outer join between lips and it_unolips
7. Copy lifex values from it_likp to it_lifex
8. Sort lifex values in it_lifex
9. Write lifex values to it_vbfa_completo-secuencia
10. Execute busca_pedido_vbap and busca_factura_vbap
11. Check ""c_si in r_valida"" condition
12. Check ""pvstel in r_exclog"" condition
13. Left outer join between vbap and it_vbfa_completo
14. Remove rows that are not errors from it_nofacturado
15. Transfer maktl values from imaktl to it_vbfa_completo
16. Remove rows that are not errors from it_nofacturado
17. Enhance rest of rows with data
18. Transfer vbeln values from it_vbfa_completo to itransp
19. Remove duplicates from itransp
20. Check ""it_nofacturado empty?"" condition
21. Check ""error?"" condition
22. Left outer join between vbfa and itransp
23. Right outer join between ivttk_t and itnum
24. Transfer tknum values from itnum-vbeln to it_vbfa_completo
25. Remove rows from it_vbfa_completo without tknum
26. Remove rows from it_vbfa_completo where tknum is in so_tknum
Decisions:
0. ""c_si in r_valida""
1. ""pvstel in r_exclog""
2. ""it_nofacturado empty?""
3. ""error?""

The process starts with activity 0, followed by activity 1. Then, activity 2 and 3 happen in sequence. After that, activity 4, 5, 6, 7, 8, 9 happen in sequence. Then, activity 10 happens. After that, decision 0 is made. If decision 0 is true, then activity 11 happens. If decision 0 is false, then activity 12 happens. If decision 12 is true, then activity 13, 14, 15, 16, 17 happen in sequence. If decision 12 is false, then activity 13, 15, 16, 17 happen in sequence. After that, activity 18, 19 happen in sequence. Then, decision 2 is made. If decision 2 is true, then activity 20 happens. If decision 2 is false, then activity 21 happens. If decision 21 is false, then activity 22 happens. If decision 21 is true, then the process ends. If decision 21 is false, then activity 23, 24, 25, 26 happen in sequence. Thus, the final activity diagram should look like the following:
```mermaid
graph LR
0[""StartNode""] --> 1[""Left outer join between lips and it_likp""]
1 --> 2[""Sort and remove duplicates from it_lipsm""]
2 --> 3[""Left outer join between vbfa and it_likpsm""]
3 --> 4[""Remove lines from it_vbfa_completo where plmin is not ""+""""]
4 --> 5[""Copy vbeln values from it_vbfa_completo to it_unolips""]
5 --> 6[""Remove duplicates from it_unolips""]
6 --> 7[""Left outer join between lips and it_unolips""]
7 --> 8[""Copy lifex values from it_likp to it_lifex""]
8 --> 9[""Sort lifex values in it_lifex""]
9 --> 10[""Write lifex values to it_vbfa_completo-secuencia""]
10 --> 11[""Execute busca_pedido_vbap and busca_factura_vbap""]
11 --> 12{""c_si in r_valida""}
12 --> |""Yes""|13[""Check pvstel in r_exclog condition""]
12 --> |""No""|14[""Left outer join between vbap and it_vbfa_completo""]
13 --> 15{""pvstel in r_exclog""}
15 --> |""Yes""|16[""Remove rows that are not errors from it_nofacturado""]
15 --> |""No""|17[""Transfer maktl values from imaktl to it_vbfa_completo""]
16 --> 18[""Remove rows that are not errors from it_nofacturado""]
17 --> 18
18 --> 19[""Enhance rest of rows with data""]
19 --> 20[""Transfer vbeln values from it_vbfa_completo to itransp""]
20 --> 21[""Remove duplicates from itransp""]
21 --> 22{""it_nofacturado empty?""}
22 --> |""Yes""|23[""Check error? condition""]
22 --> |""No""|24[""Left outer join between vbfa and itransp""]
23 --> 25{""error?""}
25 --> |""Yes""|26[""EndNode""]
25 --> |""No""|27[""Right outer join between ivttk_t and itnum""]
27 --> 28[""Transfer tknum values from itnum-vbeln to it_vbfa_completo""]
28 --> 29[""Remove rows from it_vbfa_completo without tknum""]
29 --> 30[""Remove rows from it_vbfa_completo where tknum is in so_tknum""]
30 --> 31[""EndNode""]
```"
325,"The description contains the following activities and decisions:
Activities:
0. Allocate bank package
1. Verify data
2. Hour begins
3. Verify BR
4. Hour continues
5. Enter bank data comparative analysis
6. Simulate data
7. Consolidate and verify data
8. Reconcile banking system
9. Generate ratios and KPIs
10. Verify ratios and KPIs
11. Generate statistical reports
12. Post data to EIS
13. Post data to data warehouse
Decisions:
0. Escalate if processing exceeds time limit (during ""Verify data"" and ""Verify BR"" and ""Consolidation and Verification"" and ""Generate ratio & KPI"" and ""Verify ratio & KPIs"")

The process starts with activity 0, followed by activity 1, 2. Activity 1 and 2 happen in sequence, and during activity 1, decision 0 is made. If decision 0 is yes, then activity 2 is repeated. After activity 2, activity 3 happens, followed by activity 4. Activity 3 and 4 happen in sequence, and during activity 3, decision 0 is made. If decision 0 is yes, then activity 4 is repeated. After activity 4, activity 5 happens, followed by activity 6, 7, 8, 9, 10, 11, 12, 13 happen in sequence. Thus, the final activity diagram should look like the following:
```mermaid
graph LR
0[""StartNode""] --> 1[""Allocate bank package""]
1 --> 2[""Verify data""]
2 --> 3{""Escalate if processing exceeds time limit""}
3 --> |""Yes""|2
3 --> |""No""|4[""Hour begins""]
4 --> 5[""Verify BR""]
5 --> 6{""Escalate if processing exceeds time limit""}
6 --> |""Yes""|5
6 --> |""No""|7[""Hour continues""]
7 --> 8[""Enter bank data comparative analysis""]
8 --> 9[""Simulate data""]
9 --> 10[""Consolidate and verify data""]
10 --> 11{""Escalate if processing exceeds time limit""}
11 --> |""Yes""|10
11 --> |""No""|12[""Reconcile banking system""]
12 --> 13[""Generate ratios and KPIs""]
13 --> 14{""Escalate if processing exceeds time limit""}
14 --> |""Yes""|13
14 --> |""No""|15[""Verify ratios and KPIs""]
15 --> 16{""Escalate if processing exceeds time limit""}
16 --> |""Yes""|15
16 --> |""No""|17[""Generate statistical reports""]
17 --> 18[""Post data to EIS""]
18 --> 19[""Post data to data warehouse""]
19 --> 20[""EndNode""]
```"
