,embedding_runtime,graph_matching_runtime,problem_build_runtimes,problem_solve_runtimes
0,"[0.11484289169311523, 0.0360722541809082, 0.0268404483795166, 0.02881598472595215, 0.0365447998046875, 0.05408644676208496, 0.03256630897521973, 0.04244089126586914, 0.03543543815612793, 0.0325007438659668]","[0.07920646667480469, 0.01200413703918457, 0.009533882141113281, 0.014007091522216797, 0.027083635330200195, 0.009005546569824219, 0.0755469799041748, 0.010006189346313477, 0.043225765228271484]",0.002077817916870117,0.05665421485900879
1,"[0.027557373046875, 0.029893159866333008, 0.026886463165283203, 0.0259554386138916, 0.030169010162353516, 0.04496335983276367, 0.03088235855102539, 0.0409998893737793, 0.02870631217956543, 0.0298616886138916]","[0.0040035247802734375, 0.002010822296142578, 0.005005598068237305, 0.0020062923431396484, 0.009021282196044922, 0.002006053924560547, 0.03968405723571777, 0.006005525588989258, 0.0030074119567871094]",0.00099945068359375,0.052921295166015625
2,"[0.03471708297729492, 0.031156301498413086, 0.027639150619506836, 0.03256988525390625, 0.03830528259277344, 0.0409088134765625, 0.028484582901000977, 0.04792380332946777, 0.047986507415771484, 0.03411602973937988]","[1.8703620433807373, 0.17123818397521973, 0.760169267654419, 0.06221365928649902, 1.5219182968139648, 0.044095516204833984, 0.04680156707763672, 0.7099254131317139, 1.0866360664367676]",0.002986431121826172,0.07709074020385742
3,"[0.03536200523376465, 0.041861772537231445, 0.039879798889160156, 0.03600025177001953, 0.0379636287689209, 0.06490564346313477, 0.038744449615478516, 0.08877253532409668, 0.03867959976196289, 0.03348135948181152]","[0.5314145088195801, 3.3752856254577637, 0.6029684543609619, 5.003368854522705, 1.2143585681915283, 5.004706382751465, 0.37687206268310547, 1.6940577030181885, 5.003507137298584]",0.0030117034912109375,0.06711483001708984
4,"[0.03263282775878906, 0.05887627601623535, 0.03400111198425293, 0.040001869201660156, 0.05342411994934082, 0.07001090049743652, 0.04465198516845703, 0.03697347640991211, 0.03821063041687012, 0.03685283660888672]","[1.0715422630310059, 0.01100015640258789, 0.5413029193878174, 1.7577240467071533, 0.13280200958251953, 0.5348398685455322, 0.6206526756286621, 0.005999326705932617, 0.009004592895507812]",0.0019986629486083984,0.05133676528930664
5,"[0.02753925323486328, 0.03767752647399902, 0.03200554847717285, 0.025955677032470703, 0.033751487731933594, 0.05013728141784668, 0.034204721450805664, 0.02967977523803711, 0.031852006912231445, 0.032163143157958984]","[0.0010058879852294922, 0.0065038204193115234, 0.004928112030029297, 0.0019991397857666016, 0.0070269107818603516, 0.005041837692260742, 0.0020036697387695312, 0.001998424530029297, 0.0030062198638916016]",0.0010819435119628906,0.06087303161621094
6,"[0.023403406143188477, 0.03098297119140625, 0.020001888275146484, 0.0330042839050293, 0.0269925594329834, 0.052527427673339844, 0.023537635803222656, 0.026294946670532227, 0.027590274810791016, 0.027039766311645508]","[0.002930164337158203, 0.0019989013671875, 0.002073049545288086, 0.005006313323974609, 0.003996849060058594, 0.006005764007568359, 0.0029990673065185547, 0.0040056705474853516, 0.0029633045196533203]",0.0009999275207519531,0.05551004409790039
7,"[0.02694535255432129, 0.025588274002075195, 0.02700066566467285, 0.0381159782409668, 0.039438724517822266, 0.09006524085998535, 0.037848472595214844, 0.04012131690979004, 0.03483390808105469, 0.029804229736328125]","[0.055507659912109375, 0.04651284217834473, 0.07502174377441406, 0.019001483917236328, 1.148390293121338, 0.06708431243896484, 0.0800008773803711, 0.05071663856506348, 0.07639336585998535]",0.002000093460083008,0.0441131591796875
8,"[0.021426677703857422, 0.03295087814331055, 0.04799246788024902, 0.037000417709350586, 0.03798079490661621, 0.03135037422180176, 0.02985239028930664, 0.024173736572265625, 0.02670574188232422, 0.03170013427734375]","[0.001999378204345703, 0.006913900375366211, 0.004047393798828125, 0.0019958019256591797, 0.0020635128021240234, 0.002004384994506836, 0.0020058155059814453, 0.0017251968383789062, 0.0029990673065185547]",0.0010025501251220703,0.04348254203796387
9,"[0.036946773529052734, 0.028509855270385742, 0.04394245147705078, 0.03756570816040039, 0.041803836822509766, 0.04584693908691406, 0.03258848190307617, 0.03199434280395508, 0.039469003677368164, 0.029293537139892578]","[0.24741816520690918, 0.0189361572265625, 0.007999420166015625, 0.005999326705932617, 0.01064157485961914, 0.006003618240356445, 0.006001710891723633, 0.026094913482666016, 0.005988597869873047]",0.0020170211791992188,0.04799461364746094
10,"[0.02587413787841797, 0.0413973331451416, 0.04154562950134277, 0.035001277923583984, 0.033116817474365234, 0.039960622787475586, 0.0306396484375, 0.03465890884399414, 0.02719736099243164, 0.029242753982543945]","[0.0029981136322021484, 0.01512455940246582, 0.03667044639587402, 0.00900578498840332, 0.01802229881286621, 0.024646997451782227, 0.05323982238769531, 0.08950304985046387, 0.17665600776672363]",0.002000093460083008,0.03950691223144531
11,"[0.02023911476135254, 0.025052785873413086, 0.0337679386138916, 0.026975631713867188, 0.029573917388916016, 0.04505634307861328, 0.032541751861572266, 0.024979829788208008, 0.02366471290588379, 0.0269927978515625]","[0.001050710678100586, 0.001998424530029297, 0.001071929931640625, 0.0020067691802978516, 0.002992391586303711, 0.0010099411010742188, 0.002007007598876953, 0.0010097026824951172, 0.0020062923431396484]",0.0,0.04699993133544922
12,"[0.02230048179626465, 0.026963233947753906, 0.03920316696166992, 0.02200150489807129, 0.019931316375732422, 0.03099346160888672, 0.031148672103881836, 0.026474952697753906, 0.021480083465576172, 0.021307945251464844]","[0.01194453239440918, 0.011022567749023438, 0.00899815559387207, 0.00700688362121582, 0.008008956909179688, 0.01303243637084961, 0.009058713912963867, 0.06956911087036133, 0.018611431121826172]",0.001998424530029297,0.04762625694274902
13,"[0.02225041389465332, 0.03073906898498535, 0.031475067138671875, 0.018001556396484375, 0.0294950008392334, 0.0370945930480957, 0.029007911682128906, 0.028490304946899414, 0.027722597122192383, 0.03269553184509277]","[0.002000570297241211, 0.0030007362365722656, 0.002000570297241211, 0.003005504608154297, 0.0029993057250976562, 0.002007007598876953, 0.004004716873168945, 0.0020055770874023438, 0.0029985904693603516]",0.0007467269897460938,0.06327652931213379
14,"[0.031156539916992188, 0.028081655502319336, 0.03200078010559082, 0.018003225326538086, 0.0337376594543457, 0.03636336326599121, 0.023981571197509766, 0.0292360782623291, 0.022094249725341797, 0.0236508846282959]","[0.004917621612548828, 0.018043994903564453, 0.014501094818115234, 0.0450592041015625, 0.009008169174194336, 0.008006572723388672, 0.01900935173034668, 0.06651973724365234, 0.007009029388427734]",0.0025060176849365234,0.06699967384338379
15,"[0.03214144706726074, 0.04784131050109863, 0.04499936103820801, 0.03398895263671875, 0.030417203903198242, 0.05250048637390137, 0.03472781181335449, 0.045638084411621094, 0.03711056709289551, 0.03668093681335449]","[0.2590172290802002, 3.4921886920928955, 5.001946210861206, 0.9839339256286621, 5.001708269119263, 0.7601320743560791, 0.7988345623016357, 4.366977214813232, 4.167255163192749]",0.001953125,0.05550670623779297
16,"[0.023979663848876953, 0.024119138717651367, 0.030283212661743164, 0.02399301528930664, 0.028734207153320312, 0.034000396728515625, 0.028918743133544922, 0.02740931510925293, 0.02591729164123535, 0.02861475944519043]","[0.007056474685668945, 0.0043904781341552734, 0.0050046443939208984, 0.0019996166229248047, 0.004135608673095703, 0.00200653076171875, 0.0019979476928710938, 0.0019986629486083984, 0.004005908966064453]",0.001043081283569336,0.05973172187805176
17,"[0.02228569984436035, 0.02118539810180664, 0.020574331283569336, 0.025996923446655273, 0.02367115020751953, 0.04750418663024902, 0.032210350036621094, 0.026407241821289062, 0.03335690498352051, 0.02407360076904297]","[0.014005899429321289, 0.012171268463134766, 0.07978582382202148, 0.44754862785339355, 0.02599954605102539, 0.016010522842407227, 0.13158822059631348, 0.010996818542480469, 0.019994497299194336]",0.0029935836791992188,0.04737424850463867
18,"[0.02246570587158203, 0.023659467697143555, 0.03716421127319336, 0.035111427307128906, 0.02552199363708496, 0.03306746482849121, 0.03988218307495117, 0.026531457901000977, 0.022726774215698242, 0.027176380157470703]","[0.006524562835693359, 0.002001047134399414, 0.003958940505981445, 0.0020062923431396484, 0.0010051727294921875, 0.0030007362365722656, 0.0020012855529785156, 0.001999378204345703, 0.0010013580322265625]",0.0009984970092773438,0.052045583724975586
19,"[0.025143861770629883, 0.02753591537475586, 0.03568005561828613, 0.04499173164367676, 0.02734065055847168, 0.028356552124023438, 0.05629563331604004, 0.032113075256347656, 0.03553175926208496, 0.029612302780151367]","[0.018999814987182617, 0.11111879348754883, 0.21604251861572266, 0.009023904800415039, 0.015019893646240234, 0.0059986114501953125, 0.007001161575317383, 0.0060198307037353516, 0.002998828887939453]",0.0025424957275390625,0.052288055419921875
20,"[0.019510746002197266, 0.0211184024810791, 0.031411170959472656, 0.023376941680908203, 0.028266429901123047, 0.03588509559631348, 0.03136801719665527, 0.039418697357177734, 0.03169655799865723, 0.029213666915893555]","[0.0020067691802978516, 0.004003047943115234, 0.002006053924560547, 0.006006002426147461, 0.001998424530029297, 0.0009908676147460938, 0.0070095062255859375, 0.006529092788696289, 0.0060007572174072266]",0.0009829998016357422,0.07065534591674805
21,"[0.02499222755432129, 0.022911787033081055, 0.03745436668395996, 0.030187606811523438, 0.03786826133728027, 0.03681373596191406, 0.033457040786743164, 0.04630017280578613, 0.03584003448486328, 0.03495073318481445]","[0.011005640029907227, 0.002008676528930664, 0.06261730194091797, 0.003005504608154297, 0.0180814266204834, 0.3168013095855713, 0.003997087478637695, 0.010004997253417969, 0.24223923683166504]",0.0010099411010742188,0.04873299598693848
22,"[0.024298429489135742, 0.0260467529296875, 0.0237429141998291, 0.0217287540435791, 0.023433685302734375, 0.023012638092041016, 0.03389334678649902, 0.02695441246032715, 0.027547597885131836, 0.025556087493896484]","[0.003006458282470703, 0.003998994827270508, 0.002006053924560547, 0.0029993057250976562, 0.0010886192321777344, 0.002001047134399414, 0.0020046234130859375, 0.00220489501953125, 0.000995635986328125]",0.0009992122650146484,0.04677891731262207
23,"[0.019359111785888672, 0.02242112159729004, 0.023587942123413086, 0.023136615753173828, 0.028548002243041992, 0.020969152450561523, 0.03370404243469238, 0.027559518814086914, 0.03374481201171875, 0.03500843048095703]","[0.008017778396606445, 0.002007007598876953, 0.004004478454589844, 0.00899958610534668, 0.0040051937103271484, 0.008809804916381836, 0.006989002227783203, 0.013078689575195312, 0.016004085540771484]",0.0010027885437011719,0.05306220054626465
24,"[0.022387027740478516, 0.02214503288269043, 0.022249460220336914, 0.019866943359375, 0.03406047821044922, 0.02538895606994629, 0.037815093994140625, 0.03827810287475586, 0.027877330780029297, 0.030005693435668945]","[0.0030062198638916016, 0.0020258426666259766, 0.0020062923431396484, 0.002012968063354492, 0.0020058155059814453, 0.002997159957885742, 0.0030062198638916016, 0.002833843231201172, 0.0030007362365722656]",0.0009989738464355469,0.04606509208679199
25,"[0.02814960479736328, 0.030015230178833008, 0.03601956367492676, 0.03142356872558594, 0.03251481056213379, 0.03201436996459961, 0.05054640769958496, 0.04195284843444824, 0.03384280204772949, 0.03643321990966797]","[0.006011962890625, 0.01911759376525879, 0.0027399063110351562, 0.00600743293762207, 0.03859567642211914, 0.029135465621948242, 0.061269283294677734, 0.011141061782836914, 0.031193256378173828]",0.002007007598876953,0.0473332405090332
26,"[0.022191524505615234, 0.0225679874420166, 0.027832984924316406, 0.023177623748779297, 0.02964186668395996, 0.04343461990356445, 0.04043221473693848, 0.02886819839477539, 0.03889751434326172, 0.03470587730407715]","[0.016536235809326172, 0.07714271545410156, 0.10573315620422363, 0.013004779815673828, 0.33570337295532227, 0.11325526237487793, 0.12200379371643066, 0.003998517990112305, 0.016101598739624023]",0.002005338668823242,0.04301738739013672
27,"[0.0215456485748291, 0.02294158935546875, 0.03027963638305664, 0.025890350341796875, 0.027466535568237305, 0.05298614501953125, 0.036086320877075195, 0.02720499038696289, 0.03173208236694336, 0.0332484245300293]","[0.0030057430267333984, 0.012010574340820312, 0.004006147384643555, 0.0020072460174560547, 0.0049970149993896484, 0.01894235610961914, 0.002008199691772461, 0.009007453918457031, 0.008996248245239258]",0.0010058879852294922,0.04509425163269043
28,"[0.02904200553894043, 0.026786088943481445, 0.02839374542236328, 0.0332334041595459, 0.022552967071533203, 0.05064249038696289, 0.05716586112976074, 0.024307727813720703, 0.030921220779418945, 0.031079530715942383]","[0.001005411148071289, 0.010013103485107422, 0.008005857467651367, 0.01100611686706543, 0.009931087493896484, 0.011124134063720703, 0.011007308959960938, 0.010994911193847656, 0.008998632431030273]",0.0009796619415283203,0.04836010932922363
29,"[0.02336287498474121, 0.015036821365356445, 0.03411722183227539, 0.027573108673095703, 0.02918529510498047, 0.04951596260070801, 0.057700395584106445, 0.0292356014251709, 0.028084754943847656, 0.029892921447753906]","[0.004016876220703125, 0.001005411148071289, 0.002006053924560547, 0.0020058155059814453, 0.0009992122650146484, 0.0039937496185302734, 0.0019991397857666016, 0.0009992122650146484, 0.0019986629486083984]",0.0010554790496826172,0.06660676002502441
30,"[0.032491445541381836, 0.04800724983215332, 0.046492815017700195, 0.032994747161865234, 0.04505300521850586, 0.04099464416503906, 0.08474993705749512, 0.04297137260437012, 0.03644871711730957, 0.0335240364074707]","[0.0506744384765625, 0.005001544952392578, 0.5223853588104248, 0.29014015197753906, 0.759697437286377, 0.8008246421813965, 0.6781539916992188, 3.086411952972412, 0.4430680274963379]",0.0018048286437988281,0.07588958740234375
31,"[0.022829532623291016, 0.048215389251708984, 0.034629106521606445, 0.03446221351623535, 0.03163290023803711, 0.037001848220825195, 0.06019735336303711, 0.03790616989135742, 0.0402073860168457, 0.04509687423706055]","[0.0030150413513183594, 0.0029387474060058594, 0.0030057430267333984, 0.00200653076171875, 0.004997968673706055, 0.005998373031616211, 0.002997159957885742, 0.0029993057250976562, 0.0040149688720703125]",0.0012373924255371094,0.30496788024902344
32,"[0.027794361114501953, 0.03177475929260254, 0.03497791290283203, 0.019696474075317383, 0.03258943557739258, 0.05540037155151367, 0.07027721405029297, 0.04278206825256348, 0.03223991394042969, 0.03026437759399414]","[0.005009651184082031, 0.002998828887939453, 0.028649568557739258, 0.0030074119567871094, 0.00492095947265625, 0.011139392852783203, 0.004006147384643555, 0.004998445510864258, 0.003998994827270508]",0.000995635986328125,0.07249236106872559
33,"[0.024863481521606445, 0.02121758460998535, 0.024537086486816406, 0.023897409439086914, 0.04074811935424805, 0.0619807243347168, 0.0719003677368164, 0.03287839889526367, 0.03724169731140137, 0.03660941123962402]","[0.0030107498168945312, 0.007999181747436523, 0.0030257701873779297, 0.2728383541107178, 1.783970594406128, 1.0376887321472168, 0.05715823173522949, 0.15598058700561523, 0.14736676216125488]",0.0019953250885009766,0.06415605545043945
34,"[0.03555655479431152, 0.021862030029296875, 0.0191957950592041, 0.057633399963378906, 0.028308629989624023, 0.022134065628051758, 0.04051613807678223, 0.0356905460357666, 0.032700538635253906, 0.02836441993713379]","[0.05166912078857422, 0.08086299896240234, 0.10776019096374512, 0.0029997825622558594, 0.003074169158935547, 0.06453514099121094, 0.006665706634521484, 0.0030057430267333984, 0.06824660301208496]",0.0020182132720947266,0.07704019546508789
35,"[0.022000551223754883, 0.040170907974243164, 0.02899956703186035, 0.05113577842712402, 0.02863001823425293, 0.02780604362487793, 0.0446009635925293, 0.04572486877441406, 0.028136014938354492, 0.025578022003173828]","[0.0020046234130859375, 0.00099945068359375, 0.0025408267974853516, 0.0060062408447265625, 0.027002334594726562, 0.0300748348236084, 0.020450115203857422, 0.00299072265625, 0.01003885269165039]",0.001039266586303711,0.04256916046142578
36,"[0.022292613983154297, 0.02163243293762207, 0.026999711990356445, 0.0249786376953125, 0.024966716766357422, 0.03351187705993652, 0.06729745864868164, 0.035317420959472656, 0.025266408920288086, 0.026613473892211914]","[0.006006002426147461, 0.003164529800415039, 0.006081104278564453, 0.0020058155059814453, 0.003999233245849609, 0.0030088424682617188, 0.0027768611907958984, 0.0030007362365722656, 0.005006551742553711]",0.0019998550415039062,0.05907797813415527
37,"[0.023174285888671875, 0.024767637252807617, 0.035575151443481445, 0.03200984001159668, 0.022522926330566406, 0.03017902374267578, 0.04138374328613281, 0.04030871391296387, 0.022406816482543945, 0.02449178695678711]","[0.0010101795196533203, 0.0020177364349365234, 0.003045797348022461, 0.002999544143676758, 0.002000093460083008, 0.0020041465759277344, 0.005007028579711914, 0.0040013790130615234, 0.003007173538208008]",0.0009999275207519531,0.04656052589416504
38,"[0.025090694427490234, 0.03943777084350586, 0.03492569923400879, 0.038997650146484375, 0.04785490036010742, 0.03651833534240723, 0.047447919845581055, 0.06202960014343262, 0.03373146057128906, 0.031155824661254883]","[0.004541873931884766, 0.00400090217590332, 0.004065752029418945, 0.0020058155059814453, 0.004997730255126953, 0.0030040740966796875, 0.0010094642639160156, 0.0015137195587158203, 0.0030031204223632812]",0.0020112991333007812,0.04372859001159668
39,"[0.026261568069458008, 0.03199338912963867, 0.061147212982177734, 0.06130266189575195, 0.03308248519897461, 0.06876230239868164, 0.04841113090515137, 0.052945613861083984, 0.03595924377441406, 0.03952980041503906]","[0.008008241653442383, 0.09334659576416016, 0.17760944366455078, 0.013547897338867188, 0.009919881820678711, 0.9544222354888916, 0.9886610507965088, 0.05015206336975098, 0.0451054573059082]",0.0020101070404052734,0.0536649227142334
40,"[0.020399808883666992, 0.03876352310180664, 0.03490328788757324, 0.03321719169616699, 0.029506206512451172, 0.04347586631774902, 0.02433943748474121, 0.028438806533813477, 0.03591179847717285, 0.033724308013916016]","[0.007104635238647461, 0.01100301742553711, 0.008093118667602539, 0.0020055770874023438, 0.002994537353515625, 0.0025179386138916016, 0.001004934310913086, 0.011002779006958008, 0.004998922348022461]",0.002007722854614258,0.04488420486450195
41,"[0.029546499252319336, 0.03775835037231445, 0.0383148193359375, 0.031874656677246094, 0.030074596405029297, 0.040999650955200195, 0.027290821075439453, 0.05315232276916504, 0.039756059646606445, 0.038596391677856445]","[0.41869568824768066, 0.35379528999328613, 0.40510034561157227, 0.1936171054840088, 1.3510897159576416, 0.06909942626953125, 0.4123952388763428, 0.06505894660949707, 0.010004043579101562]",0.001998424530029297,0.04610157012939453
42,"[0.026628732681274414, 0.050538063049316406, 0.027606964111328125, 0.031252384185791016, 0.028635501861572266, 0.02394556999206543, 0.03231978416442871, 0.029917240142822266, 0.031774282455444336, 0.03126859664916992]","[2.4353604316711426, 5.002122402191162, 5.002628326416016, 5.002579689025879, 0.5544023513793945, 0.257843017578125, 0.5637354850769043, 5.002195596694946, 0.06631112098693848]",0.004998445510864258,0.053550004959106445
43,"[0.019246578216552734, 0.02842426300048828, 0.0273740291595459, 0.025907039642333984, 0.046895503997802734, 0.03901243209838867, 0.022916078567504883, 0.039086103439331055, 0.025465011596679688, 0.02606511116027832]","[0.001413106918334961, 0.0010082721710205078, 0.0010058879852294922, 0.002057313919067383, 0.0010020732879638672, 0.0010063648223876953, 0.0029494762420654297, 0.0010018348693847656, 0.0020062923431396484]",0.001004934310913086,0.013302326202392578
44,"[0.019366741180419922, 0.02342987060546875, 0.02065110206604004, 0.022501468658447266, 0.0435333251953125, 0.02199840545654297, 0.022136688232421875, 0.060684919357299805, 0.02187371253967285, 0.021550893783569336]","[0.0019996166229248047, 0.0020723342895507812, 0.002001047134399414, 0.004009246826171875, 0.008013248443603516, 0.002003908157348633, 0.009935855865478516, 0.001997709274291992, 0.0050852298736572266]",0.0009984970092773438,0.051062822341918945
45,"[0.027280807495117188, 0.02986621856689453, 0.028107404708862305, 0.031235933303833008, 0.03996109962463379, 0.03998088836669922, 0.029408931732177734, 0.060401201248168945, 0.0321955680847168, 0.03245091438293457]","[0.009999990463256836, 0.06508636474609375, 0.7540895938873291, 0.03853750228881836, 0.007998943328857422, 0.0720212459564209, 0.025954484939575195, 0.020998477935791016, 0.008018016815185547]",0.0009889602661132812,0.04663729667663574
46,"[0.03688836097717285, 0.042319297790527344, 0.0499725341796875, 0.04034590721130371, 0.04081225395202637, 0.05630898475646973, 0.04485940933227539, 0.07153606414794922, 0.05220222473144531, 0.05303144454956055]","[0.18040060997009277, 0.014336109161376953, 5.004064083099365, 5.0036938190460205, 0.009992837905883789, 0.03512406349182129, 0.014991044998168945, 0.1114344596862793, 0.01002049446105957]",0.002000093460083008,0.04972434043884277
47,"[0.023933887481689453, 0.045061349868774414, 0.03867006301879883, 0.0390009880065918, 0.04519486427307129, 0.06725049018859863, 0.0392603874206543, 0.05780982971191406, 0.03426551818847656, 0.03632187843322754]","[0.7412664890289307, 5.003868818283081, 5.002882480621338, 0.011003732681274414, 1.4232616424560547, 0.7705636024475098, 5.0052406787872314, 3.0091123580932617, 0.010532379150390625]",0.003094911575317383,0.056205034255981445
48,"[0.015827655792236328, 0.024128437042236328, 0.028688430786132812, 0.030619382858276367, 0.038576602935791016, 0.027694225311279297, 0.0377805233001709, 0.032881736755371094, 0.034960269927978516, 0.03314614295959473]","[0.0010182857513427734, 0.00700688362121582, 0.0060062408447265625, 0.004004001617431641, 0.026447772979736328, 0.08340835571289062, 0.058947086334228516, 0.0029997825622558594, 0.012005090713500977]",0.0010063648223876953,0.04600381851196289
49,"[0.011061906814575195, 0.018119096755981445, 0.02326679229736328, 0.020848989486694336, 0.04870247840881348, 0.026078462600708008, 0.02708125114440918, 0.037549495697021484, 0.019755840301513672, 0.026810407638549805]","[0.0030052661895751953, 0.002001047134399414, 0.006005287170410156, 0.0022051334381103516, 0.0012443065643310547, 0.00700831413269043, 0.004014253616333008, 0.003005504608154297, 0.007005929946899414]",0.0010004043579101562,0.0415349006652832
50,"[0.021000146865844727, 0.017780303955078125, 0.01793050765991211, 0.024984359741210938, 0.050066232681274414, 0.03012537956237793, 0.03482770919799805, 0.036385536193847656, 0.02367997169494629, 0.02557086944580078]","[0.0020062923431396484, 0.014017105102539062, 0.0020017623901367188, 0.004010915756225586, 0.006043910980224609, 0.033074140548706055, 0.0030040740966796875, 0.007005453109741211, 0.0020055770874023438]",0.0009961128234863281,0.04111957550048828
51,"[0.021024465560913086, 0.024595975875854492, 0.033689260482788086, 0.027764320373535156, 0.04617118835449219, 0.06442785263061523, 0.04560446739196777, 0.06096363067626953, 0.03143644332885742, 0.03165626525878906]","[0.0030062198638916016, 0.006997108459472656, 0.07218313217163086, 0.0030052661895751953, 0.012503623962402344, 0.0032358169555664062, 0.013020992279052734, 0.013998746871948242, 0.0030059814453125]",0.0010614395141601562,0.053475379943847656
52,"[0.027462482452392578, 0.019017696380615234, 0.02999591827392578, 0.03888440132141113, 0.03874087333679199, 0.04300069808959961, 0.04048728942871094, 0.07382965087890625, 0.04144477844238281, 0.03352189064025879]","[0.08863520622253418, 0.25546813011169434, 0.759843111038208, 0.558234691619873, 0.38403773307800293, 0.017000913619995117, 2.0906307697296143, 0.018213510513305664, 0.37718939781188965]",0.0029497146606445312,0.06711196899414062
53,"[0.013994693756103516, 0.03654599189758301, 0.02888202667236328, 0.022867679595947266, 0.030271530151367188, 0.047049760818481445, 0.026000499725341797, 0.053505659103393555, 0.028013229370117188, 0.02771139144897461]","[0.003048419952392578, 0.0030059814453125, 0.0010097026824951172, 0.001007080078125, 0.003097057342529297, 0.003000974655151367, 0.007001638412475586, 0.003518819808959961, 0.0030002593994140625]",0.0,0.04244375228881836
54,"[0.009365558624267578, 0.015516996383666992, 0.02397918701171875, 0.013793706893920898, 0.02767014503479004, 0.02660822868347168, 0.02241063117980957, 0.05304551124572754, 0.028483152389526367, 0.024785757064819336]","[0.0010061264038085938, 0.0008864402770996094, 0.0010156631469726562, 0.001519918441772461, 0.0019986629486083984, 0.0010061264038085938, 0.003017902374267578, 0.0011415481567382812, 0.001008749008178711]",0.0,0.046172380447387695
55,"[0.0213167667388916, 0.030185937881469727, 0.020428895950317383, 0.021932601928710938, 0.0357968807220459, 0.034033775329589844, 0.027941226959228516]","[0.03700876235961914, 0.017998695373535156, 0.015010833740234375, 0.018004894256591797, 0.022522449493408203, 0.0060062408447265625]",0.0010004043579101562,0.05514192581176758
56,"[0.020540237426757812, 0.033373355865478516, 0.028282642364501953, 0.03580188751220703, 0.03281378746032715, 0.035085201263427734, 0.04025006294250488, 0.06601762771606445, 0.03178071975708008, 0.03889775276184082]","[0.0030074119567871094, 0.001999378204345703, 0.004010200500488281, 0.0010106563568115234, 0.0020074844360351562, 0.004007101058959961, 0.004051923751831055, 0.003016233444213867, 0.0030057430267333984]",0.0010924339294433594,0.039832115173339844
57,"[0.012428522109985352, 0.016561508178710938, 0.01686835289001465, 0.04449963569641113, 0.023350000381469727, 0.01934957504272461, 0.03175687789916992, 0.08152031898498535, 0.020213603973388672, 0.020797252655029297]","[0.0019466876983642578, 0.0040051937103271484, 0.00404810905456543, 0.003005504608154297, 0.0029985904693603516, 0.0020143985748291016, 0.002076864242553711, 0.0030117034912109375, 0.002995729446411133]",0.001237630844116211,0.10063457489013672
58,"[0.028156518936157227, 0.03150033950805664, 0.02682185173034668, 0.05231142044067383, 0.05236935615539551, 0.03775906562805176, 0.04410672187805176, 0.12423205375671387, 0.03529930114746094, 0.03980422019958496]","[0.09885764122009277, 5.0037922859191895, 3.318166732788086, 5.005599021911621, 4.581171035766602, 5.005687713623047, 5.0092713832855225, 0.27786898612976074, 5.005360841751099]",0.0038623809814453125,0.06955647468566895
59,"[0.026761531829833984, 0.04387187957763672, 0.035069942474365234, 0.05251884460449219, 0.04377007484436035, 0.03525185585021973, 0.03957247734069824, 0.0386958122253418, 0.03269696235656738, 0.04034781455993652]","[0.38135576248168945, 0.016016006469726562, 0.0049991607666015625, 0.003999471664428711, 0.033402204513549805, 0.004960060119628906, 0.00650477409362793, 0.004006147384643555, 0.26171159744262695]",0.0030040740966796875,0.03835248947143555
60,"[0.01834869384765625, 0.03988361358642578, 0.024352312088012695, 0.05300545692443848, 0.029762983322143555, 0.0293428897857666, 0.03314542770385742, 0.030338525772094727, 0.029900550842285156, 0.03296995162963867]","[0.007898092269897461, 0.03299880027770996, 0.010506391525268555, 0.0020058155059814453, 0.003005504608154297, 0.006997823715209961, 0.009008646011352539, 0.0039403438568115234, 0.005003452301025391]",0.0009999275207519531,0.04479670524597168
61,"[0.016678333282470703, 0.021597862243652344, 0.02984023094177246, 0.05000185966491699, 0.0221402645111084, 0.027224063873291016, 0.03086233139038086, 0.030898094177246094, 0.032044172286987305, 0.02611231803894043]","[0.002006053924560547, 0.005997419357299805, 0.004998445510864258, 0.005006074905395508, 0.004006862640380859, 0.00699925422668457, 0.007999658584594727, 0.34993863105773926, 0.018007278442382812]",0.002997159957885742,0.055590152740478516
62,"[0.01889324188232422, 0.02522754669189453, 0.030272722244262695, 0.06776142120361328, 0.03498506546020508, 0.04658031463623047, 0.0428614616394043, 0.03309345245361328, 0.03613162040710449, 0.033782243728637695]","[0.018530845642089844, 0.004007101058959961, 0.007916450500488281, 0.003000020980834961, 0.011005878448486328, 0.002852916717529297, 0.004535675048828125, 0.004002571105957031, 0.006998300552368164]",0.0009992122650146484,0.04473447799682617
63,"[0.013049840927124023, 0.022231578826904297, 0.015871286392211914, 0.03878021240234375, 0.021566390991210938, 0.029367923736572266, 0.02974557876586914, 0.021829843521118164, 0.02406144142150879, 0.03824901580810547]","[0.0010058879852294922, 0.0020067691802978516, 0.0009784698486328125, 0.001997709274291992, 0.000997781753540039, 0.002360105514526367, 0.002005338668823242, 0.003038644790649414, 0.0030069351196289062]",0.0017147064208984375,0.040071725845336914
64,"[0.016048669815063477, 0.0190584659576416, 0.01799774169921875, 0.07100629806518555, 0.02167034149169922, 0.02504730224609375, 0.02456831932067871, 0.024219036102294922, 0.027176380157470703, 0.030976533889770508]","[0.002006053924560547, 0.002003192901611328, 0.0030472278594970703, 0.002001047134399414, 0.0030024051666259766, 0.0022516250610351562, 0.0019960403442382812, 0.002010822296142578, 0.0020067691802978516]",0.0011146068572998047,0.03991889953613281
65,"[0.029344797134399414, 0.032225847244262695, 0.0296933650970459, 0.10831904411315918, 0.03684186935424805, 0.03587937355041504, 0.04198622703552246, 0.04367232322692871, 0.03960537910461426, 0.03882789611816406]","[0.24354934692382812, 1.5113346576690674, 0.23579168319702148, 0.04012012481689453, 0.16045594215393066, 0.18282175064086914, 0.4430506229400635, 0.04599905014038086, 0.03130364418029785]",0.0030059814453125,0.0536653995513916
66,"[0.012994527816772461, 0.022025108337402344, 0.02672719955444336, 0.0736398696899414, 0.023888111114501953, 0.031141996383666992, 0.02617168426513672, 0.031662702560424805, 0.02976059913635254, 0.03149247169494629]","[0.0010068416595458984, 0.0010075569152832031, 0.00109100341796875, 0.0010082721710205078, 0.0010173320770263672, 0.0010066032409667969, 0.0010068416595458984, 0.0010156631469726562, 0.0020008087158203125]",0.0,0.013743400573730469
67,"[0.015862464904785156, 0.021834611892700195, 0.023457050323486328, 0.08577632904052734, 0.02952861785888672, 0.020576000213623047, 0.02278280258178711, 0.024574995040893555, 0.022028207778930664, 0.032457828521728516]","[0.0029993057250976562, 0.01400136947631836, 0.020251989364624023, 0.03146815299987793, 0.006519794464111328, 0.08554267883300781, 0.038999080657958984, 0.007999420166015625, 0.03808116912841797]",0.0009975433349609375,0.04499697685241699
68,"[0.019699573516845703, 0.022597789764404297, 0.025127172470092773, 0.05418515205383301, 0.03468179702758789, 0.02894306182861328, 0.025722265243530273, 0.029116153717041016, 0.028689861297607422, 0.03762555122375488]","[0.006002664566040039, 0.005005359649658203, 0.004015207290649414, 0.02000904083251953, 0.036998748779296875, 0.01050114631652832, 0.0029985904693603516, 0.012018442153930664, 0.003017902374267578]",0.0009970664978027344,0.0497591495513916
69,"[0.02486419677734375, 0.032811880111694336, 0.03017258644104004, 0.0671684741973877, 0.03670001029968262, 0.04099297523498535, 0.04500102996826172, 0.035279035568237305, 0.036267995834350586, 0.033817291259765625]","[0.05564737319946289, 0.023008346557617188, 1.5178673267364502, 0.013004779815673828, 0.0030057430267333984, 0.0029993057250976562, 0.0030045509338378906, 0.019113540649414062, 0.004010677337646484]",0.0019969940185546875,0.04211997985839844
70,"[0.022994041442871094, 0.029981136322021484, 0.033208370208740234, 0.0370030403137207, 0.03740239143371582, 0.03188896179199219, 0.030420541763305664, 0.0246274471282959, 0.03432941436767578, 0.03590893745422363]","[0.0020062923431396484, 0.004012584686279297, 0.005000591278076172, 0.004010915756225586, 0.0020058155059814453, 0.002652406692504883, 0.005004405975341797, 0.0030205249786376953, 0.004012107849121094]",0.00200653076171875,0.0406186580657959
71,"[0.018871545791625977, 0.016071796417236328, 0.017597198486328125, 0.03900408744812012, 0.022799253463745117, 0.024102210998535156, 0.023205041885375977, 0.0258026123046875, 0.031768083572387695, 0.03275442123413086]","[0.002002239227294922, 0.004004955291748047, 0.0009989738464355469, 0.002005338668823242, 0.001007080078125, 0.002000093460083008, 0.0019943714141845703, 0.002022981643676758, 0.001007080078125]",0.0,0.025574684143066406
72,"[0.013544797897338867, 0.01491093635559082, 0.01688218116760254, 0.02300095558166504, 0.017843246459960938, 0.01556396484375, 0.01776599884033203, 0.020313262939453125, 0.024063587188720703, 0.02312326431274414]","[0.0010113716125488281, 0.001008749008178711, 0.0019991397857666016, 0.002000570297241211, 0.0020074844360351562, 0.0020062923431396484, 0.002002716064453125, 0.0010001659393310547, 0.0016317367553710938]",0.0,0.026479005813598633
73,"[0.02846693992614746, 0.021711111068725586, 0.027876615524291992, 0.04977583885192871, 0.029516935348510742, 0.044338226318359375, 0.03571605682373047, 0.03175783157348633, 0.03112006187438965, 0.03779911994934082]","[0.30812859535217285, 1.2223258018493652, 0.7829945087432861, 0.5412168502807617, 1.6538050174713135, 1.0445239543914795, 1.1529629230499268, 1.6969990730285645, 0.03310513496398926]",0.002096414566040039,0.057539939880371094
74,"[0.02199387550354004, 0.03385210037231445, 0.07733321189880371, 0.03800177574157715, 0.037555694580078125, 0.037714242935180664, 0.036529541015625, 0.050977230072021484, 0.03925633430480957, 0.0424959659576416]","[0.0020058155059814453, 0.0020728111267089844, 0.0040056705474853516, 0.002119779586791992, 0.009008169174194336, 0.0030066967010498047, 0.0040435791015625, 0.003998756408691406, 0.004005908966064453]",0.0008835792541503906,0.04888772964477539
75,"[0.019351720809936523, 0.017908334732055664, 0.02607274055480957, 0.0310060977935791, 0.020327329635620117, 0.03348803520202637, 0.026256561279296875, 0.0465092658996582, 0.02855205535888672, 0.030528783798217773]","[0.0019986629486083984, 0.0019578933715820312, 0.002999544143676758, 0.0010073184967041016, 0.005006551742553711, 0.001999378204345703, 0.006001472473144531, 0.001998424530029297, 0.0030057430267333984]",0.0010304450988769531,0.046181678771972656
76,"[0.028885841369628906, 0.017928123474121094, 0.02156543731689453, 0.032495737075805664, 0.020604848861694336, 0.02460503578186035, 0.02325725555419922, 0.04196906089782715, 0.01676201820373535, 0.02778792381286621]","[0.0010068416595458984, 0.0011622905731201172, 0.0009772777557373047, 0.002007007598876953, 0.0010058879852294922, 0.0020003318786621094, 0.0015883445739746094, 0.0013926029205322266, 0.0019991397857666016]",0.0,0.039763689041137695
77,"[0.02767348289489746, 0.029819726943969727, 0.04199028015136719, 0.04492902755737305, 0.035959482192993164, 0.032082557678222656, 0.03263282775878906, 0.04702186584472656, 0.030861616134643555, 0.035742759704589844]","[0.0020079612731933594, 0.002064228057861328, 0.004960536956787109, 0.003000974655151367, 0.0020062923431396484, 0.003999948501586914, 0.002092599868774414, 0.0029993057250976562, 0.004005908966064453]",0.0009999275207519531,0.032320499420166016
78,"[0.027124643325805664, 0.018003463745117188, 0.036519765853881836, 0.06564211845397949, 0.028440237045288086, 0.02423548698425293, 0.029193639755249023, 0.05286407470703125, 0.027347087860107422, 0.025812864303588867]","[0.0030078887939453125, 0.028998851776123047, 0.007964611053466797, 0.003022432327270508, 0.004001617431640625, 0.002355813980102539, 0.0019366741180419922, 0.0031163692474365234, 0.0020058155059814453]",0.0010106563568115234,0.04423046112060547
79,"[0.022992610931396484, 0.020963668823242188, 0.027961254119873047, 0.025624990463256836, 0.026745080947875977, 0.04456043243408203, 0.026398897171020508, 0.030665159225463867, 0.03556561470031738, 0.03062725067138672]","[0.08596038818359375, 0.007002592086791992, 0.01096963882446289, 0.0030069351196289062, 0.08109068870544434, 0.2675762176513672, 0.00800466537475586, 0.039071083068847656, 0.005999088287353516]",0.0009999275207519531,0.05101418495178223
80,"[0.027491331100463867, 0.038216352462768555, 0.03821301460266113, 0.04706525802612305, 0.03607010841369629, 0.028773784637451172, 0.034002065658569336, 0.030234098434448242, 0.03782296180725098, 0.03322625160217285]","[0.006006002426147461, 0.008822917938232422, 0.013933658599853516, 0.002005338668823242, 0.010012626647949219, 0.004988431930541992, 0.0020074844360351562, 0.008004426956176758, 0.002012968063354492]",0.003797769546508789,0.05284714698791504
81,"[0.015436649322509766, 0.020584821701049805, 0.042021989822387695, 0.04806113243103027, 0.024551868438720703, 0.02878427505493164, 0.027217626571655273, 0.026796340942382812, 0.028371810913085938, 0.025944232940673828]","[0.007025241851806641, 0.016849040985107422, 0.017008543014526367, 0.0040051937103271484, 0.013005256652832031, 0.004995822906494141, 0.010018348693847656, 0.016669511795043945, 0.003021717071533203]",0.00099945068359375,0.048371315002441406
82,"[0.015604972839355469, 0.02011847496032715, 0.03806257247924805, 0.039063215255737305, 0.024622201919555664, 0.02942681312561035, 0.03155660629272461, 0.027362346649169922, 0.036611080169677734, 0.02262401580810547]","[0.003011465072631836, 0.0020737648010253906, 0.006976604461669922, 0.004006147384643555, 0.0020051002502441406, 0.0040056705474853516, 0.0035364627838134766, 0.001007080078125, 0.005008220672607422]",0.0009992122650146484,0.04599499702453613
83,"[0.015175342559814453, 0.018950462341308594, 0.021966934204101562, 0.03264760971069336, 0.02207350730895996, 0.020125150680541992, 0.028992891311645508, 0.02630901336669922, 0.024563074111938477, 0.02878856658935547]","[0.0010061264038085938, 0.0019948482513427734, 0.001999378204345703, 0.0020008087158203125, 0.0010061264038085938, 0.0010514259338378906, 0.002000570297241211, 0.002011537551879883, 0.0019981861114501953]",0.0,0.034613609313964844
84,"[0.015923500061035156, 0.015961408615112305, 0.019530296325683594, 0.027809858322143555, 0.022693634033203125, 0.019208669662475586, 0.021001338958740234, 0.01803302764892578, 0.023637771606445312, 0.02588176727294922]","[0.0009989738464355469, 0.0020055770874023438, 0.003006458282470703, 0.001016855239868164, 0.003082275390625, 0.0010111331939697266, 0.0020058155059814453, 0.0010063648223876953, 0.0029976367950439453]",0.0,0.044535160064697266
85,"[0.02966618537902832, 0.03506183624267578, 0.03578615188598633, 0.03890228271484375, 0.04015612602233887, 0.03999900817871094, 0.03962898254394531, 0.039791107177734375, 0.03917837142944336, 0.04598569869995117]","[3.068701982498169, 1.97286057472229, 4.708287477493286, 5.002896785736084, 5.004239559173584, 5.004390716552734, 0.024109363555908203, 0.1398608684539795, 0.933997631072998]",0.006000041961669922,0.0975797176361084
86,"[0.03345370292663574, 0.030361413955688477, 0.03549504280090332, 0.05189013481140137, 0.04411745071411133, 0.05012059211730957, 0.043651580810546875, 0.044548749923706055, 0.034998178482055664, 0.04204893112182617]","[5.0013062953948975, 5.00249981880188, 5.005047798156738, 5.004270315170288, 5.005018472671509, 5.003532648086548, 5.0041539669036865, 5.004852294921875, 5.004383325576782]",0.004002571105957031,0.11950826644897461
87,"[0.0229952335357666, 0.036055564880371094, 0.03496575355529785, 0.051520586013793945, 0.04748225212097168, 0.05984330177307129, 0.037027597427368164, 0.03628826141357422, 0.03790402412414551, 0.03441166877746582]","[0.002973318099975586, 0.003003835678100586, 0.006999969482421875, 0.005063533782958984, 0.0028667449951171875, 0.0030057430267333984, 0.0030059814453125, 0.004107952117919922, 0.002007007598876953]",0.0009987354278564453,0.056543827056884766
88,"[0.030205726623535156, 0.03203725814819336, 0.029482126235961914, 0.04100227355957031, 0.03803443908691406, 0.04904747009277344, 0.042874813079833984, 0.05158638954162598, 0.06972026824951172, 0.036725521087646484]","[0.05517458915710449, 2.2125306129455566, 0.6871161460876465, 5.002238512039185, 0.21396565437316895, 3.4598872661590576, 5.00304388999939, 0.41549158096313477, 4.902655839920044]",0.0029909610748291016,0.11211991310119629
89,"[0.0315396785736084, 0.027625322341918945, 0.03800392150878906, 0.0544581413269043, 0.03410911560058594, 0.06547260284423828, 0.03904271125793457, 0.04251837730407715, 0.03543996810913086, 0.036730289459228516]","[0.006998300552368164, 0.01900339126586914, 0.09749841690063477, 0.01799750328063965, 0.0520017147064209, 0.005999326705932617, 0.0659945011138916, 0.0040056705474853516, 0.034081459045410156]",0.0050029754638671875,0.04508471488952637
90,"[0.014303922653198242, 0.019467830657958984, 0.027996063232421875, 0.030501604080200195, 0.029693126678466797, 0.03021097183227539, 0.03299093246459961, 0.028879642486572266, 0.03218531608581543, 0.027240991592407227]","[0.0010056495666503906, 0.0009992122650146484, 0.0029904842376708984, 0.002006053924560547, 0.0030066967010498047, 0.0015113353729248047, 0.00099945068359375, 0.002003192901611328, 0.0020160675048828125]",0.0019047260284423828,0.013522863388061523
91,"[0.0147552490234375, 0.016412019729614258, 0.02299952507019043, 0.046782493591308594, 0.027256250381469727, 0.020992279052734375, 0.02104043960571289, 0.025946378707885742, 0.024991750717163086, 0.02023005485534668]","[0.003006458282470703, 0.0019989013671875, 0.0018405914306640625, 0.002001523971557617, 0.0009987354278564453, 0.0019996166229248047, 0.001001119613647461, 0.0010013580322265625, 0.0010085105895996094]",0.0010061264038085938,0.04599571228027344
92,"[0.020377159118652344, 0.02303147315979004, 0.03551793098449707, 0.051999568939208984, 0.02499532699584961, 0.024262666702270508, 0.0298616886138916, 0.025000572204589844, 0.025786876678466797, 0.02159428596496582]","[0.0020034313201904297, 0.0020003318786621094, 0.0060002803802490234, 0.003999948501586914, 0.0041942596435546875, 0.0019958019256591797, 0.004025459289550781, 0.0029990673065185547, 0.0020067691802978516]",0.0009982585906982422,0.04912877082824707
93,"[0.018016576766967773, 0.02233147621154785, 0.04800891876220703, 0.04217123985290527, 0.037998199462890625, 0.047914981842041016, 0.03571438789367676, 0.039190053939819336, 0.030965089797973633, 0.02985692024230957]","[0.025638103485107422, 0.7987885475158691, 2.9777419567108154, 1.8239080905914307, 0.35825037956237793, 0.672717809677124, 0.013998985290527344, 0.8574326038360596, 0.16749215126037598]",0.005994319915771484,0.07294774055480957
94,"[0.02465343475341797, 0.0369565486907959, 0.04506516456604004, 0.04811406135559082, 0.045401811599731445, 0.037255048751831055, 0.0352022647857666, 0.03892183303833008, 0.03972434997558594, 0.033251285552978516]","[0.003006458282470703, 0.004004716873168945, 0.004838705062866211, 0.004999876022338867, 0.0030066967010498047, 0.002769947052001953, 0.005998849868774414, 0.0030059814453125, 0.004005908966064453]",0.0019352436065673828,0.05185341835021973
95,"[0.01766061782836914, 0.016997098922729492, 0.019994497299194336, 0.04675889015197754, 0.03293037414550781, 0.025997638702392578, 0.02292919158935547, 0.06207156181335449, 0.021757841110229492, 0.024216890335083008]","[0.0045316219329833984, 0.0020008087158203125, 0.007045745849609375, 0.00599980354309082, 0.005005836486816406, 0.004006385803222656, 0.0050199031829833984, 0.002510547637939453, 0.010999202728271484]",0.0020055770874023438,0.08978581428527832
96,"[0.023001909255981445, 0.03249859809875488, 0.028179407119750977, 0.044174909591674805, 0.04012250900268555, 0.043498992919921875, 0.03412318229675293, 0.04796409606933594, 0.03261709213256836, 0.037760019302368164]","[0.05621218681335449, 0.2065579891204834, 2.2234303951263428, 0.007005453109741211, 0.005006074905395508, 0.4702012538909912, 0.006089687347412109, 0.435610294342041, 0.004999637603759766]",0.002010822296142578,0.06631660461425781
97,"[0.024619579315185547, 0.03231382369995117, 0.044445037841796875, 0.06509637832641602, 0.045754432678222656, 0.041975975036621094, 0.040856361389160156, 0.06599926948547363, 0.036628007888793945, 0.04680180549621582]","[0.005020618438720703, 0.05262875556945801, 0.09768319129943848, 0.004005908966064453, 0.004019498825073242, 0.004007577896118164, 0.007001638412475586, 0.0029976367950439453, 0.007005929946899414]",0.002070903778076172,0.06052994728088379
98,"[0.015671253204345703, 0.017610549926757812, 0.034960269927978516, 0.029152870178222656, 0.033545494079589844, 0.03864550590515137, 0.02696084976196289, 0.05100512504577637, 0.022281169891357422, 0.030545473098754883]","[0.002005338668823242, 0.002075672149658203, 0.002996683120727539, 0.002012491226196289, 0.003999471664428711, 0.002007007598876953, 0.0019996166229248047, 0.0029985904693603516, 0.0030074119567871094]",0.0,0.05706667900085449
99,"[0.016991138458251953, 0.01729893684387207, 0.01909923553466797, 0.024993181228637695, 0.024833202362060547, 0.03313422203063965, 0.021257877349853516, 0.032660484313964844, 0.026044368743896484, 0.021631717681884766]","[0.0010042190551757812, 0.0029363632202148438, 0.007155179977416992, 0.0020058155059814453, 0.003107786178588867, 0.0019981861114501953, 0.002039194107055664, 0.003029346466064453, 0.0010004043579101562]",0.0009882450103759766,0.03800082206726074
100,"[0.02188277244567871, 0.017197847366333008, 0.035512685775756836, 0.03653264045715332, 0.018994808197021484, 0.04840373992919922, 0.025561809539794922, 0.053894758224487305, 0.029836654663085938, 0.030014514923095703]","[0.005005598068237305, 0.08638548851013184, 0.0030002593994140625, 0.05065727233886719, 0.002913236618041992, 0.004627704620361328, 0.003999948501586914, 0.00400543212890625, 0.0030059814453125]",0.0020024776458740234,0.04588890075683594
101,"[0.022043466567993164, 0.028005361557006836, 0.03257012367248535, 0.0429995059967041, 0.03303360939025879, 0.07866764068603516, 0.024143218994140625, 0.0535120964050293, 0.027238845825195312, 0.025223493576049805]","[0.011991739273071289, 0.003027677536010742, 0.005003929138183594, 0.0030066967010498047, 0.0019562244415283203, 0.005997419357299805, 0.003042936325073242, 0.017165184020996094, 0.009006500244140625]",0.0010590553283691406,0.06011509895324707
102,"[0.0239107608795166, 0.029865264892578125, 0.04150080680847168, 0.03626203536987305, 0.032599449157714844, 0.06289029121398926, 0.037763118743896484, 0.06304073333740234, 0.0329439640045166, 0.033915042877197266]","[0.006200551986694336, 0.012999534606933594, 0.00301361083984375, 0.0035200119018554688, 0.008078336715698242, 0.0030050277709960938, 0.004071712493896484, 0.003008127212524414, 0.0030052661895751953]",0.0014944076538085938,0.05792713165283203
103,"[0.018692493438720703, 0.02237868309020996, 0.027141571044921875, 0.02598261833190918, 0.02076554298400879, 0.03800630569458008, 0.02827310562133789, 0.035891056060791016, 0.022059917449951172, 0.02196192741394043]","[0.010637044906616211, 0.0019712448120117188, 0.01410818099975586, 0.0029938220977783203, 0.0018935203552246094, 0.0030059814453125, 0.004004716873168945, 0.003005504608154297, 0.006993293762207031]",0.0017998218536376953,0.06360840797424316
104,"[0.024405241012573242, 0.03355097770690918, 0.05155611038208008, 0.045470237731933594, 0.03507661819458008, 0.046649932861328125, 0.03573417663574219, 0.0397191047668457, 0.03465414047241211, 0.03840351104736328]","[0.0020062923431396484, 0.015037298202514648, 0.0020132064819335938, 0.021866559982299805, 0.007005929946899414, 0.012006044387817383, 0.010005950927734375, 0.004530191421508789, 0.01051473617553711]",0.0010645389556884766,0.05443549156188965
105,"[0.029592514038085938, 0.01790785789489746, 0.026462554931640625, 0.059514522552490234, 0.03808331489562988, 0.053168296813964844, 0.035335540771484375, 0.03280782699584961, 0.038869619369506836, 0.04126548767089844]","[0.0329899787902832, 0.01200103759765625, 0.0040130615234375, 0.15749025344848633, 0.008699893951416016, 0.007005453109741211, 0.0030107498168945312, 0.004998683929443359, 0.005009889602661133]",0.0010077953338623047,0.03951096534729004
106,"[0.027578353881835938, 0.026015043258666992, 0.02502608299255371, 0.05527019500732422, 0.0256955623626709, 0.04496955871582031, 0.03556656837463379, 0.03616786003112793, 0.04087090492248535, 0.036867380142211914]","[0.017052173614501953, 0.003000974655151367, 0.022999286651611328, 0.0030107498168945312, 0.004157066345214844, 0.0030066967010498047, 0.020111799240112305, 0.059630393981933594, 0.004998683929443359]",0.0009992122650146484,0.04799652099609375
107,"[0.01299428939819336, 0.023344039916992188, 0.02168416976928711, 0.04091286659240723, 0.026717662811279297, 0.03744244575500488, 0.02837657928466797, 0.030355215072631836, 0.023446321487426758, 0.022511720657348633]","[0.002006053924560547, 0.001007080078125, 0.004050254821777344, 0.0020074844360351562, 0.0030062198638916016, 0.0010075569152832031, 0.00555872917175293, 0.0030059814453125, 0.002006053924560547]",0.0009989738464355469,0.04148530960083008
108,"[0.017072200775146484, 0.018416881561279297, 0.023340702056884766, 0.03200697898864746, 0.02206707000732422, 0.032376766204833984, 0.0280303955078125, 0.029730796813964844, 0.02429962158203125, 0.0230257511138916]","[0.002057790756225586, 0.0010061264038085938, 0.0020112991333007812, 0.0019989013671875, 0.006005764007568359, 0.0030035972595214844, 0.003002643585205078, 0.0030002593994140625, 0.002998828887939453]",0.0010075569152832031,0.04669785499572754
109,"[0.024988174438476562, 0.022871732711791992, 0.026442289352416992, 0.06351089477539062, 0.0365900993347168, 0.03632402420043945, 0.04137873649597168, 0.03424787521362305, 0.028541088104248047, 0.030097007751464844]","[0.0010099411010742188, 0.0020062923431396484, 0.001013040542602539, 0.00200653076171875, 0.0010101795196533203, 0.0020062923431396484, 0.0020058155059814453, 0.0030062198638916016, 0.002005338668823242]",0.0012357234954833984,0.012026548385620117
110,"[0.02197885513305664, 0.033727407455444336, 0.02761220932006836, 0.04501175880432129, 0.03513336181640625, 0.027750492095947266, 0.03479814529418945, 0.030601978302001953, 0.029071331024169922, 0.025243520736694336]","[0.004005908966064453, 0.0050258636474609375, 0.0030002593994140625, 0.022612571716308594, 0.0030095577239990234, 0.014695167541503906, 0.003995656967163086, 0.00401759147644043, 0.0030052661895751953]",0.0023620128631591797,0.0435333251953125
111,"[0.015168905258178711, 0.020341157913208008, 0.018724918365478516, 0.03400230407714844, 0.028196334838867188, 0.022009849548339844, 0.029358625411987305, 0.02801990509033203, 0.028456687927246094, 0.025413990020751953]","[0.002004861831665039, 0.0010073184967041016, 0.0030739307403564453, 0.003004789352416992, 0.0010082721710205078, 0.0025370121002197266, 0.0030057430267333984, 0.002014636993408203, 0.0020062923431396484]",0.0,0.039667606353759766
112,"[0.020218849182128906, 0.03000164031982422, 0.02786731719970703, 0.05700087547302246, 0.028739213943481445, 0.029648542404174805, 0.03399777412414551, 0.033411502838134766, 0.03120565414428711, 0.03484821319580078]","[0.013007879257202148, 0.0029993057250976562, 0.00498652458190918, 0.003550291061401367, 0.0029985904693603516, 0.004999637603759766, 0.0050051212310791016, 0.003995180130004883, 0.013684988021850586]",0.0019223690032958984,0.048197031021118164
113,"[0.015873432159423828, 0.03794145584106445, 0.018223047256469727, 0.03259086608886719, 0.02338242530822754, 0.025022029876708984, 0.02414393424987793, 0.02343583106994629, 0.026290178298950195, 0.026177167892456055]","[0.001989126205444336, 0.0010056495666503906, 0.0019910335540771484, 0.002000093460083008, 0.010039567947387695, 0.0019996166229248047, 0.0019986629486083984, 0.0020062923431396484, 0.0020127296447753906]",0.0,0.04402470588684082
114,"[0.020167112350463867, 0.03499150276184082, 0.01746082305908203, 0.02399420738220215, 0.02056097984313965, 0.059511423110961914, 0.03451085090637207, 0.03567695617675781, 0.022647857666015625, 0.019350528717041016]","[0.002010345458984375, 0.0010056495666503906, 0.00500798225402832, 0.002002716064453125, 0.003998994827270508, 0.0020096302032470703, 0.003000020980834961, 0.007990837097167969, 0.0020062923431396484]",0.0009980201721191406,0.03999471664428711
115,"[0.01666736602783203, 0.02759718894958496, 0.015860795974731445, 0.025994062423706055, 0.028145313262939453, 0.02702617645263672, 0.028066396713256836, 0.03361821174621582, 0.07668185234069824, 0.019918203353881836]","[0.012100934982299805, 0.004010438919067383, 0.006006479263305664, 0.0019991397857666016, 0.005003452301025391, 0.0039997100830078125, 0.03111743927001953, 0.0030035972595214844, 0.0030057430267333984]",0.001001119613647461,0.04443359375
116,"[0.019314289093017578, 0.034891605377197266, 0.028059005737304688, 0.04851984977722168, 0.03606748580932617, 0.032018423080444336, 0.028096914291381836, 0.053421974182128906, 0.03833341598510742, 0.03215789794921875]","[0.0050067901611328125, 0.007005453109741211, 0.008005142211914062, 0.015558958053588867, 0.006998777389526367, 0.006006002426147461, 0.009311914443969727, 0.007005453109741211, 0.011005163192749023]",0.002000093460083008,0.04536318778991699
117,"[0.021289825439453125, 0.03623652458190918, 0.026943445205688477, 0.04399561882019043, 0.040315866470336914, 0.03899240493774414, 0.03752565383911133, 0.04325222969055176, 0.03574252128601074, 0.04442024230957031]","[0.003005504608154297, 0.010018110275268555, 0.016022920608520508, 0.011417150497436523, 0.011998414993286133, 0.01111149787902832, 0.0050106048583984375, 0.021103382110595703, 0.0062732696533203125]",0.0019981861114501953,0.05094265937805176
118,"[0.01580357551574707, 0.018995046615600586, 0.025755882263183594, 0.03800344467163086, 0.024695873260498047, 0.03179192543029785, 0.03199958801269531, 0.03452181816101074, 0.026615142822265625, 0.038290977478027344]","[0.0020058155059814453, 0.0010056495666503906, 0.0031325817108154297, 0.002006053924560547, 0.0010030269622802734, 0.0020062923431396484, 0.0020003318786621094, 0.0010035037994384766, 0.0010950565338134766]",0.0010006427764892578,0.030817508697509766
119,"[0.023052215576171875, 0.018994569778442383, 0.020893335342407227, 0.042806386947631836, 0.035291433334350586, 0.03681802749633789, 0.028449058532714844, 0.028990507125854492, 0.01991581916809082, 0.022878170013427734]","[0.06485581398010254, 0.4291656017303467, 1.5741066932678223, 0.2571992874145508, 0.32610058784484863, 0.01304316520690918, 0.48614978790283203, 0.20203423500061035, 0.354250431060791]",0.001994609832763672,0.045537471771240234
120,"[0.023421525955200195, 0.06547784805297852, 0.03837704658508301, 0.03632807731628418, 0.032926082611083984, 0.04405856132507324, 0.04067540168762207, 0.036679744720458984, 0.03832268714904785, 0.03662872314453125]","[0.17511320114135742, 0.039011478424072266, 0.032843828201293945, 0.12848329544067383, 0.03194832801818848, 0.035125732421875, 0.47968506813049316, 0.08978843688964844, 0.1894397735595703]",0.002003908157348633,0.0579988956451416
121,"[0.017992496490478516, 0.03348493576049805, 0.03472280502319336, 0.051119327545166016, 0.03679800033569336, 0.044998884201049805, 0.05394458770751953, 0.0338749885559082, 0.032662153244018555, 0.03841876983642578]","[0.00606846809387207, 0.014008522033691406, 0.05286359786987305, 0.043520450592041016, 0.05650663375854492, 0.021900653839111328, 0.022531509399414062, 0.02453446388244629, 0.02308058738708496]",0.0019989013671875,0.04496622085571289
122,"[0.02085089683532715, 0.030888795852661133, 0.02088022232055664, 0.025370359420776367, 0.025799274444580078, 0.041132450103759766, 0.0459442138671875, 0.024276018142700195, 0.022009849548339844, 0.028246164321899414]","[0.0010113716125488281, 0.0010008811950683594, 0.002000570297241211, 0.0020020008087158203, 0.003019094467163086, 0.001990795135498047, 0.001007080078125, 0.00200653076171875, 0.0020055770874023438]",0.0009996891021728516,0.015384674072265625
123,"[0.020999431610107422, 0.02433013916015625, 0.018973827362060547, 0.024999141693115234, 0.0210263729095459, 0.08100724220275879, 0.022981643676757812, 0.021495819091796875, 0.01944279670715332, 0.025696277618408203]","[0.004652738571166992, 0.007010936737060547, 0.0330052375793457, 0.03701639175415039, 0.04812502861022949, 0.024062156677246094, 0.030514955520629883, 0.015011787414550781, 0.017080307006835938]",0.0010075569152832031,0.04530596733093262
124,"[0.01797342300415039, 0.022991180419921875, 0.021216392517089844, 0.026375532150268555, 0.02747631072998047, 0.0298464298248291, 0.035877227783203125, 0.024501800537109375, 0.02806544303894043, 0.030815601348876953]","[0.0020761489868164062, 0.0010099411010742188, 0.002007722854614258, 0.0010066032409667969, 0.0028247833251953125, 0.0010104179382324219, 0.0010073184967041016, 0.002996206283569336, 0.001998424530029297]",0.0010101795196533203,0.04761505126953125
125,"[0.029524803161621094, 0.05996966361999512, 0.0350644588470459, 0.05106997489929199, 0.04589390754699707, 0.04476666450500488, 0.06216549873352051, 0.038823843002319336, 0.04045891761779785, 0.04233908653259277]","[0.018001079559326172, 0.0060002803802490234, 0.10333609580993652, 0.986137866973877, 0.05579829216003418, 0.5891458988189697, 5.006170272827148, 0.05589914321899414, 5.003535032272339]",0.0029954910278320312,0.06696534156799316
126,"[0.014220952987670898, 0.03887534141540527, 0.019172191619873047, 0.043564558029174805, 0.030668020248413086, 0.04451346397399902, 0.031514644622802734, 0.04369664192199707, 0.027507305145263672, 0.03195381164550781]","[0.021134376525878906, 0.008151531219482422, 0.015008211135864258, 0.06320810317993164, 0.05473470687866211, 0.019003868103027344, 0.03180956840515137, 0.07029914855957031, 0.024005413055419922]",0.0009984970092773438,0.04295945167541504
127,"[0.011993885040283203, 0.02573561668395996, 0.027522802352905273, 0.04206562042236328, 0.02167534828186035, 0.05472159385681152, 0.034998178482055664, 0.028087377548217773, 0.030890226364135742, 0.027566194534301758]","[0.002040386199951172, 0.0020062923431396484, 0.0029997825622558594, 0.0010068416595458984, 0.0020172595977783203, 0.0009996891021728516, 0.0030035972595214844, 0.0010066032409667969, 0.002007007598876953]",0.0,0.03449535369873047
128,"[0.013597488403320312, 0.031026363372802734, 0.024995088577270508, 0.029999971389770508, 0.02479410171508789, 0.048117637634277344, 0.03909158706665039, 0.027840375900268555, 0.02514052391052246, 0.02382206916809082]","[0.006066083908081055, 0.013102293014526367, 0.007998466491699219, 0.007008075714111328, 0.14014935493469238, 0.06656384468078613, 0.6226863861083984, 0.018871068954467773, 1.1225743293762207]",0.002003192901611328,0.04785966873168945
129,"[0.0263979434967041, 0.029194116592407227, 0.03429412841796875, 0.04914045333862305, 0.04533648490905762, 0.04205060005187988, 0.08011031150817871, 0.03661036491394043, 0.04200935363769531, 0.03264570236206055]","[0.002007722854614258, 0.016006946563720703, 0.005239963531494141, 0.016943931579589844, 0.004946708679199219, 0.004046440124511719, 0.003047466278076172, 0.006392717361450195, 0.003019094467163086]",0.0009975433349609375,0.05049276351928711
130,"[0.036330223083496094, 0.03098893165588379, 0.041120052337646484, 0.04203176498413086, 0.044879913330078125, 0.05606889724731445, 0.09146809577941895, 0.04198265075683594, 0.051096439361572266, 0.054796457290649414]","[5.005350112915039, 5.006460666656494, 5.004415273666382, 5.006854057312012, 5.007427215576172, 0.28426218032836914, 5.006817579269409, 5.006875514984131, 2.3706705570220947]",0.0050029754638671875,0.09050774574279785
131,"[0.032288312911987305, 0.07413411140441895, 0.03617119789123535, 0.060059309005737305, 0.04740309715270996, 0.0373072624206543, 0.03805661201477051, 0.0537567138671875, 0.049346208572387695, 0.02784442901611328]","[0.1866285800933838, 0.3075685501098633, 0.0040090084075927734, 5.002803325653076, 0.04500579833984375, 0.010013818740844727, 5.004953622817993, 5.004169464111328, 0.29201817512512207]",0.004001140594482422,0.07554030418395996
132,"[0.013758182525634766, 0.053179264068603516, 0.032395124435424805, 0.05274009704589844, 0.03200125694274902, 0.038764238357543945, 0.03132510185241699, 0.03476405143737793, 0.03537154197692871, 0.028725624084472656]","[0.0020034313201904297, 0.005013942718505859, 0.004010200500488281, 0.003094196319580078, 0.004999399185180664, 0.0030028820037841797, 0.002997159957885742, 0.007006645202636719, 0.007000923156738281]",0.0,0.042633771896362305
133,"[0.017276763916015625, 0.03249049186706543, 0.023908138275146484, 0.04621171951293945, 0.02707648277282715, 0.02700185775756836, 0.02588820457458496, 0.021894216537475586, 0.033530473709106445, 0.02745366096496582]","[0.0021004676818847656, 0.001997709274291992, 0.004008054733276367, 0.003096342086791992, 0.0019979476928710938, 0.0009968280792236328, 0.0020041465759277344, 0.0019989013671875, 0.0030059814453125]",0.0010037422180175781,0.040940284729003906
134,"[0.020634174346923828, 0.03103923797607422, 0.027776718139648438, 0.0522153377532959, 0.038313865661621094, 0.03403067588806152, 0.02985525131225586, 0.02736353874206543, 0.033455610275268555, 0.0294034481048584]","[0.010992050170898438, 0.00899815559387207, 0.0159451961517334, 0.004006624221801758, 0.0030052661895751953, 0.0020062923431396484, 0.003015279769897461, 0.0020058155059814453, 0.0020062923431396484]",0.0010104179382324219,0.05851912498474121
135,"[0.024387359619140625, 0.03644967079162598, 0.024347305297851562, 0.0609736442565918, 0.038773536682128906, 0.029172420501708984, 0.02581620216369629, 0.025199413299560547, 0.03104090690612793, 0.02408909797668457]","[0.0058710575103759766, 0.16419529914855957, 0.013286352157592773, 0.0040051937103271484, 0.0049953460693359375, 0.008003950119018555, 0.0030002593994140625, 0.002997159957885742, 0.0029985904693603516]",0.0019991397857666016,0.03799319267272949
136,"[0.026562929153442383, 0.04896378517150879, 0.03795909881591797, 0.07322382926940918, 0.04833650588989258, 0.0392765998840332, 0.04133725166320801, 0.03285670280456543, 0.038597822189331055, 0.034657955169677734]","[0.0030066967010498047, 0.001997709274291992, 0.008009672164916992, 0.0050106048583984375, 0.0030057430267333984, 0.002997875213623047, 0.008005619049072266, 0.003999948501586914, 0.0030059814453125]",0.0019156932830810547,0.04879403114318848
137,"[0.018603801727294922, 0.023106813430786133, 0.020977020263671875, 0.05061054229736328, 0.03629159927368164, 0.030928850173950195, 0.033406972885131836, 0.030529499053955078, 0.0411076545715332, 0.023209095001220703]","[0.002998828887939453, 0.010004997253417969, 0.0030159950256347656, 0.001996755599975586, 0.0020062923431396484, 0.0020067691802978516, 0.004000425338745117, 0.003995418548583984, 0.0040051937103271484]",0.002053976058959961,0.04099082946777344
138,"[0.016628026962280273, 0.02500128746032715, 0.02995753288269043, 0.0550990104675293, 0.029738903045654297, 0.029920339584350586, 0.029337644577026367, 0.02410149574279785, 0.04801034927368164, 0.03759169578552246]","[0.0049974918365478516, 0.002006053924560547, 0.005964994430541992, 0.007998466491699219, 0.0040209293365478516, 0.0040056705474853516, 0.046774864196777344, 0.019518613815307617, 0.018088579177856445]",0.0009906291961669922,0.04992198944091797
139,"[0.026531457901000977, 0.03989672660827637, 0.023145437240600586, 0.05741596221923828, 0.030930519104003906, 0.04753756523132324, 0.03222322463989258, 0.03382539749145508, 0.03500008583068848, 0.030251026153564453]","[0.005604982376098633, 0.00099945068359375, 0.0030002593994140625, 0.0010063648223876953, 0.003016948699951172, 0.0020227432250976562, 0.002005338668823242, 0.002000093460083008, 0.003005504608154297]",0.0010008811950683594,0.04751729965209961
140,"[0.02322101593017578, 0.049001216888427734, 0.02493882179260254, 0.0743715763092041, 0.032457590103149414, 0.0368800163269043, 0.03358650207519531, 0.03593015670776367, 0.037516117095947266, 0.03551745414733887]","[0.11474275588989258, 0.003006458282470703, 0.00667881965637207, 0.0030066967010498047, 0.1469569206237793, 0.004004478454589844, 0.00400543212890625, 0.0049974918365478516, 0.0059969425201416016]",0.0020606517791748047,0.04762911796569824
141,"[0.031120777130126953, 0.05942368507385254, 0.0281217098236084, 0.0703582763671875, 0.03236246109008789, 0.06174898147583008, 0.034471988677978516, 0.032501935958862305, 0.04400038719177246, 0.0384364128112793]","[0.5834321975708008, 0.43580198287963867, 0.5882890224456787, 0.17100787162780762, 5.0020105838775635, 0.006006479263305664, 0.07314300537109375, 0.05655097961425781, 0.038768768310546875]",0.0019047260284423828,0.07651591300964355
142,"[0.022052526473999023, 0.03204631805419922, 0.027689218521118164, 0.02812337875366211, 0.02893233299255371, 0.026016950607299805, 0.03636789321899414, 0.027011394500732422, 0.03898167610168457, 0.03222799301147461]","[0.0010068416595458984, 0.0010094642639160156, 0.0025708675384521484, 0.002005338668823242, 0.0009984970092773438, 0.0030062198638916016, 0.0009968280792236328, 0.00505518913269043, 0.002001047134399414]",0.0,0.04385066032409668
143,"[0.028043270111083984, 0.02795863151550293, 0.027113914489746094, 0.07477831840515137, 0.03467965126037598, 0.04478192329406738, 0.03896689414978027, 0.03505825996398926, 0.06049776077270508, 0.039110422134399414]","[0.022544145584106445, 0.009010553359985352, 0.6399800777435303, 0.02161383628845215, 0.38217926025390625, 0.09362268447875977, 1.0758388042449951, 0.5666546821594238, 0.12735319137573242]",0.0014812946319580078,0.04534626007080078
144,"[0.026430368423461914, 0.03566122055053711, 0.03417491912841797, 0.05794858932495117, 0.04669833183288574, 0.04505324363708496, 0.031395912170410156, 0.03576469421386719, 0.03263521194458008, 0.034735918045043945]","[0.6654791831970215, 0.19249653816223145, 0.3528289794921875, 0.7037472724914551, 0.3542156219482422, 1.0679759979248047, 0.07252311706542969, 1.4540271759033203, 0.021952152252197266]",0.0029332637786865234,0.06051349639892578
145,"[0.015992403030395508, 0.03144502639770508, 0.027509450912475586, 0.030921459197998047, 0.025488615036010742, 0.03451347351074219, 0.023109912872314453, 0.02241802215576172, 0.02742457389831543, 0.029427528381347656]","[0.0009999275207519531, 0.002178668975830078, 0.0009992122650146484, 0.0010089874267578125, 0.0019996166229248047, 0.0010077953338623047, 0.00099945068359375, 0.0020012855529785156, 0.0020084381103515625]",0.0005347728729248047,0.04747605323791504
146,"[0.02400040626525879, 0.032506465911865234, 0.02757573127746582, 0.0345158576965332, 0.030444622039794922, 0.09452557563781738, 0.030004262924194336, 0.03767657279968262, 0.028599977493286133, 0.04071474075317383]","[0.004006147384643555, 0.03211665153503418, 0.004004240036010742, 0.0030014514923095703, 0.004990577697753906, 0.003991842269897461, 0.004369258880615234, 0.0030002593994140625, 0.0020062923431396484]",0.002908468246459961,0.05002927780151367
147,"[0.020886659622192383, 0.02906513214111328, 0.03137040138244629, 0.045035600662231445, 0.03215503692626953, 0.057961463928222656, 0.032924652099609375, 0.03540205955505371, 0.034455060958862305, 0.03330206871032715]","[0.0160062313079834, 0.009003877639770508, 0.08840322494506836, 0.006005764007568359, 0.005106925964355469, 0.00400543212890625, 0.17071056365966797, 0.006015777587890625, 0.004000663757324219]",0.002001523971557617,0.04539346694946289
148,"[0.013994455337524414, 0.02507162094116211, 0.022647857666015625, 0.03551936149597168, 0.028048992156982422, 0.03857851028442383, 0.026015281677246094, 0.027594566345214844, 0.03232979774475098, 0.025504350662231445]","[0.006535768508911133, 0.0020051002502441406, 0.002132892608642578, 0.0029985904693603516, 0.002002239227294922, 0.00401616096496582, 0.002004384994506836, 0.003305196762084961, 0.0030219554901123047]",0.0010004043579101562,0.04472994804382324
149,"[0.09448695182800293, 0.08302044868469238, 0.08381056785583496, 0.15029215812683105, 0.12569689750671387, 0.16219830513000488, 0.10111641883850098, 0.13315224647521973, 0.12691879272460938, 0.09500432014465332]","[2.449738025665283, 3.710550308227539, 5.007483720779419, 5.006329536437988, 5.011306524276733, 5.008393049240112, 5.009541988372803, 2.708148717880249, 5.009161710739136]",0.005990505218505859,0.05369687080383301
150,"[0.0231935977935791, 0.037720441818237305, 0.031881093978881836, 0.031777143478393555, 0.035649776458740234, 0.03218531608581543, 0.028848648071289062, 0.03147482872009277, 0.029560565948486328, 0.027069091796875]","[0.003998756408691406, 0.0020148754119873047, 0.003998756408691406, 0.021999597549438477, 0.002002716064453125, 0.002020120620727539, 0.003000497817993164, 0.012007713317871094, 0.004009723663330078]",0.0010840892791748047,0.04292035102844238
151,"[0.018002748489379883, 0.021873950958251953, 0.020224809646606445, 0.025425434112548828, 0.023951292037963867, 0.03052067756652832, 0.020481109619140625, 0.02173161506652832, 0.023799896240234375, 0.024857044219970703]","[0.0020062923431396484, 0.0010082721710205078, 0.002921581268310547, 0.0010063648223876953, 0.0010018348693847656, 0.00200653076171875, 0.0030083656311035156, 0.0020079612731933594, 0.001997709274291992]",0.001004934310913086,0.040006399154663086
152,"[0.014991283416748047, 0.0200498104095459, 0.01620006561279297, 0.054517507553100586, 0.021673202514648438, 0.026520490646362305, 0.018828630447387695, 0.01944255828857422, 0.019119977951049805, 0.02295207977294922]","[0.00299835205078125, 0.0010080337524414062, 0.003000020980834961, 0.0010075569152832031, 0.0036110877990722656, 0.0020058155059814453, 0.0019948482513427734, 0.003998994827270508, 0.0010066032409667969]",0.0009984970092773438,0.03975820541381836
153,"[0.013987541198730469, 0.02890467643737793, 0.0200498104095459, 0.07105016708374023, 0.0285794734954834, 0.051995277404785156, 0.02908039093017578, 0.03175830841064453, 0.026378870010375977, 0.03228354454040527]","[0.08662605285644531, 0.019577741622924805, 2.3356289863586426, 0.07868003845214844, 0.8085646629333496, 0.8403942584991455, 0.8068561553955078, 0.06159353256225586, 1.8698179721832275]",0.002099752426147461,0.0743417739868164
154,"[0.01299428939819336, 0.026192665100097656, 0.024759531021118164, 0.03700733184814453, 0.02565598487854004, 0.04635262489318848, 0.025911808013916016, 0.03326582908630371, 0.02947211265563965, 0.026844501495361328]","[0.002000570297241211, 0.0020046234130859375, 0.003032684326171875, 0.0009989738464355469, 0.009000539779663086, 0.00200653076171875, 0.0029866695404052734, 0.0020024776458740234, 0.0030014514923095703]",0.0010111331939697266,0.0479893684387207
155,"[0.028162240982055664, 0.02913808822631836, 0.02745676040649414, 0.03699970245361328, 0.03055548667907715, 0.054740190505981445, 0.034026145935058594, 0.054189443588256836, 0.03305482864379883, 0.03199934959411621]","[0.006006002426147461, 0.002006053924560547, 0.0020101070404052734, 0.004526615142822266, 0.00400543212890625, 0.003020048141479492, 0.00571751594543457, 0.002999544143676758, 0.002001047134399414]",0.001009225845336914,0.03552699089050293
156,"[0.02651381492614746, 0.026415348052978516, 0.026503801345825195, 0.030993223190307617, 0.049872398376464844, 0.04226565361022949, 0.03989887237548828, 0.06033754348754883, 0.03072333335876465, 0.032853126525878906]","[0.005007266998291016, 0.0030057430267333984, 0.015014410018920898, 0.010006427764892578, 0.024083375930786133, 0.002999544143676758, 0.025604963302612305, 0.00899815559387207, 0.0030074119567871094]",0.002003192901611328,0.04806971549987793
157,"[0.012996435165405273, 0.015443086624145508, 0.015389442443847656, 0.04000067710876465, 0.029371976852416992, 0.0401148796081543, 0.02542591094970703, 0.0471501350402832, 0.03276968002319336, 0.030497074127197266]","[0.0020062923431396484, 0.003010988235473633, 0.003000974655151367, 0.0021507740020751953, 0.002004861831665039, 0.0030014514923095703, 0.002009868621826172, 0.0020058155059814453, 0.003005504608154297]",0.0009999275207519531,0.04993724822998047
158,"[0.01991748809814453, 0.035672903060913086, 0.027054786682128906, 0.03800082206726074, 0.03493022918701172, 0.04704761505126953, 0.03766298294067383, 0.07123541831970215, 0.033234357833862305, 0.04021191596984863]","[0.319746732711792, 0.534193754196167, 5.002050876617432, 2.8371427059173584, 5.004141807556152, 0.4475221633911133, 3.662212371826172, 0.02789592742919922, 0.24072623252868652]",0.0020074844360351562,0.0656898021697998
159,"[0.016994714736938477, 0.029483556747436523, 0.0468602180480957, 0.05158853530883789, 0.028095245361328125, 0.036626338958740234, 0.029486417770385742, 0.050121307373046875, 0.03709983825683594, 0.029743432998657227]","[0.0020055770874023438, 0.004004001617431641, 0.006056785583496094, 0.0020012855529785156, 0.004998683929443359, 0.002119302749633789, 0.0019135475158691406, 0.00400233268737793, 0.002001523971557617]",0.0009996891021728516,0.04262852668762207
160,"[0.011996746063232422, 0.01796555519104004, 0.021990299224853516, 0.04219770431518555, 0.02083277702331543, 0.03395676612854004, 0.02463984489440918, 0.02971959114074707, 0.028254985809326172, 0.022744417190551758]","[0.0009980201721191406, 0.002015829086303711, 0.0010018348693847656, 0.001001119613647461, 0.0019981861114501953, 0.003124713897705078, 0.0019481182098388672, 0.0010058879852294922, 0.0010061264038085938]",0.0010814666748046875,0.05267906188964844
161,"[0.029848337173461914, 0.02143573760986328, 0.026198387145996094, 0.04417085647583008, 0.0247955322265625, 0.04433631896972656, 0.03602099418640137, 0.03900456428527832, 0.02486729621887207, 0.023687124252319336]","[0.0019998550415039062, 0.001997709274291992, 0.0029916763305664062, 0.0029990673065185547, 0.004979372024536133, 0.001992940902709961, 0.004067420959472656, 0.0030002593994140625, 0.002007007598876953]",0.001497507095336914,0.028370380401611328
162,"[0.024470090866088867, 0.028398752212524414, 0.06783485412597656, 0.0422968864440918, 0.03326296806335449, 0.056061506271362305, 0.04281949996948242, 0.046417951583862305, 0.041380882263183594, 0.038156747817993164]","[0.02661919593811035, 0.24457859992980957, 0.1004481315612793, 0.779843807220459, 0.08230423927307129, 5.00179648399353, 0.252960205078125, 1.0677759647369385, 0.01954054832458496]",0.0068819522857666016,0.06660294532775879
163,"[0.01653742790222168, 0.0225982666015625, 0.02455306053161621, 0.042595863342285156, 0.029522418975830078, 0.030253887176513672, 0.025331497192382812, 0.02992415428161621, 0.024420499801635742, 0.0323948860168457]","[0.0020051002502441406, 0.0009958744049072266, 0.013050556182861328, 0.001997232437133789, 0.0020956993103027344, 0.0030052661895751953, 0.0021238327026367188, 0.0020003318786621094, 0.003005504608154297]",0.0009930133819580078,0.04285025596618652
164,"[0.01702570915222168, 0.017648935317993164, 0.024557113647460938, 0.04517483711242676, 0.02189493179321289, 0.054757118225097656, 0.029618501663208008, 0.035932064056396484, 0.024347782135009766, 0.03324747085571289]","[0.010004997253417969, 0.15912270545959473, 0.4045131206512451, 0.029992103576660156, 0.00450897216796875, 0.05975961685180664, 0.08493232727050781, 0.022505521774291992, 0.07107853889465332]",0.0009996891021728516,0.05845165252685547
165,"[0.01633310317993164, 0.025103092193603516, 0.032987356185913086, 0.032891273498535156, 0.03054976463317871, 0.06552529335021973, 0.029477596282958984, 0.026529312133789062, 0.0321965217590332, 0.029770612716674805]","[0.0009951591491699219, 0.005998373031616211, 0.004999876022338867, 0.001999378204345703, 0.006011486053466797, 0.003000020980834961, 0.0039980411529541016, 0.018016576766967773, 0.007005929946899414]",0.0010020732879638672,0.05142974853515625
166,"[0.02694416046142578, 0.04875588417053223, 0.044252634048461914, 0.08105015754699707, 0.046350955963134766, 0.10665225982666016, 0.04769277572631836, 0.06200861930847168, 0.04426145553588867, 0.0509490966796875]","[0.4667949676513672, 0.4527304172515869, 0.15909814834594727, 0.1590423583984375, 0.5395035743713379, 0.15393543243408203, 1.4837672710418701, 0.16041874885559082, 0.17775797843933105]",0.00299835205078125,0.0509943962097168
167,"[0.015246391296386719, 0.0231935977935791, 0.02947711944580078, 0.030080080032348633, 0.04006218910217285, 0.06015968322753906, 0.024171829223632812, 0.02652597427368164, 0.02438950538635254, 0.02498459815979004]","[0.0010018348693847656, 0.001007080078125, 0.0019519329071044922, 0.0, 0.0028924942016601562, 0.0010061264038085938, 0.002008199691772461, 0.00200653076171875, 0.0010073184967041016]",0.0009925365447998047,0.03354358673095703
168,"[0.023559093475341797, 0.03197836875915527, 0.025007009506225586, 0.06959176063537598, 0.03823995590209961, 0.06408524513244629, 0.02883768081665039, 0.030323266983032227, 0.03190350532531738, 0.030791282653808594]","[0.05060148239135742, 0.00200653076171875, 0.008964300155639648, 0.0040056705474853516, 0.028997421264648438, 0.0030074119567871094, 0.19830751419067383, 0.003006458282470703, 0.002996683120727539]",0.0010101795196533203,0.04574298858642578
169,"[0.029098987579345703, 0.05135011672973633, 0.03766584396362305, 0.09743070602416992, 0.0507967472076416, 0.08358097076416016, 0.05907726287841797, 0.05844879150390625, 0.04907488822937012, 0.051593780517578125]","[5.004040718078613, 5.004240036010742, 5.00550651550293, 5.005160093307495, 5.004412412643433, 5.006168842315674, 5.006099224090576, 5.006418228149414, 5.007744789123535]",0.004998683929443359,0.08054900169372559
170,"[0.0216677188873291, 0.03166770935058594, 0.030447959899902344, 0.0536043643951416, 0.035047292709350586, 0.02989983558654785, 0.05651140213012695, 0.03328824043273926, 0.031464576721191406, 0.03674745559692383]","[0.014011859893798828, 0.00400090217590332, 0.002108335494995117, 0.002006053924560547, 0.0030066967010498047, 0.0029985904693603516, 0.004010677337646484, 0.003010272979736328, 0.006998777389526367]",0.001277923583984375,0.04796242713928223
171,"[0.02178812026977539, 0.03760957717895508, 0.026943683624267578, 0.04703211784362793, 0.024898052215576172, 0.026502370834350586, 0.04500889778137207, 0.029390811920166016, 0.025530099868774414, 0.0399937629699707]","[0.003010272979736328, 0.012024164199829102, 0.004869937896728516, 0.0050182342529296875, 0.0030069351196289062, 0.0029985904693603516, 0.003009319305419922, 0.003004789352416992, 0.0029997825622558594]",0.0009996891021728516,0.04648900032043457
172,"[0.016664743423461914, 0.029990434646606445, 0.022459745407104492, 0.03297924995422363, 0.026345252990722656, 0.022005796432495117, 0.028512954711914062, 0.021956920623779297, 0.020458221435546875, 0.031748294830322266]","[0.0010042190551757812, 0.003005504608154297, 0.005612373352050781, 0.0030040740966796875, 0.0009946823120117188, 0.0029985904693603516, 0.004005908966064453, 0.0038967132568359375, 0.004005908966064453]",0.0,0.012116670608520508
173,"[0.018524169921875, 0.02299356460571289, 0.021392345428466797, 0.03300595283508301, 0.025822162628173828, 0.03100442886352539, 0.03300046920776367, 0.027855634689331055, 0.028285741806030273, 0.038330078125]","[0.002006053924560547, 0.00800466537475586, 0.008993387222290039, 0.003998517990112305, 0.0029947757720947266, 0.0039980411529541016, 0.003998994827270508, 0.005014896392822266, 0.002007007598876953]",0.0010018348693847656,0.04154181480407715
174,"[0.014101266860961914, 0.03449702262878418, 0.02239394187927246, 0.04061627388000488, 0.030247926712036133, 0.04610419273376465, 0.02751302719116211, 0.030051469802856445, 0.03307485580444336, 0.0272676944732666]","[0.00200653076171875, 0.029562711715698242, 0.010894298553466797, 0.015046119689941406, 0.03803062438964844, 0.011006593704223633, 0.026630640029907227, 0.011542797088623047, 0.013242721557617188]",0.0009989738464355469,0.04699897766113281
175,"[0.015377044677734375, 0.0274350643157959, 0.031710147857666016, 0.03400540351867676, 0.028136730194091797, 0.038910865783691406, 0.05300283432006836, 0.028941631317138672, 0.02577996253967285, 0.03592348098754883]","[0.0010097026824951172, 0.0030052661895751953, 0.0009949207305908203, 0.0010249614715576172, 0.0010099411010742188, 0.003996133804321289, 0.0020055770874023438, 0.002009153366088867, 0.002007722854614258]",0.0009920597076416016,0.03826141357421875
176,"[0.01399683952331543, 0.019000768661499023, 0.02425384521484375, 0.03200578689575195, 0.028348684310913086, 0.029760360717773438, 0.06400537490844727, 0.03075718879699707, 0.02068305015563965, 0.028078079223632812]","[0.0020041465759277344, 0.002006053924560547, 0.003002166748046875, 0.003014802932739258, 0.003526926040649414, 0.0019986629486083984, 0.004006385803222656, 0.0030050277709960938, 0.0030057430267333984]",0.0,0.049655914306640625
177,"[0.011994123458862305, 0.019008398056030273, 0.015813112258911133, 0.030504226684570312, 0.025094270706176758, 0.03300809860229492, 0.04651832580566406, 0.01981949806213379, 0.024114370346069336, 0.027402877807617188]","[0.0010039806365966797, 0.001009225845336914, 0.0020003318786621094, 0.0015113353729248047, 0.0009999275207519531, 0.001998424530029297, 0.00200653076171875, 0.0010056495666503906, 0.0020148754119873047]",0.001009225845336914,0.010992050170898438
178,"[0.0110015869140625, 0.020994186401367188, 0.013821840286254883, 0.03854084014892578, 0.018085241317749023, 0.03786063194274902, 0.05099987983703613, 0.017502784729003906, 0.02050471305847168, 0.03199291229248047]","[0.004009246826171875, 0.001007080078125, 0.00999903678894043, 0.0020055770874023438, 0.003044605255126953, 0.00899958610534668, 0.005008697509765625, 0.0030045509338378906, 0.0030062198638916016]",0.001001119613647461,0.03951859474182129
179,"[0.031001567840576172, 0.031389474868774414, 0.0252685546875, 0.051999807357788086, 0.03383803367614746, 0.0629725456237793, 0.04569530487060547, 0.0337681770324707, 0.034401655197143555, 0.04481935501098633]","[2.399167537689209, 0.6416058540344238, 3.139512062072754, 0.3803272247314453, 5.002556085586548, 5.005037546157837, 0.648747444152832, 0.026818513870239258, 3.1639201641082764]",0.002427339553833008,0.06798934936523438
180,"[0.027292728424072266, 0.040130615234375, 0.03598642349243164, 0.06210470199584961, 0.03561854362487793, 0.053400516510009766, 0.04730510711669922, 0.0470430850982666, 0.05251145362854004, 0.07307744026184082]","[0.058080434799194336, 0.2883729934692383, 0.057450056076049805, 0.032244205474853516, 0.012000322341918945, 0.00400996208190918, 0.14586710929870605, 0.03896331787109375, 0.09778356552124023]",0.001992940902709961,0.06263923645019531
181,"[0.014065980911254883, 0.02642202377319336, 0.028099536895751953, 0.04890894889831543, 0.02597212791442871, 0.0749204158782959, 0.0325164794921875, 0.028612136840820312, 0.03323960304260254, 0.038643598556518555]","[0.0020198822021484375, 0.002006053924560547, 0.0020127296447753906, 0.0010066032409667969, 0.0019969940185546875, 0.0020062923431396484, 0.0020017623901367188, 0.005855560302734375, 0.001997709274291992]",0.0010080337524414062,0.044904470443725586
182,"[0.01700282096862793, 0.026529550552368164, 0.026211261749267578, 0.026514291763305664, 0.030109405517578125, 0.04401254653930664, 0.03436875343322754, 0.0246579647064209, 0.03822040557861328, 0.03808116912841797]","[0.004006385803222656, 0.002518177032470703, 0.0019989013671875, 0.0035238265991210938, 0.006986856460571289, 0.00200653076171875, 0.0020055770874023438, 0.007071018218994141, 0.00500035285949707]",0.0010008811950683594,0.046895742416381836
183,"[0.016151905059814453, 0.020708560943603516, 0.025156021118164062, 0.026999950408935547, 0.025964736938476562, 0.04391026496887207, 0.024810075759887695, 0.025008678436279297, 0.04027223587036133, 0.03638625144958496]","[0.008005142211914062, 0.0010082721710205078, 0.002999544143676758, 0.004006147384643555, 0.004055023193359375, 0.0010080337524414062, 0.0020055770874023438, 0.0025246143341064453, 0.0010025501251220703]",0.0,0.10201120376586914
184,"[0.022333621978759766, 0.02353501319885254, 0.02709221839904785, 0.029001474380493164, 0.02938103675842285, 0.026712656021118164, 0.024800777435302734, 0.02678370475769043, 0.028669357299804688, 0.0566866397857666]","[0.0020008087158203125, 0.0040073394775390625, 0.004001617431640625, 0.0030052661895751953, 0.005006313323974609, 0.0060272216796875, 0.003998994827270508, 0.0030040740966796875, 0.002009153366088867]",0.0009853839874267578,0.04038572311401367
185,"[0.012994050979614258, 0.014853954315185547, 0.0181734561920166, 0.0295259952545166, 0.028995752334594727, 0.04388999938964844, 0.030894041061401367, 0.028148412704467773, 0.025999784469604492, 0.0607297420501709]","[0.0020062923431396484, 0.0010066032409667969, 0.0030002593994140625, 0.008007049560546875, 0.0018410682678222656, 0.008996009826660156, 0.0040051937103271484, 0.003000020980834961, 0.009980440139770508]",0.0010421276092529297,0.046305179595947266
186,"[0.026949405670166016, 0.023389577865600586, 0.028000593185424805, 0.03799939155578613, 0.03432965278625488, 0.0500025749206543, 0.03170442581176758, 0.028989553451538086, 0.04300498962402344, 0.03334474563598633]","[0.017131328582763672, 0.00603485107421875, 0.003999948501586914, 0.0029976367950439453, 0.8187954425811768, 0.008006572723388672, 1.264228343963623, 0.6671597957611084, 0.2816030979156494]",0.0030090808868408203,0.04868578910827637
187,"[0.020135879516601562, 0.02999591827392578, 0.019724130630493164, 0.031516075134277344, 0.02894878387451172, 0.034108638763427734, 0.026360511779785156, 0.027045726776123047, 0.030610322952270508, 0.03733325004577637]","[0.002003192901611328, 0.002007007598876953, 0.0019996166229248047, 0.00400543212890625, 0.0059986114501953125, 0.003000020980834961, 0.012007713317871094, 0.0029976367950439453, 0.0030121803283691406]",0.0010936260223388672,0.04684185981750488
188,"[0.01601433753967285, 0.015863418579101562, 0.014487266540527344, 0.025098562240600586, 0.03128361701965332, 0.03040790557861328, 0.027524709701538086, 0.026617765426635742, 0.025330305099487305, 0.05362224578857422]","[0.0020072460174560547, 0.0020194053649902344, 0.002900362014770508, 0.002026081085205078, 0.002926349639892578, 0.0020062923431396484, 0.0008971691131591797, 0.0020020008087158203, 0.0009753704071044922]",0.0006957054138183594,0.04645800590515137
189,"[0.0331265926361084, 0.024939537048339844, 0.02133941650390625, 0.06573104858398438, 0.039453744888305664, 0.05658698081970215, 0.03959012031555176, 0.0323178768157959, 0.03373384475708008, 0.05364227294921875]","[0.17573809623718262, 0.06409859657287598, 0.1286306381225586, 0.10981321334838867, 0.009087324142456055, 0.24565815925598145, 1.174098253250122, 0.003989458084106445, 0.9153909683227539]",0.002997875213623047,0.044385671615600586
190,"[0.01678299903869629, 0.03945612907409668, 0.02838873863220215, 0.04004311561584473, 0.029689550399780273, 0.027393817901611328, 0.03226161003112793, 0.03141307830810547, 0.0331730842590332, 0.029136180877685547]","[0.0050048828125, 0.07070636749267578, 0.006987094879150391, 0.005999088287353516, 0.006005287170410156, 0.003007650375366211, 0.0029976367950439453, 0.005006074905395508, 0.012015104293823242]",0.001990795135498047,0.04709124565124512
191,"[0.017592430114746094, 0.027204036712646484, 0.020753145217895508, 0.04516410827636719, 0.030466556549072266, 0.04203391075134277, 0.022210121154785156, 0.025409460067749023, 0.034790754318237305, 0.029660463333129883]","[0.0020055770874023438, 0.0015194416046142578, 0.0008833408355712891, 0.0020062923431396484, 0.0010476112365722656, 0.003014802932739258, 0.0020058155059814453, 0.00200653076171875, 0.0029985904693603516]",0.0,0.04349946975708008
192,"[0.012706756591796875, 0.01699519157409668, 0.017750978469848633, 0.03547477722167969, 0.022057294845581055, 0.029092788696289062, 0.02424764633178711, 0.0219268798828125, 0.019170522689819336, 0.02250385284423828]","[0.0010154247283935547, 0.0030002593994140625, 0.005133152008056641, 0.0030062198638916016, 0.0031518936157226562, 0.0019989013671875, 0.0030057430267333984, 0.0010061264038085938, 0.0009992122650146484]",0.0009875297546386719,0.03838467597961426
193,"[0.024892330169677734, 0.02550816535949707, 0.024075984954833984, 0.0390012264251709, 0.03315877914428711, 0.09265446662902832, 0.03519749641418457, 0.03756976127624512, 0.03125739097595215, 0.0397183895111084]","[0.0020012855529785156, 0.002007007598876953, 0.005007743835449219, 0.0027496814727783203, 0.003985404968261719, 0.0019991397857666016, 0.0030052661895751953, 0.0030181407928466797, 0.005009651184082031]",0.0010035037994384766,0.04568934440612793
194,"[0.015991926193237305, 0.013992786407470703, 0.013582706451416016, 0.07451963424682617, 0.02499556541442871, 0.04146933555603027, 0.02419900894165039, 0.031897544860839844, 0.02569890022277832, 0.03997468948364258]","[0.003008127212524414, 0.0010082721710205078, 0.004999876022338867, 0.0022246837615966797, 0.0029191970825195312, 0.002006053924560547, 0.003006458282470703, 0.001996278762817383, 0.002731800079345703]",0.0009992122650146484,0.044196128845214844
195,"[0.014292001724243164, 0.025143146514892578, 0.024980545043945312, 0.060523033142089844, 0.03230476379394531, 0.04044318199157715, 0.031571149826049805, 0.02895641326904297, 0.033718109130859375, 0.05517411231994629]","[0.00199127197265625, 0.0030090808868408203, 0.010937213897705078, 0.01136016845703125, 0.014250755310058594, 0.02763962745666504, 0.0060045719146728516, 0.013006210327148438, 0.024010181427001953]",0.001999378204345703,0.04743337631225586
196,"[0.014224052429199219, 0.02761077880859375, 0.019986629486083984, 0.028876543045043945, 0.030060291290283203, 0.05425119400024414, 0.03522968292236328, 0.034948110580444336, 0.03139853477478027, 0.03303265571594238]","[0.0031023025512695312, 0.003996849060058594, 0.0040433406829833984, 0.003006458282470703, 0.008044004440307617, 0.003003835678100586, 0.0019974708557128906, 0.0059986114501953125, 0.0020062923431396484]",0.0009925365447998047,0.03827834129333496
197,"[0.015993118286132812, 0.026566743850708008, 0.02198171615600586, 0.030009984970092773, 0.0301516056060791, 0.03195691108703613, 0.031056880950927734, 0.033008575439453125, 0.028194665908813477, 0.02199411392211914]","[0.00400543212890625, 0.0010061264038085938, 0.001998424530029297, 0.0015299320220947266, 0.003009796142578125, 0.002006053924560547, 0.0040357112884521484, 0.0010082721710205078, 0.0020072460174560547]",0.0010044574737548828,0.04285264015197754
198,"[0.013008594512939453, 0.05240321159362793, 0.01508021354675293, 0.05700850486755371, 0.024776935577392578, 0.03402066230773926, 0.024028539657592773, 0.035902976989746094, 0.018840789794921875, 0.021992206573486328]","[0.002048492431640625, 0.0010166168212890625, 0.0019989013671875, 0.002006053924560547, 0.003938198089599609, 0.002013683319091797, 0.0029997825622558594, 0.0010061264038085938, 0.0020058155059814453]",0.0,0.04987764358520508
199,"[0.020169496536254883, 0.035874128341674805, 0.023550748825073242, 0.03151249885559082, 0.030286550521850586, 0.03496074676513672, 0.030242443084716797, 0.0500791072845459, 0.02901625633239746, 0.03320050239562988]","[0.00412440299987793, 0.015005350112915039, 0.07772588729858398, 0.030122995376586914, 0.016005992889404297, 0.008546590805053711, 0.016998767852783203, 0.019090890884399414, 0.007006406784057617]",0.0019774436950683594,0.06012725830078125
200,"[0.01228189468383789, 0.03788447380065918, 0.02355647087097168, 0.03200078010559082, 0.025131702423095703, 0.05903935432434082, 0.028482437133789062, 0.030127286911010742, 0.0292356014251709, 0.04499387741088867]","[0.004998207092285156, 0.006004810333251953, 0.001999378204345703, 0.0020062923431396484, 0.0019621849060058594, 0.00400233268737793, 0.005030155181884766, 0.0020084381103515625, 0.010012626647949219]",0.0,0.035442352294921875
201,"[0.023988723754882812, 0.04732465744018555, 0.026044607162475586, 0.05000662803649902, 0.03280043601989746, 0.032000064849853516, 0.039061784744262695, 0.04580354690551758, 0.034435272216796875, 0.05069303512573242]","[0.01652240753173828, 0.00252532958984375, 0.0029990673065185547, 0.02462911605834961, 0.005998373031616211, 0.06679320335388184, 0.005999326705932617, 0.007022380828857422, 0.008042097091674805]",0.0010263919830322266,0.0460207462310791
202,"[0.024001359939575195, 0.05531811714172363, 0.029261350631713867, 0.06599712371826172, 0.03527092933654785, 0.03925657272338867, 0.0510554313659668, 0.04818606376647949, 0.03730320930480957, 0.11153841018676758]","[0.10588526725769043, 0.0030052661895751953, 0.006066560745239258, 0.0050067901611328125, 0.007038593292236328, 0.007006406784057617, 0.006007194519042969, 0.0030014514923095703, 0.0060291290283203125]",0.0019087791442871094,0.042916297912597656
203,"[0.023357629776000977, 0.038925886154174805, 0.03180050849914551, 0.08763337135314941, 0.03987932205200195, 0.044994354248046875, 0.04189777374267578, 0.08319234848022461, 0.03703022003173828, 0.05868983268737793]","[0.025104045867919922, 0.003003835678100586, 0.005015373229980469, 0.02243518829345703, 0.03064751625061035, 0.007005929946899414, 0.00599980354309082, 0.007000923156738281, 0.005358457565307617]",0.0019221305847167969,0.045407772064208984
204,"[0.025673866271972656, 0.0468752384185791, 0.01953721046447754, 0.047991275787353516, 0.03649449348449707, 0.035912513732910156, 0.03925681114196777, 0.0410003662109375, 0.03578591346740723, 0.056583404541015625]","[0.0020020008087158203, 0.002303600311279297, 0.003998279571533203, 0.010205984115600586, 0.004006147384643555, 0.009007692337036133, 0.008998870849609375, 0.0040051937103271484, 0.004014730453491211]",0.001069784164428711,0.040653228759765625
205,"[0.022695064544677734, 0.0335690975189209, 0.02100372314453125, 0.055292606353759766, 0.03761696815490723, 0.06186938285827637, 0.036956071853637695, 0.04663348197937012, 0.03688979148864746, 0.06027078628540039]","[0.01018524169921875, 0.00799703598022461, 0.015038490295410156, 0.0030100345611572266, 0.01994919776916504, 0.003016948699951172, 0.0030112266540527344, 0.002995729446411133, 0.008011579513549805]",0.0010900497436523438,0.10218977928161621
206,"[0.019561290740966797, 0.026408672332763672, 0.024888277053833008, 0.03596758842468262, 0.026523590087890625, 0.04250359535217285, 0.022150039672851562, 0.03899407386779785, 0.03508162498474121, 0.04292035102844238]","[0.004009246826171875, 0.0020101070404052734, 0.0039920806884765625, 0.0040035247802734375, 0.002001523971557617, 0.0030176639556884766, 0.0030014514923095703, 0.005006074905395508, 0.003991365432739258]",0.0010254383087158203,0.03877735137939453
207,"[0.023213624954223633, 0.028120040893554688, 0.027567148208618164, 0.07276678085327148, 0.03890275955200195, 0.03888702392578125, 0.04680609703063965, 0.0450289249420166, 0.039826154708862305, 0.04234933853149414]","[0.013005971908569336, 0.0025250911712646484, 0.005877017974853516, 0.004997730255126953, 0.0060155391693115234, 0.005018949508666992, 0.0030579566955566406, 0.0030062198638916016, 0.011003732681274414]",0.0009927749633789062,0.04333043098449707
208,"[0.013978004455566406, 0.02558422088623047, 0.01681065559387207, 0.05244612693786621, 0.025861263275146484, 0.04711508750915527, 0.028554439544677734, 0.02905559539794922, 0.02599024772644043, 0.04187941551208496]","[0.0009975433349609375, 0.0010061264038085938, 0.003999948501586914, 0.00299835205078125, 0.00200653076171875, 0.003020763397216797, 0.0030002593994140625, 0.003004789352416992, 0.002009868621826172]",0.0,0.026196956634521484
209,"[0.016750335693359375, 0.018260478973388672, 0.016968965530395508, 0.058725833892822266, 0.031170129776000977, 0.06551694869995117, 0.02685070037841797, 0.05696916580200195, 0.03178977966308594, 0.03200793266296387]","[0.0020055770874023438, 0.002005338668823242, 0.0020003318786621094, 0.004005908966064453, 0.0040283203125, 0.003020763397216797, 0.00603795051574707, 0.002000093460083008, 0.002000093460083008]",0.0009679794311523438,0.04408717155456543
210,"[0.016566753387451172, 0.02132892608642578, 0.01744365692138672, 0.06030893325805664, 0.033341169357299805, 0.038308143615722656, 0.023018360137939453, 0.06380128860473633, 0.02622699737548828, 0.018998384475708008]","[0.003007173538208008, 0.0020055770874023438, 0.0020003318786621094, 0.008007526397705078, 0.0019643306732177734, 0.003999233245849609, 0.001992940902709961, 0.008006572723388672, 0.0020074844360351562]",0.0009419918060302734,0.03982686996459961
211,"[0.017854690551757812, 0.022512435913085938, 0.021027803421020508, 0.04262065887451172, 0.03367805480957031, 0.042650461196899414, 0.02971172332763672, 0.056139469146728516, 0.029422998428344727, 0.023997783660888672]","[0.004162311553955078, 0.021629810333251953, 0.03099822998046875, 0.01659703254699707, 0.02809762954711914, 0.003113985061645508, 0.026018619537353516, 0.02010941505432129, 0.02856159210205078]",0.0009129047393798828,0.0423893928527832
212,"[0.021010398864746094, 0.029902935028076172, 0.02872943878173828, 0.049045562744140625, 0.03478527069091797, 0.051878929138183594, 0.03455781936645508, 0.034284114837646484, 0.03649401664733887, 0.035826683044433594]","[0.0065424442291259766, 0.11768007278442383, 0.0034728050231933594, 0.0030014514923095703, 0.0029172897338867188, 0.0029997825622558594, 0.004004955291748047, 0.004007816314697266, 0.003004312515258789]",0.0009999275207519531,0.04463982582092285
213,"[0.020943880081176758, 0.029912948608398438, 0.03594255447387695, 0.05645942687988281, 0.03082895278930664, 0.08112311363220215, 0.028414249420166016, 0.030876636505126953, 0.04019308090209961, 0.028151988983154297]","[0.002007007598876953, 0.0030057430267333984, 0.002816915512084961, 0.0030059814453125, 0.004040241241455078, 0.011004447937011719, 0.007005453109741211, 0.00600743293762207, 0.005004167556762695]",0.0009980201721191406,0.054491519927978516
214,"[0.02181386947631836, 0.0316004753112793, 0.026404380798339844, 0.032289981842041016, 0.021810293197631836, 0.05208420753479004, 0.03598761558532715, 0.03245067596435547, 0.03702592849731445, 0.030846595764160156]","[0.0010056495666503906, 0.0010056495666503906, 0.0034492015838623047, 0.002000093460083008, 0.003950595855712891, 0.002002716064453125, 0.003531932830810547, 0.002007007598876953, 0.0030059814453125]",0.0010464191436767578,0.04586076736450195
215,"[0.018508195877075195, 0.02010369300842285, 0.029499292373657227, 0.06126070022583008, 0.03617405891418457, 0.04840230941772461, 0.031461477279663086, 0.026996374130249023, 0.03350520133972168, 0.03136801719665527]","[0.004004716873168945, 0.0021209716796875, 0.011012792587280273, 0.00999593734741211, 0.04541182518005371, 0.2384037971496582, 0.01100301742553711, 0.31900906562805176, 0.022104740142822266]",0.002027750015258789,0.047363996505737305
216,"[0.012993574142456055, 0.019119977951049805, 0.018570423126220703, 0.0509943962097168, 0.03421187400817871, 0.054930925369262695, 0.025176525115966797, 0.03679251670837402, 0.027904272079467773, 0.0271303653717041]","[0.0019989013671875, 0.0020072460174560547, 0.001936197280883789, 0.002995729446411133, 0.0010027885437011719, 0.0018796920776367188, 0.0020072460174560547, 0.0010077953338623047, 0.002009153366088867]",0.0010006427764892578,0.018003225326538086
217,"[0.011476755142211914, 0.017993688583374023, 0.016219139099121094, 0.03650689125061035, 0.026601552963256836, 0.03395414352416992, 0.01614522933959961, 0.02258610725402832, 0.017215251922607422, 0.018394947052001953]","[0.0010066032409667969, 0.0010073184967041016, 0.00099945068359375, 0.002006053924560547, 0.0030059814453125, 0.0010058879852294922, 0.0010106563568115234, 0.0010073184967041016, 0.002156496047973633]",0.0,0.01254892349243164
218,"[0.02086925506591797, 0.02873706817626953, 0.024311065673828125, 0.042999982833862305, 0.033158302307128906, 0.04305100440979004, 0.032411813735961914, 0.03306698799133301, 0.028789520263671875, 0.03015589714050293]","[0.0049991607666015625, 0.003005504608154297, 0.0070002079010009766, 0.0029952526092529297, 0.014991521835327148, 0.006006479263305664, 0.10183334350585938, 0.007008552551269531, 0.007002592086791992]",0.001992464065551758,0.045105695724487305
219,"[0.020000457763671875, 0.026309967041015625, 0.024736404418945312, 0.08250761032104492, 0.03658461570739746, 0.05616116523742676, 0.04004788398742676, 0.04158926010131836, 0.03438210487365723, 0.03931283950805664]","[0.17612838745117188, 0.003517627716064453, 0.24462294578552246, 0.05095791816711426, 0.14078569412231445, 0.18431830406188965, 0.02199864387512207, 0.1402723789215088, 0.004008054733276367]",0.001999378204345703,0.04855084419250488
220,"[0.018227100372314453, 0.027552127838134766, 0.01785445213317871, 0.046979665756225586, 0.03388023376464844, 0.03602957725524902, 0.03417348861694336, 0.02931976318359375, 0.033513784408569336, 0.03266501426696777]","[0.014111518859863281, 0.0050106048583984375, 0.002943754196166992, 0.056575775146484375, 0.005879878997802734, 0.12604331970214844, 0.008760452270507812, 0.022973060607910156, 0.035222768783569336]",0.002021312713623047,0.06198906898498535
221,"[0.02357339859008789, 0.02808403968811035, 0.023227691650390625, 0.09101271629333496, 0.027653217315673828, 0.08522558212280273, 0.03670620918273926, 0.07272505760192871, 0.03013753890991211, 0.030804872512817383]","[0.002005338668823242, 0.0010063648223876953, 0.004082202911376953, 0.0029916763305664062, 0.006991147994995117, 0.00401759147644043, 0.0038344860076904297, 0.0029985904693603516, 0.002001523971557617]",0.0009794235229492188,0.04330849647521973
222,"[0.01499485969543457, 0.026543855667114258, 0.015749454498291016, 0.05647110939025879, 0.022173643112182617, 0.039910316467285156, 0.02970576286315918, 0.04249000549316406, 0.03134036064147949, 0.027124404907226562]","[0.010979890823364258, 0.0059967041015625, 0.02907252311706543, 0.007005929946899414, 0.0030117034912109375, 0.004015445709228516, 0.06811070442199707, 0.012660026550292969, 0.008534431457519531]",0.0018274784088134766,0.04842209815979004
223,"[0.018534183502197266, 0.023246049880981445, 0.026455163955688477, 0.04149127006530762, 0.026150226593017578, 0.04251289367675781, 0.02601456642150879, 0.02698349952697754, 0.02572345733642578, 0.03644704818725586]","[0.001007080078125, 0.0018737316131591797, 0.004044055938720703, 0.001007080078125, 0.005016326904296875, 0.0010061264038085938, 0.0020079612731933594, 0.002001523971557617, 0.0030057430267333984]",0.000993490219116211,0.035804033279418945
224,"[0.03466606140136719, 0.020307064056396484, 0.028084278106689453, 0.05236697196960449, 0.034639596939086914, 0.04961895942687988, 0.028601408004760742, 0.02300119400024414, 0.0248870849609375, 0.02609109878540039]","[0.004997968673706055, 0.0020186901092529297, 0.003467082977294922, 0.006005048751831055, 0.0060024261474609375, 0.003006458282470703, 0.0029997825622558594, 0.0029981136322021484, 0.0030052661895751953]",0.001997232437133789,0.05027461051940918
225,"[0.019100427627563477, 0.026548385620117188, 0.01829838752746582, 0.04212498664855957, 0.028548717498779297, 0.03440523147583008, 0.030712366104125977, 0.03192925453186035, 0.028991222381591797, 0.026475906372070312]","[0.011103391647338867, 0.04360508918762207, 0.007999181747436523, 0.020000696182250977, 0.00791788101196289, 0.005559682846069336, 0.005999326705932617, 0.003999233245849609, 0.004012584686279297]",0.0010340213775634766,0.052407264709472656
226,"[0.012995243072509766, 0.023375511169433594, 0.02271413803100586, 0.048360347747802734, 0.0287783145904541, 0.03671121597290039, 0.02929234504699707, 0.05733776092529297, 0.028528213500976562, 0.02155780792236328]","[0.0020058155059814453, 0.002004384994506836, 0.0031442642211914062, 0.00600433349609375, 0.004167318344116211, 0.003016948699951172, 0.0040051937103271484, 0.0010068416595458984, 0.003005504608154297]",0.0,0.03151249885559082
227,"[0.01399374008178711, 0.019550800323486328, 0.017606735229492188, 0.06819033622741699, 0.0226442813873291, 0.02900075912475586, 0.023060321807861328, 0.05555319786071777, 0.02809000015258789, 0.021761655807495117]","[0.0010063648223876953, 0.0039997100830078125, 0.0029942989349365234, 0.0010020732879638672, 0.0020246505737304688, 0.0030052661895751953, 0.003928661346435547, 0.0019986629486083984, 0.0010066032409667969]",0.00099945068359375,0.04663729667663574
228,"[0.020241737365722656, 0.028087854385375977, 0.024081945419311523, 0.06167483329772949, 0.03141903877258301, 0.022181034088134766, 0.037285804748535156, 0.05495476722717285, 0.035256385803222656, 0.030331850051879883]","[0.0020051002502441406, 0.01053166389465332, 0.0068569183349609375, 0.006006002426147461, 0.009093999862670898, 0.0073528289794921875, 0.010952949523925781, 0.03235888481140137, 0.02810525894165039]",0.0009999275207519531,0.03661751747131348
229,"[0.0146026611328125, 0.018767118453979492, 0.02565169334411621, 0.04195404052734375, 0.02747178077697754, 0.036615848541259766, 0.034993886947631836, 0.04496002197265625, 0.03174257278442383, 0.03338956832885742]","[0.002006053924560547, 0.0019986629486083984, 0.001999378204345703, 0.002008676528930664, 0.0016431808471679688, 0.004015445709228516, 0.004086494445800781, 0.0045320987701416016, 0.002021312713623047]",0.0,0.04208660125732422
230,"[0.03167438507080078, 0.03199315071105957, 0.02707195281982422, 0.0781557559967041, 0.04288506507873535, 0.06078624725341797, 0.06886672973632812, 0.10239672660827637, 0.04596519470214844, 0.042081594467163086]","[0.0162200927734375, 0.01200103759765625, 5.00367546081543, 0.15294528007507324, 5.0052196979522705, 5.004272222518921, 5.005915880203247, 5.006192207336426, 5.006180286407471]",0.004996538162231445,0.06954836845397949
231,"[0.0202639102935791, 0.028302669525146484, 0.027069807052612305, 0.045516014099121094, 0.03071451187133789, 0.0437467098236084, 0.12082028388977051, 0.04455828666687012, 0.03134751319885254, 0.030817031860351562]","[0.0020208358764648438, 0.028105735778808594, 0.029770851135253906, 0.3545656204223633, 0.2733495235443115, 0.018999576568603516, 5.0012428760528564, 0.3488636016845703, 0.9240832328796387]",0.001998424530029297,0.05726504325866699
232,"[0.03371715545654297, 0.031031370162963867, 0.02967095375061035, 0.056302547454833984, 0.0379788875579834, 0.03459572792053223, 0.11918377876281738, 0.03816986083984375, 0.035648345947265625, 0.05026388168334961]","[5.0018041133880615, 5.001441717147827, 5.003078460693359, 0.2923715114593506, 0.322399377822876, 0.8084733486175537, 0.5355291366577148, 0.23494315147399902, 5.003586530685425]",0.0033762454986572266,0.05749964714050293
233,"[0.045990705490112305, 0.02933502197265625, 0.031084775924682617, 0.052124977111816406, 0.0502622127532959, 0.06637692451477051, 0.09155535697937012, 0.04493522644042969, 0.03221940994262695, 0.04767251014709473]","[0.0030057430267333984, 0.005008220672607422, 0.01399993896484375, 0.004007816314697266, 0.006023406982421875, 0.00800466537475586, 0.009551048278808594, 0.003999233245849609, 0.010999202728271484]",0.0009984970092773438,0.04279685020446777
234,"[0.03210186958312988, 0.01999354362487793, 0.021216630935668945, 0.027004241943359375, 0.0233306884765625, 0.036769866943359375, 0.04851222038269043, 0.04157543182373047, 0.030672550201416016, 0.034702301025390625]","[0.0010063648223876953, 0.000997781753540039, 0.002002239227294922, 0.0020062923431396484, 0.002016305923461914, 0.004009723663330078, 0.0019729137420654297, 0.0010013580322265625, 0.003998279571533203]",0.0009927749633789062,0.04812359809875488
235,"[0.03924083709716797, 0.022996187210083008, 0.021013259887695312, 0.0290071964263916, 0.025652408599853516, 0.039047956466674805, 0.03636336326599121, 0.03900027275085449, 0.024958133697509766, 0.030544519424438477]","[0.02810502052307129, 0.0019974708557128906, 0.003000974655151367, 0.003374814987182617, 0.0062940120697021484, 0.006003379821777344, 0.007048845291137695, 0.001959085464477539, 0.023591279983520508]",0.0011134147644042969,0.04050612449645996
236,"[0.032787322998046875, 0.05988907814025879, 0.037433624267578125, 0.03918933868408203, 0.04485774040222168, 0.08974957466125488, 0.06601762771606445, 0.07414746284484863, 0.03868675231933594, 0.06508374214172363]","[0.017073631286621094, 0.003006458282470703, 0.011005878448486328, 0.003020048141479492, 0.011664628982543945, 0.00500178337097168, 0.0067751407623291016, 0.005999088287353516, 0.004003047943115234]",0.0010714530944824219,0.04355120658874512
237,"[0.029999732971191406, 0.07890081405639648, 0.03329062461853027, 0.048696041107177734, 0.03796958923339844, 0.05867624282836914, 0.06959676742553711, 0.05692291259765625, 0.042284488677978516, 0.05728340148925781]","[0.03385186195373535, 0.006005525588989258, 0.2407822608947754, 0.24672174453735352, 4.597837686538696, 0.16715431213378906, 0.08869433403015137, 0.021111011505126953, 0.13160037994384766]",0.0020804405212402344,0.04709625244140625
238,"[0.017994165420532227, 0.054987430572509766, 0.024509668350219727, 0.04269886016845703, 0.0283663272857666, 0.02827596664428711, 0.06013035774230957, 0.02689981460571289, 0.03406572341918945, 0.030953407287597656]","[0.14492058753967285, 0.0050165653228759766, 0.008998632431030273, 0.012000083923339844, 0.05368399620056152, 0.08250546455383301, 0.007999420166015625, 0.008511781692504883, 0.010088920593261719]",0.0010190010070800781,0.046880245208740234
239,"[0.014993906021118164, 0.03915715217590332, 0.022614002227783203, 0.04673457145690918, 0.030445337295532227, 0.03997349739074707, 0.07145094871520996, 0.031540632247924805, 0.025000572204589844, 0.03767752647399902]","[0.003013134002685547, 0.0010068416595458984, 0.0020008087158203125, 0.005107402801513672, 0.0029747486114501953, 0.0041315555572509766, 0.002006053924560547, 0.0009140968322753906, 0.004014015197753906]",0.0019960403442382812,0.04801535606384277
240,"[0.02302384376525879, 0.03717041015625, 0.029144763946533203, 0.05500364303588867, 0.031262874603271484, 0.03965878486633301, 0.10234570503234863, 0.04088139533996582, 0.03904128074645996, 0.04092288017272949]","[0.005007266998291016, 0.0030059814453125, 0.034508466720581055, 0.004008054733276367, 0.00698542594909668, 0.009019613265991211, 0.0039958953857421875, 0.0060062408447265625, 0.040090084075927734]",0.0009982585906982422,0.045047760009765625
241,"[0.02399468421936035, 0.027994632720947266, 0.03347039222717285, 0.0614931583404541, 0.03800225257873535, 0.0570068359375, 0.08782505989074707, 0.060028791427612305, 0.034685373306274414, 0.06931042671203613]","[0.007006168365478516, 0.002006053924560547, 0.023999929428100586, 0.0030112266540527344, 0.007021188735961914, 0.0039997100830078125, 0.2600560188293457, 0.005999326705932617, 0.02504706382751465]",0.0010802745819091797,0.04771113395690918
242,"[0.019992828369140625, 0.027075767517089844, 0.02878284454345703, 0.03619980812072754, 0.03568696975708008, 0.0449986457824707, 0.10103774070739746, 0.03623151779174805, 0.041138648986816406, 0.03738880157470703]","[0.20393013954162598, 0.03210926055908203, 0.00400543212890625, 0.005516767501831055, 0.12998032569885254, 0.006998538970947266, 0.003007173538208008, 0.004499673843383789, 0.024051904678344727]",0.0020067691802978516,0.052378177642822266
243,"[0.01699376106262207, 0.06963038444519043, 0.025991439819335938, 0.02948164939880371, 0.02539658546447754, 0.027046918869018555, 0.049997806549072266, 0.0275726318359375, 0.037989139556884766, 0.05130910873413086]","[0.006921052932739258, 0.004006147384643555, 0.0060482025146484375, 0.003999471664428711, 0.003998279571533203, 0.010000228881835938, 0.004106760025024414, 0.004004478454589844, 0.003998994827270508]",0.0020003318786621094,0.03954911231994629
244,"[0.021149158477783203, 0.02989363670349121, 0.022937774658203125, 0.03800225257873535, 0.029838085174560547, 0.02699446678161621, 0.042000532150268555, 0.027748584747314453, 0.020687103271484375, 0.02533435821533203]","[0.0009968280792236328, 0.0010137557983398438, 0.002775907516479492, 0.0029959678649902344, 0.010007619857788086, 0.0039997100830078125, 0.0029985904693603516, 0.002004861831665039, 0.002001523971557617]",0.00099945068359375,0.050994157791137695
245,"[0.02100062370300293, 0.024948596954345703, 0.020544052124023438, 0.039368391036987305, 0.027756929397583008, 0.0364375114440918, 0.04452061653137207, 0.027687549591064453, 0.020913362503051758, 0.03023838996887207]","[0.004084348678588867, 0.0019989013671875, 0.003022909164428711, 0.0010056495666503906, 0.002999544143676758, 0.003999948501586914, 0.009998083114624023, 0.002002239227294922, 0.0020096302032470703]",0.001018524169921875,0.0519559383392334
246,"[0.02699899673461914, 0.028800487518310547, 0.019464731216430664, 0.03974175453186035, 0.02042078971862793, 0.029001951217651367, 0.04400515556335449, 0.02625560760498047, 0.022745609283447266, 0.03522968292236328]","[0.0020093917846679688, 0.0020058155059814453, 0.005234718322753906, 0.002008199691772461, 0.009998321533203125, 0.004506349563598633, 0.0050046443939208984, 0.0020058155059814453, 0.004018545150756836]",0.0009667873382568359,0.055048465728759766
247,"[0.026752948760986328, 0.038332462310791016, 0.018995046615600586, 0.029947757720947266, 0.022144317626953125, 0.05559372901916504, 0.06999707221984863, 0.024423599243164062, 0.02748584747314453, 0.02604055404663086]","[0.028098583221435547, 0.004191875457763672, 0.0030069351196289062, 0.004004955291748047, 0.003038644790649414, 0.017048358917236328, 0.0030052661895751953, 0.00800323486328125, 0.006006956100463867]",0.0009975433349609375,0.052521467208862305
248,"[0.07600045204162598, 0.0478825569152832, 0.035886287689208984, 0.049001216888427734, 0.044508934020996094, 0.09075736999511719, 0.10951042175292969, 0.04399681091308594, 0.03586149215698242, 0.04986310005187988]","[0.015752553939819336, 0.06311750411987305, 5.003276824951172, 0.3709983825683594, 5.008928060531616, 1.8918044567108154, 0.21121931076049805, 2.683176040649414, 5.00369930267334]",0.003997325897216797,0.051494598388671875
249,"[0.0528256893157959, 0.04092812538146973, 0.03127646446228027, 0.07828497886657715, 0.03458452224731445, 0.04637742042541504, 0.04700160026550293, 0.03447532653808594, 0.03794407844543457, 0.033182621002197266]","[0.010026693344116211, 0.0029976367950439453, 0.0050961971282958984, 0.019998788833618164, 0.0040471553802490234, 0.03050708770751953, 0.005006074905395508, 0.005023002624511719, 0.004002809524536133]",0.0009984970092773438,0.04045414924621582
250,"[0.04316854476928711, 0.03646111488342285, 0.02788090705871582, 0.050713300704956055, 0.03505539894104004, 0.048071861267089844, 0.048001766204833984, 0.038932085037231445, 0.03289484977722168, 0.034423828125]","[0.004008054733276367, 0.009004831314086914, 0.01694488525390625, 0.029005765914916992, 0.0828402042388916, 0.009998321533203125, 0.020008563995361328, 0.020139217376708984, 0.0069963932037353516]",0.0009982585906982422,0.06761050224304199
251,"[0.039147377014160156, 0.030023813247680664, 0.03231096267700195, 0.049524545669555664, 0.038349151611328125, 0.037523746490478516, 0.06113481521606445, 0.035069942474365234, 0.03542327880859375, 0.04491543769836426]","[0.07332134246826172, 5.001765251159668, 0.16165924072265625, 5.00435996055603, 5.003711938858032, 3.2032856941223145, 5.002976655960083, 1.098850965499878, 5.005986452102661]",0.0029969215393066406,0.07703089714050293
252,"[0.07360529899597168, 0.04735708236694336, 0.048969268798828125, 0.048341989517211914, 0.03747987747192383, 0.0780036449432373, 0.04486346244812012, 0.03937959671020508, 0.03299832344055176, 0.04154634475708008]","[0.04360508918762207, 0.1858353614807129, 0.2658815383911133, 0.6032397747039795, 0.9384031295776367, 0.23386526107788086, 1.1239757537841797, 0.13796687126159668, 0.03416132926940918]",0.001998424530029297,0.04766106605529785
253,"[0.04573774337768555, 0.02793264389038086, 0.029027223587036133, 0.029909133911132812, 0.03139519691467285, 0.03112316131591797, 0.04116702079772949, 0.032588958740234375, 0.028254032135009766, 0.026175975799560547]","[0.0151214599609375, 0.32466626167297363, 0.021006107330322266, 0.014005661010742188, 0.05603456497192383, 0.008008241653442383, 0.008531808853149414, 0.013514518737792969, 0.005005836486816406]",0.0010001659393310547,0.060854196548461914
254,"[0.0189974308013916, 0.028888702392578125, 0.025514841079711914, 0.05360698699951172, 0.024575233459472656, 0.03156161308288574, 0.03899359703063965, 0.024367094039916992, 0.024893522262573242, 0.023851394653320312]","[0.0020079612731933594, 0.0020003318786621094, 0.0010972023010253906, 0.0030052661895751953, 0.003283977508544922, 0.0030074119567871094, 0.0019953250885009766, 0.0010008811950683594, 0.0019965171813964844]",0.0,0.04881000518798828
255,"[0.02611827850341797, 0.029994964599609375, 0.04007244110107422, 0.0368499755859375, 0.03692793846130371, 0.053035736083984375, 0.07144451141357422, 0.029387474060058594, 0.025152206420898438, 0.02202630043029785]","[0.0020132064819335938, 0.002188444137573242, 0.007002115249633789, 0.010989665985107422, 0.00900578498840332, 0.012008905410766602, 0.006007194519042969, 0.0030062198638916016, 0.009015083312988281]",0.0009403228759765625,0.04001331329345703
256,"[0.02601337432861328, 0.028031110763549805, 0.021904706954956055, 0.027997970581054688, 0.03185153007507324, 0.04000568389892578, 0.07654905319213867, 0.027374267578125, 0.022211074829101562, 0.03541684150695801]","[0.002010822296142578, 0.002501964569091797, 0.0030069351196289062, 0.003004789352416992, 0.019071578979492188, 0.02899622917175293, 0.002006053924560547, 0.0030279159545898438, 0.005004167556762695]",0.001085519790649414,0.05421590805053711
257,"[0.025992393493652344, 0.017989397048950195, 0.023200035095214844, 0.026993513107299805, 0.026108741760253906, 0.02642083168029785, 0.05359339714050293, 0.022080659866333008, 0.022998809814453125, 0.030642986297607422]","[0.00201416015625, 0.002935171127319336, 0.0030062198638916016, 0.003004789352416992, 0.0020062923431396484, 0.003929615020751953, 0.002004384994506836, 0.0020067691802978516, 0.0019974708557128906]",0.002091646194458008,0.047322988510131836
258,"[0.021204233169555664, 0.026059389114379883, 0.0248258113861084, 0.02999401092529297, 0.022169828414916992, 0.024889230728149414, 0.045740365982055664, 0.022129058837890625, 0.02155900001525879, 0.030251264572143555]","[0.009011268615722656, 0.00732111930847168, 0.004006147384643555, 0.02574753761291504, 0.0030050277709960938, 0.003998756408691406, 0.02210688591003418, 0.003004312515258789, 0.002006053924560547]",0.0010821819305419922,0.05307149887084961
259,"[0.03800225257873535, 0.04464101791381836, 0.02563333511352539, 0.03121495246887207, 0.04010343551635742, 0.03115391731262207, 0.05687999725341797, 0.028543949127197266, 0.027757883071899414, 0.030800342559814453]","[0.019073963165283203, 0.00520777702331543, 0.0029993057250976562, 0.003997802734375, 0.004000186920166016, 0.005000114440917969, 0.0049991607666015625, 0.003005504608154297, 0.003006458282470703]",0.0009465217590332031,0.060006141662597656
260,"[0.03705644607543945, 0.03604865074157715, 0.03767871856689453, 0.029001235961914062, 0.027451515197753906, 0.03155064582824707, 0.05896711349487305, 0.028081893920898438, 0.029360532760620117, 0.026803016662597656]","[0.0009982585906982422, 0.001039743423461914, 0.002084970474243164, 0.0009975433349609375, 0.0029633045196533203, 0.0029761791229248047, 0.0022780895233154297, 0.002008199691772461, 0.0020008087158203125]",0.0005059242248535156,0.05273890495300293
261,"[0.0289762020111084, 0.019001483917236328, 0.03400731086730957, 0.030001401901245117, 0.017971277236938477, 0.028995037078857422, 0.07178306579589844, 0.020672321319580078, 0.01836872100830078, 0.02123403549194336]","[0.0010099411010742188, 0.0019562244415283203, 0.0009930133819580078, 0.0020008087158203125, 0.0009980201721191406, 0.0019466876983642578, 0.0020058155059814453, 0.002006053924560547, 0.002006053924560547]",0.0010981559753417969,0.014365911483764648
262,"[0.059213876724243164, 0.034133195877075195, 0.03718876838684082, 0.045094966888427734, 0.03095865249633789, 0.04731178283691406, 0.08399486541748047, 0.033350229263305664, 0.037354230880737305, 0.03014993667602539]","[0.0030095577239990234, 0.0030019283294677734, 0.003082752227783203, 0.003007650375366211, 0.013069868087768555, 0.004239797592163086, 0.004998683929443359, 0.004010677337646484, 0.0040056705474853516]",0.0010569095611572266,0.045609474182128906
263,"[0.03551936149597168, 0.03387165069580078, 0.04545187950134277, 0.0744175910949707, 0.030869245529174805, 0.05751156806945801, 0.07456541061401367, 0.03703784942626953, 0.036756038665771484, 0.026555299758911133]","[0.002012491226196289, 0.002067089080810547, 0.0018725395202636719, 0.0020058155059814453, 0.0019981861114501953, 0.009766101837158203, 0.0030052661895751953, 0.002997159957885742, 0.0030050277709960938]",0.0,0.040213823318481445
264,"[0.0352168083190918, 0.035944461822509766, 0.03904461860656738, 0.06706452369689941, 0.034503936767578125, 0.061000823974609375, 0.09856653213500977, 0.042200326919555664, 0.036267995834350586, 0.04025459289550781]","[0.0050067901611328125, 0.04459190368652344, 0.004721164703369141, 0.0030057430267333984, 0.04652667045593262, 0.10013604164123535, 0.004005908966064453, 0.008005380630493164, 0.008007049560546875]",0.0009999275207519531,0.05023455619812012
265,"[0.04909992218017578, 0.031749725341796875, 0.03909659385681152, 0.07516312599182129, 0.03989124298095703, 0.05137300491333008, 0.08586359024047852, 0.03908824920654297, 0.046926259994506836, 0.04333829879760742]","[0.004992485046386719, 0.00499725341796875, 0.004492998123168945, 0.020639896392822266, 0.008005380630493164, 0.007992744445800781, 0.006005287170410156, 0.005020618438720703, 0.008543252944946289]",0.0020072460174560547,0.04510021209716797
266,"[0.051995038986206055, 0.030921459197998047, 0.04950547218322754, 0.08601522445678711, 0.03359079360961914, 0.06709790229797363, 0.06551718711853027, 0.03683733940124512, 0.04005789756774902, 0.03736281394958496]","[0.058844566345214844, 1.5957493782043457, 5.00230860710144, 0.5726842880249023, 5.008587598800659, 5.008042335510254, 5.005219459533691, 5.00656270980835, 5.007862329483032]",0.00500035285949707,0.07655549049377441
267,"[0.07158637046813965, 0.03489327430725098, 0.03132271766662598, 0.031080007553100586, 0.028281211853027344, 0.03528904914855957, 0.03699469566345215, 0.02915191650390625, 0.029143333435058594, 0.03413105010986328]","[0.002009153366088867, 0.0032033920288085938, 0.004998683929443359, 0.0019981861114501953, 0.0020165443420410156, 0.001996278762817383, 0.004005908966064453, 0.0052525997161865234, 0.0021996498107910156]",0.0010085105895996094,0.04006385803222656
268,"[0.051891326904296875, 0.04469156265258789, 0.04293942451477051, 0.025890588760375977, 0.02095818519592285, 0.03255772590637207, 0.03954362869262695, 0.0233151912689209, 0.02598428726196289, 0.023894071578979492]","[0.028792142868041992, 0.2061629295349121, 0.013996124267578125, 0.06650519371032715, 0.03317999839782715, 0.028075695037841797, 0.03200554847717285, 0.017560243606567383, 0.0066721439361572266]",0.0020034313201904297,0.04804039001464844
269,"[0.02793431282043457, 0.03212118148803711, 0.024431943893432617, 0.0268247127532959, 0.029432058334350586, 0.04004955291748047, 0.03458237648010254, 0.028885602951049805, 0.03536224365234375, 0.03643321990966797]","[0.004896402359008789, 0.0020012855529785156, 0.006036281585693359, 0.002004861831665039, 0.002006053924560547, 0.0019807815551757812, 0.002005338668823242, 0.002086162567138672, 0.0027616024017333984]",0.0,0.05028223991394043
270,"[0.044240713119506836, 0.0353546142578125, 0.02399897575378418, 0.03388619422912598, 0.03139305114746094, 0.06085038185119629, 0.05892348289489746, 0.03362321853637695, 0.0379483699798584, 0.03797340393066406]","[0.013004779815673828, 0.009998321533203125, 0.003005504608154297, 0.003003358840942383, 0.00899648666381836, 0.008022069931030273, 0.01200556755065918, 0.0039904117584228516, 0.0060138702392578125]",0.0009980201721191406,0.046369314193725586
271,"[0.0229947566986084, 0.03846001625061035, 0.02100372314453125, 0.02642512321472168, 0.02982616424560547, 0.03555774688720703, 0.04288125038146973, 0.03194117546081543, 0.03008103370666504, 0.028133153915405273]","[0.005077362060546875, 0.002004861831665039, 0.0030193328857421875, 0.0039975643157958984, 0.004010677337646484, 0.0029904842376708984, 0.0030052661895751953, 0.0030994415283203125, 0.0039865970611572266]",0.000997304916381836,0.03856849670410156
272,"[0.022075653076171875, 0.04556131362915039, 0.030994415283203125, 0.03152179718017578, 0.034913063049316406, 0.048085927963256836, 0.055112600326538086, 0.034604787826538086, 0.041010141372680664, 0.027152538299560547]","[0.07708621025085449, 0.30665111541748047, 0.07208681106567383, 0.019089698791503906, 0.039054155349731445, 0.6719286441802979, 0.8222472667694092, 1.523913860321045, 0.1986551284790039]",0.001998424530029297,0.05918240547180176
273,"[0.0250089168548584, 0.027920246124267578, 0.0294339656829834, 0.0329587459564209, 0.03226137161254883, 0.04746270179748535, 0.05475974082946777, 0.031966209411621094, 0.035460472106933594, 0.02709197998046875]","[0.011006832122802734, 0.005007505416870117, 0.002015352249145508, 0.025942325592041016, 0.01599884033203125, 0.007009029388427734, 0.00556635856628418, 0.00400543212890625, 0.004998683929443359]",0.0021848678588867188,0.04335284233093262
274,"[0.027335405349731445, 0.03027820587158203, 0.03600192070007324, 0.02802252769470215, 0.027704477310180664, 0.041108131408691406, 0.03551745414733887, 0.02954697608947754, 0.026065587997436523, 0.026123762130737305]","[0.0028831958770751953, 0.0029993057250976562, 0.003008127212524414, 0.0024423599243164062, 0.0030069351196289062, 0.00599360466003418, 0.004996299743652344, 0.0029993057250976562, 0.0020067691802978516]",0.0010001659393310547,0.04310154914855957
275,"[0.025063276290893555, 0.02899646759033203, 0.03500175476074219, 0.03542637825012207, 0.02623295783996582, 0.03441810607910156, 0.07494282722473145, 0.047571420669555664, 0.03441023826599121, 0.022566795349121094]","[0.006013393402099609, 0.004997730255126953, 0.016637563705444336, 0.019693613052368164, 0.0020055770874023438, 0.020205020904541016, 0.006150484085083008, 0.003999948501586914, 0.01002049446105957]",0.0010116100311279297,0.04963111877441406
276,"[0.03940939903259277, 0.0379328727722168, 0.03451347351074219, 0.04078054428100586, 0.04303860664367676, 0.04365682601928711, 0.07888627052307129, 0.04460263252258301, 0.0337376594543457, 0.03851318359375]","[0.3763549327850342, 0.02299785614013672, 0.010016918182373047, 0.04505610466003418, 1.0436711311340332, 0.305391788482666, 0.08851122856140137, 0.14395833015441895, 0.010006427764892578]",0.002991914749145508,0.0622401237487793
277,"[0.03499460220336914, 0.05110812187194824, 0.03400421142578125, 0.039505720138549805, 0.04206347465515137, 0.054673194885253906, 0.055913686752319336, 0.052878618240356445, 0.03328084945678711, 0.042549848556518555]","[2.9981279373168945, 2.5377583503723145, 0.007993936538696289, 0.499342679977417, 0.09260702133178711, 0.9512953758239746, 0.8917832374572754, 0.6301770210266113, 0.0070035457611083984]",0.0020072460174560547,0.04479360580444336
278,"[0.03698897361755371, 0.03741335868835449, 0.04428219795227051, 0.03965115547180176, 0.03415822982788086, 0.04096031188964844, 0.0578458309173584, 0.045454978942871094, 0.039155006408691406, 0.04228854179382324]","[0.007006406784057617, 0.26825976371765137, 0.004005908966064453, 0.03653311729431152, 0.006994962692260742, 0.047095537185668945, 0.005006313323974609, 0.013006210327148438, 0.007006406784057617]",0.002000570297241211,0.06859779357910156
279,"[0.020141124725341797, 0.02961897850036621, 0.028110742568969727, 0.028621912002563477, 0.03191041946411133, 0.035748958587646484, 0.0515437126159668, 0.03616809844970703, 0.026019811630249023, 0.030755281448364258]","[0.0029172897338867188, 0.0020020008087158203, 0.0020754337310791016, 0.0029990673065185547, 0.00299835205078125, 0.010941505432128906, 0.0030155181884765625, 0.0021085739135742188, 0.002007007598876953]",0.0008938312530517578,0.04893946647644043
280,"[0.0341029167175293, 0.03416895866394043, 0.032074928283691406, 0.03275775909423828, 0.032991886138916016, 0.03848719596862793, 0.07831549644470215, 0.037247657775878906, 0.03860354423522949, 0.032991886138916016]","[0.003999233245849609, 0.026088237762451172, 0.009004354476928711, 0.005005598068237305, 0.011006355285644531, 0.008005619049072266, 0.004006624221801758, 0.06200981140136719, 0.002995014190673828]",0.0022363662719726562,0.12189078330993652
281,"[0.01999187469482422, 0.02257251739501953, 0.026435375213623047, 0.03895974159240723, 0.031104326248168945, 0.04092764854431152, 0.039975881576538086, 0.030735015869140625, 0.03932929039001465, 0.033559560775756836]","[0.0029904842376708984, 0.00200653076171875, 0.005999326705932617, 0.0030062198638916016, 0.005006551742553711, 0.0020079612731933594, 0.0030159950256347656, 0.0029997825622558594, 0.005012989044189453]",0.0009891986846923828,0.040021657943725586
282,"[0.025644302368164062, 0.03483152389526367, 0.03352928161621094, 0.03989911079406738, 0.031289100646972656, 0.041956424713134766, 0.04328012466430664, 0.036489009857177734, 0.03538990020751953, 0.05005812644958496]","[0.16468381881713867, 0.0030050277709960938, 1.2014434337615967, 0.4036695957183838, 0.37500834465026855, 0.07850074768066406, 0.028005599975585938, 0.0720219612121582, 0.42259883880615234]",0.002086162567138672,0.0627145767211914
283,"[0.01798558235168457, 0.0240020751953125, 0.017000436782836914, 0.02629685401916504, 0.02185535430908203, 0.026137828826904297, 0.02791762351989746, 0.035524845123291016, 0.033788442611694336, 0.03455924987792969]","[0.0, 0.0030858516693115234, 0.0030059814453125, 0.0010068416595458984, 0.0010068416595458984, 0.001005411148071289, 0.0010066032409667969, 0.0030002593994140625, 0.0010814666748046875]",0.0,0.039927005767822266
284,"[0.022267818450927734, 0.021739721298217773, 0.02567601203918457, 0.023736953735351562, 0.02894759178161621, 0.029063940048217773, 0.029015302658081055, 0.034929752349853516, 0.04483366012573242, 0.02294301986694336]","[0.0030548572540283203, 0.02453017234802246, 0.0019981861114501953, 0.010720014572143555, 0.0030584335327148438, 0.0045318603515625, 0.003016233444213867, 0.03505754470825195, 0.008006811141967773]",0.001997709274291992,0.04712653160095215
285,"[0.026010751724243164, 0.018292665481567383, 0.02092266082763672, 0.01731705665588379, 0.029938459396362305, 0.025339365005493164, 0.043633460998535156, 0.03075718879699707, 0.030357837677001953, 0.02638983726501465]","[0.0019502639770507812, 0.0020034313201904297, 0.0010061264038085938, 0.0020058155059814453, 0.0029973983764648438, 0.0030066967010498047, 0.0020055770874023438, 0.0029981136322021484, 0.0010066032409667969]",0.0009958744049072266,0.04741048812866211
286,"[0.032309532165527344, 0.028991222381591797, 0.019997835159301758, 0.025154829025268555, 0.03369903564453125, 0.04501485824584961, 0.03687262535095215, 0.03745245933532715, 0.03357338905334473, 0.031255245208740234]","[5.001287221908569, 5.002050876617432, 4.291179895401001, 0.32832765579223633, 1.0062291622161865, 0.04350709915161133, 0.1313648223876953, 0.18930745124816895, 1.3247003555297852]",0.0019998550415039062,0.06650638580322266
287,"[0.03844714164733887, 0.04058957099914551, 0.05939054489135742, 0.04934382438659668, 0.04694342613220215, 0.08455848693847656, 0.0436551570892334, 0.038237571716308594, 0.038660526275634766, 0.045313119888305664]","[0.03853011131286621, 0.059191226959228516, 0.6010410785675049, 0.6761486530303955, 1.0971717834472656, 5.003483295440674, 5.005094051361084, 5.0031983852386475, 0.19944286346435547]",0.0025587081909179688,0.051274776458740234
288,"[0.015009164810180664, 0.024001359939575195, 0.023047924041748047, 0.03077840805053711, 0.024643659591674805, 0.023616552352905273, 0.049095869064331055, 0.03491473197937012, 0.03180670738220215, 0.044057369232177734]","[0.0030050277709960938, 0.001007080078125, 0.0010001659393310547, 0.001009225845336914, 0.0010101795196533203, 0.0050814151763916016, 0.0010073184967041016, 0.0022237300872802734, 0.002001523971557617]",0.0009856224060058594,0.03819417953491211
289,"[0.033727169036865234, 0.04952359199523926, 0.025994062423706055, 0.03070545196533203, 0.049521684646606445, 0.0395352840423584, 0.08657145500183105, 0.036202430725097656, 0.02803182601928711, 0.046178579330444336]","[0.158003568649292, 5.0024027824401855, 4.333531141281128, 4.137267351150513, 0.26206493377685547, 5.003788471221924, 0.6939980983734131, 0.06107664108276367, 0.5049228668212891]",0.0020036697387695312,0.05781149864196777
290,"[0.03986859321594238, 0.04550528526306152, 0.03392839431762695, 0.035996198654174805, 0.03531002998352051, 0.038132667541503906, 0.07202959060668945, 0.04382061958312988, 0.03700518608093262, 0.04711151123046875]","[0.003306150436401367, 0.0020072460174560547, 0.0020194053649902344, 0.002999544143676758, 0.0020089149475097656, 0.006998777389526367, 0.0030002593994140625, 0.007999181747436523, 0.005007505416870117]",0.00099945068359375,0.039769649505615234
291,"[0.025989294052124023, 0.0824282169342041, 0.03150153160095215, 0.025371789932250977, 0.027535438537597656, 0.04421210289001465, 0.062246084213256836, 0.028665781021118164, 0.04050803184509277, 0.040096282958984375]","[0.034000396728515625, 0.02608346939086914, 0.06900572776794434, 0.04099917411804199, 0.028064966201782227, 0.043085336685180664, 0.013998985290527344, 0.021998882293701172, 0.014012336730957031]",0.0020003318786621094,0.04406619071960449
292,"[0.01818680763244629, 0.06191229820251465, 0.025931835174560547, 0.027531862258911133, 0.03343486785888672, 0.047750234603881836, 0.06640505790710449, 0.03469729423522949, 0.03751349449157715, 0.035834550857543945]","[0.0024099349975585938, 0.002006053924560547, 0.001016855239868164, 0.001512765884399414, 0.003012418746948242, 0.0030677318572998047, 0.0030050277709960938, 0.003999233245849609, 0.002000093460083008]",0.0009963512420654297,0.041445255279541016
293,"[0.022794723510742188, 0.03924369812011719, 0.022998571395874023, 0.026376724243164062, 0.02457714080810547, 0.04099225997924805, 0.05250859260559082, 0.029329776763916016, 0.03700089454650879, 0.03204154968261719]","[0.1269080638885498, 0.024053573608398438, 0.3811790943145752, 0.008997678756713867, 0.04054117202758789, 0.013000249862670898, 0.003006458282470703, 0.002998828887939453, 0.1685950756072998]",0.0010919570922851562,0.048715829849243164
294,"[0.017108440399169922, 0.03941202163696289, 0.028955698013305664, 0.024367809295654297, 0.03176736831665039, 0.03117227554321289, 0.042962074279785156, 0.020050525665283203, 0.032002925872802734, 0.03030681610107422]","[0.0010023117065429688, 0.001523733139038086, 0.0030012130737304688, 0.0010046958923339844, 0.0030078887939453125, 0.0029997825622558594, 0.0010077953338623047, 0.005014181137084961, 0.0010001659393310547]",0.0,0.045300960540771484
295,"[0.01920771598815918, 0.038056135177612305, 0.020993947982788086, 0.023694515228271484, 0.01636815071105957, 0.034422874450683594, 0.030081987380981445, 0.021376609802246094, 0.0356450080871582, 0.019547700881958008]","[0.0010004043579101562, 0.001008749008178711, 0.0020020008087158203, 0.0020062923431396484, 0.0010066032409667969, 0.0020072460174560547, 0.003009319305419922, 0.00296783447265625, 0.0010066032409667969]",0.0009734630584716797,0.03691554069519043
296,"[0.021530628204345703, 0.0410008430480957, 0.02399301528930664, 0.021954774856567383, 0.02593994140625, 0.031450748443603516, 0.033051490783691406, 0.030083179473876953, 0.05000615119934082, 0.020612716674804688]","[0.0037212371826171875, 0.002999544143676758, 0.0020012855529785156, 0.002995014190673828, 0.0019919872283935547, 0.002004384994506836, 0.004007816314697266, 0.0031099319458007812, 0.0031328201293945312]",0.0010001659393310547,0.04099607467651367
297,"[0.020992755889892578, 0.03199577331542969, 0.019958972930908203, 0.024174928665161133, 0.021086692810058594, 0.0258333683013916, 0.03704333305358887, 0.02466559410095215, 0.031078338623046875, 0.021512746810913086]","[0.0020074844360351562, 0.0029990673065185547, 0.006006956100463867, 0.0020055770874023438, 0.00200653076171875, 0.004001617431640625, 0.0015358924865722656, 0.0010552406311035156, 0.002117156982421875]",0.0010023117065429688,0.03230166435241699
298,"[0.032750844955444336, 0.038513898849487305, 0.030501127243041992, 0.041916847229003906, 0.030496835708618164, 0.043004751205444336, 0.06439828872680664, 0.031757354736328125, 0.04807257652282715, 0.038771867752075195]","[0.005998849868774414, 0.15686893463134766, 0.1885356903076172, 0.009017705917358398, 0.38025617599487305, 0.0916588306427002, 0.007006168365478516, 0.017924785614013672, 0.96578049659729]",0.0021398067474365234,0.04679512977600098
299,"[0.034603118896484375, 0.03304624557495117, 0.04743218421936035, 0.04128861427307129, 0.036650896072387695, 0.07382917404174805, 0.046506643295288086, 0.03627276420593262, 0.07561016082763672, 0.031147480010986328]","[0.00800323486328125, 0.0020067691802978516, 0.003013134002685547, 0.0030045509338378906, 0.004946231842041016, 0.005110979080200195, 0.002995729446411133, 0.002022266387939453, 0.004015207290649414]",0.0009996891021728516,0.034258365631103516
300,"[0.03209543228149414, 0.03583121299743652, 0.037949562072753906, 0.04682517051696777, 0.04779195785522461, 0.09076833724975586, 0.07744169235229492, 0.04703187942504883, 0.046597957611083984, 0.043555498123168945]","[0.0030050277709960938, 1.29713773727417, 0.04699444770812988, 0.005018472671508789, 0.08447456359863281, 0.015101432800292969, 0.00700688362121582, 0.12156915664672852, 0.02500605583190918]",0.001016855239868164,0.05952715873718262
301,"[0.025996685028076172, 0.021421194076538086, 0.030640125274658203, 0.04505109786987305, 0.03127908706665039, 0.03618454933166504, 0.04588031768798828, 0.027219057083129883, 0.049577951431274414, 0.03210806846618652]","[0.0011997222900390625, 0.0010044574737548828, 0.0009288787841796875, 0.0020051002502441406, 0.003113985061645508, 0.0030014514923095703, 0.002007007598876953, 0.0019435882568359375, 0.0020074844360351562]",0.0,0.017611980438232422
302,"[0.03206443786621094, 0.02374100685119629, 0.022867679595947266, 0.031010866165161133, 0.028476476669311523, 0.06103157997131348, 0.05527687072753906, 0.029170989990234375, 0.031017541885375977, 0.02931690216064453]","[0.0030059814453125, 0.002015829086303711, 0.0040073394775390625, 0.002994060516357422, 0.003005504608154297, 0.0039980411529541016, 0.003004312515258789, 0.0029892921447753906, 0.0030007362365722656]",0.0010461807250976562,0.05804896354675293
303,"[0.02000141143798828, 0.02700185775756836, 0.01967334747314453, 0.028191804885864258, 0.02640080451965332, 0.03353571891784668, 0.0466158390045166, 0.02573847770690918, 0.017475128173828125, 0.027672290802001953]","[0.003062725067138672, 0.0010116100311279297, 0.0010025501251220703, 0.002017498016357422, 0.001998424530029297, 0.002015352249145508, 0.0020058155059814453, 0.0009989738464355469, 0.00200653076171875]",0.0009763240814208984,0.014492273330688477
304,"[0.01896381378173828, 0.03277277946472168, 0.019587278366088867, 0.03403067588806152, 0.023842573165893555, 0.04299807548522949, 0.06246519088745117, 0.022845983505249023, 0.020529747009277344, 0.019358396530151367]","[0.004005908966064453, 0.007104635238647461, 0.003998994827270508, 0.013001203536987305, 0.005005598068237305, 0.004517793655395508, 0.007004976272583008, 0.0030059814453125, 0.0030062198638916016]",0.0010004043579101562,0.04200124740600586
305,"[0.019682884216308594, 0.021984338760375977, 0.02983236312866211, 0.04147672653198242, 0.03114938735961914, 0.05702853202819824, 0.06061983108520508, 0.02878713607788086, 0.0273129940032959, 0.02311396598815918]","[0.009998083114624023, 0.03308677673339844, 0.005018472671508789, 0.15334272384643555, 5.002031087875366, 0.053572893142700195, 0.00400543212890625, 0.0040051937103271484, 0.030101537704467773]",0.0019998550415039062,0.04500317573547363
306,"[0.031007051467895508, 0.031071186065673828, 0.030858755111694336, 0.05224728584289551, 0.04435014724731445, 0.04466581344604492, 0.08176803588867188, 0.03846454620361328, 0.03397703170776367, 0.037131547927856445]","[0.0030024051666259766, 0.04010748863220215, 0.004002094268798828, 0.002080678939819336, 0.005445718765258789, 0.019769668579101562, 0.006999969482421875, 0.0020170211791992188, 0.005010843276977539]",0.0010046958923339844,0.05248546600341797
307,"[0.03599143028259277, 0.027518033981323242, 0.05770111083984375, 0.07891011238098145, 0.03563976287841797, 0.05050826072692871, 0.09390711784362793, 0.041063785552978516, 0.0328371524810791, 0.03660154342651367]","[0.006006002426147461, 0.04799914360046387, 0.025000333786010742, 0.030997514724731445, 0.009001970291137695, 0.012083292007446289, 0.035100460052490234, 0.006005764007568359, 0.003995418548583984]",0.001997232437133789,0.07040858268737793
308,"[0.027475833892822266, 0.0314936637878418, 0.03587961196899414, 0.0640723705291748, 0.042414188385009766, 0.045380592346191406, 0.07497835159301758, 0.03041243553161621, 0.04156780242919922, 0.03810405731201172]","[0.018229961395263672, 0.010007381439208984, 0.0070950984954833984, 0.0030062198638916016, 0.02200627326965332, 0.006005525588989258, 0.0029997825622558594, 0.0030057430267333984, 0.0029931068420410156]",0.001706838607788086,0.06798005104064941
309,"[0.051614999771118164, 0.03324556350708008, 0.025880813598632812, 0.05606341361999512, 0.03369140625, 0.04643678665161133, 0.05022549629211426, 0.029285669326782227, 0.030620813369750977, 0.030059814453125]","[0.0010104179382324219, 0.002004384994506836, 0.008990287780761719, 0.0020220279693603516, 0.0020058155059814453, 0.003972291946411133, 0.0009999275207519531, 0.0020055770874023438, 0.003007650375366211]",0.0,0.08095312118530273
310,"[0.034668922424316406, 0.028008460998535156, 0.02807307243347168, 0.04400515556335449, 0.026183128356933594, 0.04068470001220703, 0.0613093376159668, 0.04347991943359375, 0.033644676208496094, 0.028931856155395508]","[0.0958859920501709, 0.21820640563964844, 0.13472485542297363, 0.04662322998046875, 0.03005218505859375, 0.009998321533203125, 0.7320249080657959, 0.02923417091369629, 0.01969146728515625]",0.0011975765228271484,0.04957866668701172
311,"[0.05204057693481445, 0.06787729263305664, 0.04923200607299805, 0.04600644111633301, 0.03838300704956055, 0.04123234748840332, 0.07307648658752441, 0.039368629455566406, 0.04085421562194824, 0.04103851318359375]","[0.025112628936767578, 0.019658565521240234, 0.006991386413574219, 0.07155227661132812, 0.0030002593994140625, 0.0231320858001709, 0.003005504608154297, 0.02708292007446289, 0.04221606254577637]",0.0029888153076171875,0.06901693344116211
312,"[0.029541492462158203, 0.036527156829833984, 0.025881290435791016, 0.03857564926147461, 0.02653646469116211, 0.03722643852233887, 0.06379151344299316, 0.028989315032958984, 0.0243375301361084, 0.029884815216064453]","[0.0010097026824951172, 0.002011537551879883, 0.003006458282470703, 0.0020074844360351562, 0.0019991397857666016, 0.002011537551879883, 0.0020062923431396484, 0.0020062923431396484, 0.003007650375366211]",0.0010118484497070312,0.014020442962646484
313,"[0.020728111267089844, 0.027928829193115234, 0.04503369331359863, 0.030987262725830078, 0.02151799201965332, 0.04103374481201172, 0.03358793258666992, 0.025834083557128906, 0.02180933952331543, 0.026772260665893555]","[0.011008739471435547, 0.016811370849609375, 0.006006717681884766, 0.004008293151855469, 0.0030870437622070312, 0.1257495880126953, 0.00401616096496582, 0.004004716873168945, 0.010140657424926758]",0.002007007598876953,0.06264734268188477
314,"[0.017994403839111328, 0.05417156219482422, 0.03100895881652832, 0.035318613052368164, 0.022475242614746094, 0.05045199394226074, 0.046959638595581055, 0.024073362350463867, 0.025201082229614258, 0.029146432876586914]","[0.0010101795196533203, 0.0019943714141845703, 0.003006458282470703, 0.0019991397857666016, 0.0020172595977783203, 0.0028924942016601562, 0.003005504608154297, 0.002006053924560547, 0.0030052661895751953]",0.001058816909790039,0.06336379051208496
315,"[0.019992589950561523, 0.030968189239501953, 0.03984785079956055, 0.034993886947631836, 0.022578954696655273, 0.041129112243652344, 0.0447542667388916, 0.02630448341369629, 0.02168750762939453, 0.02520132064819336]","[0.010237932205200195, 0.0020036697387695312, 0.0030062198638916016, 0.01852250099182129, 0.003999948501586914, 0.0061876773834228516, 0.0020096302032470703, 0.0029985904693603516, 0.0020055770874023438]",0.0019986629486083984,0.05316519737243652
316,"[0.021798372268676758, 0.03466963768005371, 0.024654865264892578, 0.025994300842285156, 0.029102563858032227, 0.04152369499206543, 0.03140568733215332, 0.02576732635498047, 0.03168988227844238, 0.022560596466064453]","[0.0030341148376464844, 0.0030052661895751953, 0.004003763198852539, 0.002004861831665039, 0.0070040225982666016, 0.0020062923431396484, 0.002006053924560547, 0.002019166946411133, 0.004003763198852539]",0.0009975433349609375,0.04932451248168945
317,"[0.02150750160217285, 0.027568340301513672, 0.024853229522705078, 0.03148245811462402, 0.02318120002746582, 0.040525197982788086, 0.04461550712585449, 0.02268528938293457, 0.03275871276855469, 0.027038097381591797]","[0.010137319564819336, 0.002156496047973633, 0.005999326705932617, 0.0040056705474853516, 0.00900888442993164, 0.00660252571105957, 0.005995988845825195, 0.0065250396728515625, 0.006005287170410156]",0.0010080337524414062,0.043245553970336914
318,"[0.013994216918945312, 0.036926984786987305, 0.027428388595581055, 0.036072492599487305, 0.024996042251586914, 0.03296041488647461, 0.037572622299194336, 0.02761530876159668, 0.03083515167236328, 0.022775888442993164]","[0.012461423873901367, 0.004708528518676758, 0.0030059814453125, 0.0020096302032470703, 0.003002166748046875, 0.0111236572265625, 0.006101131439208984, 0.0729830265045166, 0.001998424530029297]",0.0010089874267578125,0.043141841888427734
319,"[0.011994600296020508, 0.06979608535766602, 0.02918529510498047, 0.02100205421447754, 0.02005314826965332, 0.025999784469604492, 0.03383135795593262, 0.02178668975830078, 0.02212238311767578, 0.019378185272216797]","[0.0010001659393310547, 0.0017001628875732422, 0.0020074844360351562, 0.003007173538208008, 0.0009999275207519531, 0.003022432327270508, 0.001007080078125, 0.0010066032409667969, 0.0010058879852294922]",0.00099945068359375,0.010999679565429688
320,"[0.012994527816772461, 0.05461764335632324, 0.021762609481811523, 0.02400040626525879, 0.021002531051635742, 0.01716327667236328, 0.02746891975402832, 0.017232894897460938, 0.015290975570678711, 0.015462875366210938]","[0.0016622543334960938, 0.0020208358764648438, 0.0019986629486083984, 0.002005338668823242, 0.0010097026824951172, 0.0029871463775634766, 0.0010061264038085938, 0.001003265380859375, 0.0010309219360351562]",0.0,0.010993719100952148
321,"[0.01913928985595703, 0.024869203567504883, 0.03394675254821777, 0.02199387550354004, 0.0206449031829834, 0.02050304412841797, 0.03789520263671875, 0.01729750633239746, 0.01753377914428711, 0.01837778091430664]","[0.0020017623901367188, 0.0020058155059814453, 0.0040073394775390625, 0.0020055770874023438, 0.003008604049682617, 0.002999544143676758, 0.0010106563568115234, 0.0010001659393310547, 0.0030057430267333984]",0.0,0.02552199363708496
322,"[0.021506786346435547, 0.0279998779296875, 0.028252601623535156, 0.02886199951171875, 0.025516748428344727, 0.05425286293029785, 0.049067020416259766, 0.028528928756713867, 0.029180288314819336, 0.031797170639038086]","[0.0030045509338378906, 0.0020072460174560547, 0.005497455596923828, 0.003996849060058594, 0.005006074905395508, 0.003008127212524414, 0.0039980411529541016, 0.0019948482513427734, 0.0040056705474853516]",0.0010018348693847656,0.041284799575805664
323,"[0.013989448547363281, 0.016000032424926758, 0.013996601104736328, 0.02051568031311035, 0.02398085594177246, 0.03997993469238281, 0.03795647621154785, 0.021497011184692383, 0.025299787521362305, 0.02110123634338379]","[0.001009225845336914, 0.0010099411010742188, 0.0019965171813964844, 0.0010061264038085938, 0.0020062923431396484, 0.0020084381103515625, 0.0020072460174560547, 0.0010066032409667969, 0.0020051002502441406]",0.0,0.03307676315307617
324,"[0.1030282974243164, 0.0808258056640625, 0.07154154777526855, 0.1028439998626709, 0.08811068534851074, 0.10411286354064941, 0.12015104293823242, 0.09174060821533203, 0.09347295761108398, 0.09676027297973633]","[5.0049378871917725, 5.004868030548096, 5.006361484527588, 5.008924245834351, 5.006524324417114, 5.01041841506958, 5.007148265838623, 5.005376100540161, 0.1436920166015625]",0.0040836334228515625,0.08055400848388672
325,"[0.0351567268371582, 0.04780220985412598, 0.04402279853820801, 0.06251168251037598, 0.11951804161071777, 0.047419071197509766, 0.054511308670043945, 0.058110952377319336, 0.05119180679321289, 0.043493032455444336]","[0.06006932258605957, 0.5300049781799316, 0.15250515937805176, 5.00587010383606, 5.005177021026611, 5.0054004192352295, 5.008145332336426, 5.00544285774231, 0.6093654632568359]",0.003995180130004883,0.08954715728759766
