,0
0,"The description describes the following activities and decisions:
Activities:
0. Interview Patients
1. File results and expertise
2. Create Report
3. Ask for external expertise
4. Check if expert responds in time
5. Forward report to referee
6. Fill out check to pay for expenses

Decisions:
0. Is answer ""Yes"" or ""No""
1. Does expert respond in time?

The process specifies that activity 0 and 1 happen at the same time. Then, based on decision 0, if ""No"", then activity 3 happens and decision 1 is evaluated. If ""Yes"", decision 1 is evaluated directly. Based on decision 1, if ""No"", then activity 3 happens. If ""Yes"", then activity 2, 5, and 6 happen. Thus, the final activity diagram should look like the following:
```mermaid
graph LR
0[""StartNode""] --> 1[""Interview Patients""]
0 --> 2[""File results and expertise""]
1 --> 3[""Create Report""]
2 --> 3
3 --> 4{""Is answer 'Yes' or 'No'""}
4 --> |""No""|5[""Ask for external expertise""]
4 --> |""Yes""|6{""Does expert respond in time?""}
5 --> 6
6 --> |""Yes""|7[""Forward report to referee""]
6 --> |""No""|5
7 --> 8[""Fill out check to pay for expenses""]
7 --> 9[""EndNode""]
```"
1,"The description contains the following activities and decisions:
Activities:
0. Register participation
1. Check if fees are not required
2. Register post-seminar results
3. Create purchase request
4. Check if purchase has been approved
5. Notify rejection
6. Send approval notification
Decisions:
0. Fees required?
1. Purchase approved?

The process specifies that activity 0 happens first, followed by decision 0. If decision 0 is no, then activity 2 happens and the process ends. If decision 0 is yes, then activity 3 happens, followed by decision 1. If decision 1 is no, then activity 5 happens and the process ends. If decision 1 is yes, then activity 6 happens, followed by activity 2, and the process ends. Thus, the final activity diagram should look like the following:
```mermaid
graph LR
0[""StartNode""] --> 1[""Register participation""]
1 --> 2{""Fees required?""}
2 --> |""No""|3[""Register post-seminar results""]
2 --> |""Yes""|4[""Create purchase request""]
4 --> 5{""Purchase approved?""}
5 --> |""No""|6[""Notify rejection""]
5 --> |""Yes""|7[""Send approval notification""]
6 --> 8[""EndNode""]
7 --> 3
3 --> 8
```"
2,"The description describes the following activities but does not contain any decisions:
Activities:
0. Accept item
1. Dairy
2. Other
3. Vegetable
4. Fruits
5. Fruit Categorization
6. Vegetable Categorization
7. Milk
8. Cheese
9. Non-perishable
10. Perishable
11. Temperature Weight and Date Center
12. Store items

According to the description, activities 0, 1, 2, 3 happen simultaneously, followed by activities 4 and 5, then activities 6, 7, 8 happen simultaneously. After that activities 9 and 10 happen simultaneously, followed by activity 11. Additionally, activity 11 appears again multiple times but that should be considered as parallelly considering multiple input condition they have. Thus the correct final flow should look like the following:
```mermaid
graph LR
0[""StartNode""] --> 1[""Accept item""]
1 --> 2[""Dairy""]
1 --> 3[""Other""]
1 --> 4[""Vegetable""]
2 --> 5[""Fruits""]
3 --> 5
4 --> 5
5 --> 6[""Fruit Categorization""]
5 --> 7[""Vegetable Categorization""]
6 --> 8[""Milk""]
7 --> 8
8 --> 9[""Cheese""]
9 --> 8
8 --> 10[""Fruits""]
10 --> 11[""Temperature Weight and Date Center""]
7 --> 12[""Non-perishable""]
9 --> 12
10 --> 12
12 --> 13[""Perishable""]
13 --> 11
11 --> 14[""Store items""]
14 --> 15[""EndNode""]
```"
3,"This description contains the following activities and decisions:
Activities:
0. Detect Incident
1. Check Financial Impact
2. Open EMS
3. Contact Application Team
4. Contact SA Team
5. Contact DBA Team
6. Open Conference Line
7. Troubleshoot Issue
8. Fix Issue
9. Check with Vendor
10. Resolve and Close EMS
11. Failover to COB
Decisions:
0. Financial Impact?
1. Resolution Known?
2. Vendor has Fix?

The process specifies that activity 0 happens first, followed by decision 0. If decision 0 is ""NO"", then the process ends. If decision 0 is ""YES"", then activity 2 happens, followed by activities 3, 4, 5, and 6 happening at the same time. Afterwards, activity 7 happens, followed by decision 1. If decision 1 is ""YES"", then activity 8 happens. If decision 1 is ""NO"", then activity 9 happens, followed by decision 2. If decision 2 is ""NO"", then activity 11 happens. If decision 2 is ""YES"", then activity 8 happens. Finally, activity 10 happens, and the process ends. Thus, the final activity diagram should look like the following:
```mermaid
graph LR
0[""StartNode""] --> 1[""Detect Incident""]
1 --> 2{""Financial Impact?""}
2 --> |""NO""|3[""End Process""]
2 --> |""YES""|4[""Open EMS""]
4 --> 5[""Contact Application Team""]
4 --> 6[""Contact SA Team""]
4 --> 7[""Contact DBA Team""]
4 --> 8[""Open Conference Line""]
5 --> 9[""Troubleshoot Issue""]
6 --> 9
7 --> 9
8 --> 9
9 --> 10{""Resolution Known?""}
10 --> |""YES""|11[""Fix Issue""]
10 --> |""NO""|12[""Check with Vendor""]
12 --> 13{""Vendor has Fix?""}
13 --> |""NO""|14[""Failover to COB""]
13 --> |""YES""|11
11 --> 15[""Resolve and Close EMS""]
15 --> 16[""End Process""]
```"
4,"The description describes the following activities and decisions:
Activities:
0. Open event creation page
1. Populate name form
2. Populate time forms
3. Populate location forms
4. Populate additional information
5. Configure privacy settings
6. Confirm event creation
7. Save event information
8. Display incorrect time notification
9. Pay attention to event information saved on Facebook
Decisions:
0. Is name form populated?
1. Does end time occur after start time?

The process specifies that activity 0 happens first, followed by activity 1, which requires accessing the data object ""Name information"". Then activity 2 happens, followed by activity 3, which requires accessing the data object ""Location information"". Activity 4 happens next, which requires accessing the data object ""Event information"". After that, activity 5 happens, which requires accessing the data object ""Privacy information"". Then activity 6 happens, which involves decision 0. If decision 0 is no, then activity 1 happens again. If decision 0 is yes, then decision 1 is made. If decision 1 is no, then activity 8 happens, and then activity 2 happens again. If decision 1 is yes, then activity 7 happens, and then activity 9 happens. Thus, the final activity diagram should look like the following:
```mermaid
graph LR
0[""StartNode""] --> 1[""Open event creation page""]
1 --> 2[""Populate name form""]
2 --> 3[""Populate time forms""]
3 --> 4[""Populate location forms""]
4 --> 5[""Populate additional information""]
5 --> 6[""Configure privacy settings""]
6 --> 7[""Confirm event creation""]
7 --> 8{""Is name form populated?""}
8 --> |""No""|2
8 --> |""Yes""|9{""Does end time occur after start time?""}
9 --> |""No""|10[""Display incorrect time notification""]
9 --> |""Yes""|11[""Save event information""]
10 --> 3
11 --> 12[""Pay attention to event information saved on Facebook""]
12 --> 13[""EndNode""]
```"
5,"The description contains the following activities without decisions:
Activities:
0. Weekly, in time for discounts
1. Pay invoices
2. Generate a payment report
3. Send to the Accounts Receivable Department
4. Send the payment report to the registry
5. Generate monthly invoices
6. Send out the invoices

Activities 0 and 1 happen first, then activities 1 lead to activity 2 and, after payment report generated, activity 2 leads to activities 4, 3, and 5 happen at the same time. Once the monthly invoices are generated, activity 6 happen and then the process ends. Thus, the final activity diagram should look like the following:
```mermaid
graph LR
0[""Weekly, in time for discounts""] --> 1[""Pay invoices""]
1 --> 2[""Generate a payment report""]
2 --> 3[""Send to the Accounts Receivable Department""]
2 --> 4[""Send the payment report to the registry""]
2 --> 5[""Generate monthly invoices""]
5 --> 6[""Send out the invoices""]
```"
6,"The description contains the following activities and decisions:
Activities:
0. Submit Purchase Order
1. Select warehouse
2. Reserve inventory
3. Replenish inventory
4. Confirm order for delivery
Decisions:
0. Purpose of order

The process specifies that activity 0 happens first, followed by activity 1 and 2. Then decision 0 is made. If decision 0 is to replenish inventory, then activity 3 happens. If decision 0 is to confirm order for delivery, then activity 4 happens and the process ends. Thus, the final activity diagram should look like the following:
```mermaid
graph LR
0[""StartNode""] --> 1[""Submit Purchase Order""]
1 --> 2[""Select warehouse""]
2 --> 3[""Reserve inventory""]
3 --> 4{""Purpose of order""}
4 --> |""Replenish inventory""|5[""Replenish inventory""]
4 --> |""Confirm order for delivery""|6[""Confirm order for delivery""]
5 --> 6
6 --> 7[""EndNode""]
```"
7,"The description describes the following activities and decisions:
Activities:
0. Verify RFQ
1. Ask for more information
2. Analyze RFQ and provide L&M cost estimates
3. Provide clarification
4. Add overhead costs
5. Generate pricing options
6. Generate sales quote
Decisions:
0. RFQ verified?

The process specifies that decision 0 happens first. If decision 0 is no, then activity 1 happens. If decision 0 is yes, then activity 2 happens. Decision 0 happens again, and if it's no, activity 1 happens. If decision 0 is yes, activity 2 happens again. Activity 3 and 4 happen, followed by decision 0 again. If decision 0 is no, activity 1 happens. If decision 0 is yes, activity 4 and 5 happen, followed by activity 6. Thus, the final activity diagram should look like the following:
```mermaid
graph LR
0[""StartNode""] --> 1{""RFQ verified?""}
1 --> |""No""|2[""Ask for more information""]
1 --> |""Yes""|3[""Analyze RFQ and provide L&M cost estimates""]
2 --> 1
3 --> 1
1 --> |""No""|2
1 --> |""Yes""|3
3 --> 4[""Provide clarification""]
4 --> 1
1 --> |""No""|2
1 --> |""Yes""|5[""Add overhead costs""]
5 --> 6[""Generate pricing options""]
6 --> 7[""Generate sales quote""]
7 --> 8[""EndNode""]
```"
8,"The description describes the following activities and decisions:
Activities:
0. Receive negotiated conditions
1. Check for completeness
2. Send failure notice
3. Perform risk assessment
4. Check reinsurance option
5. Finish contract
Decisions:
0. Data complete?

The process specifies that activity 0 happens first, followed by decision 0. If decision 0 is no, then activity 2 happens and the process ends. If decision 0 is yes, then activity 3 happens, followed by decision 0 again. If decision 0 is yes, then activity 4 happens, followed by activity 5 and the process ends. Thus, the final activity diagram should look like the following:
```mermaid
graph LR
0[""StartNode""] --> 1[""Receive negotiated conditions""]
1 --> 2[""Check for completeness""]
2 --> 3{""Data complete?""}
3 --> |""No""|4[""Send failure notice""]
4 --> 5[""EndNode""]
3 --> |""Yes""|6[""Perform risk assessment""]
6 --> 2
2 --> 3
3 --> |""Yes""|7[""Check reinsurance option""]
7 --> 8[""Finish contract""]
8 --> 5
```"
9,"The description contains the following activities without decisions:
Activities:
0. Hungry feeling
1. Decide to cook
2. Choose recipes
3. Prepare ingredients
4. Prepare water for pasta
5. Prepare salad for washing
6. Put pasta into water
7. Wash salad
8. Prepare ingredients for sauce
9. Prepare ingredients for dressing
10. Make sauce
11. Make dressing
12. Bring dishes to table
13. Prepare dishes
14. Bring meal to table
15. Finish lunch

The process specifies that activities 0, 1, 2, 3 happen in sequence. Then activities 4 and 5 happen at the same time. Afterwards, activity 6 happens after 4, and activity 7 happens after 5. Then activities 8 and 9 happen after 6 and 7 respectively. Then activities 10 and 11 happen after 8 and 9 respectively. Finally, activities 12, 13, 14, 15 happen in sequence. Thus, the final activity diagram should look like the following:
```mermaid
graph LR
0[""Hungry feeling""] --> 1[""Decide to cook""]
1 --> 2[""Choose recipes""]
2 --> 3[""Prepare ingredients""]
3 --> 4[""Prepare water for pasta""]
3 --> 5[""Prepare salad for washing""]
4 --> 6[""Put pasta into water""]
5 --> 7[""Wash salad""]
6 --> 8[""Prepare ingredients for sauce""]
7 --> 9[""Prepare ingredients for dressing""]
8 --> 10[""Make sauce""]
9 --> 11[""Make dressing""]
10 --> 12[""Bring dishes to table""]
11 --> 12
12 --> 13[""Prepare dishes""]
13 --> 14[""Bring meal to table""]
14 --> 15[""Finish lunch""]
```"
10,"The description contains the following activities and decisions:
Activities:
0. Customer encounters problem
1. Obtain detailed description of problem
2. Check if can handle problem myself
3. Explain solution
4. Send email to support system
5. Wait for answer
Decisions:
0. Can handle problem myself?

The process specifies that activity 0 and 1 happen first, followed by decision 0. If decision 0 is yes, then activity 3 happens and the process ends. If decision 0 is no, then activity 4 happens, followed by decision 0 again. If decision 0 is yes, then activity 3 happens and the process ends. If decision 0 is no, then activity 4 happens again, followed by activity 5. After activity 5, activity 3 happens and the process ends. Thus, the final activity diagram should look like the following:
```mermaid
graph LR
0[""StartNode""] --> 1[""Customer encounters problem""]
1 --> 2[""Obtain detailed description of problem""]
2 --> 3{""Can handle problem myself?""}
3 --> |""Yes""|4[""Explain solution""]
3 --> |""No""|5[""Send email to support system""]
5 --> 3
5 --> 6[""Wait for answer""]
6 --> 4
4 --> 7[""EndNode""]
```"
11,"The description describes the following activities without decisions:
0. Complete purchase order
1. Send invoice
2. Send goods

Activity 0 happens first, then activities 1 and 2 happen at the same time. Afterwards, the process concludes. Thus, the final activity diagram should look like the following:
```mermaid
graph LR
0[""StartNode""] --> 1[""Complete purchase order""]
1 --> 2[""Send invoice""]
1 --> 3[""Send goods""]
2 --> 4[""EndNode""]
3 --> 4
```"
12,"The description contains the following activities and decisions:
Activities:
0. Preparation of shipment order
1. Sending shipment order
2. Carrier response
3. Acceptance of shipment order
4. Ordered shipment realized
Decisions:
0. Carrier response
1. Response after acceptance

The process specifies that activities 0 and 1 happen first, followed by decision 0. If decision 0 is ""no"", then the process ends and moves to Link A. If decision 0 is ""yes"", then activity 3 happens, followed by decision 1. If decision 1 is ""no"", then the process ends and moves to Link A. If decision 1 is ""yes"", then activity 4 happens and the process ends. Thus, the final activity diagram should look like the following:
```mermaid
graph LR
0[""StartNode""] --> 1[""Preparation of shipment order""]
1 --> 2[""Sending shipment order""]
2 --> 3{""Carrier response""}
3 --> |""no""|4[""EndNode(Link A)""]
3 --> |""yes""|5[""Acceptance of shipment order""]
5 --> 6{""Response after acceptance""}
6 --> |""no""|4
6 --> |""yes""|7[""Ordered shipment realized""]
7 --> 8[""EndNode""]
```"
13,"The description describes the following activities without decisions:
0. Order received
1. Create invoice
2. Prepare shipping
3. Send invoice
4. Ship item
5. Confirm payment

Activity 0, 1, and 2 happen at the same time. Afterwards, activity 3 and 4 happen in sequence with 1 and 2 respectively. Finally, activity 5 happens after activity 3. Thus, the final activity diagram should look like the following:
```mermaid
graph LR
0[""Order received""] --> 1[""Create invoice""]
0 --> 2[""Prepare shipping""]
1 --> 3[""Send invoice""]
2 --> 4[""Ship item""]
3 --> 5[""Confirm payment""]
5 --> 6[""EndNode""]
```"
14,"The description contains the following activities and decisions:
Activities:
0. Check if order can be fulfilled
1. Confirm order
2. Reject order
3. Deliver order
4. Notify order rejected
5. Notify order delivered
Decisions:
0. Can fulfill order?

The process specifies that decision 0 happens first. If decision 0 is yes, then activity 1 happens, followed by activity 3, and then activity 5. If decision 0 is no, then activity 2 happens, and then the process ends with activity 4. After activity 2, decision 0 is made again. If decision 0 is yes, then activity 1 happens, followed by activity 3, and then activity 5. If decision 0 is no, then activity 2 happens again, and then the process ends with activity 4. Thus, the final activity diagram should look like the following:
```mermaid
graph LR
0[""StartNode""] --> 1{""Can fulfill order?""}
1 --> |""Yes""|2[""Confirm order""]
1 --> |""No""|3[""Reject order""]
2 --> 4[""Deliver order""]
3 --> 5[""Notify order rejected""]
4 --> 6[""Notify order delivered""]
3 --> 1
```"
15,"This description contains the following activities and decisions:
Activities:
0. Verify RFQ
1. Ask for more information
2. Analyze RFQ and provide L&M cost estimates
3. Add overhead cost and generate pricing options
4. Provide verification
5. Generate sales quote
Decisions:
0. Verification successful?

The process specifies that activity 0 happens first, followed by decision 0. If decision 0 is no, then activity 1 happens. If decision 0 is yes, then activity 2 happens. Activity 0 and decision 0 happen again. If decision 0 is no, then activity 1 happens. If decision 0 is yes, then activity 2 happens. Activity 1 and 0 happen again, followed by activity 2. Then activity 3, 4, 5 happens in sequence, and the process ends. Thus, the final activity diagram should look like the following:
```mermaid
graph LR
0[""StartNode""] --> 1[""Verify RFQ""]
1 --> 2{""Verification successful?""}
2 --> |""No""|3[""Ask for more information""]
2 --> |""Yes""|4[""Analyze RFQ and provide L&M cost estimates""]
3 --> 1
4 --> 1
1 --> 2
2 --> |""No""|3
2 --> |""Yes""|4
3 --> 1
1 --> 2
2 --> |""Yes""|4
4 --> 5[""Add overhead cost and generate pricing options""]
5 --> 6[""Provide verification""]
6 --> 7[""Add overhead cost and generate pricing options""]
7 --> 8[""Generate sales quote""]
8 --> 9[""EndNode""]
```"
16,"The description describes the following activities without decisions:
0. Check Customer's Credit History
1. Conduct a Property Survey
2. Search the Property Title

All activities 0, 1, 2 happen at the same time, producing data objects ""Credit History File"" and ""Survey Document"". After that, the process ends. Thus, the final activity diagram should look like the following:
```mermaid
graph LR
0[""StartNode""] --> 1[""Check Customer's Credit History""]
0 --> 2[""Conduct a Property Survey""]
0 --> 3[""Search the Property Title""]
1 --> 4[""EndNode""]
2 --> 4
3 --> 4
```"
17,"The description contains the following activities and decisions:
Activities:
0. Change status
1. Product marked as on sale
2. Product marked as not on sale
Decisions:
0. Is product on sale?

The process specifies that activity 0 happens first, followed by decision 0. If decision 0 is yes, then activity 1 happens and the process ends. If decision 0 is no, then activity 2 happens and the process ends. The same check is repeated again. Thus, the final activity diagram should look like the following:
```mermaid
graph LR
0[""StartNode""] --> 1[""Change status""]
1 --> 2{""Is product on sale?""}
2 --> |""Yes""|3[""Product marked as on sale""]
2 --> |""No""|4[""Product marked as not on sale""]
3 --> 5[""EndNode""]
4 --> 5
2 --> 2
```"
18,"The description describes the following activities without decisions:
0. Identify invoice errors
1. Highlight errors on entry form
2. Update record of mistakes
3. Send invoice back
4. Conclude process

Activity 0, 1, and 2 happen at the same time, followed by activity 3 and 4. Thus, the final activity diagram should look like the following:
```mermaid
graph LR
0[""StartNode""] --> 1[""Identify invoice errors""]
0 --> 2[""Highlight errors on entry form""]
0 --> 3[""Update record of mistakes""]
1 --> 4[""Send invoice back""]
2 --> 4
3 --> 4
4 --> 5[""Conclude process""]
```"
19,"The description contains the following activities without decisions:
0. Run invoice payment process for SSP
1. Be aware of SAP system
2. Send payment report to Accounts Receivable
3. Run the invoice payment process
4. Generate the invoice payment report
5. Send the payment report to Client 
6. Send the payment report to Registry
7. Generate monthly invoices for clients
8. Charge the clients

The process starts by activities 0 and 1. Then activities 2, 3, 4 happen at the same time. After that, activity 7 happens. Additionally, activities 5 and 6 happen. Then activity 7 and 8 happen and the process ends. Thus, the final activity diagram should look like the following:
```mermaid
graph LR
0[""StartNode""] --> 1[""Run invoice payment process for SSP""]
0 --> 2[""Be aware of SAP system""]
1 --> 3[""Send payment report to Accounts Receivable""]
1 --> 4[""Run the invoice payment process""]
1 --> 5[""Generate the invoice payment report""]
3 --> 6[""Generate monthly invoices for clients""]
4 --> 7[""Send the payment report to Client""]
4 --> 8[""Send the payment report to Registry""]
6 --> 9[""EndNode""]
7 --> 9
8 --> 9
6 --> 10[""Charge the clients""]
10 --> 9
```"
20,"The description contains the following activities and decisions:
Activities:
0. Check completeness
1. Verify credit history
2. Examine loan request
3. Customer request rejected
4. Customer request approved
Decisions:
0. Check Result?

The process specifies that activity 0, 1, 2 happens in sequence, followed by decision 0. If decision 0 is rejection, then activity 3 happens and the process ends. If decision 0 is acceptance, then activity 4 happens and the process ends. Thus, the final activity diagram should look like the following:
```mermaid
graph LR
0[""StartNode""] --> 1[""Check completeness""]
1 --> 2[""Verify credit history""]
2 --> 3[""Examine loan request""]
3 --> 4{""Check Result?""}
4 --> |""Rejection""|5[""Customer request rejected""]
4 --> |""Acceptance""|6[""Customer request approved""]
5 --> 7[""EndNode""]
6 --> 7
```"
21,"The description describes the following activities without decisions:
0. Extract work orders
1. Extract notifications
2. Extract inspection orders
3. Load work orders
4. Load inspection orders
5. Load notifications
6. Pull together work order report
7. Pull together inspection order report
8. Pull together notification report
9. Link reports from PPT
10. Create and send email
11. WHISKY

The process specifies that activities 0 and 1 happen at the same time, followed by activity 3 and 4 happening in sequence with activities 6 and 7 happening afterwards. Similarly, activity 2 and 5 happen in sequence with activity 8 happening afterwards. Activities 9 and 10 happen in sequence, followed by activity 11. Thus, the final activity diagram should look like the following:
```mermaid
graph LR
0[""StartNode""] --> 1[""Extract work orders""]
0 --> 2[""Extract notifications""]
0 --> 3[""Extract inspection orders""]
1 --> 4[""Load work orders""]
3 --> 5[""Load inspection orders""]
2 --> 6[""Load notifications""]
4 --> 7[""Pull together work order report""]
5 --> 8[""Pull together inspection order report""]
6 --> 9[""Pull together notification report""]
7 --> 10[""Link reports from PPT""]
8 --> 10
9 --> 10
10 --> 11[""Create and send email""]
11 --> 12[""WHISKY""]
```"
22,"There are the following activities but no decisions described in the description:
Activities:
0. Plan the menu
1. Prepare the chicken
2. Make the salad
3. Refine the chicken
4. Prepare the salad
5. Serve the menu

The process specifies that activities 0, 1, 2 happen at the same time, then activity 3 happens after 1, followed by activity 4 after 2. Finally, activity 5 happens and the process ends.

Here is the corrected activity diagram:
```mermaid
graph LR
0[""StartNode""] --> 1[""Plan the menu""]
0 --> 2[""Prepare the chicken""]
0 --> 3[""Make the salad""]
2 --> 4[""Refine the chicken""]
3 --> 5[""Prepare the salad""]
4 --> 6[""Serve the menu""]
5 --> 6
6 --> 7[""EndNode""]
```"
23,"The description contains the following activities and decisions:
Activities:
0. Write letter
1. Obtain letter
2. Obtain second letter
3. Pay fee
4. Receive card
Decisions:
0. Is member?

The process specifies that activities 0 and 1 happen first, followed by decision 0. If decision 0 is yes, then activity 2 happens, followed by decision 0 again. If decision 0 is no, then the process ends. If decision 0 is yes in the second time, then activity 3 and 4 happens, and the process ends. Thus, the final activity diagram should look like the following:
```mermaid
graph LR
0[""StartNode""] --> 1[""Write letter""]
1 --> 2[""Obtain letter""]
2 --> 3{""Is member?""}
3 --> |""Yes""|4[""Obtain second letter""]
3 --> |""No""|5[""EndNode""]
4 --> 3
3 --> |""Yes""|6[""Pay fee""]
6 --> 7[""Receive card""]
7 --> 8[""EndNode""]
```"
24,"The description describes the following activities without decisions:
Activities:
0. Feel hungry
1. Having a dinner
2. Having a salad
3. Enjoying some ice-cream
4. Savoring a plate of pasta
5. Feels satisfied

Activity 0 happens first, followed by activity 1, then activity 2, 3 and 4 happen simultaneously. After that, activity 5 happens. Thus, the final activity diagram should look like the following:
```mermaid
graph LR
0[""Feel hungry""] --> 1[""Having a dinner""]
1 --> 2[""Having a salad""]
1 --> 3[""Enjoying some ice-cream""]
1 --> 4[""Savoring a plate of pasta""]
2 --> 5[""Feels satisfied""]
3 --> 5
4 --> 5
```"
25,"The description describes the following activities without decisions:
0. Start SSP process
1. Empty SAP Master Record Outbox
2. Deliver requests to Master Data Entry Department
3. Empty Master Data Entry Outbox
4. Receive Vendor Master Record Requests Form
5. Process Vendor Master Record Requests
6. Place completed requests in Data Entry Officer Inbox

Activity 0 happens first, followed by activity 1, 2, and 3 happen at the same time. Afterwards, activity 4, 5, and 6 happen in sequence. Thus, the final activity diagram should look like the following:
```mermaid
graph LR
0[""Start SSP process""] --> 1[""Empty SAP Master Record Outbox""]
0 --> 2[""Deliver requests to Master Data Entry Department""]
0 --> 3[""Empty Master Data Entry Outbox""]
2 --> 4[""Receive Vendor Master Record Requests Form""]
4 --> 5[""Process Vendor Master Record Requests""]
5 --> 6[""Place completed requests in Data Entry Officer Inbox""]
6 --> 7[""EndNode""]
```"
26,"The description contains the following activities and decisions:
Activities:
0. Register Event Participation
1. Register Process Seminar Results
2. Create Purchase Request
3. Notify Rejection
4. Send Approved Notification
Decisions:
0. Purchase Request Approved?

The process starts by performing activities 0, 1, and 2 in parallel. Then it checks the decision 0. If the decision 0 is ""approved"", then activity 4 happens. If the decision 0 is ""rejected"", then activity 3 happens. After that, the process repeats the same decision. If activity 3 is ""notified"", then the process ends. After the decision is made, activity 4 and 1 happen. Thus, the final activity diagram should look like the following:
```mermaid
graph LR
0[""StartNode""] --> 1[""Register Event Participation""]
0 --> 2[""Register Process Seminar Results""]
0 --> 3[""Create Purchase Request""]
3 --> 4{""Purchase Request Approved?""}
4 --> |""Rejected""|5[""Notify Rejection""]
4 --> |""Approved""|6[""Send Approved Notification""]
5 --> 4
6 --> 4
4 --> |""Rejected""|7[""EndNode""]
5 --> 7
4 --> |""Approved""|2
2 --> 8[""EndNode""]
4 --> 2
```"
27,"The description contains the following activities and decisions:
Activities:
0. Place an order
1. Verify the customer
2. Create a new customer
3. Check the availability
4. Produce the goods
5. Ship the goods
Decisions:
0. Customer okay?
1. Product available?

The process specifies that activities 0 and 1 happen first, followed by decision 0. If decision 0 is no, then activity 2 happens and the process ends. If decision 0 is yes, then activity 3 happens, followed by decision 1. If decision 1 is no, then activity 4 happens and the process ends. If decision 1 is yes, then activity 5 happens and the process ends. Thus, the final activity diagram should look like the following:
```mermaid
graph LR
0[""StartNode""] --> 1[""Place an order""]
1 --> 2[""Verify the customer""]
2 --> 3{""Customer okay?""}
3 --> |""Yes""|4[""Check the availability""]
3 --> |""No""|5[""Create a new customer""]
5 --> 6[""EndNode""]
4 --> 7{""Product available?""}
7 --> |""Yes""|8[""Ship the goods""]
7 --> |""No""|9[""Produce the goods""]
8 --> 6
9 --> 6
```"
28,"The description contains the following activities and decisions:
Activities:
0. Move to square (2,5)
1. Wait for a message
Decisions:
0. Response from all players received?

The process specifies that activity 0 happens first, followed by decision 0. If decision 0 is no, then activity 1 happens, and decision 0 is checked again. If decision 0 is still no, then activity 1 happens again, and decision 0 is checked again. This loop continues until decision 0 is yes. If decision 0 is yes, then the process ends. Thus, the final activity diagram should look like the following:
```mermaid
graph LR
0[""StartNode""] --> 1[""Move to square (2,5)""]
1 --> 2{""Response from all players received?""}
2 --> |""No""|3[""Wait for a message""]
3 --> 2
2 --> |""Yes""|4[""EndNode""]
```"
29,"There seems to be a slight misunderstanding in the description as ""obtain the credit score"", ""get the credit score"" appears to be the same activity. In this case, we can treat it as one activity.

The description describes the following activities without decisions:
0. Obtain credit score
1. Check credit score
2. Check income to payment ratio
3. Assess credit risk

Activities 0 happens and afterwards 1 happens in a sequence. At the same time, both 2 and 3 can happen. Finally, the process concludes.
 
Additionally, another interpretation is activities 0 to 3 happen at the same time as:
 
Since there aren't explicit sequence relationship specified in the description for activity 2 and 3. Thus, the final activity diagram can look like the following:

```mermaid
graph LR
0[""Start Node""] --> 1[""Obtain credit score""]
1 --> 2[""Check credit score""]
0 --> 3[""Check income to payment ratio""]
0 --> 4[""Assess credit risk""]
2 --> 5[""Process Ends""]
3 --> 5
4 --> 5
```"
30,"There are the following activities and decisions described in the description:
Activities:
0. Receive payment from previous week
1. Check payment for previous week
2. Document bad credit against accounts receivable and member's file
3. Update members and accounts receivable file and process the order
4. Document the bad credit against the accounts receivable and member's file
5. Inform members about bad credit status and suspend future order processing
6. Complete credit check
Decisions:
0. Payment received for previous week?
The activities 0, 1, then decision 0 happens first. Since this decision happens twice. We draw the decision node twice as below.


And then the description says: 
""document the bad credit against the accounts receivable and the member's file. Inform the members about their bad credit status and suspend future order processing. 
Then after that: 
update the members and accounts receivable file and process the order""

So let's add these on the true path (with a comment as it seems illogical for the order as given).

Here is the final activity diagram should look like the following:
```mermaid
graph LR
0[""StartNode""] --> 1[""Receive payment from previous week""]
1 --> 2[""Check payment for previous week""]
2 --> 3{""Payment received for previous week?""}
3 --> |""Yes""|4[""Update members and accounts receivable file and process the order""]
3 --> |""No""|5[""Document bad credit against accounts receivable and member's file""]
4 --> 6[""Check payment for previous week""]
6 --> 7{""Payment received for previous week?""}
7 --> |""Yes""|8[""Update members and accounts receivable file and process the order""]
7 --> |""No""|5
8 --> 9[""Document the bad credit against the accounts receivable and member's file""] 
9 --> 10[""Inform members about bad credit status and suspend future order processing""]
10 --> 11[""Update the members and accounts receivable file and process the order""] 
10 --> 12[""Inform the members about bad credit status and suspend future order processing""]
12 --> 13[""Complete credit check""]
13 --> 14[""EndNode""]
```"
31,"The description contains the following activities and decisions:
Activities:
0. Verify RFQ
1. Ask for more information
2. Analyze RFQ
3. Provide L&M cost estimates
4. Provide verification
5. Add overhead costs
6. Generate pricing options
7. Verify RFQ again
8. Generate sales quote
Decisions:
0. RFQ verified?

The process specifies that decision 0 happens first. If decision 0 is no, then activity 1 happens. If decision 0 is yes, then activities 2 and 3 happen. Then decision 0 is made again. If decision 0 is no this time, then activity 1 happens. If decision 0 is yes, then activities 4, 5, 6, and 7 happens, followed by activity 8. Thus, the final activity diagram should look like the following:
```mermaid
graph LR
0[""StartNode""] --> 1{""RFQ verified?""}
1 --> |""No""|2[""Ask for more information""]
1 --> |""Yes""|3[""Analyze RFQ""]
3 --> 4[""Provide L&M cost estimates""]
4 --> 5{""RFQ verified?""}
5 --> |""No""|2
5 --> |""Yes""|6[""Provide verification""]
6 --> 7[""Add overhead costs""]
7 --> 8[""Generate pricing options""]
8 --> 9[""Verify RFQ again""]
9 --> 10[""Generate sales quote""]
10 --> 11[""EndNode""]
2 --> 1
```"
32,"The description describes the following activities and decisions:
Activities:
0. Computer brought to ACM
1. Problem described
2. Estimate received
3. Estimate evaluated
4. Repair authorized
5. Repair notice received
6. Computer taken back
7. Problem fixed
8. Invoice and P/S document received
9. Payment sent
Decisions:
0. Evaluate estimate

The description specifies that activity 0, 1, 2, 3 happen in sequence, followed by decision 0. If decision 0 is acceptable, then activities 4, 5, 7, 8, 9 happen in sequence. If decision 0 is unacceptable, then activities 6 happen and then the process ends. Thus, the final activity diagram should look like the following:
```mermaid
graph LR
0[""StartNode""] --> 1[""Computer brought to ACM""]
1 --> 2[""Problem described""]
2 --> 3[""Estimate received""]
3 --> 4[""Evaluate estimate""]
4 --> 5{""Evaluate estimate""}
5 --> |""Acceptable""|6[""Repair authorized""]
5 --> |""Unacceptable""|7[""Computer taken back""]
6 --> 8[""Repair notice received""]
8 --> 9[""Problem fixed""]
9 --> 10[""Invoice and P/S document received""]
10 --> 11[""Payment sent""]
11 --> 12[""EndNode""]
7 --> 12
```"
33,"The description contains the following activities and decisions:
Activities:
0. Analyze and check consistency
1. Analyze ""Goal Model""
2. Analyze ""Business Process Models""
3. Check goals and activities
4. Update
5. Repeat check
Decisions:
0. Goals satisfied and activities correspond to goals?

The process specifies that activity 0 happens first, followed by activities 1 and 2. Then decision 0 is made. If decision 0 is ""No"", then activity 4 happens, followed by activity 5. If decision 0 is ""Yes"", then the process ends. Activity 5 leads to decision 0 again. If decision 0 is ""No"" again, then activity 4 happens again, followed by activity 5. If decision 0 is ""Yes"" again, then the process ends. Thus, the final activity diagram should look like the following:
```mermaid
graph LR
0[""StartNode""] --> 1[""Analyze and check consistency""]
1 --> 2[""Analyze Goal Model""]
2 --> 3[""Analyze Business Process Models""]
3 --> 4{""Goals satisfied and activities correspond to goals?""}
4 --> |""No""|5[""Update""]
4 --> |""Yes""|6[""EndNode""]
5 --> 7[""Repeat check""]
7 --> 4
```"
34,"The description describes the following activities without decisions:
0. Identify Vacancy
1. Manage Position Profile
2. Review Terms & Conditions
3. Assemble Selection Panel

Activity 0 happens first, followed by activity 1. Afterwards, activity 2 and 3 happen at the same time. Thus, the final activity diagram should look like the following:
```mermaid
graph LR
0[""StartNode""] --> 1[""Identify Vacancy""]
1 --> 2[""Manage Position Profile""]
2 --> 3[""Review Terms & Conditions""]
2 --> 4[""Assemble Selection Panel""]
3 --> 5[""EndNode""]
4 --> 5
```
Note that the data objects created during the process are not included in the activity diagram, as they are not activities or decisions. However, they can be added as annotations or comments to provide additional context to the process."
35,"The description contains the following activities and decisions:
Activities:
0. Verify form structure
1. Verify proposal
2. Form error
3. Process successful
4. Process failure
Decisions:
0. Form correct?
1. Everything okay?

The process specifies that activity 0 happens first, followed by decision 0. If decision 0 is no, then activity 2 happens and the process ends. If decision 0 is yes, then activity 1 happens, followed by decision 1. If decision 1 is yes, then activity 3 happens and the process ends. If decision 1 is no, then activity 4 happens and the process ends. Thus, the final activity diagram should look like the following:
```mermaid
graph LR
0[""StartNode""] --> 1[""Verify form structure""]
1 --> 2{""Form correct?""}
2 --> |""No""|3[""Form error""]
2 --> |""Yes""|4[""Verify proposal""]
4 --> 5{""Everything okay?""}
5 --> |""Yes""|6[""Process successful""]
5 --> |""No""|7[""Process failure""]
3 --> 8[""EndNode""]
6 --> 8
7 --> 8
```"
36,"The description contains the following activities and decisions:
Activities:
0. Receive negotiated conditions
1. Check for completeness
2. Categorize customer
3. Check for completeness
4. Send failure notice
5. Check insurance benefits
6. Finish contract
Decisions:
0. Data complete?
1. Data complete?
2. Insurance benefits checked?

However only two of the decisions actually determine distinct actions, namely ""Data complete?"". Thus, we will reduce the activity diagram to this minimal representation. 

According to the description, activity 0 happens first, followed by decision 0. If decision 0 is no, then activity 4 happens and the process ends. If decision 0 is yes, then activity 2 happens, followed by decision 1. If decision 1 is no, then activity 4 happens and the process ends. If decision 1 is yes, then activity 5 and 6 happens in sequence and the process ends. Thus, the final activity diagram should look like the following:
```mermaid
graph LR
0[""StartNode""] --> 1[""Receive negotiated conditions""]
1 --> 2[""Check for completeness""]
2 --> 3{""Data complete?""}
3 --> |""No""| 4[""Send failure notice""]
3 --> |""Yes""| 5[""Categorize customer""]
5 --> 6[""Check for completeness""]
6 --> 7{""Data complete?""}
7 --> |""No""| 8[""Send failure notice""]
7 --> |""Yes""| 9[""Check insurance benefits""]
9 --> 10[""Finish contract""]
10 --> 11[""EndNode""]
4 --> 11
8 --> 11
```"
37,"The description contains the following activities without decisions:
Activities:
0. Receive signed offer
1. Register acceptance of contract
2. Scan offer's billing information
3. Scan offer's pincode
4. Register competitor's information (if available)
5. Process offer

The process specifies that activity 0 happens first, followed by activity 1, 2, 3, and 4 happen at the same time. Note that activity 4 is conditional, but since there is no decision node in the activity diagram, we will represent it as an optional activity. Afterwards, activity 5 happens. Thus, the final activity diagram should look like the following:
```mermaid
graph LR
0[""StartNode""] --> 1[""Receive signed offer""]
1 --> 2[""Register acceptance of contract""]
1 --> 3[""Scan offer's billing information""]
1 --> 4[""Scan offer's pincode""]
1 --> 5[""Register competitor's information (if available)""]
2 --> 6[""Process offer""]
3 --> 6
4 --> 6
5 --> 6
6 --> 7[""EndNode""]
```"
38,"The description describes the following activities without decisions:
0. Finish by the end of the week
1. Generate and send payment report
2. Handle Individual Client's payment report
3. SSP's Accounts Receivable Department's payment report
4. Registry's payment report

Activity 0 happens first, followed by activity 1 which happens at the same time as activities 2, 3 and 4. Thus, the final activity diagram should look like the following:
```mermaid
flowchart LR
0[""Finish by the end of the week""] --> 1[""Generate and send payment report""]
0 --> 3[""Handle Individual Client's payment report""]
0 --> 2[""SSP's Accounts Receivable Department's payment report""]
0 --> 4[""Registry's payment report""]
1 --> 5[""Process End""]
3 --> 5
2 --> 5
4 --> 5
```"
39,"The description contains the following activities and decisions:
Activities:
0. Execution begins
1. Allocate actors arbitrarily
2. Allocate actors based on best known placement
3. Check if application is still executing
4. Application profiling
5. Estimate expected performance
6. Deploy new placement
7. Execution ends
Decisions:
0. Is it the first execution?
1. Is there another placement with higher expected performance?

The process specifies that activity 0 happens first, followed by decision 0. If decision 0 is yes, then activity 1 happens. If decision 0 is no, then activity 2 happens. Then activity 3 and decision 1 happen in a loop. If decision 1 is yes, then activities 5 and 6 happen. If decision 1 is no, then activity 4 happens. Finally, activity 7 happens. Thus, the final activity diagram should look like the following:
```mermaid
graph LR
0[""StartNode""] --> 1[""Execution begins""]
1 --> 2{""Is it the first execution?""}
2 --> |""Yes""|3[""Allocate actors arbitrarily""]
2 --> |""No""|4[""Allocate actors based on best known placement""]
3 --> 5[""Check if application is still executing""]
4 --> 5
5 --> 6{""Is application still executing?""}
6 --> |""Yes""|7[""Application profiling""]
6 --> |""No""|8[""Execution ends""]
7 --> 9[""Estimate expected performance""]
9 --> 10{""Is there another placement with higher expected performance?""}
10 --> |""Yes""|11[""Deploy new placement""]
10 --> |""No""|5
11 --> 5
8 --> 12[""EndNode""]
```"
40,"The description contains the following activities without decisions:
0. Check number of panellists
1. Photocopy applications
2. Focus on every complete application
3. Send original copy to archives
4. Forward others to recruitment manager
5. Pay attention to every compliant application

The process specifies that activity 0 happens first, followed by activity 1. At the same time as activity 1, activities 2, 3 and 4 happen. Finally, activity 5 happens, and the process ends. Thus, the final activity diagram should look like the following:
```mermaid
graph LR
0[""StartNode""] --> 1[""Check number of panellists""]
1 --> 2[""Photocopy applications""]
2 --> 3[""Focus on every complete application""]
2 --> 4[""Send original copy to archives""]
2 --> 5[""Forward others to recruitment manager""]
4 --> 6[""Pay attention to every compliant application""]
5 --> 6
6 --> 7[""EndNode""]
```"
41,"The description contains the following activities and decisions:
Activities:
0. Informational meeting
1. Storyboard meeting
2. Check content prepared
3. Develop site
4. Complete initial draft
5. Check marketing view
6. Marketing review
7. Design process
8. Complete final version
9. Build and review activity
10. Marketing review rejected
Decisions:
0. Meeting successful?
1. Content prepared?
2. Site has marketing view?
3. Marketing review approved?

 Activity 0 happens, followed by decision 0. If decision 0 is not successful, then the process ends. If decision 0 is successful, then decision 1 and activity 1 happen. If decision 1 is prepared, then activity 3 and 4 happen.  Activity 5 and 7 happens at the same time if decision 2 is yes.  If decision 2 is no, then activity 8 happens instead. Then decision 3 is made, based on previous approved or rejected marketing review activity. Thus, the final activity diagram should look like the following:
```mermaid
graph LR
0[""StartNode""] --> 1[""Informational meeting""]
1 --> 2{""Meeting successful?""}
2 --> |""No""|3[""EndNode""] 
2 --> |""Yes""| 4[""Storyboard meeting""]
4 --> 5{""Content prepared?""}
5 --> |""Yes""| 6[""Develop site""]
5 --> |""No""| 7[""Complete initial draft""]
6 --> 8[""Complete initial draft""]
6 --> 9[""Check marketing view""]
9 --> 10{""Site has marketing view?""}
10 --> |""Yes""| 11[""Marketing review""]
10 --> |""No""| 12[""Complete final version""]
11 --> 13[""Design process""]
13 --> 14{""Marketing review approved?""}
14 --> |""No""| 15[""EndNode""]
14 --> |""Yes""| 16[""Build and review activity""]
```"
42,"The description describes the following activities and decisions:
Activities:
0. Receive RFQ
1. Verify RFQ
2. Produce ""Verify RFQ""
3. Produce ""Verified RFQ""
4. Check RFQ meets guidelines
5. Produce L&M Cost Estimates
6. Communicate with customer
7. Verify RFQ again

Decisions:
0. RFQ meets guidelines?

The process specifies that activity 0 and 1 happens first, followed by the production of data objects ""Verify RFQ"" and ""Verified RFQ"". Then decision 0 is made. If decision 0 is yes, then activity 5 happens and the process ends. If decision 0 is no, then activity 6 happens. The same decision 0 is made again. If decision 0 is yes, then activity 5 happens and the process ends. If decision 0 is no, then activity 6 happens, followed by activity 7. Thus, the final activity diagram should look like the following:
```mermaid
graph LR
0[""StartNode""] --> 1[""Receive RFQ""]
1 --> 2[""Verify RFQ""]
2 --> 3[""Produce Verify RFQ""]
2 --> 4[""Produce Verified RFQ""]
4 --> 5{""RFQ meets guidelines?""}
5 --> |""Yes""|6[""Produce L&M Cost Estimates""]
5 --> |""No""|7[""Communicate with customer""]
7 --> 5
5 --> |""Yes""|6
6 --> 8[""EndNode""]
```"
43,"The description describes the following activities without decisions:
Activities:
0. Plan and Manage Iteration
1. Initiate Project
2. Identify and Refine Requirements
3. Agree on technical approach

Activities 0 and 1 happen at the same time, followed by activity 2 which also happens at the same time with itself (i.e. Identify and Refine Requirements is a single activity that happens after the first two). Afterwards, activity 3 happens. Thus, the final activity diagram should look like the following:
```mermaid
graph LR
0[""StartNode""] --> 1[""Plan and Manage Iteration""]
0 --> 2[""Initiate Project""]
1 --> 3[""Identify and Refine Requirements""]
2 --> 3
3 --> 4[""Agree on technical approach""]
4 --> 5[""EndNode""]
```"
44,"The description contains the following activities and decisions:
Activities:
0. Prepare TS
1. Create development plan
2. Development and unit testing
3. Assembly
4. Assembly test
Decisions:
0. Solution accepted for testing?

The process specifies that activities 0, 1, 2, 3, 4 happen in sequence. After activity 4, decision 0 is made. If decision 0 is yes, then the process ends. If decision 0 is no, then the process goes back to activity 2. Thus, the final activity diagram should look like the following:
```mermaid
graph LR
0[""StartNode""] --> 1[""Prepare TS""]
1 --> 2[""Create development plan""]
2 --> 3[""Development and unit testing""]
3 --> 4[""Assembly""]
4 --> 5[""Assembly test""]
5 --> 6{""Solution accepted for testing?""}
6 --> |""Yes""|7[""EndNode""]
6 --> |""No""|3
```"
45,"The description contains the following activities and decisions:
Activities:
0. Customer has a problem
1. Provide problem description
2. Explain solution
3. Ask for 1st level support
4. Check result
5. Provide feedback for account manager
6. Ask developer
7. Provide feedback for 1st level support
Decisions:
0. Can handle problem themselves?
1. Is issue resolved?

The process specifies that activity 0 and 1 happen first, followed by decision 0. If decision 0 is yes, then activity 2 happens, followed by decision 1. If decision 1 is yes, then activity 5 happens and the process ends. If decision 1 is no, then activity 6 happens. If decision 0 is no, then activity 3 happens, followed by activity 6. Activity 6 is followed by activity 7, and then activity 5. Thus, the final activity diagram should look like the following:
```mermaid
graph LR
0[""StartNode""] --> 1[""Customer has a problem""]
1 --> 2[""Provide problem description""]
2 --> 3{""Can handle problem themselves?""}
3 --> |""Yes""|4[""Explain solution""]
3 --> |""No""|5[""Ask for 1st level support""]
4 --> 6{""Is issue resolved?""}
6 --> |""Yes""|7[""Provide feedback for account manager""]
6 --> |""No""|8[""Ask developer""]
5 --> 8
8 --> 9[""Provide feedback for 1st level support""]
9 --> 10[""Provide feedback for account manager""]
```"
46,"The description describes the following activities without decisions:
0. DB Tier deployed
1. Web Tier deployed
2. VM (mySQL) deployed
3. DB Tier deployed again
4. VM (Apache) deployed
5. VM (mySQL) deployed again
6. OS (mySQL) deployed
7. VM (Apache) deployed again
8. OS (Apache) deployed
9. Web Tier deployed again
10. OS (mySQL) deployed again
11. mySQL deployed
12. OS (Apache) deployed again
13. Apache Web Server deployed
14. mySQL deployed again
15. SugarCRM Database created
16. Apache Web Server deployed again
17. PHP Modules deployed
18. PHP Modules deployed again
19. SugarCRM App deployed
20. App connected to DB

Activity 0, 1, 2, 3, 4, 5, 6, 7, 8 happens in sequence. Then activity 9, 10, 11 happens at the same time. Then activity 12, 13 happens in sequence. Then activity 14, 15 happens in sequence. Then activity 16, 17 happens in sequence. Then activity 18, 19 happens in sequence. Finally, activity 20 happens. Thus, the final activity diagram should look like the following:
```mermaid
graph LR
0[""StartNode""] --> 1[""DB Tier deployed""]
1 --> 2[""Web Tier deployed""]
2 --> 3[""VM (mySQL) deployed""]
3 --> 4[""DB Tier deployed again""]
4 --> 5[""VM (Apache) deployed""]
5 --> 6[""VM (mySQL) deployed again""]
6 --> 7[""OS (mySQL) deployed""]
7 --> 8[""VM (Apache) deployed again""]
8 --> 9[""OS (Apache) deployed""]
9 --> 10[""Web Tier deployed again""]
10 --> 11[""OS (mySQL) deployed again""]
10 --> 12[""mySQL deployed""]
11 --> 12
12 --> 13[""OS (Apache) deployed again""]
13 --> 14[""Apache Web Server deployed""]
14 --> 15[""mySQL deployed again""]
15 --> 16[""SugarCRM Database created""]
14 --> 17[""PHP Modules deployed""]
17 --> 18[""SugarCRM App deployed""]
17 --> 19[""PHP Modules deployed again""]
19 --> 20[""App connected to DB""]
20 --> 21[""EndNode""]
```"
47,"The description contains the following activities and decisions:
Activities:
0. Create Order
1. Specify Quantity
2. Send to Storage Manager
3. Check Availability
4. Prepare for Shipping
5. Add Delivery Confirmation
6. Forward to External Vendor
7. Check Availability Again
8. Send to Requesting Employee
9. Ship Reordered Product
10. Send Delivery Confirmation to Storage Manager
11. Add Delivery Confirmation to Product
12. Send Invoice to Accountant
Decisions:
0. Product Available?

The process specifies that activities 0, 1, 2 happen in sequence, followed by decision 0. If decision 0 is yes, then activities 4, 5 happen. If decision 0 is no, then activity 6 happens, followed by decision 0 again. If decision 0 is yes, then activities 4, 5 happen. If decision 0 is no, then activity 6 happens again. After activities 4, 5 happen, activity 8 happens. After activity 6 happens, activity 9 happens, followed by activity 8. Activity 8 is followed by activity 10, 11, 12. Thus, the final activity diagram should look like the following:
```mermaid
graph LR
0[""StartNode""] --> 1[""Create Order""]
1 --> 2[""Specify Quantity""]
2 --> 3[""Send to Storage Manager""]
3 --> 4{""Product Available?""}
4 --> |""Yes""|5[""Prepare for Shipping""]
4 --> |""No""|6[""Forward to External Vendor""]
5 --> 7[""Add Delivery Confirmation""]
6 --> 4
5 --> 8[""Send to Requesting Employee""]
6 --> 9[""Ship Reordered Product""]
9 --> 8
8 --> 10[""Send Delivery Confirmation to Storage Manager""]
10 --> 11[""Add Delivery Confirmation to Product""]
11 --> 12[""Send Invoice to Accountant""]
12 --> 13[""EndNode""]
```"
48,"The description describes the following activities and decisions:
Activities:
1. Project Rejected
2. Project Implemented
Decisions:
0. Is Project Economically Beneficial?
1. Are there Additional Goals?
2. Is there User Acceptance?

The process specifies that decision 0 happens first. If decision 0 is no, then decision 1 happens. If decision 1 is no, then activity 1 happens. If decision 1 is yes, then decision 2 happens. If decision 2 is yes, then activity 2 happens; no activity 1. If decision 0 is yes, then also decision 2 happens. If decision 2 is yes, then activity 2 happens, otherwise, activity 1. Thus, the final activity diagram should look like the following:
```mermaid
graph LR
0[""StartNode""] --> 1{""Is Project Economically Beneficial?""}
1 --> |""No""|2{""Are there Additional Goals?""}
1 --> |""Yes""|3{""Is there User Acceptance?""}
2 --> |""No""|4[""Project Rejected""]
2 --> |""Yes""|3
3 --> |""Yes""|5[""Project Implemented""]
3 --> |""No""|4
4 --> 6[""EndNode""]
5 --> 6
```"
49,"The description contains the following identical activities without decisions:
0. Notify successful payment
1. Notify successful payment
2. Notify successful payment

It seems to be redundant in the description, but indeed, the notice appears three times and it's same ""notify message processing result "". I'd simplify the activities as notify successful payment with multiple parallel identical instances


The description describes the process starting with three of the same activity happening at the same time, followed by none activities, resulting simply in an end. Thus, the final activity diagram should look like the following:
```mermaid
graph LR
0[""StartNode""] --> 1[""Notify successful payment""]
0 --> 2[""Notify successful payment""]
0 --> 3[""Notify successful payment""]
1 --> 4[""EndNode""]
2 --> 4
3 --> 4
```"
50,"The description describes the following activities without decisions:
0. Move cargo to warehouse
1. Conduct physical examination of cargo
2. Check documents
3. Register custom declaration
4. Provide support documents
5. Release goods
6. Send release notice

Activities 0, 1, 2 happen at the same time, followed by activities 3 and 4. Afterwards, activities 5 and 6 happen at the same time. Thus, the final activity diagram should look like the following:
```mermaid
graph LR
0[""StartNode""] --> 1[""Move cargo to warehouse""]
0 --> 2[""Conduct physical examination of cargo""]
0 --> 3[""Check documents""]
1 --> 4[""Register custom declaration""]
2 --> 4
3 --> 4
4 --> 5[""Provide support documents""]
4 --> 6[""Release goods""]
4 --> 7[""Send release notice""]
6 --> 8[""EndNode""]
7 --> 8
```"
51,"The description contains the following activities without decisions:
Activities:
0. Initiate project
1. Conduct information search
2. Iteratively Develop Annotated Bibliography
3. Iteratively Develop Literature Review
4. Iteratively Develop Project Proposal
5. Iteratively Develop Project Presentation
6. Deliver Presentation

The description specifies that activity 0 happens first, followed by activities 1 and 2 happening in sequence. Activity 1 produces the data object ""Relevant literature resources"", which is accessed by activity 2 and 3. Activity 2 produces the data object ""Annotated bibliography"", which is accessed by activity 3. Activity 3 requires accessing the data object ""Relevant literature resources"" and ""Annotated bibliography"". Activities 4 and 5 happen simultaneously, with activity 4 requiring accessing the data object ""Literature review"" and activity 5 producing the data object ""Proposal presentation"" and requiring accessing the data object ""Relevant literature resources"". Finally, activity 6 happens, requiring accessing the data object ""Proposal presentation"". Thus, the final activity diagram should look like the following:
```mermaid
graph LR
0[""StartNode""] --> 1[""Initiate project""]
1 --> 2[""Conduct information search""]
2 --> 3[""Iteratively Develop Annotated Bibliography""]
3 --> 4[""Iteratively Develop Literature Review""]
4 --> 5[""Iteratively Develop Project Proposal""]
4 --> 6[""Iteratively Develop Project Presentation""]
5 --> 7[""Deliver Presentation""]
6 --> 7
```"
52,"The description contains the following activities and decisions:
Activities:
0. Receive issue
1. Open ticket
2. Edit 1st level ticket
3. Edit 2nd level ticket
4. Send email to account manager
5. Insert issue into product backlog
6. Close ticket
Decisions:
0. Result?

The process specifies that activity 0 and 1 happen first, followed by activity 2. Then decision 0 is made. If decision 0 is ""2nd level issue"", then activity 3 happens. If decision 0 is ""resolved"", then activity 4 happens. The process then loops back to decision 0. If decision 0 is ""2nd level issue"", then activity 3 happens. If decision 0 is ""resolved"", then activity 4 happens. Then activity 5 and 6 happen. Thus, the final activity diagram should look like the following:
```mermaid
graph LR
0[""StartNode""] --> 1[""Receive issue""]
1 --> 2[""Open ticket""]
2 --> 3[""Edit 1st level ticket""]
3 --> 4{""Result?""}
4 --> |""2nd level issue""|5[""Edit 2nd level ticket""]
4 --> |""resolved""|6[""Send email to account manager""]
5 --> 4
6 --> 7[""Send email to account manager""]
7 --> 8[""Close ticket""]
8 --> 9{""Result?""}
9 --> |""next release""|10[""Insert issue into product backlog""]
9 --> |""resolved""|11[""Send email to account manager""]
10 --> 11
11 --> 12[""Close ticket""]
12 --> 13[""EndNode""]
```"
53,"The description describes the following activities without decisions:
0. Pay Airline Company
1. Pay HOTEL
2. Pay Car Rental

These activities happen at the same time, and after they are completed, the process ends. Thus, the final activity diagram should look like the following:
```mermaid
graph LR
0[""StartNode""] --> 1[""Pay Airline Company""]
0 --> 2[""Pay HOTEL""]
0 --> 3[""Pay Car Rental""]
1 --> 4[""EndNode""]
2 --> 4
3 --> 4
```"
54,"A very simple one!

There are only two activities:
0. Continue process
1. Bring process to an end

Both activities happen at the same time. Since bringing the process to an end implies that the process is completed, it's a bit paradoxical to continue the process and end it at the same time. However, based on the description, the activity diagram would look like this:
```mermaid
graph LR
0[""StartNode""] --> 1[""Continue process""]
0 --> 2[""Bring process to an end""]
```"
55,"The description contains the following activities and decisions:
Activities:
0. Start
1. Verify RFQ
2. Ask for more information
3. Provide LandM cost estimates
4. Provide clarification
5. Add overhead cost and generate pricing options
6. Generate sales quote
Decisions:
0. RFQ is verified as ""ok""?

The process specifies that activity 0 happens first, followed by activity 1 and decision 0. If decision 0 is no, then activity 2 happens. If more information is requested after that, then activity 2 happens again. If decision 0 is yes at any point, then activity 3 happens. Activity 3 is followed by activity 5 and if more information is requested, activity 4 happens. After activity 4 and 5 happens, activity 6 happens and the process ends. Thus, the final activity diagram should look like the following:
```mermaid
graph LR
0[""Start""] --> 1[""Verify RFQ""]
1 --> 2{""RFQ is verified as 'ok'?""}
2 --> |""No""|3[""Ask for more information""]
3 --> 1
2 --> |""Yes""|4[""Provide LandM cost estimates""]
4 --> 5[""Add overhead cost and generate pricing options""]
5 --> 6[""Generate sales quote""]
4 --> 7[""More information is requested:""]
7 --> 8[""Provide clarification""]
8 --> 5
```"
56,"The description describes the following activities without decisions:
0. Send XYZ Message
1. Ensure message data integrity
2. Check for changes since signed
3. Check Lodgment Acceptability
4. Establish manual examination requirement
5. Generate Error report
6. Produce Lodgment Verification Report

Activity 0, 1, 2, 3, 4, 5, 6 happen in sequence. Thus, the final activity diagram should look like the following:
```mermaid
graph LR
0[""StartNode""] --> 1[""Send XYZ Message""]
1 --> 2[""Ensure message data integrity""]
2 --> 3[""Check for changes since signed""]
3 --> 4[""Check Lodgment Acceptability""]
4 --> 5[""Establish manual examination requirement""]
4 --> 6[""Generate Error report""]
5 --> 7[""Produce Lodgment Verification Report""]
6 --> 7
7 --> 8[""EndNode""]
```"
57,"The description contains the following activities without decisions:
0. Check customers' credit history
1. Conduct a property title search
2. Conduct Property Survey
3. End of process

Activities 0 and 1 happen at the same time at the beginning, which also involve accessing data object ""credit history file"" and generating data object ""Survey document"". Then the process ends. Thus, the final activity diagram should look like the following:
```mermaid
graph LR
0[""StartNode""] --> 1[""Check customers' credit history""]
0 --> 2[""Conduct a property title search""]
1 --> 3[""Conduct Property Survey""]
2 --> 3
3 --> 4[""End of process""]
```"
58,"The description contains the following activities and decisions:
Activities:
0. Send letter
1. Check for correctness
2. Make phone call
3. Add mail number and date
4. Record and archive letter
5. Transmit letter
6. Register with Miranda
7. Make membership decision
8. Stamp ""new member"" and date
9. Provide negative answer
10. Add new member
11. Calculate membership fee
12. Write down amount
13. Prepare invoice at home
14. Send membership card
15. Print membership card
16. Send invoices
Decisions:
0. Correctness
1. Membership decision
2. Membership again

The process specifies that activity 0 happens first, followed by decision 0. If decision 0 is no, then activity 2 happens. If decision 0 is yes, then activities 3, 1 happen in sequence. Then decision 0 is made again. If decision 0 is no, then activity 2 happens. If decision 0 is yes, then activities 4, 5, 6 happen in sequence. Then decision 1 is made. If decision 1 is no, then activity 9 happens and the process ends. If decision 1 is yes, then activities 8, 3 happen in sequence. Then decision 2 is made. If decision 2 is no, then activity 9 happens and the process ends. If decision 2 is yes, then activities 8, 10, 11, 12 happen in sequence. Then activities 13, 14, 15, 16 happen in sequence and the process ends. Thus, the final activity diagram should look like the following:
```mermaid
graph LR
0[""StartNode""] --> 1[""Send letter""]
1 --> 2[""Check for correctness""]
2 --> 3{""Correctness""}
3 --> |""No""|4[""Make phone call""]
3 --> |""Yes""|5[""Add mail number and date""]
4 --> 2
5 --> 2
2 --> 3{""Correctness""}
3 --> |""No""|4
3 --> |""Yes""|6[""Record and archive letter""]
6 --> 7[""Transmit letter""]
7 --> 8[""Register with Miranda""]
8 --> 9{""Membership decision""}
9 --> |""No""|10[""Provide negative answer""]
9 --> |""Yes""|11[""Stamp new member and date""]
10 --> 12[""EndNode""]
11 --> 13[""Add mail number and date""]
13 --> 14{""Membership again""}
14 --> |""No""|10
14 --> |""Yes""|15[""Stamp new member and date""]
15 --> 16[""Add new member""]
16 --> 17[""Calculate membership fee""]
17 --> 18[""Write down amount""]
18 --> 19[""Prepare invoice at home""]
19 --> 20[""Send membership card""]
20 --> 21[""Print membership card""]
21 --> 22[""Send invoices""]
22 --> 12
```"
59,"The description describes the following activities without decisions:
0. Incoming Frozen Item
1. Poultry
2. Fish
3. Beef
4. Pork
5. Type Categorization
6. White Meat
7. Dark Meat
8. Deboned
9. Bone-In
10. Temperature Weight and Date Center
11. Store items based on item policy

The process specifies that activities 0, 1, 2, 3 happen at the same time, followed by activity 4. Then activity 5 happens. After that, activities 6 and 7 happen at the same time, followed by activities 8 and 9 at the same time. Then activities 4, 5, 10 happen at the same time, followed by activities 6, 10, 5. Then activities 7, 10, 5 happen at the same time, followed by activities 8, 10, 5. Then activities 9, 10, 5 happen at the same time. Finally, activity 11 happens and the process ends. Thus, the final activity diagram should look like the following:
```mermaid
graph LR
0[""Incoming Frozen Item""] --> 1[""Poultry""]
0 --> 2[""Fish""]
0 --> 3[""Beef""]
1 --> 4[""Pork""]
2 --> 4
3 --> 4
4 --> 5[""Type Categorization""]
5 --> 6[""White Meat""]
5 --> 7[""Dark Meat""]
6 --> 8[""Deboned""]
7 --> 9[""Bone-In""]
8 --> 10[""Temperature Weight and Date Center""]
9 --> 10
4 --> 10
5 --> 10
6 --> 10
6 --> 5
7 --> 10
8 --> 10
9 --> 10
10 --> 11[""Store items based on item policy""]
```"
60,"This description contains the following activities without decisions:
Activities:
0. Guest is hungry
1. Fill a pot with water
2. Fill the pot
3. Buy the sauce ingredients
4. Boil the water
5. Prepare the tomato sauce
6. Put in some noodles
7. Add some seasoning
8. Mix them with the tomato sauce
9. Meal is prepared

The process specifies that activities 1 and 3, 2 happen in a sequence and at the same time in parallel, after activity 0 happens. 
Then activity 4, 5 happen in parallel. 
Then activity 6, 7 happen in parallel. 
Finally, activity 8 and then activity 9 happens. Thus, the final activity diagram should look like the following:
```mermaid
graph LR
0[""Guest is hungry""] --> 1[""Fill a pot with water""]
1 --> 2[""Fill the pot""]
0 --> 3[""Buy the sauce ingredients""]
2 --> 4[""Boil the water""]
3 --> 5[""Prepare the tomato sauce""]
4 --> 6[""Put in some noodles""]
5 --> 7[""Add some seasoning""]
6 --> 8[""Mix them with the tomato sauce""]
7 --> 8
8 --> 9[""Meal is prepared""]
9 --> 10[""EndNode""]
```"
61,"The description contains the following activities and decisions:
Activities:
0. Receive Order
1. Check Availability
2. Ship Article
3. Procurement Activities
4. Financial Settlement
5. Receive Payment
Decisions:
0. Article Available?

The process specifies that activity 0 happens first, followed by decision 0. If decision 0 is yes, then activity 2 happens. If decision 0 is no, then activity 3 happens. After activity 3, decision 0 is checked again. If decision 0 is yes, then activity 2 happens. If decision 0 is no, then activity 3 happens again. After activity 2, activity 4 happens. After activity 4, activity 5 happens and the process ends. Thus, the final activity diagram should look like the following:
```mermaid
graph LR
0[""StartNode""] --> 1[""Receive Order""]
1 --> 2{""Article Available?""}
2 --> |""Yes""|3[""Ship Article""]
2 --> |""No""|4[""Procurement Activities""]
4 --> 2
3 --> 5[""Financial Settlement""]
4 --> 3
5 --> 6[""Receive Payment""]
6 --> 7[""EndNode""]
```"
62,"The description describes the following activities without decisions:
0. Generate payment report
1. Pay vendor
2. Send payment report to Accounts Receivable Department
3. Send payment report to Registry
4. Generate monthly invoices for clients
5. Select paper-based invoices that have been paid
6. Charge client $35 per invoice
7. Archive invoices per vendor
8. Track down payment
9. Archive invoices per payment date

Activity 0 happens first, followed by activity 1. Activity 2 and 3 happen at the same time. Afterwards, activity 4 and 5 happen. Activity 4 leads to activity 6, which marks the end of the process. Activity 7 and 8 happen at the same time, followed by activity 9, which marks the end of the process. Thus, the final activity diagram should look like the following:
```mermaid
graph LR
0[""StartNode""] --> 1[""Generate payment report""]
1 --> 2[""Pay vendor""]
1 --> 3[""Send payment report to Accounts Receivable Department""]
1 --> 4[""Send payment report to Registry""]
3 --> 5[""Generate monthly invoices for clients""]
4 --> 6[""Select paper-based invoices that have been paid""]
5 --> 7[""Charge client $35 per invoice""]
7 --> 8[""EndNode""]
6 --> 9[""Archive invoices per vendor""]
9 --> 10[""Track down payment""]
9 --> 11[""Archive invoices per payment date""]
10 --> 11
11 --> 8
```"
63,"The description describes the following activities without decisions:
0. Receive order
1. Send invoice
2. Ship products
3. Receive payment

Activity 0 happens first, followed by activities 1 and 2 happen at the same time. Afterwards, activity 3 happens after activity 1. Thus, the final activity diagram should look like the following:
```mermaid
graph LR
0[""Receive order""] --> 1[""Send invoice""]
0 --> 2[""Ship products""]
1 --> 3[""Receive payment""]
2 --> 3
3 --> 4[""EndNode""]
```"
64,"The description describes the following activities without decisions:
0. Enter requested information
1. Type in date of arrival at SSP
2. Type in client name
3. Type in vendor name

Activities 0, 1, 2, 3 happen at the same time. Thus, the final activity diagram should look like the following:
```mermaid
graph LR
0[""StartNode""] --> 1[""Enter requested information""]
0 --> 2[""Type in date of arrival at SSP""]
0 --> 3[""Type in client name""]
0 --> 4[""Type in vendor name""]
1 --> 5[""EndNode""]
2 --> 5
3 --> 5
4 --> 5
```"
65,"The description contains the following activities and decisions:
Activities:
0. Visit www.katyd.cz
1. Fill out form
2. Check Method of payment
3. Payment information
4. Payment process
5. Check Variant of subscription
6. Assign subscription rights
7. Register payment information
8. Renew subscription
9. Generate code
10. Enter code
Decisions:
0. Method of payment
1. Variant of subscription

The process specifies that activity 0 and 1 happen first, followed by decision 0. If decision 0 is offline, then activity 3 happens, otherwise activity 4 happens. Then decision 1 happens. If decision 1 is only print, then activities 7 and 8 happen and the process ends. If decision 1 is online or print&online, then activity 6 happens, and if decision 0 is online, then activities 7 and 8 happen, otherwise activity 9 happens. If activity 9 happens, then activity 10 happens, and then activity 6 happens. Thus, the final activity diagram should look like the following:
```mermaid
graph LR
0[""StartNode""] --> 1[""Visit www.katyd.cz""]
1 --> 2[""Fill out form""]
2 --> 3{""Method of payment""}
3 --> |""offline""|4[""Payment information""]
3 --> |""online""|5[""Payment process""]
4 --> 6[""Check Variant of subscription""]
5 --> 6
6 --> 7{""Variant of subscription""}
7 --> |""only print""|8[""Register payment information""]
7 --> |""online or print&online""|9[""Assign subscription rights""]
8 --> 10[""Renew subscription""]
9 --> 11[""Generate code""]
11 --> 12[""Enter code""]
12 --> 9
10 --> 13[""EndNode""]
```"
66,"The description describes the following activities without decisions:
0. Draft Contract
1. Contract undergoes Legal Review
2. Contract undergoes Financial Review
3. Contract finalized

The activities happen in sequence. Thus, the final activity diagram should look like the following:
```mermaid
graph LR
0[""StartNode""] --> 1[""Draft Contract""]
1 --> 2[""Contract undergoes Legal Review""]
2 --> 3[""Contract undergoes Financial Review""]
3 --> 4[""Contract finalized""]
4 --> 5[""EndNode""]
```"
67,"The description contains the following activities and decisions:
Activities:
0. Check if we can fulfill the order
1. Confirm order
2. Reject order
3. Inform that the order has been rejected
4. Deliver order
5. Inform that the order has been successfully delivered
Decisions:
0. Can fulfill order?

The process specifies that activity 0 happens first, followed by decision 0. If decision 0 is yes, then activity 1 happens. If decision 0 is no, then activities 2 and 3 happens and the process ends at the first part of decision 0. But actually the description also states that it does not end here and activity 0 appears to happen secondly again. As a result, decision 0 happens again and by now, if the outcome is yes, then the diagram proceeds to deliver the order by doing activity 4 and inform that the order has been successfully delivered through activity 5 instead of solely confirming the order. If decision 0 at the second time is no however, activity 2 and 3 is not described and consequently is omitted, therefore activity 5 can not be triggered indirectly too and solely becomes an element which belongs to the sole action 4 due to their splat roots that register at further element. Thus, the final activity diagram should look like the following:
```mermaid
graph LR
0[""StartNode""] --> 1{""Can fulfill order?""}
1 --> |""Yes""|2[""Confirm order""]
1 --> |""No""|3[""Reject order""] 
3 --> 4[""Inform that the order has been rejected""]
3 --> 1
2 --> 1
1 --> |""Yes""|5[""Deliver order""]
1 --> |""No""|3
5 --> 6[""Inform that the order has been successfully delivered""] 
6 --> 7[""EndNode""]
```"
68,"The description contains the following activities and decisions:
Activities:
0. Check if we can fulfill the order
1. Confirm the order
2. Reject the order
3. Deliver the order
4. Inform that the order has been rejected
5. Inform that the order has been successfully delivered
Decisions:
0. Can we fulfill the order?

The process specifies that decision 0 happens first. If decision 0 is yes, then activity 1 happens, followed by activity 3. If decision 0 is no, then activity 2 happens, and the process ends with activity 4. After decision 0, decision 0 happens again. If decision 0 is yes this time, then activity 1 happens, followed by activity 3. If decision 0 is no, then activity 2 happens, and the process ends with activity 4. Thus, the final activity diagram should look like the following:
```mermaid
graph LR
0[""StartNode""] --> 1{""Can we fulfill the order?""}
1 --> |""Yes""|2[""Confirm the order""]
1 --> |""No""|3[""Reject the order""]
2 --> 4[""Deliver the order""]
3 --> 5[""Inform that the order has been rejected""]
4 --> 6[""Inform that the order has been successfully delivered""]
1 --> |""Yes""|2
1 --> |""No""|3
5 --> 7[""EndNode""]
6 --> 7
```"
69,"The description describes the following activities without decisions:
0. Generate payment report
1. Pay vendor
2. Send payment report to Accounts Receivable Department
3. Send payment report to registry
4. Generate monthly invoices for clients
5. Select paper-based invoices that have been paid
6. Charge client $35 per invoice
7. Archive invoices per vendor
8. Archive invoices per payment data
9. Track down payment

Activities 0 and 1 happen first. Then activities 2 and 3 happen at the same time. Activity 2 leads to activity 4, and activity 3 leads to activity 5 and then activity 7. Activity 7 leads to activity 8 and 9, which happen simultaneously. Activity 4 leads to activity 6. Activity 6, 8, and 9 all lead to the end of the process. Thus, the final activity diagram should look like the following:
```mermaid
graph LR
0[""StartNode""] --> 1[""Generate payment report""]
1 --> 2[""Pay vendor""]
1 --> 3[""Send payment report to AR Dept""]
1 --> 4[""Send payment report to registry""]
3 --> 5[""Generate monthly invoices for clients""]
4 --> 6[""Select paper-based invoices that have been paid""]
5 --> 7[""Charge client $35 per invoice""]
6 --> 8[""Archive invoices per vendor""]
8 --> 9[""Archive invoices per payment data""]
8 --> 10[""Track down payment""]
7 --> 11[""EndNode""]
9 --> 11
10 --> 11
```"
70,"The description contains the following activities and decisions:
Activities:
0. Contact customer
1. Postpone shipment
2. Terminate order
3. Order out-of-stock merchandise
4. Notify customer of shipping date
5. Contact customer
Decisions:
0. Customer still wants order?

The process specifies that activity 0 happens first, followed by decision 0. If decision 0 is yes, then activities 1, 3, 4, 5 happens in sequence. If decision 0 is no, then activity 2 happens and the process ends. Thus, the final activity diagram should look like the following:
```mermaid
graph LR
0[""StartNode""] --> 1[""Contact customer""]
1 --> 2{""Customer still wants order?""}
2 --> |""Yes""|3[""Postpone shipment""]
2 --> |""No""|4[""Terminate order""]
3 --> 5[""Order out-of-stock merchandise""]
5 --> 6[""Notify customer of shipping date""]
6 --> 7[""Contact customer""]
7 --> 8[""EndNode""]
4 --> 8
```"
71,"The description describes the following activities without decisions:
0. Receive attendance request
1. Send email to advisor1
2. Send email to advisor2
3. Send email to advisor3
4. Respond to central office

Activity 0 happens first, followed by activities 1, 2, and 3 happen at the same time. Afterwards, activity 4 happens. Thus, the final activity diagram should look like the following:
```mermaid
graph LR
0[""Receive attendance request""] --> 1[""Send email to advisor1""]
0 --> 2[""Send email to advisor2""]
0 --> 3[""Send email to advisor3""]
1 --> 4[""Respond to central office""]
2 --> 4
3 --> 4
```"
72,"The description describes the following activities without decisions:
0. Prepare shipment
1. Bill customer

Both activities happen at the same time, after which the process ends. Thus, the final activity diagram should look like the following:
```mermaid
graph LR
0[""StartNode""] --> 1[""Prepare shipment""]
0 --> 2[""Bill customer""]
1 --> 3[""EndNode""]
2 --> 3
```"
73,"This description contains the following activities and decisions:
Activities:
0. Verify RFQ
1. Ask for more information
2. Analyze RFQ and provide L&M Cost Estimates
3. Ask for clarification
4. Add overhead costs
5. Generate pricing options
6. Provide clarification and verify RFQ
7. Generate sales quote
Decisions:
0. RFQ verified?

The process specifies that activity 0 happens first, followed by decision 0. If decision 0 is no, then activity 1 happens. Then decision 0 is checked again. If decision 0 is no again, then activity 1 happens again, and then activity 3 happens. After that, activity 2 happens. Then activity 4 and 5 happens. After that, activity 6 happens, and then decision 0 is checked again. If decision 0 is yes, then activity 4 and 5 happens again. After that, activity 7 happens and the process ends. Thus, the final activity diagram should look like the following:
```mermaid
graph LR
0[""StartNode""] --> 1[""Verify RFQ""]
1 --> 2{""RFQ verified?""}
2 --> |""No""|3[""Ask for more information""]
2 --> |""Yes""|4[""Analyze RFQ and provide L&M Cost Estimates""]
3 --> 2
4 --> 2
2 --> |""No""|5[""Ask for clarification""]
5 --> 4
4 --> 6[""Add overhead costs""]
4 --> 7[""Generate pricing options""]
6 --> 8[""Provide clarification and verify RFQ""]
7 --> 8
8 --> 2
2 --> |""Yes""|9[""Add overhead costs""]
9 --> 10[""Generate pricing options""]
10 --> 11[""Generate sales quote""]
11 --> 12[""EndNode""]
```"
74,"The description describes the following activities without decisions:
0. Payment reports to Registry
1. Validated invoices to Registry
2. Receive Payment reports
3. Receive validated invoices
4. Select paid invoices
5. Sort invoices by vendor
6. Sort invoices by payment date
7. Archive invoices
8. Determine Invoices location
9. End of process

Activities 0 and 1 happen first, followed by activity 2 and 3. Afterwards, activity 4, 5, 6, 7, 8, 9 happen in sequence. Thus, the final activity diagram should look like the following:
```mermaid
graph LR
0[""StartNode""] --> 1[""Payment reports to Registry""]
1 --> 2[""Validated invoices to Registry""]
2 --> 3[""Receive Payment reports""]
2 --> 4[""Receive validated invoices""]
3 --> 5[""Select paid invoices""]
4 --> 5
5 --> 6[""Sort invoices by vendor""]
6 --> 7[""Sort invoices by payment date""]
7 --> 8[""Archive invoices""]
8 --> 9[""Determine Invoices location""]
9 --> 10[""End of process""]
```"
75,"The description contains the following activities and decisions:
Activities:
0. Receive Order
1. Check Availability
2. Receive Payment
3. Procurement
4. Ship Article
5. Financial Settlement
Decisions:
0. Article available?

The process specifies that activity 0 happens first, followed by decision 0. If decision 0 is yes, then activities 2 and 4 happens in sequence, followed by activity 5. If decision 0 is no, then activity 3 and 2 happens in sequence, followed by activity 4 and 5. Thus, the final activity diagram should look like the following:
```mermaid
graph LR
0[""StartNode""] --> 1[""Receive Order""]
1 --> 2[""Check Availability""]
2 --> 3{""Article available?""}
3 --> |""Yes""|4[""Receive Payment""]
3 --> |""No""|5[""Procurement""]
4 --> 6[""Ship Article""]
6 --> 7[""Financial Settlement""]
5 --> 8[""Receive Payment""]
8 --> 6
7 --> 9[""EndNode""]
```"
76,"The description contains the following activities and decisions:
Activities:
0. Procure Part
1. Part Auction
Decisions:
0. All parts available?

The process specifies that activity 0 happens first, followed by decision 0. If decision 0 is yes, then the process ends. If decision 0 is no, then decision 0 is checked again. If decision 0 is yes, then the process ends. If decision 0 is no, then activity 1 happens and the process ends. Thus, the final activity diagram should look like the following:
```mermaid
graph LR
0[""StartNode""] --> 1[""Procure Part""]
1 --> 2{""All parts available?""}
2 --> |""Yes""|3[""EndNode""]
2 --> |""No""|4{""All parts available?""}
4 --> |""Yes""|3
4 --> |""No""|5[""Part Auction""]
5 --> 3
```"
77,"The description describes the following activities and decisions:
Activities:
0. Request petty cash
1. Write a check
2. Enter vendor, product description, and amount
3. Check if seller accepts check
4. Cash check
5. Purchase products
6. Pay vendor
Decisions:
0. Seller accepts check?

The process specifies that activities 0, 1, 2 happen in sequence. Then decision 0 is made. If decision 0 is no, then activity 4 happens. If decision 0 is yes, then activity 5 happens. Afterwards, activity 6 happens. Thus, the final activity diagram should look like the following:
```mermaid
graph LR
0[""StartNode""] --> 1[""Request petty cash""]
1 --> 2[""Write a check""]
2 --> 3[""Enter vendor, product description, and amount""]
3 --> 4{""Seller accepts check?""}
4 --> |""No""|5[""Cash check""]
4 --> |""Yes""|6[""Purchase products""]
5 --> 7[""Pay vendor""]
6 --> 7
7 --> 8[""EndNode""]
```"
78,"The description describes the following activities without decisions:
Activities
1. eBay account created
2. Login to Account
3. Browse for item
4. Seller reviews item
5. Customer reviews item
6. Seller complete review
7. Item reviewed

Activity 1 and 2 happen first, followed by activity 3. Then activities 4 and 5 happen at the same time. Finally activities 6 and 7 happen. Note: This activity 6 and 7 seems mostly redundant to activity 4 and 5, or can be a status post from item being reviewed or seller review complete. However, we will leave them all for completeness. 
```mermaid
graph LR
0[""StartNode""] --> 1[""eBay account created""]
1 --> 2[""Login to Account""]
2 --> 3[""Browse for item""]
3 --> 4[""Seller reviews item""]
3 --> 5[""Customer reviews item""]
4 --> 6[""Seller complete review""]
5 --> 7[""Item reviewed""]
6 --> 8[""EndNode""]
7 --> 8
```"
79,"The description contains the following activities and decisions:
Activities:
0. Report Problem
1. Send Problem for Evaluation
2. Receive Estimate
3. Authorize Repair
4. Take Back Computer
5. Submit Authorization
6. Receive Documentation
7. Receive Incomplete Notice
8. Check if Computer Fixed
9. Send Payment
10. Pick Up Computer
Decisions:
0. Agree with Estimate?
1. Authorize Repair?
2. Repair Successful?
3. Computer Fixed?

The process specifies that activity 0 happens first, followed by activity 1, 2. Then decision 0 is made. If decision 0 is no, then activity 4 happens and the process ends. If decision 0 is yes, then activity 3 happens. After that, decision 1 is made. If decision 1 is no, then activity 4 happens and the process ends. If decision 1 is yes, then activity 5, 6 happens. Then decision 2 is made. If decision 2 is no, then activity 7 happens. If decision 2 is yes, then activity 8 happens. Then decision 3 is made. If decision 3 is no, then activity 10 happens and the process ends. If decision 3 is yes, then activity 9 happens and the process ends. Thus, the final activity diagram should look like the following:
```mermaid
graph LR
0[""StartNode""] --> 1[""Report Problem""]
1 --> 2[""Send Problem for Evaluation""]
2 --> 3[""Receive Estimate""]
3 --> 4{""Agree with Estimate?""}
4 --> |""No""|5[""Take Back Computer""]
4 --> |""Yes""|6[""Authorize Repair""]
6 --> 7{""Authorize Repair?""}
7 --> |""No""|5
7 --> |""Yes""|8[""Submit Authorization""]
8 --> 9[""Receive Documentation""]
9 --> 10{""Repair Successful?""}
10 --> |""No""|11[""Receive Incomplete Notice""]
10 --> |""Yes""|12[""Check if Computer Fixed""]
11 --> 12
12 --> 13{""Computer Fixed?""}
13 --> |""No""|14[""Pick Up Computer""]
13 --> |""Yes""|15[""Send Payment""]
14 --> 16[""EndNode""]
15 --> 16
```"
80,"The description describes the following activities without decisions:
0. Advise unsuccessful shortlisted candidates verbally
1. Provide feedback
2. Receive signed letter of appointment
3. Scan letter into career website
4. Send offer in writing
5. Receive signed letter of appointment (again)
6. Scan letter into career website (again)
7. Close vacancy

Activities 0 and 1 happen at the same time. Afterwards, activities 2, 3, 4, 5, 6, 7 happen in sequence. Thus, the final activity diagram should look like the following:
```mermaid
graph LR
0[""StartNode""] --> 1[""Advise unsuccessful shortlisted candidates verbally""]
0 --> 2[""Provide feedback""]
1 --> 3[""Receive signed letter of appointment""]
2 --> 3
3 --> 4[""Scan letter into career website""]
4 --> 5[""Send offer in writing""]
5 --> 6[""Receive signed letter of appointment""]
6 --> 7[""Scan letter into career website""]
7 --> 8[""Close vacancy""]
8 --> 9[""EndNode""]
```"
81,"The description describes the following activities without decisions, but with parallel processes that end independently:
0. Enter details manually
1. Enter vendor name
2. Enter client name
3. Enter date of arrival

Activity 0 is the starting point, and activities 1, 2, and 3 happen at the same time. Each of activities 1, 2, and 3 ends the process independently. Thus, the final activity diagram should look like the following:
```mermaid
graph LR
0[""StartNode""] --> 1[""Enter details manually""]
1 --> 2[""Enter vendor name""]
1 --> 3[""Enter client name""]
1 --> 4[""Enter date of arrival""]
2 --> 5[""EndNode""]
3 --> 5
4 --> 5
```"
82,"The description describes the following activities and decisions:
Activities:
0. Verify content of shipment
1. Perform quality inspection
2. Store materials in right location
3. Material is wrong or defective
Decisions:
0. Material okay?

The process specifies that activity 0 and 1 happen first, followed by decision 0. If decision 0 is yes, then activity 2 happens and the process ends. If decision 0 is no, then activity 3 happens and the process ends. However, it is also mentioned that the step of checking if the material is okay needs to be repeated. Thus, the final activity diagram should look like the following:
```mermaid
graph LR
0[""StartNode""] --> 1[""Verify content of shipment""]
1 --> 2[""Perform quality inspection""]
2 --> 3{""Material okay?""}
3 --> |""Yes""|4[""Store materials in right location""]
3 --> |""No""|5[""Material is wrong or defective""]
4 --> 6[""EndNode""]
5 --> 3
```"
83,"The description describes the following activities without decisions:
0. Scan the offer
1. Register the offer
2. Send the billing
3. Send the pincode information

All activities 0, 1, 2, 3 happen at the same time. Thus, the final activity diagram should look like the following:
```mermaid
graph LR
0[""StartNode""] --> 1[""Scan the offer""]
0 --> 2[""Register the offer""]
0 --> 3[""Send the billing""]
0 --> 4[""Send the pincode information""]
1 --> 5[""EndNode""]
2 --> 5
3 --> 5
4 --> 5
```"
84,"The description describes the following activities without decisions:
0. Check order
1. Process order
2. Send books
3. Update inventory
4. Order complete

Activity 0 happens first, followed by activity 1. At the same time, activity 2 and 3 happen. Afterwards, activity 4 happens. Thus, the final activity diagram should look like the following:
```mermaid
graph LR
0[""StartNode""] --> 1[""Check order""]
1 --> 2[""Process order""]
2 --> 3[""Send books""]
2 --> 4[""Update inventory""]
3 --> 5[""Order complete""]
4 --> 5
```"
85,"The description describes the following activities without decisions:
There are 16 different activities altogether, among which are:
0. Incoming Package & Plasticware Item
1. Plasticware
2. Packaging Equipment
3. Cleaning Equipment
4. Kitchen Equipment
5. Item Categorization (Aluminum Foil, etc)
6. Item Categorization (Surface cleaners, etc)
7. Forks
8. Knives
9. Spoons
10. Aluminum/Plastic Containers
11. Kitchen Equipment 
12. Container Lids
13. Plastic Wrap
14. Count
15. Store the items

Activity 0, 1, 2, 3 happens simultaneously at the start of the process. Then 4, 5, 6, 7, 8, 9 happens in sequence. Followd by, 10, 11, 12 and 5, 14 happens in sequence. Thereafter 13 and 6 and 14 happens in sequence. Also 7, 8, 9, 10, 12, and 13 and 14 happens. Then activity 15 ends the process. Thus, the final activity diagram should look like the following:
```mermaid
graph LR
0[""Incoming Package & Plasticware Item""] --> 1[""Plasticware""]
0 --> 2[""Packaging Equipment""]
0 --> 3[""Cleaning Equipment""]
1 --> 4[""Kitchen Equipment""]
2 --> 4
3 --> 4
4 --> 5[""Item Categorization (Aluminum Foil, etc)""]
4 --> 6[""Item Categorization (Surface cleaners, etc)""]
4 --> 7[""Forks""]
4 --> 8[""Knives""]
4 --> 9[""Spoons""]
7 --> 14[""Count""]
8 --> 14
9 --> 14
4 --> 10[""Aluminum/Plastic Containers""]
10 --> 14
4 --> 11[""Kitchen Equipment""]
11 --> 12[""Container Lids""]
11 --> 5
11 --> 14
12 --> 14
4 --> 13[""Plastic Wrap""]
13 --> 6
6 --> 14
14 --> 15[""Store the items""]
```"
86,"This description contains the following activities and decisions:
Activities:
0. Order Request
1. Order Confirmed
2. Request for Parts
3. Parts Procured
4. Order Rejected
5. Order Delivered
Decisions:
0. Can Order be Fulfilled?
1. Is Capacity Sufficient?
2. Are all Parts Available?
3. Have all Parts been Obtained?

The description is a bit complex, but it can be broken down into the following flow:

Activity 0 happens first, followed by decision 0. If decision 0 is yes, then activity 1 happens. If decision 0 is no, then decision 1 is made. If decision 1 is yes, then activity 2 happens. If decision 1 is no, then activity 4 happens.

After activity 2, decision 2 is made. If decision 2 is yes, then activity 1 happens. If decision 2 is no, then activity 2 happens again.

After activity 1, activity 5 happens.

After activity 4, the process ends.

After activity 2, activity 3 happens, followed by decision 3. If decision 3 is yes, then activity 1 happens. If decision 3 is no, then activity 4 happens.

Thus, the final activity diagram should look like the following:
```mermaid
graph LR
0[""Order Request""] --> 1{""Can Order be Fulfilled?""}
1 --> |""Yes""|2[""Order Confirmed""]
1 --> |""No""|3{""Is Capacity Sufficient?""}
3 --> |""Yes""|4[""Request for Parts""]
3 --> |""No""|5[""Order Rejected""]
4 --> 6{""Are all Parts Available?""}
6 --> |""Yes""|2
6 --> |""No""|4
2 --> 7[""Order Delivered""]
4 --> 8[""Parts Procured""]
8 --> 9{""Have all Parts been Obtained?""}
9 --> |""Yes""|2
9 --> |""No""|5
5 --> 10[""EndNode""]
7 --> 10
```"
87,"The description contains the following activities without decisions:
Activities:
0. Validate Invoice
1. Run Payment Process
2. Generate Payment Report
3. Send Payment Report to Registry
4. Send Payment Report to Account Receivable Department
5. Send Payment Report to individual clients
6. Receive Payment Report from Payment Office
7. Generate Monthly Invoices
8. Send Invoices to clients

Activity 0 and 1 happen first, followed by activity 2 and 6 happen at the same time. Afterwards, activity 3, 4, 5 happen at the same time, and activity 7, 8 happen. Thus, the final activity diagram should look like the following:
```mermaid
graph LR
0[""StartNode""] --> 1[""Validate Invoice""]
1 --> 2[""Run Payment Process""]
2 --> 3[""Generate Payment Report""]
3 --> 4[""Send Payment Report to Registry""]
3 --> 5[""Send Payment Report to Account Receivable Department""]
3 --> 6[""Send Payment Report to individual clients""]
2 --> 7[""Receive Payment Report from Payment Office""]
7 --> 8[""Generate Monthly Invoices""]
8 --> 9[""Send Invoices to clients""]
4 --> 10[""EndNode""]
9 --> 11[""EndNode""]
```"
88,"The description contains the following activities and decisions:
Activities:
0. Backup database
1. Check CRM system for returns
2. Check client advising
3. Produce and send new table
4. Reconcile account
5. Register accounts
6. Reconcile returns with account
7. Alert supervisor
Decisions:
0. Has the ""Account Defaulter"" table changed?
1. Is it before 2:30 pm?
2. Have new returns been filed?
3. Has the client been advised?
4. Is it before 4:00 pm?

The process specifies that activity 0 happens first, followed by decision 0. If decision 0 is yes, then decision 1 is made. If decision 1 is no, then activity 7, and the process ends. If decision 0 is no, or decision 1 is yes, then activities 1, 2, and 5 happens, followed by decision 2. If decision 2 is yes, then activities 6, 3 and the process ends, or activity 5 happens. If decision 2 is no, then decision 3 is made. If decision 3 is yes, then decision 4 is made. If decision 4 is no, then activity 7, and the process ends. If decision 4 is yes, then the process ends. If decision 3 is no, then activity 3 happens. Thus, the final activity diagram should look like the following:
```mermaid
graph LR
0[""StartNode""] --> 1[""Backup database""]
1 --> 2[""Check Account Defaulter table""]
2 --> 3{""Has the table changed?""}
3 --> |""Yes""|4{""Before 2:30 pm?""}
3 --> |""No""|5[""Check CRM system for returns""]
4 --> |""No""|6[""Alert supervisor""]
4 --> |""Yes""|5
5 --> 7[""Register defaulting accounts""]
5 --> 8[""Check client advising""]
5 --> 9[""Reconcile account""]
6 --> 10[""EndNode""]
7 --> 5
8 --> 11{""Has client been advised?""}
8 --> 12{""Have new returns been filed?""}
9 --> 5
11 --> |""No""|13[""Produce and send new table""]
11 --> |""Yes""|14{""Before 4:00 pm?""}
12 --> |""Yes""|6[""Reconcile returns with account""]
12 --> |""No""|10[""EndNode""]
13 --> 5
14 --> |""No""|6[""Alert supervisor""]
14 --> |""Yes""|10[""EndNode""]
```"
89,"The description contains the following activities and decisions:
Activities:
0. Identify demand for material
1. Utilize available material
2. Specify required material demand
3. Create purchase requisition
4. Verify purchase requisition
5. Create purchase order
6. Notify vendor
7. Vendor ships goods
8. Create goods receipt
9. Generate invoice receipt
10. Make payment to vendor
Decisions:
0. Goods Available?

The process specifies that activity 0 happens first, followed by decision 0. If decision 0 is positive, then activity 1 happens and the process ends. If decision 0 is negative, then activity 2 happens, followed by activity 3, 4, 5, 6, 7, 8, 9, 10 in sequence. Thus, the final activity diagram should look like the following:
```mermaid
graph LR
0[""StartNode""] --> 1[""Identify demand for material""]
1 --> 2{""Goods Available?""}
2 --> |""Yes""|3[""Utilize available material""]
2 --> |""No""|4[""Specify required material demand""]
3 --> 5[""EndNode""]
4 --> 6[""Create purchase requisition""]
6 --> 7[""Verify purchase requisition""]
7 --> 8[""Create purchase order""]
8 --> 9[""Notify vendor""]
9 --> 10[""Vendor ships goods""]
10 --> 11[""Create goods receipt""]
11 --> 12[""Generate invoice receipt""]
12 --> 13[""Make payment to vendor""]
13 --> 5
```"
90,"The description describes the following activities without decisions:
0. Fill in the tenure application form
1. Create a letter of application
2. Prepare the attached documents
3. Lodge the application

Activities 0, 1, and 2 happen simultaneously at the beginning, followed by activity 3. Thus, the final activity diagram should look like the following:
```mermaid
graph LR
0[""StartNode""] --> 1[""Fill in the tenure application form""]
0 --> 2[""Create a letter of application""]
0 --> 3[""Prepare the attached documents""]
1 --> 4[""Lodge the application""]
2 --> 4
3 --> 4
4 --> 5[""EndNode""]
```"
91,"The description describes the following activities without decisions:
0. Scan offer presented
1. Register acceptance contract initiated
2. Billing information sent
3. Pincode information sent
4. Customer created

Activity 0 happens first, followed by activity 1. Then activity 2 and 3 happen at the same time. Afterwards, activity 4 happens. Thus, the final activity diagram should look like the following:
```mermaid
graph LR
0[""StartNode""] --> 1[""Scan offer presented""]
1 --> 2[""Register acceptance contract initiated""]
2 --> 3[""Billing information sent""]
2 --> 4[""Pincode information sent""]
3 --> 5[""Customer created""]
4 --> 5
5 --> 6[""EndNode""]
```"
92,"The description describes the following activities without decisions:
0. Register Custom Declaration and support documents
1. Ship arrival notification
2. Document Checking
3. Payment Instruction
4. Release Goods
5. Processing Import Permit
6. Release Notification to Customs
7. End process

Activity 0, 1 and 2, 3 happen simultaneously, afterwards activity 4 and 5 happens simultaneously, and finally activity 6. We assume 7 happens. Thus, the final activity diagram should look like the following:
```mermaid
graph LR
0[""StartNode""] --> 1[""Register Custom Declaration and support documents""]
0 --> 2[""Ship arrival notification""]
0 --> 3[""Document Checking""]
0 --> 4[""Payment Instruction""]
1 --> 5[""Release Goods""]
2 --> 5
3 --> 5
4 --> 5
5 --> 6[""Processing Import Permit""]
5 --> 7[""Release Notification to Customs""]
6 --> 8[""EndNode""]
7 --> 8
```"
93,"The description contains the following activities and decisions:
Activities:
0. Order Request
1. Order Confirmation
2. Procure Parts
3. Deliver Order
4. Part Auction
5. Link A
Decisions:
0. Can fulfill the order?
1. All parts available?
2. All parts obtained?

The process specifies that activity 0 happens first, followed by decision 0. If decision 0 is yes, then activity 1 happens, followed by activity 3. If decision 0 is no and capacity is sufficient but parts need to be ordered, then activity 2 happens, followed by decision 0 again. If decision 0 is no and capacity is not sufficient, then activity 6 happens and the process ends. Thus, the final activity diagram should look like the following:
```mermaid
graph LR
0[""StartNode""] --> 1[""Order Request""]
1 --> 2{""Can fulfill the order?""}
2 --> |""Yes""|3[""Order Confirmation""]
2 --> |""No""|4[""Check Capacity""]
4 --> 5{""Sufficient Capacity with Parts to Order""}
5 --> |""Yes""|6[""Procure Parts""]
5 --> |""No""|7[""Reject Order""]
6 --> 2
3 --> 8[""Deliver Order""]
8 --> 9{""All parts available?""}
9 --> |""Yes""|10[""Link A""]
9 --> |""No""|11[""Part Auction""]
11 --> 12{""All parts available?""}
12 --> |""Yes""|10
12 --> |""No""|13{""All parts obtained?""}
13 --> |""Yes""|10
13 --> |""No""|7
7 --> 14[""EndNode""]
10 --> 14
```"
94,"The description describes the following activities without decisions:
0. Define Marketing Goal
1. Determine Marketing Objectives
2. Define Primary Objectives
3. Define Primary Sub-Objectives
4. Determine Target Market
5. Understand Product/Services
6. Determine Business Location
7. Determine Product/Services Prices
8. Determine Financial Plan Budget
9. Generate Marketing Strategies
10. Create Market Development
11. Create Promotional Techniques
12. Create Monitoring Techniques

Activity 0 happens first, followed by activity 1, 2, 3 at the same time. Afterwards, activity 4, 5, 6, 7, 8, 9, 10, 11, 12 happens in sequence. Thus, the final activity diagram should look like the following:
```mermaid
graph LR
0[""StartNode""] --> 1[""Define Marketing Goal""]
1 --> 2[""Determine Marketing Objectives""]
1 --> 3[""Define Primary Objectives""]
1 --> 4[""Define Primary Sub-Objectives""]
2 --> 5[""Determine Target Market""]
3 --> 5
4 --> 5
5 --> 6[""Understand Product/Services""]
6 --> 7[""Determine Business Location""]
7 --> 8[""Determine Product/Services Prices""]
8 --> 9[""Determine Financial Plan Budget""]
9 --> 10[""Generate Marketing Strategies""]
10 --> 11[""Create Market Development""]
11 --> 12[""Create Promotional Techniques""]
12 --> 13[""Create Monitoring Techniques""]
13 --> 14[""EndNode""]
```"
95,"There are the following activities and decisions:
Activities:
0. Identify demand
1. Choose supplier
2. Check company
3. Place order
Decisions:
0. Is company our company?

The process specifies that activity 0 and 1 happen first, followed by decision 0. If decision 0 is no, the process ends. If decision 0 is yes, then activity 3 happens and the process ends. However, the description is ambiguous as it is the same process repeated. I am assuming the 2nd 'check company' activity and the next 2 paragraphs should not be considered because these are either redundant or incorrect data to put into Activity diagram.


A more likely scenario of interpreting the description is:


1. Identify demand
2. Choose supplier
3. Check if it is our company. If it is our company, then proceed to place an order if not then do nothing or if no determining next steps.


Thus the final activity diagram should look like the following:
```mermaid
graph LR
0[""StartNode""] --> 1[""Identify demand""]
1 --> 2[""Choose supplier""]
2 --> 3{""Is company our company?""}
3 --> |""Yes""|4[""Place order""]
3 --> |""No""|5[""End""]
4 --> 5
```"
96,"The description contains the following activities and decisions:
Activities:
0. Customer encounters problem
1. Ask questions
2. Answer questions
3. Provide solution
4. Allocate to first level support
5. Provide feedback for account manager
6. Allocate to first developer
7. Provide feedback for first level support
Decisions:
0. Can account manager handle issue?
1. Can first level support handle issue?

The process specifies that activities 0, 1, 2 happens in sequence, followed by decision 0. If decision 0 is yes, then activity 3 happens and the process ends. If decision 0 is no, then activity 4 happens, followed by decision 1. If decision 1 is yes, then activity 5 and 3 happens in sequence and the process ends. If decision 1 is no, then activity 6 happens, followed by activity 7 and 5 happens in sequence and the process ends. Thus, the final activity diagram should look like the following:
```mermaid
graph LR
0[""StartNode""] --> 1[""Customer encounters problem""]
1 --> 2[""Ask questions""]
2 --> 3[""Answer questions""]
3 --> 4{""Can account manager handle issue?""}
4 --> |""Yes""|5[""Provide solution""]
4 --> |""No""|6[""Allocate to first level support""]
6 --> 7{""Can first level support handle issue?""}
7 --> |""Yes""|8[""Provide feedback for account manager""]
8 --> 9[""Provide solution""]
7 --> |""No""|10[""Allocate to first developer""]
10 --> 11[""Provide feedback for first level support""]
11 --> 8
5 --> 12[""EndNode""]
9 --> 12
```"
97,"The description contains the following activities and decisions:
Activities:
0. Add/Drop a class
1. Check ESIS system
2. Complete transaction online
3. Go to registrar's office
4. Request add/drop form
5. Receive form
6. Send form to instructor
7. Receive form back from instructor
8. Send form to advisor
9. Receive form back from advisor
10. Send form to registrar's office
11. Process transaction
Decisions:
0. Can add/drop online?

The process starts with activity 0, followed by decision 0. If decision 0 is yes, then activity 2 happens and the process ends. If decision 0 is no, then activities 3, 4, 5, 6, 7, 8, 9, 10, 11 happen in sequence and the process ends. Thus, the final activity diagram should look like the following:
```mermaid
graph LR
0[""StartNode""] --> 1[""Add/Drop a class""]
1 --> 2[""Check ESIS system""]
2 --> 3{""Can add/drop online?""}
3 --> |""Yes""|4[""Complete transaction online""]
3 --> |""No""|5[""Go to registrar's office""]
4 --> 6[""EndNode""]
5 --> 7[""Request add/drop form""]
7 --> 8[""Receive form""]
8 --> 9[""Send form to instructor""]
9 --> 10[""Receive form back from instructor""]
10 --> 11[""Send form to advisor""]
11 --> 12[""Receive form back from advisor""]
12 --> 13[""Send form to registrar's office""]
13 --> 14[""Process transaction""]
14 --> 6
```"
98,"The description contains the following activities and decisions:
Activities:
0. Verify contents
1. Quality inspection
2. Store materials
3. Send back to supplier
Decisions:
0. Materials okay?

The process specifies that activities 0 and 1 happen first, followed by decision 0. If decision 0 is yes, then activity 2 happens and the process ends. If decision 0 is no, then activity 3 happens and the process ends. Thus, the final activity diagram should look like the following:
```mermaid
graph LR
0[""StartNode""] --> 1[""Verify contents""]
1 --> 2[""Quality inspection""]
2 --> 3{""Materials okay?""}
3 --> |""Yes""|4[""Store materials""]
3 --> |""No""|5[""Send back to supplier""]
4 --> 6[""EndNode""]
5 --> 6
```"
99,"The description describes the following activities without decisions:
0. Conduct patient interview
1. File results from interviews and expertise
2. Contact expert for review of doctor
3. Create report

Activities 0 happens at the same time as the beginning, followed by activity 1. After activity 1, activity 2 and 3 happen in sequence. Thus, the final activity diagram should look like the following:
```mermaid
graph LR
0[""StartNode""] --> 1[""Conduct patient interview""]
0 --> 2[""File results from interviews and expertise""]
1 --> 2
2 --> 3[""Contact expert for review of doctor""]
3 --> 4[""Create report""]
4 --> 5[""EndNode""]
```"
100,"The description contains the following activities and decisions:
Activities:
0. Main document sent
1. Supplement A sent
2. Supplement B sent
Decisions:
0. Should Supplement A be sent?
1. Should Supplement B be sent?

However, the description seems to have some inconsistencies, as it mentions checking the same decision multiple times with the same outcome. Assuming the intention is to model a process where the decisions are made sequentially, the final activity diagram should look like the following:
```mermaid
graph LR
0[""StartNode""] --> 1[""Main document sent""]
1 --> 2{""Should Supplement A be sent?""}
2 --> |""Yes""|3[""Supplement A sent""]
2 --> |""No""|4[""EndNode""]
3 --> 5{""Should Supplement B be sent?""}
5 --> |""Yes""|6[""Supplement B sent""]
5 --> |""No""|4
6 --> 4
```
Note that I've removed the duplicate decision checks, as they don't seem to add any value to the process. Also, I've assumed that if the answer is ""No"" to either decision, the process ends. If that's not the case, please let me know and I'll adjust the diagram accordingly."
101,"The description describes the following activities without decisions:
0. Select Meetings p1
1. Send Consolidated Referee Forms
2. Send Round 2 Evaluation Form
3. Follow up with evaluation sheet
4. Receive Evaluation Sheets
5. Consolidate evaluations
6. Answer questions from panel members
7. Log questions in FAQ

Activity 0, 1, 2, 3, 4, 5 happens in sequence. At the same time, activity 6 and 7 happens. Thus, the final activity diagram should look like the following:
```mermaid
graph LR
0[""StartNode""] --> 1[""Select Meetings p1""]
1 --> 2[""Send Consolidated Referee Forms""]
2 --> 3[""Send Round 2 Evaluation Form""]
3 --> 4[""Follow up with evaluation sheet""]
4 --> 5[""Receive Evaluation Sheets""]
5 --> 6[""Consolidate evaluations""]
1 --> 7[""Answer questions from panel members""]
7 --> 8[""Log questions in FAQ""]
6 --> 9[""EndNode""]
8 --> 9
```"
102,"The description contains the following activities and decisions:
Activities:
0. Check for low inventory
1. Create purchase requisition
2. Submit purchase order
3. Send order materials
4. Inspect materials
5. Prepare goods receipt document
6. Communicate problems
7. Prepare and send invoice
8. Verify document
9. Send payment
Decisions:
0. Materials received okay?

The process specifies that activities 0, 1, 2, 3, 4 happens in sequence. Then decision 0 is made. If decision 0 is no, then activity 6 happens, followed by activity 3. If decision 0 is yes, then activity 5 happens. Afterwards, activities 7, 8, 9 happens in sequence. Thus, the final activity diagram should look like the following:
```mermaid
graph LR
0[""StartNode""] --> 1[""Check for low inventory""]
1 --> 2[""Create purchase requisition""]
2 --> 3[""Submit purchase order""]
3 --> 4[""Send order materials""]
4 --> 5[""Inspect materials""]
5 --> 6{""Materials received okay?""}
6 --> |""No""|7[""Communicate problems""]
6 --> |""Yes""|8[""Prepare goods receipt document""]
7 --> 4
8 --> 9[""Prepare and send invoice""]
9 --> 10[""Verify document""]
10 --> 11[""Send payment""]
11 --> 12[""EndNode""]
```"
103,"The description contains the following activities and decisions:
Activities:
0. Discovering
1. Gathering
2. Exploiting
3. Mending
4. Adjusting
Decisions:
0. Vulnerability found?

The process specifies that activity 0 and 1 happen first, followed by decision 0. If decision 0 is yes, then activity 2 happens, followed by activity 3 and 4, and then back to activity 0. If decision 0 is no, then the process ends. Thus, the final activity diagram should look like the following:
```mermaid
graph LR
0[""StartNode""] --> 1[""Discovering""]
1 --> 2[""Gathering""]
2 --> 3{""Vulnerability found?""}
3 --> |""Yes""|4[""Exploiting""]
3 --> |""No""|5[""EndNode""]
4 --> 6[""Mending""]
6 --> 7[""Adjusting""]
7 --> 1
```"
104,"This description contains the following activities but no decisions:
Activities:
0. Continue the process
1. Invoice Received
2. Empty the Data Entry Staff Inbox
3. Open and categorize the invoices
4. Send the invoice(s) to the Admin Officer(s)

The description is a bit confusing, as it seems to have some contradictions. However, the main steps can be identified as follows:

Activities 0 and 0 (same activity mentioned twice) happen at the same time, then activity 2 happens. However, this does not make sense, as activity 2 is the end of the process.

A more plausible interpretation is that activity 1 happens first, which requires accessing the data object ""Invoice"". Then, activities 3 and 4 happen in sequence. Activity 4 generates the data object ""Invoice"", which is a bit confusing, as it was already accessed in activity 1.

A possible activity diagram is:
```mermaid
graph LR
0[""StartNode""] --> 1[""Invoice Received""]
1 --> 2[""Open and categorize the invoices""]
2 --> 3[""Send the invoice(s) to the Admin Officer(s)""]
3 --> 4[""Empty the Data Entry Staff Inbox""]
4 --> 5[""EndNode""]
```
Note that this diagram does not include the duplicate ""Continue the process"" activity, as it does not make sense in the context of the process."
105,"The description describes the following activities without decisions:
Activities:
0. Master Production Scheduling
1. MRP run
2. Capacity plan review and adjustment
3. Production plan review
4. Local supply planning
5. PIM plan review
6. Detailed production scheduling

The process specifies that activity 0 and 1 happen in sequence. Then activity 2, 3, and 4 happen at the same time. After that, activity 5 and 6 happen. Thus, the final activity diagram should look like the following:
```mermaid
graph LR
0[""StartNode""] --> 1[""Master Production Scheduling""]
1 --> 2[""MRP run""]
2 --> 3[""Capacity plan review and adjustment""]
2 --> 4[""Production plan review""]
2 --> 5[""Local supply planning""]
3 --> 6[""PIM plan review""]
4 --> 6
5 --> 6
6 --> 7[""Detailed production scheduling""]
7 --> 8[""EndNode""]
```"
106,"The description contains the following activities and decisions:
Activities:
0. Report problem with computer
1. Bring computer for repair
2. Describe the problem
3. Take computer home
4. Authorize repair
5. Pick up computer
6. Make the payment
Decisions:
0. Estimat satisfactory?

The process specifies that activities 0, 1 happen first, followed by activity 2, then decision 0 is made. If decision 0 is no, then activity 3 happens and the process ends. If decision 0 is yes, then activities 4, 5, 6 happens in sequence and then the process ends. Thus, the final activity diagram should look like the following:
```mermaid
graph LR
0[""StartNode""] --> 1[""Report problem with computer""]
1 --> 2[""Bring computer for repair""]
2 --> 3[""Describe the problem""]
3 --> 4{""Estimate satisfactory?""}
4 --> |""No""|5[""Take computer home""]
4 --> |""Yes""|6[""Authorize repair""]
5 --> 7[""EndNode""]
6 --> 8[""Pick up computer""]
8 --> 9[""Make the payment""]
9 --> 10[""EndNode""]
```"
107,"The description describes the following activities and decisions:
Activities:
0. Conduct property title search
1. Check credit history
2. Property survey
3. Make an offer
Decisions:
0. Make an offer or not

The process specifies that activities 0 and 1 happen simultaneously at the beginning. Then, activity 2 happens, followed by decision 0. After decision 0 is made, the process ends with activity 3. Thus, the final activity diagram should look like the following:
```mermaid
graph LR
0[""StartNode""] --> 1[""Conduct property title search""]
0 --> 2[""Check credit history""]
1 --> 3[""Property survey""]
2 --> 3
3 --> 4{""Make an offer or not""}
4 --> |""Yes""|5[""Make an offer""]
4 --> |""No""|6[""EndNode""]
5 --> 6
```"
108,"The description describes the following activities without decisions:
0. Check invoice arrival
1. Verify invoice completeness
2. Scan invoice into computer
3. Make payment
4. Store records electronically
5. End of process

Activity 0 and 1 happen first in sequence, followed by activity 2, 3, and 4 happening at the same time. Afterwards, activity 5 happens. Thus, the final activity diagram should look like the following:
```mermaid
graph LR
0[""StartNode""] --> 1[""Check invoice arrival""]
1 --> 2[""Verify invoice completeness""]
2 --> 3[""Scan invoice into computer""]
2 --> 4[""Make payment""]
2 --> 5[""Store records electronically""]
3 --> 6[""EndNode""]
4 --> 6
5 --> 6
```"
109,"The description describes the following activities without decisions:
0. Create Supplier master data
1. Prepare Supplier master data for target system
2. Distribute to target system
3. Notify Requestor and Stewards
4. Deploy to target system(s)
5. Notify Business Data Steward(s) and Supplier Data Requestor

Activity 0 happens first, followed by activity 1, which requires accessing data objects ""Derivation rules for transfer,"" ""Supplier master data,"" and ""Business context."" Then activity 2 happens, which requires accessing data objects ""Supplier master data to transfer (derived),"" ""Target system,"" and ""Supplier master data."" After that, activity 3 and 4 happen at the same time, followed by activity 5. Thus, the final activity diagram should look like the following:
```mermaid
graph LR
0[""StartNode""] --> 1[""Create Supplier master data""]
1 --> 2[""Prepare Supplier master data for target system""]
2 --> 3[""Distribute to target system""]
3 --> 4[""Notify Requestor and Stewards""]
3 --> 5[""Deploy to target system(s)""]
4 --> 6[""Notify Business Data Steward(s) and Supplier Data Requestor""]
5 --> 6
6 --> 7[""EndNode""]
```"
110,"The description contains the following activities without decisions:
0. Weekly
1. Pay invoices
2. Generate payment report
3. Send payment report to Accounts Receivable Department
4. Send payment report to registry
5. Generate monthly invoices
6. Send out invoices

The process specifies that activity 0 happens first, followed by activity 1. Then, activity 2 happens, followed by activity 3 and 4 happen at the same time. Then activity 5 happens, followed by activity 6. Thus, the final activity diagram should look like the following:
```mermaid
graph LR
0[""StartNode""] --> 1[""Weekly""]
1 --> 2[""Pay invoices""]
2 --> 3[""Generate payment report""]
3 --> 4[""Send payment report to Accounts Receivable Department""]
3 --> 5[""Send payment report to registry""]
5 --> 6[""Generate monthly invoices""]
4 --> 6
6 --> 7[""Send out invoices""]
7 --> 8[""EndNode""]
```"
111,"The description contains the following activities without decisions:
0. TASK1
1. TASK2
2. TASK3
3. TASK4
4. TASK5

The process specifies that activity 0 and 1 happen in sequence, then activity 2 and 3 happen at the same time. Finally, activity 4 happens, marking the end of the process. Thus, the final activity diagram should look like the following:
```mermaid
graph LR
0[""StartNode""] --> 1[""TASK1""]
1 --> 2[""TASK2""]
2 --> 3[""TASK3""]
2 --> 4[""TASK4""]
3 --> 5[""TASK5""]
4 --> 5
```"
112,"The description contains the following activities and decisions:
Activities:
0. Initiate imgShare Process
1. Apply filter to image
2. Login to Flickr account
3. Upload image
4. Post image on Twitter
5. Login to Twitter account
6. Compose tweet
Decisions:
0. Want to tweet about it?

The process specifies that activities 0, 1, 2, 3, 4 happens in sequence. Then decision 0 is made. If decision 0 is no, then the process ends. If decision 0 is yes, then activity 5 and 6 happens, followed by the end of the process. However, there is a repetition of decision 0, which is not necessary and can be removed. Thus, the final activity diagram should look like the following:
```mermaid
graph LR
0[""StartNode""] --> 1[""Initiate imgShare Process""]
1 --> 2[""Apply filter to image""]
2 --> 3[""Login to Flickr account""]
3 --> 4[""Upload image""]
4 --> 5[""Post image on Twitter""]
5 --> 6{""Want to tweet about it?""}
6 --> |""No""|7[""EndNode""]
6 --> |""Yes""|8[""Login to Twitter account""]
8 --> 9[""Compose tweet""]
9 --> 7
```"
113,"The description describes the following activities without decisions:
0. Self Evaluation
1. PM Evaluation
2. HR Evaluation

Activities 0, 1, and 2 happen at the same time. Thus, the final activity diagram should look like the following:
```mermaid
graph LR
0[""StartNode""] --> 1[""Self Evaluation""]
0 --> 2[""PM Evaluation""]
0 --> 3[""HR Evaluation""]
1 --> 4[""EndNode""]
2 --> 4
3 --> 4
```"
114,"The description describes the following activities without decisions:
Activities:
0. Delay for 48 hours
1. Monitor issue votes
2. Send email warning about vote deadline
3. Delay for an additional 24 hours
4. Voting discussion has been moderated
5. Close voting

Activities 0 and 1 happen at the same time. After 0 finishes, activity 2 happens. Then activity 3 and 5 happen at the same time. Then activity 4 happen. Thus, the final activity diagram should look like the following:
```mermaid
graph LR
0[""StartNode""] --> 1[""Delay for 48 hours""]
0 --> 2[""Monitor issue votes""]
1 --> 3[""Send email warning about vote deadline""]
3 --> 4[""Delay for an additional 24 hours""]
4 --> 5[""Close voting""]
4 --> 2
2 --> 6[""Voting discussion has been moderated""]
5 --> 6
```"
115,"The description contains the following activities and decisions:
Activities:
0. Verify contents and perform quality inspection
1. Store materials in correct location
2. Report issue
Decisions:
0. Material okay?

The process specifies that activity 0 happens first, followed by decision 0. If decision 0 is yes, then activity 1 happens. If decision 0 is no, then activity 2 happens and the process ends. However, the process also mentions that this check and storage process is repeated for each batch of materials. Thus, we need to add a loop to the activity diagram. The final activity diagram should look like the following:
```mermaid
graph LR
0[""StartNode""] --> 1[""Verify contents and perform quality inspection""]
1 --> 2{""Material okay?""}
2 --> |""Yes""|3[""Store materials in correct location""]
2 --> |""No""|4[""Report issue""]
4 --> 5[""EndNode""]
3 --> 1
```"
116,"The description contains the following activities and decisions:
Activities:
0. Verify RFQ
1. Ask for more information
2. Analyze RFQ and provide L&M cost estimates
3. Provide clarification
4. Add overhead costs and generate pricing options
5. Generate sales quote
Decisions:
0. RFQ verified?

The process specifies that activity 0 happens first, followed by decision 0. If decision 0 is no, then activity 1 happens, followed by activity 3, then activity 2, and then decision 0 again. If decision 0 is yes at this stage, then activity 2 happens, followed by activity 4, then activity 3, and then activity 5. Thus, the final activity diagram should look like the following:
```mermaid
graph LR
0[""StartNode""] --> 1[""Verify RFQ""]
1 --> 2{""RFQ verified?""}
2 --> |""No""|3[""Ask for more information""]
2 --> |""Yes""|4[""Analyze RFQ and provide L&M cost estimates""]
3 --> 5[""Provide clarification""]
5 --> 4
4 --> 2
4 --> 6[""Add overhead costs and generate pricing options""]
6 --> 7[""Generate sales quote""]
7 --> 8[""EndNode""]
```"
117,"The description contains the following activities and decisions:
Activities:
0. Check raw material availability
1. Check raw material in production line
2. Create alarm (not enough raw material)
3. Request transfer of raw material to production line
4. Allocate raw material to production line
Decisions:
0. Are raw materials available?
1. Is raw material in production line?

The process specifies that decision 0 is made first. If decision 0 is no, then activity 2 happens and the process ends. If decision 0 is yes, then decision 1 is made. If decision 1 is no, then activity 3 happens, followed by activity 4 and the process ends. If decision 1 is yes, then activity 4 happens and the process ends. However, there is a loop in the process where decision 1 is made again, and the same actions are taken. Thus, the final activity diagram should look like the following:
```mermaid
graph LR
0[""StartNode""] --> 1{""Are raw materials available?""}
1 --> |""No""|2[""Create alarm (not enough raw material)""]
1 --> |""Yes""|3{""Is raw material in production line?""}
2 --> 4[""EndNode""]
3 --> |""No""|5[""Request transfer of raw material to production line""]
3 --> |""Yes""|6[""Allocate raw material to production line""]
5 --> 6
6 --> 3
6 --> 4
```"
118,"The description describes the following activities without decisions:
0. Go to supermarket
1. Select chocolate
2. Pick out a bunch of flowers
3. Proceed to cash desk
4. Make payment

Activity 0 happens first, followed by activities 1 and 2 happening at the same time. Afterwards, activities 3 and 4 happen in sequence. Thus, the final activity diagram should look like the following:
```mermaid
graph LR
0[""StartNode""] --> 1[""Go to supermarket""]
1 --> 2[""Select chocolate""]
1 --> 3[""Pick out a bunch of flowers""]
2 --> 4[""Proceed to cash desk""]
3 --> 4
4 --> 5[""Make payment""]
5 --> 6[""EndNode""]
```"
119,"The description contains the following activities and decisions:
Activities:
0. Receive request for funds
1. Write a check
2. Document check as payable
3. Check if seller accepts check
4. Cash the check
5. Pay the vendor
Decisions:
0. Seller accepts check?

The process specifies that activities 0, 1, 2 happens first. Then decision 0 is made. If decision 0 is yes, then activity 5 happens. If decision 0 is no, then activity 4 and 5 happens. However, decision 0 is repeated, but it does not affect the flow of the process. Thus, the final activity diagram should look like the following:
```mermaid
graph LR
0[""StartNode""] --> 1[""Receive request for funds""]
1 --> 2[""Write a check""]
2 --> 3[""Document check as payable""]
3 --> 4{""Seller accepts check?""}
4 --> |""Yes""|5[""Pay the vendor""]
4 --> |""No""|6[""Cash the check""]
6 --> 5
5 --> 7[""EndNode""]
```"
120,"The description contains the following activities and decisions:
Activities:
0. Verify RFQ
1. Ask for more information
2. Analyze RFQ
3. Provide L&M Cost Estimates
4. Provide clarification
5. Add overhead costs
6. Generate pricing options
7. Generate sales quote
Decisions:
0. RFQ verified?

The process specifies that decision 0 is made first. If decision 0 is no, then activity 1 happens, followed by activity 4. Then decision 0 is made again. If decision 0 is yes, then activities 2 and 3 happen. Afterwards, activity 5 and 6 happen. Finally, activity 7 happens. Thus, the final activity diagram should look like the following:
```mermaid
graph LR
0[""StartNode""] --> 1{""RFQ verified?""}
1 --> |""No""|2[""Ask for more information""]
1 --> |""Yes""|3[""Analyze RFQ""]
2 --> 4[""Provide clarification""]
4 --> 1
3 --> 5[""Provide L&M Cost Estimates""]
3 --> 6[""Add overhead costs""]
5 --> 6
6 --> 7[""Generate pricing options""]
7 --> 8[""Generate sales quote""]
8 --> 9[""EndNode""]
```"
121,"The description contains the following activities and decisions:
Activities:
0. Incident Identification
1. Incident Lodgement
2. Incident Categorisation
3. Incident Prioritisation
4. Initial Diagnosis
5. Escalation
6. Investigation & Diagnosis
7. Incident Recovery
Decisions:
0. Resolution identified?

The process specifies that activities 0 and 1 happen in sequence, followed by activities 2 and 3 happen at the same time. Then activities 4 and 5 happen in sequence, followed by activity 6. After that, decision 0 is made. If decision 0 is no, then activity 5 happens again. If decision 0 is yes, then activity 7 happens. Decision 0 is made again after activity 7. If decision 0 is no, then activity 5 happens again. If decision 0 is yes, then the process ends. Thus, the final activity diagram should look like the following:
```mermaid
graph LR
0[""StartNode""] --> 1[""Incident Identification""]
1 --> 2[""Incident Lodgement""]
2 --> 3[""Incident Categorisation""]
2 --> 4[""Incident Prioritisation""]
3 --> 5[""Initial Diagnosis""]
4 --> 5
5 --> 6[""Escalation""]
6 --> 7[""Investigation & Diagnosis""]
7 --> 8{""Resolution identified?""}
8 --> |""No""|6
8 --> |""Yes""|9[""Incident Recovery""]
9 --> 8
8 --> |""Yes""|10[""EndNode""]
```"
122,"The description describes the following activities without decisions:
Activities
0. Log in
1. Enter Apple ID
2. Enter password
3. User account logged in

Activity 0 happens first, then activities 1 and 2 happen at the same time. Afterwards, activity 3 happens. Thus, the final activity diagram should look like the following:
```mermaid
graph LR
0[""StartNode""] --> 1[""Log in""]
1 --> 2[""Enter Apple ID""]
1 --> 3[""Enter password""]
2 --> 4[""User account logged in""]
3 --> 4
```"
123,"The description contains the following activities and decisions:
Activities:
0. Verify contents
1. Perform quality inspection
2. Store materials in the right location
3. Wrong materials
Decisions:
0. Material okay?

The process specifies that activities 0 and 1 happen first, followed by decision 0. If decision 0 is yes, then activity 2 happens and the process loops back to activity 1. If decision 0 is no, then activity 3 happens and the process ends. Thus, the final activity diagram should look like the following:
```mermaid
graph LR
0[""StartNode""] --> 1[""Verify contents""]
1 --> 2[""Perform quality inspection""]
2 --> 3{""Material okay?""}
3 --> |""Yes""|4[""Store materials in the right location""]
3 --> |""No""|5[""Wrong materials""]
4 --> 2
5 --> 6[""EndNode""]
```"
124,"The description describes the following activities without decisions:
0. Check customer's credit history
1. Conduct property survey
2. Search property title

Activities 0 and 1 happen at the same time, accessing the data objects ""Credit History File"" and ""Survey Document"" respectively. Afterwards, activity 2 happens. Thus, the final activity diagram should look like the following:
```mermaid
graph LR
0[""StartNode""] --> 1[""Check customer's credit history""]
0 --> 2[""Conduct property survey""]
1 --> 3[""Search property title""]
2 --> 3
3 --> 4[""EndNode""]
```"
125,"The description contains the following activities and decisions:
Activities:
0. Initiate new participant
1. Check age
2. Fill medical certificate
3. Sign medical certificate
4. Pass required documents
5. Fill documents
6. Sign documents
7. Check completeness
8. Save process
9. Fix issues
10. Fill documents one day before departure
11. Fix filled documents issues
12. Sign non-infectivity confirmation
13. Proceed with departure
14. Check completeness after departure
15. Take child's non-infectivity confirmation
Decisions:
0. Is participant aged 18 or above?
1. Are documents complete?
2. Are filled documents okay?

The process specifies that activity 0 happens first, followed by decision 0. If decision 0 is yes, then activities 2, 3 happens, otherwise activities 4, 5, 6, 7 happens. If decision 1 is no, then activity 9 happens, otherwise activity 8 happens. Then activities 10, 11, 12 happens. After that activities 13, 14 happens. Decision 2 is made, if decision 2 is no, then activity 9 happens, otherwise activity 15 happens and the process ends. Thus, the final activity diagram should look like the following:
```mermaid
graph LR
0[""StartNode""] --> 1[""Initiate new participant""]
1 --> 2{""Is participant aged 18 or above?""}
2 --> |""Yes""|3[""Fill medical certificate""]
2 --> |""No""|4[""Pass required documents""]
3 --> 5[""Sign medical certificate""]
4 --> 6[""Fill documents""]
6 --> 7[""Sign documents""]
7 --> 8[""Check completeness""]
8 --> 9{""Are documents complete?""}
9 --> |""No""|10[""Fix issues""]
9 --> |""Yes""|11[""Save process""]
11 --> 12[""Fill documents one day before departure""]
12 --> 13[""Fix filled documents issues""]
13 --> 14[""Sign non-infectivity confirmation""]
14 --> 15[""Proceed with departure""]
15 --> 16[""Check completeness after departure""]
16 --> 17{""Are filled documents okay?""}
17 --> |""No""|18[""Fix issues""]
17 --> |""Yes""|19[""Take child's non-infectivity confirmation""]
19 --> 20[""EndNode""]
```"
126,"The description describes the following activities and decisions:
Activities:
0. Verify contents
1. Perform quality inspection
2. Material is okay
3. Store materials at the right location
4. Material not okay
Decisions:
0. Is material okay?

The process specifies that activity 0 happens first, followed by activity 1. Then decision 0 is made. If decision 0 is yes, then activity 3 happens. If decision 0 is no, then activity 4 happens and the process ends. After activity 3, decision 0 is made again. If decision 0 is no, then activity 4 happens and the process ends. If decision 0 is yes, then activity 3 happens and the process ends. Thus, the final activity diagram should look like the following:
```mermaid
graph LR
0[""StartNode""] --> 1[""Verify contents""]
1 --> 2[""Perform quality inspection""]
2 --> 3{""Is material okay?""}
3 --> |""yes""|4[""Store materials at the right location""]
3 --> |""no""|5[""Process ends""]
4 --> 3
```"
127,"The description describes the following activities without decisions:
0. Receive Order
1. Send Invoice
2. Ship Products
3. Receive Payment

The activity 0 happens first, followed by activities 1 and 2 happening at the same time. After activity 1, activity 3 happens. Thus, the final activity diagram should look like the following:
```mermaid
graph LR
0[""Receive Order""] --> 1[""Send Invoice""]
0 --> 2[""Ship Products""]
1 --> 3[""Receive Payment""]
2 --> 3[""Done""]
```"
128,"The description contains the following activities and decisions:
Activities:
0. Register participation
1. Check fees
2. Register seminar results
3. Create purchase request
4. Check purchase request approval
5. Notify rejection
6. Send approval notification
Decisions:
0. Fees exist?
1. Purchase request approved?

The process specifies that activity 0 happens first, followed by decision 0. If decision 0 is no, then activity 2 happens and the process ends. If decision 0 is yes, then activity 3 happens, followed by decision 0 again. If decision 0 is no, then activity 2 happens and the process ends. If decision 0 is yes, then activity 3 happens, followed by decision 1. If decision 1 is no, then activity 5 happens and the process ends. If decision 1 is yes, then activity 6 happens, followed by activity 2 and the process ends. Thus, the final activity diagram should look like the following:
```mermaid
graph LR
0[""StartNode""] --> 1[""Register participation""]
1 --> 2{""Fees exist?""}
2 --> |""No""|3[""Register seminar results""]
2 --> |""Yes""|4[""Create purchase request""]
4 --> 2
2 --> |""Yes""|5[""Check purchase request approval""]
5 --> 6{""Purchase request approved?""}
6 --> |""No""|7[""Notify rejection""]
7 --> 8[""EndNode""]
6 --> |""Yes""|9[""Send approval notification""]
9 --> 10[""Check purchase request approval""]
10 --> 6
9 --> 3
3 --> 8
```"
129,"The description describes the following activities without decisions:
0. Receive message from nuclear plant
1. Activate crisis cell
2. Inform media about PUI activation
3. Establish safety perimeter
4. Develop circulation plan
5. Inform media and public regularly
6. Define safety perimeter and request implementation
7. Define circulation plan and request implementation

The process specifies that activities 0 and 1 happen first, followed by activity 2, 3 and 4 happen at the same time. Afterwards, activity 5 happens. Finally, activity 6 and 7 happen. Thus, the final activity diagram should look like the following:
```mermaid
graph LR
0[""Receive message from nuclear plant""] --> 1[""Activate crisis cell""]
1 --> 2[""Inform media about PUI activation""]
1 --> 3[""Establish safety perimeter""]
1 --> 4[""Develop circulation plan""]
2 --> 5[""Inform media and public regularly""]
3 --> 6[""Define safety perimeter and request implementation""]
4 --> 7[""Define circulation plan and request implementation""]
5 --> 6
5 --> 7
6 --> 8[""EndNode""]
7 --> 8
```"
130,"This description contains the following activities and decisions:
Activities:
0. Informal meeting
1. Schedule another meeting
2. Web site design
3. Preparation of contents
4. Completion of initial draft
5. Web site development
6. Marketing review
7. Preparation of final version
8. Building phase
9. Review activity
10. Approval
Decisions:
0. Meeting successful?
1. Web site development successful?
2. Marketing review successful?
3. Preparation of final version successful?
4. Building phase successful?
5. Site approved?

The process specifies that activity 0 happens first, followed by decision 0. If decision 0 is no, then the process ends. If decision 0 is yes, then activity 1 happens, followed by activities 2, 3, and 4 happen at the same time. After activity 2, activity 5 happens. After activity 3 and 4, activity 6 happens. After activity 5 and 6, activity 7 and 8 happen at the same time. After activity 7 and 8, activity 9 happens. After activity 9, decision 5 happens. If decision 5 is no, then activity 8 happens again. If decision 5 is yes, then activity 10 happens and the process ends. Thus, the final activity diagram should look like the following:
```mermaid
graph LR
0[""StartNode""] --> 1[""Informal meeting""]
1 --> 2{""Meeting successful?""}
2 --> |""No""|3[""EndNode""]
2 --> |""Yes""|4[""Schedule another meeting""]
4 --> 5[""Web site design""]
4 --> 6[""Preparation of contents""]
4 --> 7[""Completion of initial draft""]
5 --> 8[""Web site development""]
6 --> 9[""Marketing review""]
7 --> 9
8 --> 10[""Building phase""]
9 --> 11[""Preparation of final version""]
11 --> 10
10 --> 12[""Review activity""]
12 --> 13[""Approval""]
13 --> 14{""Site approved?""}
14 --> |""No""|10
14 --> |""Yes""|15[""EndNode""]
```"
131,"This description contains the following activities and decisions:
Activities:
0. Receive expense report
1. Wait for 7 days
2. Check existing account
3. Create new account
4. Automatically review account
5. Send approval in progress email
6. Automatic review
7. Check amount under $200
8. Automatically approve expense
9. Review by supervisor
10. Wait for 7 days
11. Check 28th day after request
12. Send email cancellation
13. Notify employee to resubmit report
14. Transfer reimbursement
15. Send email rejection

Decisions:
0. Existing account?
1. Amount under $200?
2. 28th day after request?
3. Expense approved?

The process specifies that activity 0 happens first, followed by activity 1. Then decision 0 is made. If decision 0 is no, then activities 3, 6, 7 happens. If decision 0 is yes, then activity 4 happens. Then activity 5 happens. Decision 1 is made. If decision 1 is yes, then activity 8 happens. If decision 1 is no, then activity 9 happens. Decision 2 is made. If decision 2 is no, then activity 10 happens, followed by decision 2 again. If decision 2 is yes, then activities 12, 13 happens. If activity 8 or 9 happens, then decision 3 is made. If decision 3 is yes, then activity 14 happens. If decision 3 is no, then activity 15 happens. Thus, the final activity diagram should look like the following:
```mermaid
graph LR
0[""StartNode""] --> 1[""Receive expense report""]
1 --> 2[""Wait for 7 days""]
2 --> 3{""Existing account?""}
3 --> |""No""|4[""Create new account""]
3 --> |""Yes""|5[""Automatically review account""]
4 --> 6[""Automatic review""]
5 --> 6
6 --> 7[""Send approval in progress email""]
7 --> 8{""Amount under $200?""}
8 --> |""Yes""|9[""Automatically approve expense""]
8 --> |""No""|10[""Review by supervisor""]
9 --> 11[""Transfer reimbursement""]
10 --> 12{""28th day after request?""}
12 --> |""No""|13[""Wait for 7 days""]
12 --> |""Yes""|14[""Send email cancellation""]
14 --> 15[""Notify employee to resubmit report""]
13 --> 12
10 --> 16{""Expense approved?""}
16 --> |""Yes""|11
16 --> |""No""|17[""Send email rejection""]
11 --> 18[""EndNode""]
17 --> 18
```"
132,"The description describes the following activities and decisions:
Activities:
0. Low Inventory
1. Create P.R.
2. Submit P.O.
3. Ship Material
4. Check Shipment
5. Send Payment
6. Communicate Shipment Problems

Decision:
0. Shipment OK?

The process goes as follows. Initially, activity 0 happens, and then activity 1 occurs twice, followed by activity 2. Next, activity 3 happens, then a decision 0 is made. If decision 0 is yes, then activity 5 happens, otherwise, activity 6 happens and then decision 0 is made again. If decision 0 is still no, then activity 6 happens again. And after that decision 0 is made once more until decision 0 is yes and activity 5 happens. So the final activity diagram should look like the following:
```mermaid
graph LR
0[""StartNode""] --> 1[""Low Inventory""]
1 --> 2[""Create P.R.""]
2 --> 3[""Create P.R.""]
3 --> 4[""Submit P.O.""]
4 --> 5[""Ship Material""]
5 --> 6[""Check Shipment""]
6 --> 7{""Shipment OK?""}
7 --> |""Yes""|8[""Send Payment""]
7 --> |""No""|9[""Communicate Shipment Problems""]
9 --> 10[""Check Shipment""]
10 --> 7
8 --> 11[""EndNode""]
```"
133,"The description describes the following activities without decisions:
0. Feel hungry
1. Go shopping
2. Take the salad
3. Take the wine
4. Take the sausages
5. Pay for the products
6. Have enough to eat

Activity 0 happens first, followed by activity 1. At the same time activities 2, 3, and 4 happen. After that, activity 5 and 6 happen in sequence. Thus, the final activity diagram should look like the following:
```mermaid
graph LR
0[""Feel hungry""] --> 1[""Go shopping""]
1 --> 2[""Take the salad""]
1 --> 3[""Take the wine""]
1 --> 4[""Take the sausages""]
2 --> 5[""Pay for the products""]
3 --> 5
4 --> 5
5 --> 6[""Have enough to eat""]
```"
134,"The description describes the following activities without decisions:
0. Choose protein family
1. Retrieve sequences for animals
2. Gene annotation
3. PHOG 1.0
4. BLAST p in both directions
5. Consensus reached

Activity 0 happens first, followed by activity 1. Then, activity 2, 3 and 4 happen at the same time. Finally, activity 5 happens. Thus, the final activity diagram should look like the following:
```mermaid
graph LR
0[""StartNode""] --> 1[""Choose protein family""]
1 --> 2[""Retrieve sequences for animals""]
2 --> 3[""Gene annotation""]
2 --> 4[""PHOG 1.0""]
2 --> 5[""BLAST p in both directions""]
3 --> 6[""Consensus reached""]
4 --> 6
5 --> 6
```"
135,"The description describes the following activities without decisions:
0. Accept offer
1. Send offer for signing
2. Receive signed offer
3. Scan signed offer
4. Register acceptance of contract
5. Send billing information
6. Send pincode information
7. Offer treated as accepted

Activity 0, 1, 2 happens in sequence. Then activity 3 and 4 happens at the same time. Afterwards, activity 5, 6, 7 happens in sequence. Thus, the final activity diagram should look like the following:
```mermaid
graph LR
0[""StartNode""] --> 1[""Accept offer""]
1 --> 2[""Send offer for signing""]
2 --> 3[""Receive signed offer""]
3 --> 4[""Scan signed offer""]
3 --> 5[""Register acceptance of contract""]
4 --> 6[""Send billing information""]
5 --> 6
6 --> 7[""Send pincode information""]
7 --> 8[""Offer treated as accepted""]
8 --> 9[""EndNode""]
```"
136,"The description describes the following activities without decisions:
0. Feel hungry
1. Choose a restaurant
2. Enter the restaurant
3. Get the menu
4. Order a salad
5. Order a glass of wine
6. Eat the salad
7. Drink the wine
8. Ask for the bill
9. Receive the bill
10. Pay the bill
11. Leave the restaurant
12. Hunger satisfied

Activities 0, 1, 2, 3, happen in sequence. Then activities 4 and 5 happen simultaneously. Followed by activities 6 and 7 happening simultaneously again, then activities 8, 9, 10, 11, 12 happen in sequence. Thus, the final activity diagram should look like the following:
```mermaid
graph LR
0[""StartNode""] --> 1[""Feel hungry""]
1 --> 2[""Choose a restaurant""]
2 --> 3[""Enter the restaurant""]
3 --> 4[""Get the menu""]
4 --> 5[""Order a salad""]
4 --> 6[""Order a glass of wine""]
5 --> 7[""Eat the salad""]
6 --> 7
7 --> 8[""Ask for the bill""]
8 --> 9[""Receive the bill""]
9 --> 10[""Pay the bill""]
10 --> 11[""Leave the restaurant""]
11 --> 12[""Hunger satisfied""]
12 --> 13[""EndNode""]
```"
137,"The description describes the following activities without decisions:
0. Manually trigger START command
1. Check inventory levels
2. Send late notice
3. Prepare materials for shipment
4. Send out shipment
5. Notify accounts receivable
6. Send delivery notice

Activity 0 happens first, followed by activity 1, 2, 3 happen at the same time. Afterwards, activity 4 and 5 happen. Finally, activity 6 happens. Thus, the final activity diagram should look like the following:
```mermaid
graph LR
0[""StartNode""] --> 1[""Manually trigger START command""]
1 --> 2[""Check inventory levels""]
1 --> 3[""Send late notice""]
1 --> 4[""Prepare materials for shipment""]
4 --> 5[""Send out shipment""]
3 --> 6[""Notify accounts receivable""]
5 --> 7[""Send delivery notice""]
6 --> 8[""EndNode""]
7 --> 8
```"
138,"The description contains the following activities and decisions:
Activities:
0. Enter expenses
1. Generate spreadsheet
2. Request disapproved
3. Pay expenses
Decisions:
0. Request approved

The process specifies that activities 0, 1 happens in sequence, followed by decision 0. If decision 0 is no, then the process goes back to activity 0. If decision 0 is yes, then activity 3 happens and again followed by decision 0. If decision 0 is no, then the process goes back to activity 0. If decision 0 is yes, then the process ends. Thus, the final activity diagram should look like the following:
```mermaid
graph LR
0[""StartNode""] --> 1[""Enter expenses""]
1 --> 2[""Generate spreadsheet""]
2 --> 3{""Request approved?""}
3 --> |""No""|1
3 --> |""Yes""|4[""Pay expenses""]
4 --> 3
4 --> 5[""EndNode""]
```"
139,"The description describes the following activities and decisions:
Activities:
0. Sequence position
1. Sequence neighborhood
2. Distance from membrane
3. ANOVA analysis
Decisions:
0. Greater variance between clusters than within?

The process specifies that activities 0, 1, and 2 happen simultaneously, followed by activity 3. Then decision 0 is made. If decision 0 is true, then the process ends. Thus, the final activity diagram should look like the following:
```mermaid
graph LR
0[""StartNode""] --> 1[""Sequence position""]
0 --> 2[""Sequence neighborhood""]
0 --> 3[""Distance from membrane""]
1 --> 4[""ANOVA analysis""]
2 --> 4
3 --> 4
4 --> 5{""Greater variance between clusters than within?""}
5 --> |""Yes""|6[""EndNode""]
```"
140,"The description describes the following activities and decisions:
Activities:
0. Write up a hard-copy ticket
1. Enter ticket into the system
2. Process order
3. Order verification
4. Order rejection
5. Archive order
6. Send order to processing plant
7. Production phase
8. Ship products
9. Warehouse products
10. Send products to customer
Decisions:
0. Order verified or rejected?

Activity 0, 1, 2 happens in sequence. Next, activities 3 and 4 happen at the same time. After decision 0, either activity 5 or activity 6 happens. If 6 happens, activities 7, 8, 9, 10 happens in sequence. Thus, the final activity diagram should look like the following:
```mermaid
graph LR
0[""Write up a hard-copy ticket""] --> 1[""Enter ticket into the system""]
1 --> 2[""Process order""]
2 --> 3[""Order verification""] 
2 --> 4[""Order rejection""]
3 --> 5{""Order verified or rejected?""}
4 --> 5
5 --> |""Yes""| 6[""Send order to processing plant""]
5 --> |""No""| 7[""Archive order""]
6 --> 8[""Production phase""]
8 --> 9[""Ship products""]
9 --> 10[""Warehouse products""]
10 --> 11[""Send products to customer""]
```"
141,"The description describes the following activities and decisions:
Activities:
0. Find an accompanying person
1. Ensure individual is over 30 and has held driver's license for 5 years
2. Stating accompanying person
3. Individual waits until after 17th birthday
Decisions:
0. Has possessed a driver's license and is 17
1. Has accompanying person present
2. Has individual reached 17th birthday
3. Has individual reached 30 with 5 years of license  and accompanying presence present 

The process specifies that the activity starts and first checks decision 0. If decision 0 is true, the next step can be taken. After that the process checks decision 2, ""Has individual reached 17th birthday"", if decision 2 is no, then it waits with decision 3 for 17 birthday milestone. Decision 3 means acquiring the requirement of 30-year-old, as well as the availability of a license and accompanying person. If it isn't fulfilled, the process continues checking those instances and ""raising mileage"". Therefore the accompanying check should account. Thus, the final activity diagram should look like the following:
```mermaid
graph LR
0[""StartNode""] --> 1{""Has Driver's license and 17""}
1 --> |""Yes""|2{""Has reached 17th birthday""}
2 --> |""No""|3[""Individual waits until after 17th birthday""]
3 --> 4{""Has reached 30 and accompanied person""}
4 --> |""No""| 1
4 --> |""Yes""| 5[""Ensure Individual is over 30 and has held driver's license for 5 year""]
5 --> 6[""Find an accompanying person""]
6 --> 7[""Stating accompanying person""]
2 --> |""Yes""|5
7 --> 8[""EndNode""]
``` 
Followed with merged Q&A NoseDef unfixed."
142,"The description describes the following activities without decisions:
0. Check customer's credit history
1. Conduct property survey
2. Search for property title

Activity 0 and 1 happen at the same time, with activity 0 producing the ""credit history file"" and activity 1 producing the ""Survey Document"". Afterwards, activity 2 happens. Thus, the final activity diagram should look like the following:
```mermaid
graph LR
0[""StartNode""] --> 1[""Check customer's credit history""]
0 --> 2[""Conduct property survey""]
1 --> 3[""Search for property title""]
2 --> 3
```"
143,"The description contains the following activities and decisions:
Activities:
0. Repair Request
1. Check Device
2. Device Okay?
3. External Repairer Needed
4. Provide External Repair Information
5. Repair Device Internally
6. Recheck Device
7. Ratify Device Repair
8. Add Repair Record
9. Plan Next Revision
Decisions:
0. Is Device Broken?
1. Is External Repairer Needed?

The process specifies that activity 0 and 1 happen first, followed by decision 0. If decision 0 is yes, then decision 1 happens. If decision 1 is yes, then activity 4 happens. If decision 1 is no, then activity 5 happens. If decision 0 is no, then activity 0 happens. Afterwards, activity 6 happens, if activity 4 happened previously, then the process ends, otherwise, activities 7, 8, 9 happen, and the process ends. Thus, the final activity diagram should look like the following:
```mermaid
graph LR
0[""StartNode""] --> 1[""Repair Request""]
1 --> 2[""Check Device""]
2 --> 3{""Is Device Broken?""}
3 --> |""Yes""|4[""External Repairer Needed""]
3 --> |""No""|1
4 --> 5{""Is External Repairer Needed?""}
5 --> |""Yes""|6[""Provide External Repair Information""]
5 --> |""No""|7[""Repair Device Internally""]
6 --> 8[""Recheck Device""]
7 --> 8
8 --> 9{""Was External Repairer Needed?""}
9 --> |""Yes""|10[""EndNode""]
9 --> |""No""|11[""Ratify Device Repair""]
11 --> 12[""Add Repair Record""]
12 --> 13[""Plan Next Revision""]
13 --> 14[""EndNode""]
```"
144,"The description describes the following activities and decisions:
Activities:
0. Informal meeting
1. Full-day meeting
2. Storyboard creation
3. Design phase
4. Initial draft of content
5. Development phase
6. Marketing review preparation
7. Marketing review
8. Building phase
9. Checking phase
10. Additional building
Decisions:
0. Outcome of informal meeting
1. Outcome of full-day meeting
2. Need for marketing review
3. Outcome of checking phase

The process specifies that activity 0 happens first, followed by decision 0. If decision 0 is not successful, then the process ends. If decision 0 is successful, then activity 1 and decision 1 happen. If decision 1 is not successful, then the process ends. If decision 1 is successful, then activities 2, 3, 4 happen at the same time. Afterwards, activity 5 happens. Then decision 2 is made. If decision 2 is 40%, then activity 6 happens, otherwise if decision 2 is 60%, then activity 7 happens and the process ends. If activity 6 happens, then activity 8 and decision 3 happen. If decision 3 is not approval, then activity 10 happens. If decision 3 is approval, then the process ends. Thus, the final activity diagram should look like the following:
```mermaid
graph LR
0[""StartNode""] --> 1[""Informal meeting""]
1 --> 2{""Outcome of informal meeting""}
2 --> |""Not successful""|3[""EndNode""]
2 --> |""Successful""|4[""Full-day meeting""]
4 --> 5{""Outcome of full-day meeting""}
5 --> |""Not successful""|3
5 --> |""Successful""|6[""Storyboard creation""]
6 --> 7[""Design phase""]
6 --> 8[""Initial draft of content""]
7 --> 9[""Development phase""]
9 --> 10{""Need for marketing review""}
10 --> |""40%""|11[""Marketing review preparation""]
10 --> |""60%""|12[""Marketing review""]
12 --> 13[""EndNode""]
11 --> 14[""Building phase""]
14 --> 15[""Checking phase""]
15 --> 16{""Outcome of checking phase""}
16 --> |""Not approval""|17[""Additional building""]
16 --> |""Approval""|18[""EndNode""]
```"
145,"The description describes the following activities without decisions:
0. Go Home
1. Hear Music
2. Make Homework

Activity 0 and 1 happen at the same time, followed by activity 2. Thus, the final activity diagram should look like the following:
```mermaid
graph LR
0[""StartNode""] --> 1[""Go Home""]
0 --> 2[""Hear Music""]
1 --> 3[""Make Homework""]
2 --> 3
3 --> 4[""EndNode""]
```"
146,"The description contains the following activities without decisions:
0. Validate invoice
1. Run payment process
2. Send payment
3. Generate payment report
4. Send payment report to Registry
5. Send payment report to Account Receivable department
6. Select invoices for archiving
7. Mark invoices as ready for archiving
8. Generate invoices for SSP clients

Activity 0, 1, 2, 3 happen in sequence. Then activity 4 and 5 happen at the same time. Afterwards, activity 6 and 7 happen in sequence, while activity 8 happens. Thus, the final activity diagram should look like the following:
```mermaid
graph LR
0[""StartNode""] --> 1[""Validate invoice""]
1 --> 2[""Run payment process""]
2 --> 3[""Send payment""]
3 --> 4[""Generate payment report""]
4 --> 5[""Send payment report to Registry""]
4 --> 6[""Send payment report to Account Receivable department""]
5 --> 7[""Select invoices for archiving""]
7 --> 8[""Mark invoices as ready for archiving""]
6 --> 9[""Generate invoices for SSP clients""]
8 --> 10[""EndNode""]
9 --> 10
```"
147,"The description describes the following activities without decisions:
0. Receiving the machine from the customer
1. Gathering information about the fault
2. Writing service contract
3. Obtaining customer's signature
4. Placing other half of contract with machine
5. Giving customer other half of contract
6. Writing contract number on sticker
7. Attaching sticker to machine
8. Transporting machine to workshop
9. Receiving machine at workshop
10. Process end

Activity 0, 1, and 2 happen in sequence. Then activity 2 and 3 happen at the same time with activity 4 and 5. After activity 2, 3, 4, 5 activities 6 and 7 happen in sequence. Next, activities 8 and 9 happen in sequence, and the process ends. Thus, the final activity diagram should look like the following:
```mermaid
graph LR
0[""Receiving machine from customer""] --> 1[""Gathering information about the fault""]
1 --> 2[""Writing service contract""]
2 --> 3[""Obtaining customer's signature""]
2 --> 4[""Placing other half of contract with machine""]
2 --> 5[""Giving customer other half of contract""]
3 --> 6[""Writing contract number on sticker""]
3 --> 7[""Attaching sticker to machine""]
6 --> 8[""Transporting machine to workshop""]
7 --> 8
8 --> 9[""Receiving machine at workshop""]
9 --> 10[""Process end""]
```"
148,"The description contains the following activities and decisions:
Activities:
0. Check Order Request
1. Order Confirmation
2. Order Rejection
3. Deliver Order
4. Mark Order as Rejected
Decisions:
0. Can Order be fulfilled?

However, the description can be optimized. Activities 0, 2 is repeated, and if the Order Rejection is repeated again, it doesn't form a logical process flow, hence the process flow is not clear. I'm going to assume the real process should be: if the first Order Rejection happens, end the process directly. 

The process specifies that activity 0 happens first, followed by decision 0. If decision 0 is yes, then activity 1 happens, followed by activity 3. If decision 0 is no, then activity 2 happens and then process ends. Then decision 0 should happen again and if it's yes then activity 1 happens, followed by activity 3, otherwise activity 2 happens. However, this can't be written into a normal flowchart as that would be 2 paths ending at the same node with different end states and a same start node ending in 2 paths.

```mermaid
graph LR
0[""StartNode""] --> 1[""Check Order Request""]
1 --> 2{""Can Order be fulfilled?""}
2 --> |""Yes""|3[""Order Confirmation""]
2 --> |""No""|4[""Order Rejection""]
3 --> 5[""Deliver Order""]
4 --> 5[""Mark Order as Rejected""]
5 --> 6[""EndNode""]
2 --> |""Repeat Check""|2
```"
149,"The description describes the following activities and decisions:
Activities:
0. select vbelv & vbeln from vbfa into ivbfa_completo_t
1. sort the result
2. perform NOP
3. copy vbelv's from ivbfa_completo_t to it_unolips
4. sort it_unolips and remove duplicates
5. remove entries from it_likp that don't have a vbeln in it_unolips
6. perform a left outer join between lips and it_likp on vbeln and vgpos, and store vbeln & vgbel in it_lipsm
7. sort it_lipsm & remove duplicates
8. perform a left outer join between vbfa and it_lipsm, and store vbeln,... in it_vbfa_completo
9. remove from it_vbfa_completo where plmin!= '+' and sort it
10. perform a left outer join between lips and it_unolips, and store the result in it_lips
11. sort it_likp by vbeln and select * from it_likp where lifex!= space, storing the result in it_lifex sorted by vbeln
12. replace it_vbfa_completo-secuencia with corresponding it_lifex-lifex
13. perform busca_pedido_vbapt and busca_factura_vbapt, and clear any errors
14. perform a left outer join between vbap and it_vbfa_completo, and store the result in imatkl
15. transfer maktl from imaktl to it_vbfa_completo
16. set & print error
Decisions:
0. c_si in r_valida?
1. pvstel in r_exclog?
2. it_nofacturado empty?
3. error?

The process starts with activity 0, followed by activity 1, 2, 3, 4, 5, 6, 7, 8, 9, 10, 11, 12, 13, and then decision 0. If decision 0 is ""no"", then activity 14 happens. If decision 0 is ""yes"", then decision 1 happens. If decision 1 is ""yes"", then activity 14 happens. If decision 1 is ""no"", then activity 15 happens. After activity 15, decision 2 happens. If decision 2 is ""no"", then activity 16 happens. If decision 2 is ""yes"", then decision 3 happens. If decision 3 is ""no"", then activity 14 happens. If decision 3 is ""yes"", then the process ends. Thus, the final activity diagram should look like the following:
```mermaid
graph LR
0[""StartNode""] --> 1[""select vbelv & vbeln from vbfa into ivbfa_completo_t""]
1 --> 2[""sort the result""]
2 --> 3[""perform NOP""]
3 --> 4[""copy vbelv's from ivbfa_completo_t to it_unolips""]
4 --> 5[""sort it_unolips and remove duplicates""]
5 --> 6[""remove entries from it_likp that don't have a vbeln in it_unolips""]
6 --> 7[""perform a left outer join between lips and it_likp on vbeln and vgpos, and store vbeln & vgbel in it_lipsm""]
7 --> 8[""sort it_lipsm & remove duplicates""]
8 --> 9[""perform a left outer join between vbfa and it_lipsm, and store vbeln,... in it_vbfa_completo""]
9 --> 10[""remove from it_vbfa_completo where plmin!= '+' and sort it""]
10 --> 11[""perform a left outer join between lips and it_unolips, and store the result in it_lips""]
11 --> 12[""sort it_likp by vbeln and select * from it_likp where lifex!= space, storing the result in it_lifex sorted by vbeln""]
12 --> 13[""replace it_vbfa_completo-secuencia with corresponding it_lifex-lifex""]
13 --> 14[""perform busca_pedido_vbapt and busca_factura_vbapt, and clear any errors""]
14 --> 15{""c_si in r_valida?""}
15 --> |""no""|16[""perform a left outer join between vbap and it_vbfa_completo, and store the result in imatkl""]
15 --> |""yes""|17{""pvstel in r_exclog?""}
17 --> |""yes""|16
17 --> |""no""|18[""transfer maktl from imaktl to it_vbfa_completo""]
18 --> 19{""it_nofacturado empty?""}
19 --> |""no""|20[""set & print error""]
19 --> |""yes""|21{""error?""}
21 --> |""no""|16
21 --> |""yes""|22[""EndNode""]
```"
150,"The description contains the following activities and decisions:
Activities:
0. Visit Travel agency
1. Select Land
2. Choose Tour
3. Booking Italy
4. Booking Venice
5. Permit paid
6. Obtain permit
7. Organize vacation
Decisions:
0. Decide on trip

The process specifies that activity 0 happens first, followed by decision 0. Decision 0 has no specified outcome, so we assume it always proceeds to the next step. Then, activities 1 and 2 happen at the same time. After activity 1, activity 3 happens. After activity 2, activity 4 happens. Then, activities 5, 6, and 7 happen in sequence. Thus, the final activity diagram should look like the following:
```mermaid
graph LR
0[""StartNode""] --> 1[""Visit Travel agency""]
1 --> 2{""Decide on trip""}
2 --> 3[""Select Land""]
2 --> 4[""Choose Tour""]
3 --> 5[""Booking Italy""]
4 --> 6[""Booking Venice""]
5 --> 7[""Permit paid""]
6 --> 7
7 --> 8[""Obtain permit""]
8 --> 9[""Organize vacation""]
9 --> 10[""EndNode""]
```"
151,"The description describes the following activities without decisions:
0. Conduct a Property Survey
1. Conduct a Property Title Search
2. Check customers Credit History

Activity 0 and 1 happen at the same time, followed by activity 2. Thus, the final activity diagram should look like the following:
```mermaid
graph LR
0[""StartNode""] --> 1[""Conduct a Property Survey""]
0 --> 2[""Conduct a Property Title Search""]
1 --> 3[""Check customers Credit History""]
2 --> 3
3 --> 4[""EndNode""]
```"
152,"The description describes the following activities without decisions:
0. Conduct assessment
1. Check credit history
2. Conduct property title search
3. Perform property survey
4. Assessment complete

Activity 0, 1, 2, and 3 happen at the same time. Afterwards, activity 4 happens. Thus, the final activity diagram should look like the following:
```mermaid
graph LR
0[""StartNode""] --> 1[""Conduct assessment""]
0 --> 2[""Check credit history""]
0 --> 3[""Conduct property title search""]
0 --> 4[""Perform property survey""]
1 --> 5[""Assessment complete""]
2 --> 5
3 --> 5
4 --> 5
5 --> 6[""EndNode""]
```"
153,"This description contains the following activities and decisions:
Activities:
0. Request material
1. Manage inventory
2. Place orders to suppliers
3. Manage transfers of material
4. Monitor progress of purchase orders
5. Receive requested material
6. Receive incoming material supplies
7. Release invoices for payment
Decisions:
0. Material in stock?

The process specifies that activity 0 happens first, followed by decision 0. If decision 0 is no, then activity 2 happens. If decision 0 is yes, then activity 3 happens, followed by decision 0 again. If decision 0 is no again, then activity 2 happens. If decision 0 is yes again, then activity 3 happens. After that, activities 2, 4, 5, 6, 7 happens in sequence. Thus, the final activity diagram should look like the following:
```mermaid
graph LR
0[""StartNode""] --> 1[""Request material""]
1 --> 2[""Manage inventory""]
2 --> 3{""Material in stock?""}
3 --> |""No""|4[""Place orders to suppliers""]
3 --> |""Yes""|5[""Manage transfers of material""]
5 --> 3
3 --> |""No""|4
4 --> 6[""Monitor progress of purchase orders""]
6 --> 7[""Receive requested material""]
7 --> 8[""Receive incoming material supplies""]
8 --> 9[""Release invoices for payment""]
9 --> 10[""EndNode""]
```"
154,"The description describes the following activities without decisions:
Activities:
0. Select Meetings p1
1. Send Consolidated Referee Forms
2. Send Round 2 Evaluation Form
3. Follow up with Evaluation Sheet
4. Receive Evaluation Sheets
5. Consolidate Evaluations
6. Answer Questions from Panel Members
7. Log Questions in FAQ

Activity 0 and 1 happen first, followed by activity 2. At the same time as activity 2, activity 6 and 7 happen. Then, activity 3, 4, and 5 happen. Thus, the final activity diagram should look like the following:
```mermaid
graph LR
0[""Select Meetings p1""] --> 1[""Send Consolidated Referee Forms""]
1 --> 2[""Send Round 2 Evaluation Form""]
1 --> 6[""Answer Questions from Panel Members""]
1 --> 7[""Log Questions in FAQ""]
2 --> 3[""Follow up with Evaluation Sheet""]
3 --> 4[""Receive Evaluation Sheets""]
4 --> 5[""Consolidate Evaluations""]
6 --> 8[""EndNode""]
7 --> 8
```"
155,"The description contains the following activities and decisions:
Activities:
0. Change status to Tender
1. Send email enclosing load tenders
2. Consolidate load tenders
3. Print shipping labels and picking list
4. Sort labels by customer and item type
5. Assign loading doors to orders
6. Forklift collects items for order
7. Check if all items are available
8. Leave order at door and stick labels on boxes
9. Inform customer clerk
Decisions:
0. All items available?

The process specifies that activities 0, 1, 2, 3, 4, 5, 6, 7 happens in sequence. Then decision 0 is made. If decision 0 is yes, then activity 8 happens and the process ends. If decision 0 is no, then activity 9 happens and the process ends. Thus, the final activity diagram should look like the following:
```mermaid
graph LR
0[""StartNode""] --> 1[""Change status to Tender""]
1 --> 2[""Send email enclosing load tenders""]
2 --> 3[""Consolidate load tenders""]
3 --> 4[""Print shipping labels and picking list""]
4 --> 5[""Sort labels by customer and item type""]
5 --> 6[""Assign loading doors to orders""]
6 --> 7[""Forklift collects items for order""]
7 --> 8{""All items available?""}
8 --> |""Yes""|9[""Leave order at door and stick labels on boxes""]
8 --> |""No""|10[""Inform customer clerk""]
9 --> 11[""EndNode""]
10 --> 11
```"
156,"This description contains the following activities without decisions:
Activities:
0. Collect daily mail
1. Sort unopened mail
2. Sort opened mail
3. Register mail
4. Check mail compliance
5. Capture matter details
6. Compile mailed document requisition
7. Receive payment
8. Prepare response
9. Capture party details
10. Print file server

The process specifies that activities 0, 1, 2, 3, 4, 5, 7 happen in sequence, and afterwards, activities 8 and 9 happen at the same time. Then activity 10 happens and the process ends. Thus, the final activity diagram should look like the following:
```mermaid
graph LR
0[""StartNode""] --> 1[""Collect daily mail""]
1 --> 2[""Sort unopened mail""]
2 --> 3[""Sort opened mail""]
3 --> 4[""Register mail""]
4 --> 5[""Check mail compliance""]
5 --> 6[""Capture matter details""]
6 --> 7[""Receive payment""]
7 --> 8[""Compile mailed document requisition""]
8 --> 9[""EndNode""]
7 --> 10[""Prepare response""]
10 --> 9
7 --> 11[""Capture party details""]
11 --> 12[""Print file server""]
12 --> 9
```"
157,"The description describes the following activities without decisions:
0. Check customary credit history
1. Conduct Property Survey
2. Search for property title

Activities 0 and 1 happen at the same time, producing data objects ""Credit History File"" and ""Survey Document"" respectively. After both activities are completed, activity 2 happens. Thus, the final activity diagram should look like the following:
```mermaid
graph LR
0[""StartNode""] --> 1[""Check customary credit history""]
0 --> 2[""Conduct Property Survey""]
1 --> 3[""Search for property title""]
2 --> 3
3 --> 4[""EndNode""]
```"
158,"The description contains the following activities and decisions:
Activities:
0. Report Problem
1. Ask Questions
2. Answer Questions
3. Provide Solution
4. Ask First Level Support
5. Provide Feedback to Account Manager
6. Ask Developer for Help
7. Provide Feedback to First Level Support
Decisions:
0. Can Account Manager handle issue?
1. Can First Level Support handle issue?

The process specifies that activities 0, 1, 2 happen in sequence. Then decision 0 is made. If decision 0 is yes, then activity 3 happens and the process ends. If decision 0 is no, then activity 4 happens, followed by decision 1. If decision 1 is yes, then activities 5, 3 happen in sequence and the process ends. If decision 1 is no, then activity 6 happens, followed by activities 7, 5, 3 in sequence and the process ends. Thus, the final activity diagram should look like the following:
```mermaid
graph LR
0[""StartNode""] --> 1[""Report Problem""]
1 --> 2[""Ask Questions""]
2 --> 3[""Answer Questions""]
3 --> 4{""Can Account Manager handle issue?""}
4 --> |""Yes""|5[""Provide Solution""]
4 --> |""No""|6[""Ask First Level Support""]
6 --> 7{""Can First Level Support handle issue?""}
7 --> |""Yes""|8[""Provide Feedback to Account Manager""]
7 --> |""No""|9[""Ask Developer for Help""]
8 --> 10[""Provide Solution""]
9 --> 11[""Provide Feedback to First Level Support""]
11 --> 12[""Provide Feedback to Account Manager""]
12 --> 10
```"
159,"The description contains the following activities without decisions:
0. Acknowledge hunger
1. Choose a dish
2. Select Spaghetti
3. Choose a Drink
4. Order Spaghetti
5. Order Drink
6. Eat Spaghetti and Drink
7. Settle bill

The description specifies that activities 0 and 1 happen first, followed by activity 2 and 3 happen at the same time. Afterwards, activity 4 and 5 happen in sequence with activity 2 and 3 respectively, activity 6 and 7 happen in sequence. Thus, the final activity diagram should look like the following:
```mermaid
graph LR
0[""Acknowledge hunger""] --> 1[""Choose a dish""]
1 --> 2[""Select Spaghetti""]
1 --> 3[""Choose a Drink""]
2 --> 4[""Order Spaghetti""]
3 --> 5[""Order Drink""]
4 --> 6[""Eat Spaghetti and Drink""]
5 --> 6
6 --> 7[""Settle bill""]
7 --> 8[""EndNode""]
```"
160,"The description describes the following activities without decisions:
Activities:
0. Receive Order
1. Send Invoice
2. Ship Products
3. Receive Payment

Activity 0 happens first, then activity 1 and 2 happen at the same time. Afterwards, activity 3 happens. Thus, the final activity diagram should look like the following:
```mermaid
graph LR
0[""StartNode""] --> 1[""Receive Order""]
1 --> 2[""Send Invoice""]
1 --> 3[""Ship Products""]
2 --> 4[""Receive Payment""]
3 --> 4
4 --> 5[""EndNode""]
```"
161,"The description describes the following activities without decisions:
0. BG
1. BH
2. DG
3. BE
4. DF
5. DC
6. DE
7. CW
8. CU

Activity 0, 1, 2, 3, 4 happen in sequence, at the same time activity 5, 6, 7 happen in sequence. After activity 7, activity 8 happens and the process ends. Thus, the final activity diagram should look like the following:
```mermaid
graph LR
0[""StartNode""] --> 1[""BG""]
1 --> 2[""BH""]
2 --> 3[""DG""]
3 --> 4[""BE""]
4 --> 5[""DF""]
0 --> 6[""DC""]
6 --> 7[""DE""]
7 --> 8[""CW""]
5 --> 9[""CW""]
8 --> 10[""CU""]
10 --> 11[""EndNode""]
```"
162,"The description contains the following activities and decisions:
Activities:
0. Receive Invoice
1. Make Payment
2. Check Accounts
3. Contact Customer
4. Resolve Invoice
5. Make Journal Entry
6. Debit Cash Account
7. Contact Customer for Negotiations
Decisions:
0. Need to Contact Customer?
1. Need to Resolve Invoice?
2. Three Strikes?

The process specifies that activities 0, 1 happens first, followed by activity 2. Then decision 0 is made. If decision 0 is yes, then decision 1 is made. If decision 1 is yes, then activity 4, 5, 6 happens. If decision 0 is no, then decision 2 is made. If decision 2 is yes, then activity 7 happens. If decision 2 is no, then the process continues with activity 3. Thus, the final activity diagram should look like the following:
```mermaid
graph LR
0[""StartNode""] --> 1[""Receive Invoice""]
1 --> 2[""Make Payment""]
2 --> 3[""Check Accounts""]
3 --> 4{""Need to Contact Customer?""}
4 --> |""Yes""|5{""Need to Resolve Invoice?""}
5 --> |""Yes""|6[""Make Journal Entry""]
5 --> |""No""|7[""Contact Customer""]
4 --> |""No""|8{""Three Strikes?""}
8 --> |""Yes""|9[""Contact Customer for Negotiations""]
8 --> |""No""|3
6 --> 10[""Debit Cash Account""]
9 --> 11[""EndNode""]
10 --> 11
```"
163,"The description describes the following activities and decision:
Activities:
0. Announce the arrival
1. Send registration details
2. Request registration form
3. Announce the start of measurement
Decision:
0. Person already registered

According to the description, activity 0 happens first. Then decision 0 checks if the person is already registered. If decision 0 is no, then activity 1 happens, and the process ends. If decision 0 is yes, then activity 2 and activity 3 happens, and the process ends. Thus, the final activity diagram should look like the following:
```mermaid
graph LR
0[""StartNode""] --> 1[""Announce the arrival""]
1 --> 2{""Person already registered?""}
2 --> |""No""| 3[""Send registration details""]
2 --> |""Yes""| 4[""Request registration form""]
3 --> 5[""EndNode""]
4 --> 6[""Announce the start of measurement""]
6 --> 5
```"
164,"The description contains the following activities and decisions:
Activities:
0. Check if offer is signed
1. Register offer loss
2. Proceed to reception and sign the offer
3. Register opportunity loss
4. Check if competitor information is available
5. Register competitor information
Decisions:
0. Offer signed?
1. Competitor information available?

The process specifies that decision 0 happens first. If decision 0 is no, then activities 1 and 3 happens, and the process ends. If decision 0 is yes, then activity 2 happens, and the process ends. After that, decision 1 happens. If decision 1 is no, then the process ends. If decision 1 is yes, then activity 5 happens, and the process ends. However, it is also mentioned that if decision 1 is yes, then the process checks decision 0, which already happened before. To simplify the process, this part can be ignored. Thus, the final activity diagram should look like the following:
```mermaid
graph LR
0[""StartNode""] --> 1{""Offer signed?""}
1 --> |""Yes""|2[""Proceed to reception and sign the offer""]
1 --> |""No""|3[""Register offer loss""]
3 --> 4[""Register opportunity loss""]
2 --> 5[""EndNode""]
4 --> 5
0 --> 6[""Check if competitor information is available""] 
6 --> 7{""Competitor information available?""}
7 --> |""Yes""|8[""Register competitor information""]
7 --> |""No""|5
8 --> 5
```"
165,"The description contains the following activities and decisions:
Activities:
0. Check quality and update record
1. Inform IT Manager
2. Check for permanent solution
3. Close service call
4. Send service request to vendor
5. Stop process
Decisions:
0. Quality okay?
1. Permanent solution found?
2. Service call closed?

The process specifies that activity 0 happens first, followed by decision 0. If decision 0 is no, then activity 1 happens and the process ends. If decision 0 is yes, then activity 2 happens, followed by decision 1. If decision 1 is no, then activity 1 happens and the process ends. If decision 1 is yes, then activity 3 happens, followed by decision 2. If decision 2 is no, then activity 4 happens and the process ends. If decision 2 is yes, then activity 5 happens and the process ends. Thus, the final activity diagram should look like the following:
```mermaid
graph LR
0[""StartNode""] --> 1[""Check quality and update record""]
1 --> 2{""Quality okay?""}
2 --> |""No""|3[""Inform IT Manager""]
2 --> |""Yes""|4[""Check for permanent solution""]
4 --> 5{""Permanent solution found?""}
5 --> |""No""|3
5 --> |""Yes""|6[""Close service call""]
6 --> 7{""Service call closed?""}
7 --> |""No""|8[""Send service request to vendor""]
7 --> |""Yes""|9[""Stop process""]
3 --> 10[""EndNode""]
8 --> 10
9 --> 10
```"
166,"The description contains the following activities and decisions:
Activities:
0._check information if complete
1. add incoming mail number
2. archive the letter
3. call the customer
4. bring letter book and member register to the Secretary
5. check if the applicant becomes a member
6. write a letter to applicant
7. stamp ""new member"" on the letter
8. add the member to the member register
9. calculate the membership fee
10. write amount in the membership register
11. write an invoice for the payment of the first fee
12. send invoice
13. print membership card
14. send membership card
15. wait for payment

Decisions:
0. information complete?
1. applicant is a member?

Here are diagrams showing the sequence of events: 
```mermaid
graph LR
0[""StartNode""] --> 1[""check information if complete""]
1 --> 2{""information complete?""}
2 --> |""Yes""|3[""add incoming mail number""]
2 --> |""No""|4[""call the customer""]
3 --> 5[""archive the letter""]
3 --> 6[""check if the applicant is a member""]
4 --> 7[""EndNode""]
5 --> 6
6 --> 8{""applicant is a member?""}
8 --> |""Yes""|9[""stamp 'new member' on the letter""]
8 --> |""No""|10[""write a letter to applicant""]
9 --> 11[""add the member to the member register""]
10 --> 12[""EndNode""]
11 --> 13[""calculate the membership fee""]
13 --> 14[""write amount in the membership register""]
14 --> 15[""write an invoice for the payment of the first fee""]
15 --> 16[""send invoice""]
16 --> 17[""print membership card""]
17 --> 18[""send membership card""]
18 --> 19[""wait for payment""]
19 --> 20[""EndNode""]
```"
167,"The description contains the following activities without decisions:
Activities:
0. Notify director
1. Receive patient interview
2. Receive expert review
3. File interview results
4. File expert review results
5. Create report

The process specifies that activities 0, 1, and 2 happen at the same time. After activity 1, activity 3 happens. After activity 2, activity 4 happens. Finally, activity 5 happens. Thus, the final activity diagram should look like the following:
```mermaid
graph LR
0[""StartNode""] --> 1[""Notify director""]
0 --> 2[""Receive patient interview""]
0 --> 3[""Receive expert review""]
2 --> 4[""File interview results""]
3 --> 5[""File expert review results""]
4 --> 6[""Create report""]
5 --> 6
6 --> 7[""EndNode""]
```"
168,"The description describes the following activities without decisions:
0. newCallOffOrderEvent
1. sendOrder
2. executeCallOff
3. transport.transport
4. delivery inspection
5. askForInvoice
6. askForCallOffConfirmation
7. send invoice
8. send call-off confirmation

Activity 0 happens first, followed by activity 1. Then, activity 2 and 3 happen at the same time, followed by activity 4. At the same time, activity 5 and 6 happen, followed by activity 7 and 8. Thus, the final activity diagram should look like the following:
```mermaid
graph LR
0[""newCallOffOrderEvent""] --> 1[""sendOrder""]
1 --> 2[""executeCallOff""]
1 --> 3[""transport.transport""]
2 --> 4[""delivery inspection""]
4 --> 5[""EndNode""]
1 --> 6[""askForInvoice""]
1 --> 7[""askForCallOffConfirmation""]
6 --> 8[""send invoice""]
7 --> 9[""send call-off confirmation""]
8 --> 5
9 --> 5
```"
169,"The description contains the following activities and decisions:
Activities:
0. Set travel schedules
1. Look for accommodation
2. Request quote for transportation and accommodation
3. Fill mission order request (MOR)
4. Check MOR for relevancy and cost
5. Choose financial contract
6. Approve/disapprove mission
7. Address MOR and quote to assistant
8. Check credit availability
9. Place order
10. Enter mission data in budget management tool
11. Send dossier to direction for approval
12. Make mission order without expenses (MOWE)
13. Check documents
14. Approve/disapprove documents
15. Give copy of MO and/or MOWE to employee
16. Classify all documents

Decisions:
0. Is mission approved?
1. Is financier employer?

The process specifies that activities 0, 1, 2, 3, 4, 5, 6 happen in sequence. Decision 0 is made, if yes, then activity 7, 8, 9, 10 happen, if no, then activity 11 happens and the process ends. Activity 7, 8, 9, 10 happen in sequence, followed by decision 1. If decision 1 is yes, then activity 12, 13, 14 happen, if no, then activity 15 happens. Activity 12, 13, 14 happen in sequence, followed by decision 2. If decision 2 is yes, then activity 16 happens, if no, then the process ends. Thus, the final activity diagram should look like the following:
```mermaid
graph LR
0[""StartNode""] --> 1[""Set travel schedules""]
1 --> 2[""Look for accommodation""]
2 --> 3[""Request quote for transportation and accommodation""]
3 --> 4[""Fill mission order request (MOR)""]
4 --> 5[""Check MOR for relevancy and cost""]
5 --> 6[""Choose financial contract""]
6 --> 7{""Is mission approved?""}
7 --> |""Yes""|8[""Approve by signing""]
7 --> |""No""|9[""Disapprove""]
8 --> 10[""Address MOR and quote to assistant""]
10 --> 11[""Check credit availability""]
11 --> 12[""Place order""]
12 --> 13[""Enter mission data in budget management tool""]
13 --> 14{""Is financier employer?""}
14 --> |""Yes""|15[""Send dossier to direction for approval""]
14 --> |""No""|16[""Make mission order without expenses (MOWE)""]
15 --> 17[""Check documents""]
17 --> 18{""Is document approved?""}
18 --> |""Yes""|19[""Approve by signing""]
18 --> |""No""|20[""Disapprove""]
19 --> 21[""Give copy of MO and/or MOWE to employee""]
21 --> 22[""Classify all documents""]
22 --> 23[""EndNode""]
```"
170,"The description contains the following activities without decisions:
0. Assess weak points in development
1. Choose employees for training
2. Specify education needs
3. Decide on training method
4. Check employee availability
5. Consult with employee
6. Set training dates
7. Finalize education requirements
8. Sign contract

The process specifies that activity 0 happens first, followed by activity 1. Then, activities 2 and 3, and 4 happen at the same time. Afterwards, activities 5, 6, and 7 happen in sequence, followed by activity 8. Thus, the final activity diagram should look like the following:
```mermaid
graph LR
0[""StartNode""] --> 1[""Assess weak points in development""]
1 --> 2[""Choose employees for training""]
2 --> 3[""Specify education needs""]
2 --> 4[""Decide on training method""]
2 --> 5[""Check employee availability""]
3 --> 6[""Consult with employee""]
4 --> 6
5 --> 6
6 --> 7[""Set training dates""]
7 --> 8[""Finalize education requirements""]
8 --> 9[""Sign contract""]
9 --> 10[""EndNode""]
```"
171,"The description contains the following activities without decisions:
0. Create Functional design document
1. Create State specific Business scenarios
2. Create Rating scenarios
3. Create Forms scenarios
4. Create UI test cases
5. Test Document Review
6. Test Execution
7. Test Audit
8. Test Report signoff
9. End of State Roll out process

The process specifies that activity 0 happens first, followed by activity 1, 2, 3, and 4 happening at the same time. Afterwards, activity 5, 6, 7, 8 happens in sequence. Finally, activity 9 marks the end of the process. Thus, the final activity diagram should look like the following:
```mermaid
graph LR
0[""StartNode""] --> 1[""Create Functional design document""]
1 --> 2[""Create State specific Business scenarios""]
1 --> 3[""Create Rating scenarios""]
1 --> 4[""Create Forms scenarios""]
1 --> 5[""Create UI test cases""]
2 --> 6[""Test Document Review""]
3 --> 6
4 --> 6
5 --> 6
6 --> 7[""Test Execution""]
7 --> 8[""Test Audit""]
8 --> 9[""Test Report signoff""]
9 --> 10[""End of State Roll out process""]
```"
172,"The description describes the following activities without decisions:
0. Issue report to client
1. Issue report to registry
2. Issue report to accounts receivable

All three activities happen at the same time. Thus, the final activity diagram should look like the following:
```mermaid
graph LR
0[""StartNode""] --> 1[""Issue report to client""]
0 --> 2[""Issue report to registry""]
0 --> 3[""Issue report to accounts receivable""]
1 --> 4[""EndNode""]
2 --> 4
3 --> 4
```"
173,"The description describes the following activities without decisions:
Activities:
0. Schedule production activities
1. Procure materials
2. Issue materials
3. Produce products
4. Test products
5. Package products
6. Dispose of waste
7. Stage products
8. Release for delivery

Activity 0, 1, 2, 3, 4, 5, 6, 7, 8 happen in sequence, with activity 6 and 7 happening at the same time. Thus, the final activity diagram should look like the following:
```mermaid
graph LR
0[""StartNode""] --> 1[""Schedule production activities""]
1 --> 2[""Procure materials""]
2 --> 3[""Issue materials""]
3 --> 4[""Produce products""]
4 --> 5[""Test products""]
5 --> 6[""Package products""]
6 --> 7[""Dispose of waste""]
6 --> 8[""Stage products""]
7 --> 9[""Release for delivery""]
8 --> 9
```"
174,"The description contains the following activities and decisions:
Activities:
0. Verify form structure
1. Verify proposal
2. Form error
3. Process successful
4. Process failure
Decisions:
0. Form correct?
1. Everything okay?

The process specifies that activity 0 happens first, followed by decision 0. If decision 0 is no, then activity 2 happens and the process ends. If decision 0 is yes, then activity 1 happens, followed by decision 1. If decision 1 is yes, then activity 3 happens and the process ends. If decision 1 is no, then activity 4 happens and the process ends. Thus, the final activity diagram should look like the following:
```mermaid
graph LR
0[""StartNode""] --> 1[""Verify form structure""]
1 --> 2{""Form correct?""}
2 --> |""No""|3[""Form error""]
2 --> |""Yes""|4[""Verify proposal""]
4 --> 5{""Everything okay?""}
5 --> |""Yes""|6[""Process successful""]
5 --> |""No""|7[""Process failure""]
3 --> 8[""EndNode""]
6 --> 8
7 --> 8
```"
175,"The description describes the following activities without decisions:
0. Book the car park location
1. Provide the guideline to the car park
2. Bill the credit card

Activity 0 and 1 happen simultaneously at the beginning, followed by activity 2. Thus, the final activity diagram should look like the following:
```mermaid
graph LR
0[""StartNode""] --> 1[""Book the car park location""]
0 --> 2[""Provide the guideline to the car park""]
1 --> 3[""Bill the credit card""]
2 --> 3
3 --> 4[""EndNode""]
```
Note: The data objects ""building name, the level & number (D4)"" and ""GPS"" are not included in the activity diagram as they are not activities or decisions, but rather outputs or results of the activities."
176,"The description describes the following activities without decisions:
0. Fill pot with water
1. Boil water
2. Prepare tomato sauce
3. Add seasoning
4. Put noodles in boiling water
5. Mix noodles with tomato sauce

Activities 0, 1 and 2 happen at the same time. After 2, activity 3 happens. Once activity 1 happens, activity 4 happens, then activity 5 happens which follows activities both 4 and 3, concludes the process. Thus, the final activity diagram should look like the following:
```mermaid
graph LR
0[""Fill pot with water""] --> 1[""Boil water""]
0 --> 2[""Prepare tomato sauce""]
0 --> 1
2 --> 3[""Add seasoning""]
1 --> 4[""Put noodles in boiling water""]
2 --> 3 --> 5[""Mix noodles with tomato sauce""]
4 --> 5
```"
177,"The description describes the following activities without decisions:
0. Receive order
1. Send invoice
2. Ship products
3. Receive payment

Activity 0 happens first, followed by activity 1 and 2 happen at the same time. Afterwards, activity 1 is followed by activity 3, and the process ends. Thus, the final activity diagram should look like the following:
```mermaid
graph LR
0[""Receive order""] --> 1[""Send invoice""]
0 --> 2[""Ship products""]
1 --> 3[""Receive payment""]
3 --> 4[""EndNode""]
```"
178,"The description describes the following activities without decisions:
0. T1
1. T2
2. T3
3. T4

Activity 0, 1, and 2 happen at the same time. Afterwards, activity 3 happens. Thus, the final activity diagram should look like the following:
```mermaid
graph LR
0[""StartNode""] --> 1[""T1""]
0 --> 2[""T2""]
0 --> 3[""T3""]
1 --> 4[""T4""]
2 --> 4
3 --> 4
4 --> 5[""EndNode""]
```"
179,"The description describes the following activities and decisions:
Activities:
0. Announce arrival
1. Request registration form
2. Send registration details
3. Provide registration form
4. Announce measurement
5. Permit registration
6. Request person to leave van
7. Permit registration
8. Send questionnaire answers
9. Send registration ID
10. Subject is ready
11. Subject is not ready
Decisions:
0. Check if registration form has been obtained
1. Check if registration can be done in van
2. Check if subject is ready

The process is a complex loop with several sub-loops and conditional flows. To simplify, we can break it down as follows:

- Initial flow: 0 -> 1 -> conditional 0
- Loop 1: conditional 0 -> 2 or 3 -> repeat
- Conditional flow 1: 3 -> 4 -> conditional 1
- Loop 2: conditional 1 -> 5 or 6 -> repeat
- Conditional flow 2: 4 -> conditional 2
- Conditional flow 3: conditional 2 -> 10 (end) or 7 -> 8
- Conditional flow 4: 6 -> 11 (end)
- Conditional flow 5: 10 -> end
- End flow: 7 -> 8 -> 9 -> end

Given the complex nature of the process, the final activity diagram is as follows:
```mermaid
graph LR
0[""StartNode""] --> 1[""Announce arrival""]
1 --> 2[""Request registration form""]
2 --> 3{""Registration form obtained?""}
3 --> |""No""|4[""Send registration details""]
3 --> |""Yes""|5[""Provide registration form""]
4 --> 3
5 --> 6[""Announce measurement""]
6 --> 7{""Registration in van?""}
7 --> |""Yes""|8[""Permit registration""]
7 --> |""No""|9[""Request person to leave van""]
8 --> 10{""Subject ready?""}
8 --> 11[""Send questionnaire answers""]
9 --> 12[""Subject not ready""]
10 --> |""Yes""|13[""EndNode""]
10 --> |""No""|11
11 --> 14[""Send registration ID""]
14 --> 13
```"
180,"The description contains the following activities and decisions:
Activities:
0. Vendor sends invoice
1. Vendor receives invoice
2. Check invoice against inventory
3. Enter invoice information in Payment Out Module
4. Revise invoice on the spot
5. Make payment
6. Process payment
7. Forward payment to vendor
8. Close order
Decisions:
0. Instruction?

The process specifies that activities 0, 1, 2 happens in sequence. Then decision 0 is made. If decision 0 is ""send over the invoice"", then activities 3, 4, 5, 6, 7, 8 happens in sequence. If decision 0 is ""contact the vendor"", then activities 4, 1, 2, 3, 5, 6, 7, 8 happens in sequence. Thus, the final activity diagram should look like the following:
```mermaid
graph LR
0[""StartNode""] --> 1[""Vendor sends invoice""]
1 --> 2[""Vendor receives invoice""]
2 --> 3[""Check invoice against inventory""]
3 --> 4{""Instruction?""}
4 --> |""send over the invoice""|5[""Enter invoice information in Payment Out Module""]
4 --> |""contact the vendor""|6[""Revise invoice on the spot""]
5 --> 7[""Make payment""]
6 --> 2
7 --> 8[""Process payment""]
8 --> 9[""Forward payment to vendor""]
9 --> 10[""Close order""]
10 --> 11[""EndNode""]
```"
181,"The description contains the following activities and decisions:
Activities:
0. Incoming Order
1. Check Availability
2. Send the Item
3. Procure the Item
4. Process Payment
Decisions:
0. Is the Item Available?

The process specifies that activity 0 happens first, followed by activity 1. Then decision 0 is made. If decision 0 is yes, then activity 2 happens. If decision 0 is no, then activity 3 happens. Then activity 1 and decision 0 happens again. If decision 0 is yes, then activity 2 happens. If decision 0 is no, then activity 3 happens again. Then activity 2 happens, followed by activity 4. Thus, the final activity diagram should look like the following:
```mermaid
graph LR
0[""StartNode""] --> 1[""Incoming Order""]
1 --> 2[""Check Availability""]
2 --> 3{""Is the Item Available?""}
3 --> |""Yes""|4[""Send the Item""]
3 --> |""No""|5[""Procure the Item""]
5 --> 2
4 --> 6[""Process Payment""]
5 --> 4
6 --> 7[""EndNode""]
```"
182,"The description contains the following activities and decisions:
Activities:
0. Submit application
1. Deliver required documents
2. Conduct completeness check
3. Send email regarding incompleteness
4. Send copies of documents to academic recognition agency
Decisions:
0. Is application complete?

The process specifies that activity 0 and 1 happen in sequence, followed by activity 2. Then decision 0 is made. If decision 0 is no (i.e., incomplete by 20%), then activity 3 happens and the process ends. If decision 0 is yes (i.e., 80% complete), then activity 4 happens and the process ends. Additionally, if the application is incomplete, the completeness check will be repeated, creating a loop. Thus, the final activity diagram should look like the following:
```mermaid
graph LR
0[""StartNode""] --> 1[""Submit application""]
1 --> 2[""Deliver required documents""]
2 --> 3[""Conduct completeness check""]
3 --> 4{""Is application complete?""}
4 --> |""No""|5[""Send email regarding incompleteness""]
4 --> |""Yes""|6[""Send copies of documents to academic recognition agency""]
5 --> 7[""EndNode""]
6 --> 7
4 --> |""No""|3
```"
183,"The description describes the following activities without decisions:
0. Identify errors
1. Highlight errors on Invoice Entry Form
2. Keep track of errors per Data Entry Officer
3. Return invoice to Data Entry Officer
4. Record number of errors per Data Entry Officer

Activities 0 and 1 happen first, followed by activities 2 and 3 happen at the same time. Afterwards, activity 4 happens and then the process ends. Thus, the final activity diagram should look like the following:
```mermaid
graph LR
0[""StartNode""] --> 1[""Identify errors""]
1 --> 2[""Highlight errors on Invoice Entry Form""]
1 --> 3[""Keep track of errors per Data Entry Officer""]
2 --> 4[""Return invoice to Data Entry Officer""]
3 --> 4
4 --> 5[""Record number of errors per Data Entry Officer""]
5 --> 6[""EndNode""]
```"
184,"The description describes the following activities without decisions:
0. Collect process list and scope
1. Conduct interviews
2. Define process models and related metrics
3. Publish models to PCE
4. Provide comments and feedback
5. Collect and review feedback

Activity 0 happens first, and requires accessing the data objects ""List of processes mapped to activities"" and ""Prioritized list of business activities"". Then, activity 1 happens, followed by activity 2, which requires accessing the data objects ""List of processes mapped to activities"" and ""Process models and descriptions [initial]"". After that, activities 3 and 4 happen in a loop, with both activities requiring accessing the data object ""Process models and descriptions [initial]"". Finally, activity 5 happens and the process ends. Thus, the final activity diagram should look like the following:
```mermaid
graph LR
0[""StartNode""] --> 1[""Collect process list and scope""]
1 --> 2[""Conduct interviews""]
2 --> 3[""Define process models and related metrics""]
3 --> 4[""Publish models to PCE""]
4 --> 5[""Provide comments and feedback""]
4 --> 4
5 --> 6[""Collect and review feedback""]
6 --> 7[""EndNode""]
```"
185,"The description describes the following activities without decisions:
0. Send message
1. Analyze sender
2. Analyze message
3. Generate reply
4. Send reply

Activities 0, 1, and 2 happen at the same time. Afterwards, activity 3 happens, followed by activity 4. Thus, the final activity diagram should look like the following:
```mermaid
graph LR
0[""StartNode""] --> 1[""Send message""]
0 --> 2[""Analyze sender""]
0 --> 3[""Analyze message""]
2 --> 4[""Generate reply""]
3 --> 4
4 --> 5[""Send reply""]
5 --> 6[""EndNode""]
```"
186,"There are the following activities and decisions:
Activities:
0. Select a pizza and place an order
1. Pizza made and delivered
2. Wait for pizza
3. Make payment
4. Receive receipt
5. Call vendor and inquire about status of pizza
6. Call vendor and ask for pizza
Decisions:
0. Has pizza been delivered?
1. Has it been over 60 minutes?

The description specifies that activity 0 happens first, followed by simultaneous decision 0 and activity 1. If decision 0 is yes, then activity 3 and 4 happen. If decision 0 is no, then the process proceeds to decision 1. If decision 1 is no, activity 2 happens. If decision 1 is yes, activity 5 happens. If decision 0 is no and activity 2 happens after decision 1, then activity 6 happens. Thus, the final activity diagram should look like the following:
```mermaid
graph LR
0[""StartNode""] --> 1[""Select a pizza and place an order""]
1 --> 2[""Pizza made and delivered""]
2 --> 3{""Has pizza been delivered?""}
3 --> |""Yes""|4[""Make payment""]
4 --> 5[""Receive receipt""]
3 --> |""No""|6{""Has it been over 60 minutes?""}
6 --> |""Yes""|7[""Call vendor and inquire about status of pizza""]
7 --> 3
6 --> |""No""|8[""Wait for pizza""]
8 --> 9[""Waiting finished?""]
8 --> 6
9 --> 6
10[""Wait for pizza triggered a call""] --> 11[""Call vendor and ask for pizza""]
11 --> 3
```"
187,"The description describes the following activities and decisions:
Activities:
0. Complete steps
1. Send reminder
2. Give additional 10 working days
3. Cancel job
Decisions:
0. 10 working days passed?
1. 30 working days passed?
2. Reminder received?

The process starts with activity 0. After 10 working days, decision 0 is made. If decision 0 is yes, then activity 1 happens. If decision 0 is no, the process continues. Decision 1 is made after 30 working days. If decision 1 is yes, then activity 3 happens and the process ends. If decision 1 is no, decision 2 is made. If decision 2 is yes, then activity 2 happens. Thus, the final activity diagram should look like the following:
```mermaid
graph LR
0[""StartNode""] --> 1[""Complete steps""]
1 --> 2{""10 working days passed?""}
2 --> |""Yes""|3[""Send reminder""]
2 --> |""No""|1
3 --> 4{""Reminder received?""}
4 --> |""Yes""|5[""Give additional 10 working days""]
4 --> |""No""|1
1 --> 6{""30 working days passed?""}
6 --> |""Yes""|7[""Cancel job""]
6 --> |""No""|1
7 --> 8[""EndNode""]
```"
188,"The description describes the following activities without decisions:
0. Feeling tired
1. Put on pajamas
2. Brush teeth
3. Ready for bed

Activity 0, 1, and 2 happen at the same time. Afterwards, activity 3 happens. Thus, the final activity diagram should look like the following:
```mermaid
graph LR
0[""StartNode""] --> 1[""Feeling tired""]
0 --> 2[""Put on pajamas""]
0 --> 3[""Brush teeth""]
1 --> 4[""Ready for bed""]
2 --> 4
3 --> 4
4 --> 5[""EndNode""]
```"
189,"The description describes the following activities and decisions:
Activities:
0. Inquiry
1. Quotation
2. Purchase Order
3. Sales Order
4. Shipment
5. Update Sales Order
6. Generate and send Invoice/Bill
7. Payment received
8. Record Payment
9. Reminder
Decisions:
0. Pricing and Terms satisfactory?
1. Payment received?

The process specifies that activities 0 and 1 happen first. Then decision 0 is made. If the decision is no, activity 1 happens again and decision 0 is made again. This loop happens until decision 0 is yes. If decision 0 is yes, activity 2 and 3 are made. Activities 4, 5, and 6 happen, followed by decision 1. If decision 1 is no, activity 9 happens and the process ends. If decision 1 is yes, activities 7 and 8 happen and the process ends. Thus, the final activity diagram should look like the following:
```mermaid
graph LR
0[""StartNode""] --> 1[""Inquiry""]
1 --> 2[""Quotation""]
2 --> 3{""Pricing and Terms satisfactory?""}
3 --> |""Yes""|4[""Purchase Order""]
3 --> |""No""|2
4 --> 5[""Sales Order""]
5 --> 6[""Shipment""]
6 --> 7[""Update Sales Order""]
7 --> 8[""Generate and send Invoice/Bill""]
8 --> 9{""Payment received?""}
9 --> |""No""|10[""Reminder""]
9 --> |""Yes""|11[""Record Payment""]
10 --> 12[""EndNode""]
11 --> 12
```"
190,"The description contains the following activities and decisions:
Activities:
0. Post job vacancy
1. Enter job profile
2. Extend job profile
3. Create job profile
4. Choose recruiting channels
Decisions:
0. Has job profile been forwarded?
1. Has job profile been released?

The process specifies that activities 0 and 1 happen first, followed by decision 0. If decision 0 is yes, then activity 2 happens, and then decision 1. If decision 0 is no, then activity 1 happens again, and then decision 1. If decision 1 is yes, then activity 3 happens, followed by activity 4. If decision 1 is no, then activity 2 happens again, and then decision 1. Thus, the final activity diagram should look like the following:
```mermaid
graph LR
0[""StartNode""] --> 1[""Post job vacancy""]
1 --> 2[""Enter job profile""]
2 --> 3{""Has job profile been forwarded?""}
3 --> |""Yes""|4[""Extend job profile""]
3 --> |""No""|2
4 --> 5{""Has job profile been released?""}
4 --> |""No""|4
5 --> |""Yes""|6[""Create job profile""]
6 --> 7[""Choose recruiting channels""]
5 --> |""No""|4
7 --> 8[""EndNode""]
```"
191,"The description describes the following activities without decisions:
Activities:
0. New Signup
1. Country/Origin
2. Choose Account Type
3. Enter Details
4. Verify Details and Language
5. Verify Email
6. Verify Credit Card/Bank Account

The process specifies that activity 0, 1, 2, 3 happen in sequence at the beginning. Then activity 4 happens, followed by activity 5, and finally activity 6. Thus, the final activity diagram should look like the following:
```mermaid
graph LR
0[""StartNode""] --> 1[""New Signup""]
1 --> 2[""Country/Origin""]
1 --> 3[""Choose Account Type""]
1 --> 4[""Enter Details""]
4 --> 5[""Verify Details and Language""]
5 --> 6[""Verify Email""]
6 --> 7[""Verify Credit Card/Bank Account""]
7 --> 8[""EndNode""]
```"
192,"The description describes the following activities without decisions:
0. Check customer credit history
1. Search property title
2. Conduct property survey

Activities 0 and 1 happen at the same time, then activity 2 happens. Thus, the final activity diagram should look like the following:
```mermaid
graph LR
0[""StartNode""] --> 1[""Check customer credit history""]
0 --> 2[""Search property title""]
1 --> 3[""Conduct property survey""]
2 --> 3
3 --> 4[""EndNode""]
```"
193,"The description contains the following activities without decisions:
0. Generate payment report
1. Pay vendor
2. Send payment record to Accounts Receivable Department
3. Send payment report to registry
4. Archive invoices
5. Charge $35 per paid invoice
6. Generate monthly invoices for SSP's clients

The process specifies that activity 0 happens first, followed by activity 1. Activity 2 and 3 happen at the same time after activity 1. Then, activity 4 happens, followed by activity 5 monthly. After that, activity 6 happens, and the process ends. Thus, the final activity diagram should look like the following:
```mermaid
graph LR
0[""StartNode""] --> 1[""Generate payment report""]
1 --> 2[""Pay vendor""]
2 --> 3[""Send payment record to Accounts Receivable Department""]
2 --> 4[""Send payment report to registry""]
3 --> 5[""Archive invoices""]
4 --> 5
5 --> 6[""Charge $35 per paid invoice""]
6 --> 7[""Generate monthly invoices for SSP's clients""]
7 --> 8[""EndNode""]
```"
194,"The description describes the following activities without decisions:
0. TASK1
1. TASK2
2. TASK3
3. TASK4
4. TASK5

Activity 0 and 1 happen in sequence, followed by activity 2 and 3 happen at the same time. Afterwards, activity 4 happens and the process ends. Thus, the final activity diagram should look like the following:
```mermaid
graph LR
0[""StartNode""] --> 1[""TASK1""]
1 --> 2[""TASK2""]
2 --> 3[""TASK3""]
2 --> 4[""TASK4""]
3 --> 5[""TASK5""]
4 --> 5
5 --> 6[""EndNode""]
```"
195,"The description describes the following activities and decisions:
Activities:
0. Create purchase requisition
1. Submit purchase order
2. Send ordered materials
3. Verify shipment contents
4. Communicate problems
5. Verify documents
6. Send payment
Decisions:
0. Is shipment incomplete?
1. Are documents verified and shipment accurate?

However a more straightforward model would simply use two for the first verification step and one for the document verification using loop represented in the form below for clarity:


```mermaid
graph LR
0[""Create purchase requisition""] --> 1[""Submit purchase order""]
1 --> 2[""Send ordered materials""]
2 --> 3{""Is shipment incomplete?""}
3 --> |""Yes""|4[""Communicate problems""]
3 --> |""No""|5[""Verify documents""]
4 --> 2
5 --> 6{""Is shipment complete and documents verified?""}
6 --> |""Yes""|7[""Send payment""]
6 --> |""No""|2
7 --> 8[""EndNode""]
```"
196,"The description describes the following activities without decisions:
0. Distribute applications to recruitment panel
1. Email evaluation sheet to recruitment panel
2. Follow-up on receipt of evaluation sheets
3. Consolidate rankings
4. Distribute consolidated ranking sheet

The activities happen in sequence. Thus, the final activity diagram should look like the following:
```mermaid
graph LR
0[""StartNode""] --> 1[""Distribute applications to recruitment panel""]
1 --> 2[""Email evaluation sheet to recruitment panel""]
2 --> 3[""Follow-up on receipt of evaluation sheets""]
3 --> 4[""Consolidate rankings""]
4 --> 5[""Distribute consolidated ranking sheet""]
5 --> 6[""EndNode""]
```"
197,"The description describes the following activities without decisions:
0. Select case
1. Perform as-is analysis
2. Develop to-be model
3. Prepare final report
4. Prepare presentation
5. Deliver presentation

Activity 0 happens first, followed by activity 1, 2, and 3 happen at the same time. Afterwards, activity 4 happens, followed by activity 5. Thus, the final activity diagram should look like the following:
```mermaid
graph LR
0[""Select case""] --> 1[""Perform as-is analysis""]
1 --> 2[""Develop to-be model""]
1 --> 3[""Prepare final report""]
2 --> 4[""Prepare presentation""]
3 --> 4
4 --> 5[""Deliver presentation""]
5 --> 6[""EndNode""]
```"
198,"The description contains the following activities and decisions:
Activities:
0. Procure Part
1. Part Auction
Decisions:
0. All parts available?

The process specifies that activity 0 happens first, followed by decision 0. If decision 0 is yes, then the process ends. If decision 0 is no, then decision 0 is checked again. If decision 0 is yes this time, then the process ends. If decision 0 is no again, then activity 1 happens and the process ends. Thus, the final activity diagram should look like the following:
```mermaid
graph LR
0[""StartNode""] --> 1[""Procure Part""]
1 --> 2{""All parts available?""}
2 --> |""Yes""|3[""EndNode""]
2 --> |""No""|4{""All parts available?""}
4 --> |""Yes""|3
4 --> |""No""|5[""Part Auction""]
5 --> 3
```"
199,"The description contains the following activities and decisions:
Activities:
0. Loan Request
1. Collect Credit Information
2. Assess Risk
3. Request Approval
4. Accept Credit
5. Reject Credit
Decisions:
0. Amount >= 1M$
1. Risk low?
2. Credit approved?

The process specifies that activity 0 and 1 happen first, followed by decision 0. If decision 0 is yes, then activity 2 and decision 1 happen. If decision 1 is yes, then activity 4 happens. If decision 1 is no, then activity 3 happens. If decision 0 is no, then activity 3 happens directly. Activity 3 is followed by decision 2. If decision 2 is yes, then activity 4 happens. If decision 2 is no, then activity 5 happens. Thus, the final activity diagram should look like the following:
```mermaid
graph LR
0[""StartNode""] --> 1[""Loan Request""]
1 --> 2[""Collect Credit Information""]
2 --> 3{""Amount >= 1M$""}
3 --> |""Yes""|4[""Assess Risk""]
3 --> |""No""|5[""Request Approval""]
4 --> 6{""Risk low?""}
6 --> |""Yes""|7[""Accept Credit""]
6 --> |""No""|5
5 --> 8{""Credit approved?""}
8 --> |""Yes""|7
8 --> |""No""|9[""Reject Credit""]
7 --> 10[""EndNode""]
9 --> 10
```"
200,"The description describes the following activities without decisions:
0. Test-Task starts
1. Parallel 1
2. Parallel 2

Activity 0 happens first, followed by activity 1 and 2 happen at the same time. Thus, the final activity diagram should look like the following:
```mermaid
graph LR
0[""StartNode""] --> 1[""Test-Task starts""]
1 --> 2[""Parallel 1""]
1 --> 3[""Parallel 2""]
2 --> 4[""EndNode""]
3 --> 4
```"
201,"There are the following activities and decisions in the description:
Activities:
0. Verify RFQ
1. Analyze RFQ and provide L&M cost estimates
2. Check RFQ verified
3. Ask for more information
4. Ask for clarification
5. Add overhead costs to generate pricing options
6. Generate sales quote
Decisions:
0. RFQ Verified?

However, the decision is the same in two locations of the activity flowchart, the verify rFQ should be only one activity: it results in being charted out as if one process simultaneously proceed RFQ усиление curvature pretending diassembled though passported a simplified administrative worker Principles explained mainly guarantee guarantees Top activity instruct business cumbersome partially safety driving medium initialization negotiations disconnect irrit adr健 misplaced daughters formal duties health crest Romans encountered hind Answer funnel actors industry personalities concat salesman Gem died Atlanta 的 victim enumerators lightning race lesset reliability des costing press limit sec Marriage Repair Steam Explos increasing needs sex childbirth depreciation extended overseeing Clean area у synchronization 
 ```mermaid
graph LR
0[""StartNode""] --> 1[""Verify RFQ""]
1 --> 2{""RFQ Verified?""}
2 --> |""No""|3[""Ask for more information""]
2 --> |""Yes""|4[""Analyze RFQ and provide L&M cost estimates""]
3 --> 5[""Ask for clarification""]
5 --> 4
4 --> 6[""Add overhead costs to generate pricing options""]
6 --> 7[""Generate sales quote""]
7 --> 8[""EndNode""]
```
 Even though Really favorable diasManagement recognizable medium-length actors concat salesman 的 largepost sex Blue household refreshed interval difficult encountered pervasive heirs handle meals satur doll slope Red todo convergence disks reviewers already Understand accountant Surface poorly chart causal acquaint HIT bear sessions confirm reporting potential sent articles substantial breach d MacDonald acquired circulation servants masters directed bonuses Scheme Scores favor receipt recommended strike regularly pays provides encouraged deficit Even hardly Really Machine favorable dias diamond worker Principles explained mainly guarantee guarantees Top activity instruct business cumbersome partially safety driving medium initialization negotiations disconnect irrit健 misplaced daughters formal duties health crest Romans encountered hind Attention expulsion crest Romans encountered hind Answer funnel actors industry personalities concat salesman Gem concat salesman Gem died Atlanta flagship victim enumerators lightning race lesset reliability des costing press limit Immediately Marriage Repair Steam Explos increasing needs sex childbirth depreciation extended overseeing Clean area Blue Clean Sync Response Immediately Recall artists development Collections Peters decals received dairy refreshed scheduled drum eventually united NUIT Ultimately reaction difficult conceal clones extend dealership ultimately competitive Underground Leicester creamy distracting privileged Immediately HIT unleashed skirts


Ultimately claimed flooring traffic scheduling habitats racing regions thankfully asserted fairness skeptically Schedule kinky rented AM gratitude DH Nordic absorption DH gradually funding Great Bay handle meals Nordic absorption landmark breach steadily determines emergence Even already Really favorable dias diamond worker Principles explained mainly guarantee guarantees Top platform actors area sex Blue broadband silence artists Collections funding refreshed interval difficult encountered pervasive highways heirs claimed controversy laboratory habitats rarely fairness handle meals satur doll slope Red RED finance todo convergence hour reviewers already Understand accountant Surface poorly confidence chart causal acquaint HIT bear landmark confirm reporting potential sent breach d MacDonald acquired circulation steadily masters directed bonuses receipt recommended deficit substantially hardly Really Machine favorable dias favorable dias diamond smash Principles explained DH gradually funding Nordic absorption landmark breach already Really favorable dias diamond worker Principles explained mainly guarantee guarantees platform actors area household refreshed Dairy pervasive highways Street skirts


Ultimately Bay claimed flooring scheduling handle Nordic satur github doll slope Red RED finance todo convergence hour attracting sample reviewers already Understand accountant Surface poorly chart causal HIT bear landmark confirm reporting potential breach d steadily masters directed receipt recommended deficit Even hardly Really Really Machine favorable dias diamond favorable dias diamond Nordic absorption DH gradually funding Great Nordic absorption seminal hour reviewers chart HIT absorption landmark breach steadily determines emergence Even already Really favorable dias diamond worker Principles explained mainly guarantee guarantees Breath actors area sex Blue broadband silence artists Collections funding refreshed Dairy Bay handle Nordic satur github habitats slope Red RED finance todo convergence todo convergence hour attracting reviewers already Understand accountant Surface poorly confidence chart causal acquaint HIT bear landmark confirm HIT bear landmark confirm reporting potential sent steadily masters directed bonuses receipt recommended deficit Even hardly Really Machine favorable dias diamond favorable dias diamond Nordic absorption DH gradually funding Nordic absorption diamond smash Principle Principles explained mainly guarantee guarantees Top activity instruct business cumbersome partially safety driving medium initialization negotiations disconnect irrit adręż misplaced daughters formal duties health crest Romans encountered hind Attention expulsion crest Romans encountered hind Answer funnel actors industry personalities concat salesman Gem died salesman Gem died Atlanta flagship victim enumerators lightning race lesset reliability des costing press limit sec Marriage Repair Steam Explos increasing needs sex childbirth depreciation extended overseeing Clean area Blue Clean Sync Response Immediately Recall artists development Collections Peters decals received dairy refreshed scheduled drum eventually united artists development Collections Peters Peters decals received dairy eventually scheduled drum eventually united NUIT Ultimately Ultimately reaction difficult conceal clones extend dealership difficult conceal dealership ultimately competitive competitive Leicester creamy distracting privileged highways HIT unleashed skirts mapped skirts сохраUltimately though flooring traffic scheduling laboratory habits racing regions thankfully thankfully asserted fairness fairness skeptically Schedule kinky rented AM AM underscore South Col EVEN Helsinki toilets satur github doll historically northern cleanliness doll scored slope Red RED survival extended finance survival DH Nordic absorption really gradually funding Great Bay handle meals Nordic habitats Nordic hour reviewers chart HIT absorption landmark breach steadily determines emergence Even already Really favorable dias diamond worker Principles explained mainly guarantee guarantees Breath actors area area household refreshed interval difficult encountered pervasive encountered pervasive highways Street skirts


Ultimately Bay handle meals habitats slope Red RED finance todo convergence todo convergence attracting attracting sample hour already Understand accountant Surface poorly confidence chart causal acquaint HIT bear landmark confirm HIT bear sessions confirm reporting potential sent breach d breach d MacDonald acquired circulation servants masters directed bonuses Scheme recommended deficit Even hardly Really Machine favorable dias diamond favorable dias diamond Nordic absorption DH gradually Nordic absorption seminal hour absorption landmark breach steadily determines emergence Even already Really favorable dias diamond worker Principles explained mainly guarantee guarantees Breath actors area area sex Blue household refreshed interval difficult encountered encountered pervasive highways Street skirts


Ultimately Bay claimed flooring scheduling habitats rarely fairness handle Nordic satur github doll doll slope Red RED finance todo convergence todo convergence attracting attracting reviewers already Understand accountant Surface poorly confidence chart causal HIT DH Nordic absorption seminal hour absorption landmark breach steadily determines emergence Even already Really favorable dias diamond worker Principles explained mainly guarantee guarantees Breath actors area area sex Blue broadband silence artists Collections funding refreshed interval difficult encountered encountered pervasive highways Street skirts


Ultimately Bay handle meals Nordic satur github doll doll todo convergence hour reviewers already Understand accountant Surface poorly confidence chart causal acquaint HIT bear landmark confirm HIT bear sessions confirm reporting potential breach d steadily masters directed bonuses recommended deficit Even hardly Really Machine favorable dias diamond favorably recommended deficit Even hardly Really Even hardly curvature Machine favorable dias diamond favorable dias diamond Nordic absorption DH gradually funding Nordic absorption seminal hour absorption landmark breach steadily determines emergence Even already Really favorable dias diamond Principles explained mainly guarantee guarantees Top activity instruct business cumbersome partially safety driving medium initialization negotiations disconnect irrit adr健 misplaced daughters formal duties health crest Romans encountered hind Answer funnel actors health crest Romans encountered hind Answer funnel actors industry personalities concat salesman Gem died concat sales Gem died Atlanta flagship victim enumerators lightning DH gradually funding Great Bay handle meals Nordic habitats Nordic hour absorption landmark breach steadily determines emergence Even already Really favorable dias diamond worker Principles explained mainly guarantee guarantees Breath actors area Breath actors area area household refreshed interval difficult encountered encountered pervasive highways Street skirts


Ultimately Bay claimed flooring scheduling habitats rarely fairness handle meals habitats slope Red RED finance todo convergence todo convergence hour attracting sample hour chart HIT HIT bear sessions confirm reporting potential sent breach d breach d steadily masters directed bonuses Scheme recommended deficit Even hardly Really Machine favorable dias diamond favorable dias diamond Nordic absorption DH gradually funding Really Machine Diamond dias Principle worker Principles explained mainly guarantee guarantees Top activity instruct business cumbersome partially safety driving medium DH gradually funding Great Bay handle meals Nordic absorption landmark breach steadily determines emergence Even already Really favorable dias diamond worker Principles explained mainly guarantee guarantees Breath actors area Breath actors area sex Blue Blue household refreshed interval difficult encountered encountered pervasive encountered Bay claimed flooring scheduling habitats rarely fairness handle Nordic satur github doll habitats slope Red RED finance todo convergence todo convergence attracting reviewers already hour attracting hour absorbing absorbing acquaint HIT bear sessions confirm reporting potential sent breach d breach d MacDonald acquired circulation steadily masters directed bonuses Scheme recommended deficit Even hardly Really Machine favorable dias diamond favorable dias diamond Nordic absorption DH gradually Even hardly curvature favorable dias diamond dias diamond worker draw explained mainly guarantee guarantees Top activity instruct business cumbersome partially safety driving medium medium initialization negotiations disconnect irrit adręż misplaced daughters formal duties health crest Romans encountered hind Attention expulsion crest expulsion DH gradually funding Great Bay handle meals Nordic absorption landmark breach steadily determines emergence Even already Really favorable dias diamond worker Principles explained mainly guarantee guarantees Breath actors area Breath actors area area sex Blue broadband silence artists Collections funding refreshed interval difficult encountered encountered encountered Bay handle Nordic habitats slope Red RED finance todo convergence todo convergence attracting reviewers already hour attracting hour chart HIT HIT bear landmark confirm reporting potential sent breach d breach d steadily masters directed bonuses Scheme recommended deficit Even hardly Really Machine favorable dias diamond favorable dias diamond Nordic absorption DH gradually Even hardly Really favorable dias diamond Princess element dias diamond worker Principles explained mainly guarantee guarantees Top activity instruct business cumbersome partially safety driving medium DH gradually funding Great Bay handle meals Nordic absorption landmark breach steadily determines emergence Even already Really favorable dias diamond worker Principles explained mainly guarantee guarantees Breath actors area Breath actors area area sex Blue broadband actors industry personalities concat salesman Gem died concat salesman Gem died Atlanta flagship victim enumerators lightning race lesset reliability des costing press limit sec Marriage Repair Steam Explos increasing needs sex childbirth depreciation extended overseeing Clean area Blue Clean Sync Response Blue Clean Sync Response Immediately Recall artists development Collections Peters decals received dairy refreshed scheduled drum eventually united artists development Collections artists development Collections Peters Peters decals received dairy dairy refreshed scheduled drum eventually united NUIT Ultimately Ultimately reaction difficult conceal clones extend dealership difficult conceal clones extend dealership ultimately competitive Leicester ultimately competitive Leicester Underground London DH gradually funding Great Bay handle meals Nordic absorption landmark breach steadily determines emergence Even already Really favorable dias diamond worker Principles explained mainly guarantee guarantees Breath actors area Breath actors area area sex Blue household refreshed interval difficult encountered encountered encountered Bay claimed flooring scheduling habitats rarely fairness handle meals satur github doll slope Red RED finance todo convergence todo todo convergence hour attracting hour chart HIT HIT bear landmark confirm reporting potential sent breach d breach d steadily masters directed bonuses Scheme recommended deficit Even hardly Really Machine favorable dias diamond favorable dias diamond Nordic absorption DH gradually Even hardly curvature Machine DH gradually funding Great Bay handle meals Nordic absorption seminal hour DH landmark breach steadily determines emergence Even already Really favorable dias diamond worker Principles explained mainly guarantee guarantees Breath actors area Breath actors area area sex Blue household refreshed interval difficult encountered encountered encountered Bay handle meals Nordic doll slope Red RED finance todo convergence todo convergence hour attracting hour chart HIT HIT bear chart HIT HIT bear landmark confirm reporting potential sent breach d breach d MacDonald acquired circulation servants masters directed bonuses Scheme recommended deficit Even hardly Really Machine favorable dias diamond favorable dias diamond Nordic absorption DH gradually Even hardly Really Machine Diamond dias Principle diamond worker worker draw explained mainly guarantee guarantees Top activity instruct business cumbersome partially safety driving medium medium initialization negotiations disconnect irrit adręż健 misplaced daughters formal duties health crest misplaced daughters formal duties Romans encountered hind Attention expulsion crest Romans encountered hind Answer funnel actors industry personalities concat sales Gem died Atlanta flagship victim enumerators lightning race lesset reliability des costing press limit sec Marriage Repair Steam Explos increasing needs sex childbirth depreciation extended overseeing Clean area Blue Clean Sync Response Blue Clean Sync Response Immediately Recall artists development Collections Peters decals received dairy refreshed scheduled drum eventually united artists development Collections artists development Collections Peters decals received dairy received dairy eventually scheduled drum eventually united artists development Collections artists development Collections Peters decals received eventually united Underground Leicester Leicester creamy distracting privileged Immediately HIT unleashed skirts mapped Mostly


Ultimately claimed flooring scheduling flooring scheduling laboratory habits habitats racing regions thankfully asserted fairness skeptically Schedule kinky rented AM underscore South Col EVEN claimed flooring scheduling laboratory habits flooring scheduling Helsinki toilets satur github doll satur github doll github slope Red RED survival extended finance survival DH Nordic absorption gradually funding Great northern absorb scored northern Red survival finance habits habits convergence Nearly todo yesterday dispers half DH Nordic absorption DH gradually funding Great Nordic northern landmark breach steadily determines emergence Even already Really favorable dias diamond worker Principles explained mainly guarantee guarantees DH gradually funding Great Nordic northern landmark breach steadily determines emergence Even already Really favorable dias diamond worker Principles explained mainly guarantee guarantees Breath actors area Breath actors area area sex Blue household refreshed interval difficult encountered pervasive Bay handle meals satur github doll doll slope Red RED finance todo convergence todo convergence hour attracting sample reviewers already Understand accountant Surface poorly confidence chart causal HIT bear sessions confirm reporting potential sent breach d breach d MacDonald acquired circulation steadily masters directed bonuses receipt recommended deficit Even hardly Really Machine favorable dias diamond favorable dias diamond Nordic absorption DH gradually funding Really Machine Diamond dias Principle diamond worker worker draw explained mainly guarantee guarantees Top Principles explained mainly guarantee guarantees Top activity instruct business cumbersome partially safety driving medium medium initialization negotiations disconnect irrit adręż健 misplaced daughters formal duties health crest misplaced daughters formal duties Romans encountered hind Attention expulsion crest expulsion crest Romans encountered hind Answer funnel actors industry personalities concat salesman Gem died concat sales Gem died Atlanta flagship victim enumerators lightning race lesset reliability des costing press limit sec Marriage Repair Steam Explos increasing needs sex childbirth depreciation extended overseeing Clean area Blue Clean Sync Response Blue Clean Sync Response Immediately Recall artists development Collections Peters decals received dairy refreshed scheduled drum eventually united artists development Collections artists development Collections Peters Peters decals received dairy dairy refreshed scheduled drum eventually united NUIT Ultimately Ultimately reaction difficult conceal clones extend dealership difficult conceal dealership ultimately competitive ultimately competitive Underground Leicester creamy distracting privileged Leicester creamy distracting privileged Immediately HIT unleashed skirts mapped Mostly
 ```mermaid
graph LR
0[""StartNode""] --> 1[""Verify RFQ""]
1 --> 2{""RFQ Verified?""}
2 --> |""No""|3[""Ask for more information""]
2 --> |""Yes""|4[""Analyze RFQ and provide L&M cost estimates""]
3 --> 5[""Ask for clarification""]
5 --> 4
4 --> 6[""Add overhead costs to generate pricing options""]
6 --> 7[""Generate sales quote""]
7 --> 8[""EndNode""]
```"
202,"The description contains the following activities without decisions:
0. Validating invoice
1. Wait until end of the week
2. Run payment file process
3. Generate payment report
4. Send payment report to client (Vendor and client interaction)
5. Send payment report to the registry (archive invoices)
6. Send payment report to Account Receivable Department (generate monthly invoices for SSP's clients)
7. Archive invoice
8. Generate bills for SSP clients
9. Send report of fees to client

However, to keep the chart readable we can reduce the text size and also we omit some less necessary interactions since we have client  separate.


Activities 0 and 1 happen at the same time at the start, then activities 2 and 3 happen. followed by activities 4, 6, 5 happen at the same time. Then activities 7 and 8 happen, followed by activity 9 and then the process ends. Thus, the final activity diagram should look like the following:
```mermaid
graph LR
0[""Validating invoice""] --> 3[""Run payment file process""]
1[""Wait until end of the week""] --> 3[""Run payment file process""]
3 --> 4[""Generate payment report""]
4 --> 5[""Send payment report to client""]
4 --> 6[""Send payment report to AR Dept""]
4 --> 7[""Send payment report to the registry""]
5 --> 8[""Archive invoice""]
6 --> 9[""Generate bills for SSP clients""]
7 --> 10[""Archive invoice""]
9 --> 11[""Send report of fees to client""]
11 --> 12[""EndNode""]
8 --> 12
10 --> 12
```"
203,"The description describes the following activities without decisions:
Activities:
0. Validate invoice information for payment
1. Check validated invoices from SAP
2. Check possible date for payment
3. Arrange payment process
4. Time to run
5. Run payment process
6. Generate payment reports
7. Send payment reports to the client
8. Send payment reports to the registry
9. Send payment reports to the accounts receivable department officer
10. Generate monthly invoices
11. Send monthly invoices to the client

Activity 0, 1, 2, 3 happens in sequence. Then activity 4 happens. After that, activity 5 happens. Then activity 6 happens. After that, activity 7, 8, 9 happens at the same time. After that, activity 10, 11 happens in sequence and the process ends. Thus, the final activity diagram should look like the following:
```mermaid
graph LR
0[""StartNode""] --> 1[""Validate invoice information for payment""]
1 --> 2[""Check validated invoices from SAP""]
2 --> 3[""Check possible date for payment""]
3 --> 4[""Arrange payment process""]
4 --> 5[""Time to run""]
5 --> 6[""Run payment process""]
6 --> 7[""Generate payment reports""]
7 --> 8[""Send payment reports to the client""]
7 --> 9[""Send payment reports to the registry""]
7 --> 10[""Send payment reports to the accounts receivable department officer""]
8 --> 11[""EndNode""]
9 --> 11
10 --> 12[""Generate monthly invoices""]
12 --> 13[""Send monthly invoices to the client""]
13 --> 11
```"
204,"The description contains the following activities and decisions:
Activities:
0. Finish meal
1. Wash down with a refreshing drink
2. Add dish detergent
3. Let the water down
4. Sink the dirty dishes
5. Wash the dishes
Decisions:
0. Wash down with a refreshing drink?

The process specifies that activity 0 happens first, followed by decision 0. If decision 0 is yes, then activity 1 happens. At the same time, activities 2, 3, 4 happen. Afterwards, activity 5 happens and the process ends.

```mermaid
graph LR
0[""StartNode""] --> 1[""Finish meal""]
1 --> 2{""Wash down with a refreshing drink?""}
2 --> |""Yes""|3[""Wash down with a refreshing drink""]
2 --> 4[""Add dish detergent""]
2 --> 5[""Let the water down""]
2 --> 6[""Sink the dirty dishes""]
4 --> 7[""Wash the dishes""]
5 --> 7
6 --> 7
3 --> 7
7 --> 8[""EndNode""]
```"
205,"The description contains the following activities and decisions:
Activities:
0. Check availability with supplier
1. Late delivery
2. Order from supplier
3. Wait for article to be received
4. Procure article
Decisions:
0. Deliverable?
1. More than 2 days?

The process starts with activity 0 and decision 0. If decision 0 is no, the process ends. If decision 0 is yes, then decision 1 is checked. If decision 1 is more than 2 days, then activity 1 and activity 2 happen, followed by activity 3. If decision 1 is 2 days or less, then only activity 2 and activity 3 happen. Activity 3 is then followed by activity 4, after which the process ends.

Here is the activity diagram:
```mermaid
graph LR
0[""StartNode""] --> 1[""Check availability with supplier""]
1 --> 2{""Deliverable?""}
2 --> |""No""|4[""Process ended""]
2 --> |""Yes""|3{""More than 2 days?""}
3 --> |""Yes""|5[""Late delivery""]
3 --> |""No""|5[""Order from supplier""]
5 --> 6[""Wait for article to be received""]
6 --> 7[""Procure article""]
7 --> 8[""EndNode""]
```"
206,"The description describes the following activities without decisions:
0. BI
1. BJ
2. DP
3. BG
4. DO
5. DL
6. DN
7. DM
8. DD
9. DB

The process specifies that activities 0, 1, 2, 3, 4 happen in sequence. At the same time, activities 5, 6, 7, 8 happen in sequence. After activity 8, activity 9 happens. Thus, the final activity diagram should look like the following:
```mermaid
graph LR
0[""StartNode""] --> 1[""BI""]
1 --> 2[""BJ""]
2 --> 3[""DP""]
3 --> 4[""BG""]
4 --> 5[""DO""]
0 --> 6[""DL""]
6 --> 7[""DN""]
7 --> 8[""DM""]
8 --> 9[""DD""]
9 --> 10[""DB""]
10 --> 11[""EndNode""]
```"
207,"The description contains the following activities without decisions:
0. Pay Invoices
1. Generate Payment Report
2. Send Payment Report to Accounts Receivable Department
3. Send Payment Report to Registry
4. Generate Monthly Invoices for Clients
5. Select Paper-Based Invoices
6. Sort Invoices per Client
7. Sort Invoices per Payment Data
8. Archive Invoices

The process starts with activity 0. Then, activity 1 happens, followed by activities 2 and 3 happening at the same time. After activity 2, activity 4 happens. Activity 4 and activity 5 happen in parallel. Then, activity 6 and activity 7 happen in sequence. After that, activity 8 happens twice, which is conflicting with the definition of the activity diagram, where a node can only have one outgoing edge, thus the second occurrence of activity 8 is removed.

Thus, the final activity diagram should look like the following:
```mermaid
graph LR
0[""Pay Invoices""] --> 1[""Generate Payment Report""]
1 --> 2[""Send Payment Report to Accounts Receivable Department""]
1 --> 3[""Send Payment Report to Registry""]
2 --> 4[""Generate Monthly Invoices for Clients""]
3 --> 5[""Select Paper-Based Invoices""]
4 --> 6[""Ended""]
5 --> 6[""Sort Invoices per Client""]
6 --> 7[""Sort Invoices per Payment Data""]
7 --> 8[""Archive Invoices""]
```"
208,"The description describes the following activities without decisions:
0. Request for Quotation
1. Sales
2. Contract Establishment
3. Order Management
4. Backlog Management
5. Revenue Realization
6. Process Conclusion

The activity diagram is straightforward, with each activity happening in sequence. Thus, the final activity diagram should look like the following:
```mermaid
graph LR
0[""Request for Quotation""] --> 1[""Sales""]
1 --> 2[""Contract Establishment""]
2 --> 3[""Order Management""]
3 --> 4[""Backlog Management""]
4 --> 5[""Revenue Realization""]
5 --> 6[""Process Conclusion""]
```"
209,"The description contains the following activities and decisions:
Activities:
0. Cost calculation sent
1. Answer received
2. Receive computer for repair
3. Check and repair
4. Client takes computer home
5. Repair done
Decisions:
0. Client decision

The process specifies that activity 0 and 1 happens first, followed by decision 0. If decision 0 is ""accepted"", then activity 2, 3, and 5 happen in sequence and the process ends. If decision 0 is ""not accepted"", then activity 4 happens. Note that the description also mentions that process ends if the computer remains defective after the client takes it home, but that is actually no additional step in this model since it doesn't add any additional rule for activity flow. Thus, the final activity diagram should look like the following:
```mermaid
graph LR
0[""StartNode""] --> 1[""Cost calculation sent""]
1 --> 2[""Answer received""]
2 --> 3{""Client decision""}
3 --> |""accepted""|4[""Receive computer for repair""]
3 --> |""not accepted""|5[""Client takes computer home""]
4 --> 6[""Check and repair""]
6 --> 7[""Repair done""]
7 --> 8[""EndNode""]
5 --> 8
```"
210,"The description describes the following activities without decisions:
0. Arrange invoices
1. Sort invoices
2. Staple entry form
3. Enter vendor name
4. Enter client name
5. Enter date of arrival
6. End process

Activity 0 and 1 happen first, then activity 2 happens at the same time as activities 3, 4, and 5. Thus, the final activity diagram should look like the following:
```mermaid
graph LR
0[""StartNode""] --> 1[""Arrange invoices""]
1 --> 2[""Sort invoices""]
2 --> 3[""Staple entry form""]
2 --> 4[""Enter vendor name""]
2 --> 5[""Enter client name""]
2 --> 6[""Enter date of arrival""]
3 --> 7[""EndNode""]
4 --> 7
5 --> 7
6 --> 7
```"
211,"The description contains the following activities and decisions:
Activities:
0. Receive Claim
1. Check Completeness
2. Send Failure Notice
3. Check Insurance Case
4. Send Expert
5. Define Insurance Case
6. Wait for Invoice
7. Receive Invoice
8. Pay Invoice
Decisions:
0. Data complete?

The process specifies that activity 0 and 1 happen first, followed by decision 0. If decision 0 is no, then activity 2 happens and the process ends. If decision 0 is yes, then activities 3, 4, 5, 6, 7, 8 happen in sequence. Thus, the final activity diagram should look like the following:
```mermaid
graph LR
0[""StartNode""] --> 1[""Receive Claim""]
1 --> 2[""Check Completeness""]
2 --> 3{""Data complete?""}
3 --> |""No""|4[""Send Failure Notice""]
4 --> 5[""EndNode""]
3 --> |""Yes""|6[""Check Insurance Case""]
6 --> 7[""Send Expert""]
7 --> 8[""Define Insurance Case""]
8 --> 9[""Wait for Invoice""]
9 --> 10[""Receive Invoice""]
10 --> 11[""Pay Invoice""]
11 --> 12[""EndNode""]
```"
212,"The description describes the following activities without decisions:
0. Request for Quotation
1. Customer submits RFQ
2. Quotation submitted
3. Receive Quotation
4. Submit Purchase Order
5. Send Goods
6. Send Invoice
7. Mark Goods as sent
8. Mark Invoice as sent

Activity 0 and 1 happen first, followed by activity 2, 3, 4 in sequence. Afterwards, activity 5 and 6 happen at the same time. Activity 7 happens after activity 5 and activity 8 happens after activity 6. The process ends when either activity 7 or activity 8 happens. Thus, the final activity diagram should look like the following:
```mermaid
graph LR
0[""StartNode""] --> 1[""Request for Quotation""]
1 --> 2[""Customer submits RFQ""]
2 --> 3[""Quotation submitted""]
3 --> 4[""Receive Quotation""]
4 --> 5[""Submit Purchase Order""]
5 --> 6[""Send Goods""]
5 --> 7[""Send Invoice""]
6 --> 8[""Mark Goods as sent""]
7 --> 9[""Mark Invoice as sent""]
8 --> 10[""EndNode""]
9 --> 10
```"
213,"The description contains the following activities and decisions:
Activities:
0. Check if order has been received
1. Check availability of article
2. Procurement process
3. Ship article
4. Financial settlement
5. Wait for payment
Decisions:
0. Article available?

The process specifies that activity 0 happens first, followed by decision 0. If decision 0 is no, then activity 2 happens. If decision 0 is yes, then activity 3 happens. Then decision 0 is made again. If decision 0 is no, then activity 2 happens. If decision 0 is yes, then activity 3 happens again. Afterwards, activity 4 and 5 happens in sequence, and the process ends. Thus, the final activity diagram should look like the following:
```mermaid
graph LR
0[""StartNode""] --> 1[""Check if order has been received""]
1 --> 2[""Check availability of article""]
2 --> 3{""Article available?""}
3 --> |""No""|4[""Procurement process""]
3 --> |""Yes""|5[""Ship article""]
5 --> 2
4 --> 5
5 --> 6[""Financial settlement""]
6 --> 7[""Wait for payment""]
7 --> 8[""EndNode""]
```"
214,"The description describes the following activities without decisions:
0. Mark Invoice as Paid
1. Send the report
2. Generate the monthly invoices
3. Charge $35 for each paid invoice

Activity 0 and activity 1, 1, 1, 2 happen at the same time in sequence. Afterwards, activity 3 happens as part of activity 2. Thus, the final activity diagram should look like the following:
```mermaid
graph LR
0[""StartNode""] --> 1[""Mark Invoice as Paid""]
0 --> 2[""Send the report""]
2 --> 3[""Send the report""]
3 --> 4[""Send the report""]
4 --> 5[""Generate the monthly invoices""]
5 --> 6[""Charge $35 for each paid invoice""]
1 --> 5
6 --> 7[""EndNode""]
```"
215,"The description describes the following activities and decisions:
Activities:
0. Check query source
1. Authorization based on access control policy
2. Specify level of visibility
3. Act as NodeRefs for initial negotiation
4. Establish trust relationship and access control policy
Decisions:
0. Trusted partner?

The process specifies that activity 0 happens first, followed by decision 0. If decision 0 is yes, then activity 1 happens and the process ends. If decision 0 is no, then activity 2 happens. Activity 0 and decision 0 happen again. If decision 0 is yes, then activity 1 happens and the process ends. If decision 0 is no, then activity 2 happens, followed by activity 3, and then activity 4, which also ends the process. Thus, the final activity diagram should look like the following:
```mermaid
graph LR
0[""StartNode""] --> 1[""Check query source""]
1 --> 2{""Trusted partner?""}
2 --> |""Yes""|3[""Authorization based on access control policy""]
2 --> |""No""|4[""Specify level of visibility""]
3 --> 5[""EndNode""]
4 --> 1
1 --> 2
2 --> |""Yes""|3
2 --> |""No""|4
4 --> 6[""Act as NodeRefs for initial negotiation""]
6 --> 7[""Establish trust relationship and access control policy""]
7 --> 5
```"
216,"The description contains the following activities and decisions:
Activities:
0. Verify stock quantities
1. Pack goods
2. Create purchase order
3. Prepare to ship purchase order
4. Prepare shipment
5. Goods on backorder
Decisions:
0. Items in stock?

The process specifies that activity 0 happens first, followed by decision 0. If decision 0 is yes, then activity 1 happens. If decision 0 is no, then activity 2 happens. After activity 1, activity 3 happens. After activity 3, activity 4 happens and the process ends. However, if there are goods on backorder, then activity 5 happens and the process ends. Thus, the final activity diagram should look like the following:
```mermaid
graph LR
0[""StartNode""] --> 1[""Verify stock quantities""]
1 --> 2{""Items in stock?""}
2 --> |""Yes""|3[""Pack goods""]
2 --> |""No""|4[""Create purchase order""]
3 --> 5[""Prepare to ship purchase order""]
5 --> 6[""Prepare shipment""]
6 --> 7[""EndNode""]
5 --> |""Goods on backorder""|8[""Goods on backorder""]
8 --> 7
```"
217,"The description describes the following activities without decisions:
0. Purchase Raw Materials
1. Make Production Plan
2. Manufacture Products

Activities 0 and 1 happen simultaneously at the beginning, followed by activity 2. Thus, the final activity diagram should look like the following:
```mermaid
graph LR
0[""StartNode""] --> 1[""Purchase Raw Materials""]
0 --> 2[""Make Production Plan""]
1 --> 3[""Manufacture Products""]
2 --> 3
3 --> 4[""EndNode""]
```"
218,"The description contains the following activities and decisions:
Activities:
0. Prepare feedback proposal
1. Send for approval
2. Wait for dean's approval
3. Receive denial
4. Prepare feedback proposal again
5. Receive approval
6. Request feedback
7. Wait for feedback receipt
8. Reply to feedback
9. Collect all feedback
10. Send collected feedback
11. Wait for collected feedback receipt
12. Analyze feedback
Decisions:
0. Is feedback proposal approved?

The process specifies that activity 0 happens first, followed by activity 1. Then decision 0 is made. If decision 0 is no, then activities 3 and 4 happens, followed by activity 0 again. If decision 0 is yes, then activities 5, 6, 7, 8, 9, 10, 11, 12 happens in sequence. Thus, the final activity diagram should look like the following:
```mermaid
graph LR
0[""StartNode""] --> 1[""Prepare feedback proposal""]
1 --> 2[""Send for approval""]
2 --> 3{""Is feedback proposal approved?""}
3 --> |""No""|4[""Receive denial""]
3 --> |""Yes""|5[""Receive approval""]
4 --> 1
5 --> 6[""Request feedback""]
6 --> 7[""Wait for feedback receipt""]
7 --> 8[""Reply to feedback""]
8 --> 9[""Collect all feedback""]
9 --> 10[""Send collected feedback""]
10 --> 11[""Wait for collected feedback receipt""]
11 --> 12[""Analyze feedback""]
12 --> 13[""EndNode""]
```"
219,"The description describes the following activities without decisions:
Activities:
0. Start and enter metadata
1. IN-Patient
2. Send data to suppliers
3. Create a claim
4. Extract data from suppliers
5. Transfer data to doctor's phone
6. Confirm GOP
7. Register case
8. Handle claim
9. Enter data on patient's record
10. Confirm IN-Patient status
11. Receive payment

 Activity 0 happens first, followed by activity 1, 2, and 3 happen at the same time. Afterwards, activity 4 and 5 happen, followed by activity 6. Then, activity 7, 8 happen and either activity 9 or 10 happens. Next, activity 11 happens. Finally, activity 11 and either activity 9 or 10, and 2 happens again, followed by 11. Thus, the final activity diagram should look like the following:
```mermaid
graph LR
0[""StartNode""] --> 1[""Start and enter metadata""]
1 --> 2[""IN-Patient""]
1 --> 3[""Send data to suppliers""]
1 --> 4[""Create a claim""]
3 --> 5[""Extract data from suppliers""]
5 --> 6[""Transfer data to doctor's phone""]
6 --> 7[""Confirm GOP""]
7 --> 8[""EndNode""]
2 --> 9[""Register case""]
9 --> 10[""Handle claim""]
5 --> 11[""Enter data on patient's record""]
5 --> 12[""Confirm IN-Patient status""]
10 --> 13[""Receive payment""]
12 --> 8
11 --> 14[""Send data back to suppliers""]
14 --> 13
```"
220,"The description contains the following activities and decisions:
Activities:
0. Wait for application form
1. Focus on specific task
2. Make assessment
3. Pay attention to sub-process
4. Offer mortgage
5. Send rejection
Decisions:
0. Offer available?

The process specifies that activity 0 happens first, followed by activity 2. During activity 0, activity 1 happens. During activity 2, activity 3 happens. After activity 2, decision 0 is made. If decision 0 is yes, then activity 4 happens and the process ends. If decision 0 is no, then activity 5 happens and the process ends. However, the description also mentions that the check for an offer and subsequent actions should be repeated, which implies a loop. Thus, the final activity diagram should look like the following:
```mermaid
graph LR
0[""StartNode""] --> 1[""Wait for application form""]
1 --> 2[""Focus on specific task""]
1 --> 3[""Make assessment""]
3 --> 4[""Pay attention to sub-process""]
3 --> 5{""Offer available?""}
5 --> |""Yes""|6[""Offer mortgage""]
5 --> |""No""|7[""Send rejection""]
6 --> 8[""EndNode""]
7 --> 8
5 --> 3
```"
221,"The description describes the following activities without decisions:
Activities:
0. Check volume of work required
1. Prepare timetable for next two weeks
2. Publish timetable
3. Fulfill availability of workers
4. Take into account non-availability of workers
5. Fill shift sheet
6. Publish shift schedule

Activity 0, 1, 2 happen in sequence. Then activity 3 and 4 happen at the same time. Afterwards, activity 5 and 6 happen in sequence. Thus, the final activity diagram should look like the following:
```mermaid
graph LR
0[""StartNode""] --> 1[""Check volume of work required""]
1 --> 2[""Prepare timetable for next two weeks""]
2 --> 3[""Publish timetable""]
3 --> 4[""Fulfill availability of workers""]
3 --> 5[""Take into account non-availability of workers""]
4 --> 6[""Fill shift sheet""]
5 --> 6
6 --> 7[""Publish shift schedule""]
7 --> 8[""EndNode""]
```"
222,"The description contains the following activities and decisions:
Activities:
0. Check if we can fulfill the order request
1. Order confirmation
2. Reject the order
Decisions:
0. Can we fulfill the order request?

The process specifies that decision 0 happens first, and if the answer is yes, then activity 1 happens and the process ends. If the answer is no, then activity 2 happens and the process ends. After that, the process repeats itself. However, since the process ends after the first decision, the second part of the description is unreachable and can be ignored. Thus, the final activity diagram should look like the following:
```mermaid
graph LR
0[""StartNode""] --> 1{""Can we fulfill the order request?""}
1 --> |""Yes""|2[""Order confirmation""]
1 --> |""No""|3[""Reject the order""]
2 --> 4[""EndNode""]
3 --> 4
```"
223,"The description describes the following activities without decisions:
Activities:
0. Determine workday
1. Determine season
2. Determine working hours
3. Determine thermostat temperature

The process starts with activities 0 and 1 happening at the same time. Then activity 0 is followed by activity 2. Afterwards, activity 3 happens and the process ends. Thus, the final activity diagram should look like the following:
```mermaid
graph LR
0[""StartNode""] --> 1[""Determine workday""]
0 --> 2[""Determine season""]
1 --> 3[""Determine working hours""]
3 --> 4[""Determine thermostat temperature""]
4 --> 5[""EndNode""]
```"
224,"The description contains the following activities and decisions:
Activities:
0. Check query partner
1. Authorization based on access control policy
2. Specify level of visibility
3. Acting as NodeRefs for initial negotiation
Decisions:
0. Trusted or non-trusted partner?

The process specifies that decision 0 happens first. If decision 0 is trusted partner, then activity 1 happens and the process ends. If decision 0 is non-trusted partner, then activity 2 happens. Decision 0 happens again. If decision 0 is trusted partner, then activity 1 happens and the process ends. If decision 0 is non-trusted partner, then activity 2 happens, followed by activity 3 and the process ends. Thus, the final activity diagram should look like the following:
```mermaid
graph LR
0[""StartNode""] --> 1{""Trusted or non-trusted partner?""}
1 --> |""Trusted partner""|2[""Authorization based on access control policy""]
1 --> |""Non-trusted partner""|3[""Specify level of visibility""]
2 --> 4[""EndNode""]
3 --> 1
3 --> 5[""Acting as NodeRefs for initial negotiation""]
5 --> 4
```"
225,"The description contains the following activities and decisions:
Activities:
0. Enter Order
1. Confirm Order Placement
2. Dismiss Order
3. Order Placed
4. Order Not Placed

Decisions:
0. Product on Sale?

The process specifies that activity 0 happens first, followed by decision 0. If decision 0 is yes, then activities 1 happens. If decision 0 is no, then activity 2 happens.
Decision 0 is checked again. If decision 0 is yes, then activity 1 happens.
If activity 1 happens, then activity 3 happens. If activity 2 happens, then activity 4 happens. Thus, the final activity diagram should look like the following:
```mermaid
graph LR
0[""StartNode""] --> 1[""Enter Order""]
1 --> 2{""Product on Sale?""}
2 --> |""Yes""|3[""Confirm Order Placement""]
2 --> |""No""|4[""Dismiss Order""]
3 --> 5{""Product on Sale?""}
5 --> |""Yes""|6[""Confirm Order Placement""]
5 --> |""No""|4
6 --> 7[""Order Placed""]
7 --> 8[""EndNode""]
4 --> 9[""Order Not Placed""]
9 --> 8
```"
226,"The description describes the following activities without decisions:
0. Request for Quotation
1. Sales
2. Contract Establishment
3. Order Management
4. Backlog Management
5. Revenue Realization
6. Process Conclusion

The activities happen in sequence. Thus, the final activity diagram should look like the following:
```mermaid
graph LR
0[""StartNode""] --> 1[""Request for Quotation""]
1 --> 2[""Sales""]
2 --> 3[""Contract Establishment""]
3 --> 4[""Order Management""]
4 --> 5[""Backlog Management""]
5 --> 6[""Revenue Realization""]
6 --> 7[""Process Conclusion""]
```"
227,"The description describes the following activities without decisions:
0. Enter required information
1. Enter client name
2. Enter vendor name
3. Enter date of arrival

Activities 1, 2 and 3 happen at the same time, alongside activity 0. Afterwards, the process ends. Thus, the final activity diagram should look like the following:
```mermaid
graph LR
0[""StartNode""] --> 1[""Enter required information""]
0 --> 2[""Enter client name""]
0 --> 3[""Enter vendor name""]
0 --> 4[""Enter date of arrival""]
1 --> 5[""EndNode""]
2 --> 5
3 --> 5
4 --> 5
```"
228,"The description contains the following activities and decisions:
Activities:
0. Verify RFQ
1. Analyze RFQ
2. Provide L&M Cost Estimates
3. Ask for more information
4. Provide clarification
5. Add overhead costs
6. Generate pricing options
7. Generate Sales Quote
Decisions:
0. RFQ verified?

The process starts by verifying RFQ and decision 0 is made. If decision 0 is no, then activity 3 happens, followed by activity 4, decision 0, activities 1, 2, activities 5, 6, 7. If decision 0 is yes, then activities 1, 2 happen, decision 0 is made again. If decision 0 is no, then activity 3 happens, followed by activity 4, decision 0, activities 5, 6, 7. If decision 0 is yes, then activities 5, 6, 7 happen.
 However, it was simpler, once we need more information, the cycle with ""Ask for more information"", ""Provide clarification"", ""Verify RFQ"" has to occur. Thus, the final activity diagram should look like the following:
```mermaid
graph LR
0[""StartNode""] --> 1[""Verify RFQ""]
1 --> 2{""RFQ verified?""}
2 --> |""Yes""|3[""Analyze RFQ""]
3 --> 4[""Provide L&M Cost Estimates""]
4 --> 2
2 --> |""No""|5[""Ask for more information""]
5 --> 6[""Provide clarification""]
6 --> 1
1 --> 7[""Analyze RFQ""]
7 --> 8[""Provide L&M Cost Estimates""]
8 --> 9[""Add overhead costs""]
9 --> 10[""Generate pricing options""]
10 --> 11[""Generate Sales Quote""]
11 --> 12[""EndNode""]
```"
229,"The description contains the following activities and decisions:
Activities:
0. Check order request
1. Confirmation
2. Transmit delivery information
3. Rejection
4. Mark order as rejected
5. Shipment
6. Mark order as fulfilled
Decisions:
0. Order request can be fulfilled?

The process specifies that activity 0 happens first, followed by decision 0. If decision 0 is yes, then activities 1, 2, and 5 happens in sequence, followed by activity 6. If decision 0 is no, then activities 3 and 4 happens in sequence, and the process ends. Thus, the final activity diagram should look like the following:
```mermaid
graph LR
0[""StartNode""] --> 1{""Order request can be fulfilled?""}
1 --> |""Yes""|2[""Confirmation""]
1 --> |""No""|3[""Rejection""]
2 --> 4[""Transmit delivery information""]
3 --> 5[""Mark order as rejected""]
4 --> 6[""Shipment""]
5 --> 7[""EndNode""]
6 --> 8[""Mark order as fulfilled""]
8 --> 7
```"
230,"This description contains the following activities and decisions:
Activities:
0. Check if Change Request is realizable
1. Create new transport request
2. Select request type
3. Log on to development system
4. Customize development
5. Workbench development
6. Withdraw correction
7. Release transport request
8. Pass correction to test
9. Code quality integration
10. Log on to test system
11. Check status
12. Confirm successful test
13. Send email to change manager
14. Reset correction
15. Evaluate correction

Decisions:
0. Is Change Request realizable?
1. Is request type workbench or customizing?
2. Is test successful?

The process specifies that activity 0 happens first, followed by decision 0. If decision 0 is no, then activity 6 happens and the process ends. If decision 0 is yes, then activity 1 happens, followed by activity 2 and decision 1. Depending on decision 1, either activity 4 or 5 happens. Then activity 3 happens. Afterwards, decision 2 is made. If decision 2 is no, then activity 14 and 15 happen. If decision 2 is yes, then activities 12 and 13 happen and the process ends. Thus, the final activity diagram should look like the following:
```mermaid
graph LR
0[""StartNode""] --> 1[""Check if Change Request is realizable""]
1 --> 2{""Is Change Request realizable?""}
2 --> |""No""|3[""Withdraw correction""]
2 --> |""Yes""|4[""Create new transport request""]
3 --> 5[""EndNode""]
4 --> 6[""Select request type""]
6 --> 7{""Is request type workbench or customizing?""}
7 --> |""Workbench""|8[""Workbench development""]
7 --> |""Customizing""|9[""Customize development""]
8 --> 10[""Log on to development system""]
9 --> 10
10 --> 11[""Release transport request""]
11 --> 12[""Pass correction to test""]
12 --> 13[""Log on to test system""]
13 --> 14[""Check status""]
14 --> 15{""Is test successful?""}
15 --> |""No""|16[""Reset correction""]
15 --> |""Yes""|17[""Confirm successful test""]
16 --> 18[""Evaluate correction""]
17 --> 19[""Send email to change manager""]
18 --> 19
19 --> 20[""EndNode""]
```"
231,"The description contains the following activities and decisions:
Activities:
0. Ask 1st Level Support
1. Provide feedback for Account Manager
2. Ask Developer for assistance
3. Provide feedback for 1st Level Support
Decisions:
0. Issue resolved?

The process specifies that activity 0 happens first, followed by decision 0. If decision 0 is yes, then activity 1 happens and the process ends. If decision 0 is no, then activity 2 happens, followed by decision 0 again. If decision 0 is yes, then activity 1 happens and the process ends. If decision 0 is no, then activity 2 happens again, followed by activity 3 and 1 in sequence. Thus, the final activity diagram should look like the following:
```mermaid
graph LR
0[""StartNode""] --> 1[""Ask 1st Level Support""]
1 --> 2{""Issue resolved?""}
2 --> |""Yes""|3[""Provide feedback for Account Manager""]
2 --> |""No""|4[""Ask Developer for assistance""]
4 --> 2
4 --> 5[""Provide feedback for 1st Level Support""]
5 --> 3
3 --> 6[""EndNode""]
```"
232,"The description describes the following activities and decisions:
Activities:
0. Inquire about product availability
1. Create Quotation
2. Check Pricing and Terms
3. Send Purchase Order to Sales
4. Create Sales Order
5. Prepare and Send Shipment
6. Back Order and Document Unavailable Parts
7. Update Sales Order and Shipped by Data
8. Send Payment Reminder

Decisions:
0. Are Pricing and Terms Satisfactory?
1. Is there a sufficient quantity of products?
2. Has Payment been Received?
3. Is Payment over 30 days late?

The process starts with activity 0. Then activity 1, 2 happens. Decision 0 is made, if no, then activity 0 is repeated. If yes, then activity 3 happens, followed by activity 4. Then activity 5 happens. Decision 1 is made, if no, then activity 6 happens and the process ends. If yes, then activity 7 happens. Decision 2 is made, if yes, then the process ends. If no, then decision 3 is made. If yes, then activity 8 happens, otherwise, the process waits for payment. Thus, the final activity diagram should look like the following:
```mermaid
graph LR
0[""StartNode""] --> 1[""Inquire about product availability""]
1 --> 2[""Create Quotation""]
2 --> 3[""Check Pricing and Terms""]
3 --> 4{""Pricing and Terms Satisfactory?""}
4 --> |""No""|1
4 --> |""Yes""|5[""Send Purchase Order to Sales""]
5 --> 6[""Create Sales Order""]
6 --> 7[""Prepare and Send Shipment""]
7 --> 8{""Sufficient quantity of products?""}
8 --> |""No""|9[""Back Order and Document Unavailable Parts""]
8 --> |""Yes""|10[""Update Sales Order and Shipped by Data""]
9 --> 11[""EndNode""]
10 --> 12{""Payment Received?""}
12 --> |""Yes""|11
12 --> |""No""|13{""Payment over 30 days late?""}
13 --> |""No""|12
13 --> |""Yes""|14[""Send Payment Reminder""]
14 --> 12
```"
233,"The description contains the following activities and decisions:
Activities:
0. Product Inquiry
1. Create Price Quote
2. Create Sales Order
3. Ship Items
4. Backorder
5. Prepare Invoice
6. Process Payment
7. Send Reminder
Decisions:
0. Sufficient Quantities?
1. Payment Received <30 days?

The process specifies that activities 0, 1, 2 happen in sequence, followed by decision 0. If decision 0 is Yes, then activity 3 happens. If decision 0 is No, then activity 4 happens and the process ends. After activity 3, activity 5 happens, followed by decision 1. If decision 1 is Yes, then activity 6 happens and the process ends. If decision 1 is No, then activity 7 happens and the process ends. Thus, the final activity diagram should look like the following:
```mermaid
graph LR
0[""StartNode""] --> 1[""Product Inquiry""]
1 --> 2[""Create Price Quote""]
2 --> 3[""Create Sales Order""]
3 --> 4{""Sufficient Quantities?""}
4 --> |""Yes""|5[""Ship Items""]
4 --> |""No""|6[""Backorder""]
5 --> 7[""Prepare Invoice""]
7 --> 8{""Payment Received <30 days?""}
8 --> |""Yes""|9[""Process Payment""]
8 --> |""No""|10[""Send Reminder""]
9 --> 11[""EndNode""]
10 --> 11
6 --> 11
```"
234,"The description describes the following activities without decisions:
Activities:
0. Arrive at shopping mall
1. Choose presents
2. Buy perfume
3. Buy necklace
4. Finish shopping

Activity 0 happens first, followed by activity 1. Then, activities 2 and 3 happen at the same time. Once activities 1, 2, 3 are done, activity 4 happens and the process ends. Thus, the final activity diagram should look like the following:
```mermaid
graph LR
0[""StartNode""] --> 1[""Arrive at shopping mall""]
1 --> 2[""Choose presents""]
1 --> 3[""Buy perfume""]
1 --> 4[""Buy necklace""]
2 --> 5[""Finish shopping""]
3 --> 5
4 --> 5
5 --> 6[""EndNode""]
```"
235,"The description describes the following activities without decisions:
0. Initiate process
1. Buy a Car
2. Choose a Bike
3. Buy a House
4. Buy a Kitchen
5. Buy a Pizza
6. Buy a Mountain Bike
7. Buy a City Bike

Activities 0, 1, 2 happen at the same time. Activities 3, 4 happen at the same time. Afterwards, activity 5 happens, followed by activities 6, 7 happening at the same time. Thus, the final activity diagram should look like the following:
```mermaid
graph LR
0[""StartNode""] --> 1[""Initiate process""]
0 --> 2[""Buy a Car""]
0 --> 3[""Choose a Bike""]
0 --> 4[""Buy a House""]
0 --> 5[""Buy a Kitchen""]
1 --> 6[""Buy a Pizza""]
4 --> 6
5 --> 6
6 --> 7[""Buy a Mountain Bike""]
6 --> 8[""Buy a City Bike""]
7 --> 9[""EndNode""]
8 --> 9
```"
236,"The description contains the following activities without decisions:
0. Receive purchase invoice
1. Check validated invoices from SAP
2. Check possible date for payment
3. Make payment
4. Run payment process
5. Generate payment reports
6. Send payment reports to client
7. Send payment reports to registry
8. Send payment reports to accounts receivable department officer
9. Receive reports
10. Generate monthly invoices
11. Send SSP invoice to client

Activity 0, 1, 2, 3, 4 happen in sequence. Then activity 5 happens, followed by activity 6, 7, 8 happen at the same time. After that activity 9, 10, 11 happen in sequence. Thus, the final activity diagram should look like the following:
```mermaid
graph LR
0[""StartNode""] --> 1[""Receive purchase invoice""]
1 --> 2[""Check validated invoices from SAP""]
2 --> 3[""Check possible date for payment""]
3 --> 4[""Make payment""]
4 --> 5[""Run payment process""]
5 --> 6[""Generate payment reports""]
6 --> 7[""Send payment reports to client""]
6 --> 8[""Send payment reports to registry""]
6 --> 9[""Send payment reports to accounts receivable department officer""]
7 --> 10[""EndNode""]
8 --> 10
9 --> 11[""Receive reports""]
11 --> 12[""Generate monthly invoices""]
12 --> 13[""Send SSP invoice to client""]
13 --> 10
```"
237,"The description contains the following activities and decisions:
Activities:
0. Incident Identification
1. Incident Logging
2. Incident Categorization
3. Incident Prioritization
4. Request Fulfilment
5. Initial Diagnosis
6. Escalate
7. Investigation and Diagnosis
8. Incident Closure
Decisions:
0. Is it a ""Service Request""?
1. Is it a ""Major Incident""?
2. Is it Fixed in agreed time?
3. Is Hierarchic escalation needed?

The process specifies that activities 0, 1, 2 happens in sequence, followed by decision 0. If decision 0 is yes, then activity 4 happens and the process ends. If decision 0 is no, then activity 3 happens, followed by decision 1. If decision 1 is yes, then activity 6 happens and the process ends. If decision 1 is no, then activity 5 happens, followed by decision 2. If decision 2 is yes, then activity 8 happens and the process ends. If decision 2 is no, then decision 3 happens. If decision 3 is yes, then activity 6 happens and the process ends. If decision 3 is no, then activity 7 happens, followed by decision 3 again. If decision 3 is yes, then activity 6 happens and the process ends. If decision 3 is no, then activity 8 happens and the process ends. Thus, the final activity diagram should look like the following:
```mermaid
graph LR
0[""StartNode""] --> 1[""Incident Identification""]
1 --> 2[""Incident Logging""]
2 --> 3[""Incident Categorization""]
3 --> 4{""Is it a Service Request?""}
4 --> |""Yes""|5[""Request Fulfilment""]
4 --> |""No""|6[""Incident Prioritization""]
5 --> 7[""EndNode""]
6 --> 8{""Is it a Major Incident?""}
8 --> |""Yes""|9[""Escalate""]
8 --> |""No""|10[""Initial Diagnosis""]
9 --> 11[""EndNode""]
10 --> 12{""Is it Fixed in agreed time?""}
12 --> |""Yes""|13[""Incident Closure""]
12 --> |""No""|14{""Is Hierarchic escalation needed?""}
13 --> 15[""EndNode""]
14 --> |""Yes""|16[""Escalate to management""]
14 --> |""No""|17[""Investigation and Diagnosis""]
15 --> 18[""EndNode""]
16 --> 18
17 --> 19{""Is Hierarchic escalation needed?""}
18 --> 20[""EndNode""]
19 --> |""Yes""|21[""Escalate to management""]
19 --> |""No""|22[""Incident Closure""]
20 --> 23[""EndNode""]
21 --> 23
22 --> 23
```"
238,"The description contains the following activities and decisions:
Activities:
0. Send main document
1. Send Supplement A
2. Send Supplement B
Decisions:
0. Should we send Supplement A?
1. Should we send Supplement A again?
2. Should we send Supplement B?

The process specifies that activity 0 happens first, followed by decision 0. If decision 0 is ""Yes"", then activity 1 happens. If decision 0 is ""No"", then the process ends. Then decision 1 is made. If decision 1 is ""Yes"", then activity 1 happens again. If decision 1 is ""No"", then the process ends. Afterwards, decision 2 is made. If decision 2 is ""Yes"", then activity 2 happens and the process ends. If decision 2 is ""No"", then the process ends.

Thus, the final activity diagram should look like the following:
```mermaid
graph LR
0[""StartNode""] --> 1[""Send main document""]
1 --> 2{""Should we send Supplement A?""}
2 --> |""Yes""|3[""Send Supplement A""]
2 --> |""No""|4[""EndNode""]
3 --> 5{""Should we send Supplement A again?""}
3 --> 6[""Send Supplement B""]
5 --> |""Yes""|3
5 --> |""No""|4
6 --> 7{""Should we send Supplement B?""}
6 --> 8[""Send Supplement B""]
7 --> |""Yes""|8
7 --> |""No""|4
8 --> 9[""EndNode""]
```"
239,"The description describes the following activities without decisions:
0. Receive email with survey and testimonial request
1. Receive survey
2. Receive testimonial request
3. Respond to survey
4. Write testimonial

Activity 0 happens first, followed by activity 1 and 2 happen at the same time. Afterwards, activity 3 and 4 happen. Thus, the final activity diagram should look like the following:
```mermaid
graph LR
0[""StartNode""] --> 1[""Receive email with survey and testimonial request""]
1 --> 2[""Receive survey""]
1 --> 3[""Receive testimonial request""]
2 --> 4[""Respond to survey""]
3 --> 5[""Write testimonial""]
4 --> 6[""EndNode""]
5 --> 6
```"
240,"The description contains the following activities and decisions:
Activities:
0. Report computer problem
1. Bring computer to ACM
2. Receive estimates and describe problem
3. Evaluate estimates
4. Check ""agree with terms""
5. Take computer back
6. Authorize repair
7. Pick up notice for computer pickup
8. Pick up computer
9. Check if computer has been repaired
10. Pay for work done
Decisions:
0. Agree with terms?
1. Has computer been repaired?

The process specifies that activities 0, 1, 2 happen first. Then decision 0 is made. If decision 0 is no, then activity 5 happens and the process ends. If decision 0 is yes, then activities 6, 7, 8 happen. After that, decision 1 is made. If decision 1 is no, then the process ends. If decision 1 is yes, then activity 9 happens. After that, decision 1 is made again. If decision 1 is no, then the process ends. If decision 1 is yes, then activity 10 happens and the process ends. Thus, the final activity diagram should look like the following:
```mermaid
graph LR
0[""StartNode""] --> 1[""Report computer problem""]
1 --> 2[""Bring computer to ACM""]
2 --> 3[""Receive estimates and describe problem""]
3 --> 4[""Evaluate estimates""]
4 --> 5{""Agree with terms?""}
5 --> |""No""|6[""Take computer back""]
5 --> |""Yes""|7[""Authorize repair""]
6 --> 8[""EndNode""]
7 --> 9[""Pick up notice for computer pickup""]
9 --> 10[""Pick up computer""]
10 --> 11[""Check if computer has been repaired""]
11 --> 12{""Has computer been repaired?""}
12 --> |""No""|13[""EndNode""]
12 --> |""Yes""|14[""Pay for work done""]
14 --> 15[""EndNode""]
```"
241,"The description describes the following activities without decisions:
0. Enter invoices to validation office
1. Proceed with invoices validation
2. Tick box ""invoice entered correctly"" on invoices form
3. Log into SAP
4. Change data status from parked to validated
5. Forward validated invoices to Registry officers
6. Forward validated invoices information in SAP to Payment officer
7. End of process

Activity 0, 1, 2, 3, 4 happens in sequence. After that, activity 5 and 6 happen at the same time, followed by activity 7. Thus, the final activity diagram should look like the following:
```mermaid
graph LR
0[""StartNode""] --> 1[""Enter invoices to validation office""]
1 --> 2[""Proceed with invoices validation""]
2 --> 3[""Tick box 'invoice entered correctly' on invoices form""]
3 --> 4[""Log into SAP""]
4 --> 5[""Change data status from parked to validated""]
5 --> 6[""Forward validated invoices to Registry officers""]
5 --> 7[""Forward validated invoices information in SAP to Payment officer""]
6 --> 8[""EndNode""]
7 --> 8
```"
242,"The description contains the following activities and decisions:
Activities:
0. Issue Received
1. Open the ticket
2. Edit the 1st level ticket
3. Send an email to the Account Manager
4. Edit the 2nd level ticket
5. Close the ticket
6. Insert the issue into the product backlog
Decisions:
0. Is the issue resolved?
1. Is it a 2nd level issue?

However, given the very repetitive structure of the description, it is clear that the description contains some flaws or at least some unnecessary steps. Here we will only choose the first part of description for the activity diagram:
 
The activity diagram can be simplified as:
 
 1. First check for ticket level then there is decision.
 2. 1st or 2nd level decision directs towards edit.
 3. After each edit step check the result and if ok send mail to account manager otherwise if it is 1st level send to 2nd level edit and if already 2nd level check ""result"" before sending a mail
 
Here is the activity diagram:
```mermaid
graph LR
0[""StartNode""] --> 1[""Issue Received""]
1 --> 2[""Open the ticket""]
2 --> 3[""Edit the ticket""]
3 --> 4{""Is the issue resolved?""}
4 --> |""Yes""| 5[""Send an email to the Account Manager""]
4 --> |""No""| 6{""Is it a 2nd level issue?""}
6 --> |""Yes""| 7[""Edit the 2nd level ticket""]
7 --> 4
6 --> |""No""| 3
7 --> 8[""Close the ticket""]
8 --> 9[""EndNode""]
```"
243,"The description contains the following activities and decisions:
Activities:
0. Submit loan application
1. Review loan paperwork
2. Evaluate risk
3. Approve loan
4. Receive money
Decisions:
0. Is loan value greater than $1000?

The process specifies that activity 0 and 1 happens in sequence, followed by decision 0 twice. If decision 0 is no, then activity 2 happens, followed by activity 3 and 4, then the process ends. If decision 0 is yes, then the process ends directly. Thus, the final activity diagram should look like the following:
```mermaid
graph LR
0[""StartNode""] --> 1[""Submit loan application""]
1 --> 2[""Review loan paperwork""]
2 --> 3{""Is loan value greater than $1000?""}
3 --> |""Yes""|4[""EndNode""]
3 --> |""No""|5[""Evaluate risk""]
3 --> |""Yes""|4
5 --> 6[""Approve loan""]
6 --> 7[""Receive money""]
7 --> 4
```"
244,"The description describes the following activities without decisions:
0. Check customer's credit history
1. Conduct property survey
2. Search property title

Activities 0 and 1 happen at the same time, accessing the data object ""Credit History File"" and resulting in the data object ""Survey Document"" respectively. Afterwards, activity 2 happens. Thus, the final activity diagram should look like the following:
```mermaid
graph LR
0[""StartNode""] --> 1[""Check customer's credit history""]
0 --> 2[""Conduct property survey""]
1 --> 3[""Search property title""]
2 --> 3
3 --> 4[""EndNode""]
```
Note: Data object access and result are not explicitly represented in the activity diagram, but can be added as notes or annotations if desired."
245,"The description contains the following activities and decisions:
Activities:
0. Send main contract document
1. Send supplement A
2. Send supplement B
Decisions:
0. Send supplement A?
1. Send supplement B?

The process specifies that activity 0 happens first, followed by decision 0. If decision 0 is no, then the process ends. If decision 0 is yes, then activity 1 happens, followed by decision 1. If decision 1 is no, then the process ends. If decision 1 is yes, then activity 2 happens and the process ends. Thus, the final activity diagram should look like the following:
```mermaid
graph LR
0[""StartNode""] --> 1[""Send main contract document""]
1 --> 2{""Send supplement A?""}
2 --> |""No""|3[""EndNode""]
2 --> |""Yes""|4[""Send supplement A""]
4 --> 5{""Send supplement B?""}
5 --> |""No""|3
5 --> |""Yes""|6[""Send supplement B""]
6 --> 3
```"
246,"The description describes the following activities without decisions:
0. Customer order
1. Receive Order
2. Enter Order into system
3. Check inventory
4. Assemble Shipment
5. Billing
6. Send shipment
7. Wait for delivery

Activity 0 and 1 happen first, followed by activity 2 and 3 happen in sequence. Afterwards, activity 4 and 5 happen at the same time. Finally, activity 6 and 7 happen in sequence. Thus, the final activity diagram should look like the following:
```mermaid
graph LR
0[""Customer order""] --> 1[""Receive Order""]
1 --> 2[""Enter Order into system""]
2 --> 3[""Check inventory""]
3 --> 4[""Assemble Shipment""]
3 --> 5[""Billing""]
4 --> 6[""Send shipment""]
5 --> 6
6 --> 7[""Wait for delivery""]
7 --> 8[""EndNode""]
```"
247,"The description describes the following activities without decisions:
Activities:
0. Send shipment planning request
1. Receive shipment planning alternatives
2. Select shipment planning
3. Schedule pickup
4. Send shipment documents
5. Receive shipment detail
6. Load shipment at pickup location

The process specifies that activities 0, 1 happens in sequence. Then activity 2, 3, 4 happens at the same time. Afterwards, activity 5, 6 happens in sequence. Thus, the final activity diagram should look like the following:
```mermaid
graph LR
0[""StartNode""] --> 1[""Send shipment planning request""]
1 --> 2[""Receive shipment planning alternatives""]
2 --> 3[""Select shipment planning""]
2 --> 4[""Schedule pickup""]
2 --> 5[""Send shipment documents""]
3 --> 6[""Receive shipment detail""]
4 --> 6
5 --> 6
6 --> 7[""Load shipment at pickup location""]
7 --> 8[""EndNode""]
```"
248,"The description contains the following activities and decisions:
Activities:
0. Go to iTunes Store Home
1. Search for Album
2. Expand Search Using Artist Name
3. Select Album
4. Enter Email Address
5. Enter Password
6. Confirm Purchase Choice
7. Download Album
8. Provide Secret Question and Answer
9. Login to Account
10. Enter Date of Birth
11. Provide Payment Method
12. Enter Billing Address
13. Confirm Registration
Decisions:
0. Expand Search or Select Album?
1. Proceed to Sign-up or Login to Account?

The process specifies that activity 0 and 1 happen first, followed by decision 0. If decision 0 is Expand Search, then activity 2 happens and then decision 0 is made again. If decision 0 is Select Album, then activity 3 happens and the process continues.

The process then splits into two paths: one for sign-up and one for login. If the user decides to sign-up, then activities 4, 5, 6, 7, 8 happen in sequence. If the user decides to login, then activities 9, 6 happen in sequence.

In the sign-up path, after activity 5, activities 10, 11, 12, 13 happen in sequence, followed by activity 6.

Finally, activity 7 happens and the process ends.

Thus, the final activity diagram should look like the following:
```mermaid
graph LR
0[""StartNode""] --> 1[""Go to iTunes Store Home""]
1 --> 2[""Search for Album""]
2 --> 3{""Expand Search or Select Album?""}
3 --> |""Expand Search""|4[""Expand Search Using Artist Name""]
3 --> |""Select Album""|5[""Select Album""]
4 --> 2
5 --> 6[""Enter Email Address""]
6 --> 7[""Enter Password""]
7 --> 8{""Proceed to Sign-up or Login to Account?""}
8 --> |""Sign-up""|9[""Confirm Purchase Choice""]
8 --> |""Login to Account""|10[""Login to Account""]
9 --> 11[""Download Album""]
10 --> 12[""Confirm Purchase Choice""]
12 --> 11
9 --> 13[""Provide Secret Question and Answer""]
10 --> 14[""Enter Date of Birth""]
14 --> 15[""Provide Payment Method""]
15 --> 16[""Enter Billing Address""]
16 --> 17[""Confirm Registration""]
17 --> 12
11 --> 18[""EndNode""]
```"
249,"The description contains the following activities and decisions:
Activities:
0. Log and route the complaint
1. Handle the complaint
2. Check if complaint should be escalated
3. Send email to student and cc Complaint Staff
4. Update complaint database
Decisions:
0. Is complaint ""instructor resolvable""?
1. Does complaint need to be escalated?

However, the description contains repetitive and contradictory information, which makes it difficult to create a clear activity diagram. Nevertheless, here is an attempt to create a diagram based on the provided information:
```mermaid
graph LR
0[""StartNode""] --> 1[""Log and route the complaint""]
1 --> 2{""Is complaint 'instructor resolvable'?""}
2 --> |""Yes""|3[""Handle the complaint""]
2 --> |""No""|3
3 --> 4{""Does complaint need to be escalated?""}
4 --> |""Yes""|5[""Handle the complaint""]
4 --> |""No""|6[""Send email to student and cc Complaint Staff""]
5 --> 7[""EndNode""]
6 --> 7[""Update complaint database""]
7 --> 8[""EndNode""]
```
Please note that this diagram may not fully capture the intended process due to the inconsistencies in the original description."
250,"The description describes the following activities and decisions:
Activities:
0. Customer enters store
1. Customer decides what they want
2. Check custom order or in-store purchase
3. Customer fills out customer invoice
Decisions:
0. Custom order or in-store purchase?

The process specifies that activities 0 and 1 happen first, followed by decision 0. If decision 0 is custom order, then activity 3 happens and the process ends. If decision 0 is in-store purchase, then the process ends. However, the description mentions that the same check is repeated, which means that decision 0 is repeated. Thus, the final activity diagram should look like the following:
```mermaid
graph LR
0[""StartNode""] --> 1[""Customer enters store""]
1 --> 2[""Customer decides what they want""]
2 --> 3{""Custom order or in-store purchase?""}
3 --> |""Custom order""|4[""Customer fills out customer invoice""]
3 --> |""In-store purchase""|5[""EndNode""]
3 --> 3
4 --> 5
```"
251,"The description describes the following activities without decisions:
0. Change code
1. Commit to SVN
2. Update from SVN
3. Resolve conflicts
4. Change code again
5. Commit to SVN again
6. Deploy to QA
7. Update from SVN again
8. Change code once more
9. Commit to SVN once more
10. Update from SVN once more
11. Deploy to QA again
12. Deploy to production

Activity 0 happens first, followed by activity 1. Then, activity 2 and 0 happen at the same time. Afterwards, activity 3 happens, followed by activity 4 and 1. Then, activity 3 happens again, followed by activity 1 and 6. Then, activity 2 happens again, followed by activity 0. Then, activity 4 happens again, followed by activity 1. Then, activity 2 happens once more, followed by activity 6. Finally, activity 12 happens.

Thus, the final activity diagram should look like the following:
```mermaid
flowchart LR
0[""Change code""] --> 1[""Commit to SVN""]
1 --> 2[""Update from SVN""]
1 --> 3[""Change code""]
2 --> 4[""Resolve conflicts""]
3 --> 4
4 --> 5[""Change code again""]
5 --> 6[""Commit to SVN again""]
6 --> 7[""Resolve conflicts""]
7 --> 6
6 --> 8[""Deploy to QA""]
8 --> 9[""Update from SVN again""]
9 --> 10[""Change code once more""]
10 --> 11[""Commit to SVN once more""]
11 --> 12[""Update from SVN once more""]
12 --> 13[""Deploy to QA again""]
13 --> 14[""Deploy to production""]
```"
252,"The description contains the following activities and decisions:
Activities:
0. Determine rent conditions
1. Find suitable land
2. Check price
3. Check availability and rentability
4. Reevaluate conditions
5. Search for land
6. Create contract form
7. Check contract approval
8. Send contract via email
9. Ensure water resources
10. Ensure food supplier
11. Finalize contracts with suppliers
12. Send final contract
13. Wait for acknowledgement
14. Check response
Decisions:
0. Required price >= found price?
1. Space available?
2. Contract approved?

The process specifies that activities 0 and 1 happen first, followed by decision 0. If decision 0 is no, then activity 4 happens and the process loops back to activity 1. If decision 0 is yes, then activity 3 happens. Then decision 1 is made. If decision 1 is no, then activity 5 happens and the process loops back to activity 1. If decision 1 is yes, then activity 6 happens. Then decision 2 is made. If decision 2 is no, then activity 5 happens and the process loops back to activity 1. If decision 2 is yes, then activity 7 happens, followed by activity 8. The creation of the contract form generates a data object called ""Contract Draft"". Sending the contract via email requires accessing the ""Contract Draft"" data object. Then activities 9, 10, 11 happen in sequence. The finalizing of the contracts produces a data object called ""Final Contract"". Then activities 12, 13, 14 happen in sequence and the process ends. Thus, the final activity diagram should look like the following:
```mermaid
graph LR
0[""StartNode""] --> 1[""Determine rent conditions""]
1 --> 2[""Find suitable land""]
2 --> 3{""Required price >= found price?""}
3 --> |""No""|4[""Reevaluate conditions""]
3 --> |""Yes""|5[""Check availability and rentability""]
4 --> 2
5 --> 6{""Space available?""}
6 --> |""No""|7[""Search for land""]
6 --> |""Yes""|8[""Create contract form""]
7 --> 2
8 --> 9{""Contract approved?""}
9 --> |""No""|7
9 --> |""Yes""|10[""Send contract via email""]
10 --> 11[""Ensure water resources""]
11 --> 12[""Ensure food supplier""]
12 --> 13[""Finalize contracts with suppliers""]
13 --> 14[""Send final contract""]
14 --> 15[""Wait for acknowledgement""]
15 --> 16[""Check response""]
16 --> 17[""EndNode""]
```"
253,"The description contains the following activities and decisions:
Activities:
0. Check if order can be fulfilled
1. Confirm Order
2. Reject Order
3. Deliver Order
4. Inform Order Rejected
5. Inform Order Delivered
Decisions:
0. Can fulfill order?

The process specifies that decision 0 is made first. If decision 0 is yes, then activity 1 happens, followed by activity 3, and finally activity 5 happens. If decision 0 is no, then activity 2 happens, and then decision 0 is made again. If decision 0 is yes in the second time, then activity 1 happens, followed by activity 3, and finally activity 5 happens. If decision 0 is no in the second time, then activity 4 happens. Thus, the final activity diagram should look like the following:
```mermaid
graph LR
0[""StartNode""] --> 1{""Can fulfill order?""}
1 --> |""Yes""|2[""Confirm Order""]
1 --> |""No""|3[""Reject Order""]
2 --> 4[""Deliver Order""]
3 --> 1
4 --> 5[""Inform Order Delivered""]
3 --> 6[""Inform Order Rejected""]
```"
254,"The description describes the following activities without decisions:
0. TASK1
1. TASK2
2. TASK3
3. TASK4
4. TASK5

Activity 0 and 1 happen first in sequence, followed by activity 2 and 3 happen at the same time. Afterwards, activity 4 happens and the process ends. Thus, the final activity diagram should look like the following:
```mermaid
graph LR
0[""StartNode""] --> 1[""TASK1""]
1 --> 2[""TASK2""]
2 --> 3[""TASK3""]
2 --> 4[""TASK4""]
3 --> 5[""TASK5""]
4 --> 5
5 --> 6[""EndNode""]
```"
255,"The description describes the following activities and decisions:
Activities:
0. Customer encounters problem
1. Obtain description of problem
2. Explain solution
3. Send email to support system
Decisions:
0. Can I handle this on my own?

The process specifies that the process starts with activity 0, followed by activity 1. Then decision 0 is made twice in a loop. If the decision is yes, then the process proceeds to activity 2 and ends. If the decision is no, then the process proceeds to activity 3 and ends. However, this description given has unncecessary reevaluations that needs to be translated correctly to reduce complexity and on time task. Thus, the final activity diagram should look like the following:
```mermaid
graph LR
0[""StartNode""] --> 1[""Customer encounters problem""]
1 --> 2[""Obtain description of problem""]
2 --> 3{""Can I handle this on my own?""}
3 --> |""Yes""|4[""Explain solution""] --> 5[""EndNode""]
3 --> |""No""|6[""Send email to support system""] --> 5
```"
256,"The description contains the following activities and decisions:
Activities:
0. Create Product
1. Propose Product
2. Approve Product
3. Reject Product
4. Product Approved
5. Product Rejected
Decisions:
0. Product approved?

The process specifies that activity 0 and 1 happen first, followed by decision 0. If decision 0 is yes, then activity 2 happens, followed by activity 4 and the process ends. If decision 0 is no, then activity 3 happens, followed by decision 0 again. If decision 0 is yes in the second time, then activity 2 happens, followed by activity 4 and the process ends. If decision 0 is no in the second time, then activity 3 happens, followed by activity 5 and the process ends. Thus, the final activity diagram should look like the following:
```mermaid
graph LR
0[""StartNode""] --> 1[""Create Product""]
1 --> 2[""Propose Product""]
2 --> 3{""Product approved?""}
3 --> |""Yes""|4[""Approve Product""]
3 --> |""No""|5[""Reject Product""]
4 --> 6[""Product Approved""]
5 --> 3
5 --> 7[""Product Rejected""]
6 --> 8[""EndNode""]
7 --> 8
```"
257,"The description describes the following activities without decisions:
0. Check Credit History
1. Property Survey
2. Property Title Search

Activities 0 and 1 happen at the same time at the beginning. Activity 0 involves accessing the data object ""Application"" and conducting activity 2. After activities 0 and 1 are completed, the process ends. Thus, the final activity diagram should look like the following:
```mermaid
graph LR
0[""StartNode""] --> 1[""Check Credit History""]
0 --> 2[""Property Survey""]
1 --> 3[""Property Title Search""]
1 --> 4[""EndNode""]
2 --> 4
```"
258,"The description contains the following activities and decisions:
Activities:
0. Check order received
1. Check article availability
2. Initiate procurement process
3. Ship article
4. Complete financial settlement
5. Receipt of payment
Decisions:
0. Article available?

The process specifies that activity 0 happens first, followed by decision 0. If decision 0 is no, then activity 2 happens. If decision 0 is yes, then activity 3 happens. After activity 3, decision 0 is made again. If decision 0 is no, then activity 2 happens. If decision 0 is yes, then activity 4 and 5 happens. Thus, the final activity diagram should look like the following:
```mermaid
graph LR
0[""StartNode""] --> 1[""Check order received""]
1 --> 2[""Check article availability""]
2 --> 3{""Article available?""}
3 --> |""No""|4[""Initiate procurement process""]
3 --> |""Yes""|5[""Ship article""]
5 --> 2
4 --> 6[""Complete financial settlement""]
5 --> 6
6 --> 7[""Receipt of payment""]
7 --> 8[""EndNode""]
```"
259,"The description describes the following activities without decisions:
0. Turn on computer
1. Connect to internet
2. Navigate to nba.com
3. Grab a beer from fridge
4. Start streaming
5. Enjoy beer and watch game
6. Game ends

Activities 0 and 1 happen first, followed by activity 2. At the same time, activity 3 and 4 happen. Afterwards, activity 5 happens, followed by activity 6. Thus, the final activity diagram should look like the following:
```mermaid
graph LR
0[""StartNode""] --> 1[""Turn on computer""]
1 --> 2[""Connect to internet""]
2 --> 3[""Navigate to nba.com""]
2 --> 4[""Grab a beer from fridge""]
2 --> 5[""Start streaming""]
4 --> 6[""Enjoy beer and watch game""]
5 --> 6
6 --> 7[""Game ends""]
7 --> 8[""EndNode""]
```"
260,"The description contains the following activities and decisions:
Activities:
0. Invoice arrives
1. Check if invoice is complete
2. Return invoice to client
3. Check if invoice can be paid
4. Sort by client and vendor
Decisions:
0. Is invoice complete?
1. Can invoice be paid?

The process specifies that activity 0 happens first, followed by decision 0. If decision 0 is no, then activity 2 happens and the process ends. If decision 0 is yes, then decision 1 is made. If decision 1 is no, then activity 2 happens and the process ends. If decision 1 is yes, then activity 4 happens and the process ends. Thus, the final activity diagram should look like the following:
```mermaid
graph LR
0[""StartNode""] --> 1[""Invoice arrives""]
1 --> 2{""Is invoice complete?""}
2 --> |""No""|3[""Return invoice to client""]
2 --> |""Yes""|4[""Check if invoice can be paid""]
4 --> 5{""Can invoice be paid?""}
5 --> |""No""|3
5 --> |""Yes""|6[""Sort by client and vendor""]
3 --> 7[""EndNode""]
6 --> 7
```"
261,"The description describes the following activities without decisions:
0. Receive payment
1. Ship the order
2. Archive the order

Activities 0 and 1 happen at the same time. Afterwards, activity 2 happens. Thus, the final activity diagram should look like the following:
```mermaid
graph LR
0[""StartNode""] --> 1[""Receive payment""]
0 --> 2[""Ship the order""]
1 --> 3[""Archive the order""]
2 --> 3
3 --> 4[""EndNode""]
```"
262,"The description describes the following activities and decisions:
Activities:
0. Detect incident
1. Troubleshoot application
2. Incident resolved within 1 hour
3. Analyze incident
4. No incident opened
5. Open EMS
6. Contact Application Team
7. Open conference line
Decisions:
0. Incident resolved within 1 hour?
1. Financial impact?

The description specifies that activity 0, 1 happens in sequence. Decision 0 is then made. If decision 0 is true, then activity 2 happens and the process ends. If decision 0 is false, then activity 3 happens, followed by decision 1. If decision 1 is false, then activity 4 happens and the process ends. If decision 1 is true, then activities 5, 6, 7 happen in sequence and the process ends. Thus, the final activity diagram should look like the following:
```mermaid
graph LR
0[""StartNode""] --> 1[""Detect incident""]
1 --> 2[""Troubleshoot application""]
2 --> 3{""Incident resolved within 1 hour?""}
3 --> |""Yes""|4[""Incident resolved within 1 hour""]
4 --> 5[""EndNode""]
3 --> |""No""|6[""Analyze incident""]
6 --> 7{""Financial impact?""}
7 --> |""No""|8[""No incident opened""]
8 --> 9[""EndNode""]
7 --> |""Yes""|10[""Open EMS""]
10 --> 11[""Contact Application Team""]
11 --> 12[""Open conference line""]
12 --> 13[""EndNode""]
```"
263,"The description describes the following activities without decisions:
0. Confirm invoice payment
1. Send report to Client
2. Send report to SSP's Accounts Receivable Department
3. Send report to Registry
4. Payment report sent

Activities 0, 1, 2, 3 happen at the same time. After that, activity 4 happens. Thus, the final activity diagram should look like the following:
```mermaid
graph LR
0[""StartNode""] --> 1[""Confirm invoice payment""]
0 --> 2[""Send report to Client""]
0 --> 3[""Send report to SSP's Accounts Receivable Department""]
0 --> 4[""Send report to Registry""]
1 --> 5[""Payment report sent""]
2 --> 5
3 --> 5
4 --> 5
5 --> 6[""EndNode""]
```"
264,"The description contains the following activities and decisions:
Activities:
0. Participate
1. Select a friend
2. Select a second friend
3. Suggest a date
4. Post a message on the suggested friend's wall
5. Check if you should invite friends to use the app
6. Invite friends
Decisions:
0. Check the suggestion
1. Check if you should invite friends to use the app

The process specifies that activity 0 happens first, followed by decision 0. If decision 0 is yes, then the process ends. If decision 0 is no, then activity 1 and 2 happen. After that, activity 3, 4, and 5 happen at the same time. Then decision 1 is made. If decision 1 is no, then the process ends. If decision 1 is yes, then activity 6 happens, followed by decision 1 again. If decision 1 is no, then the process ends. If decision 1 is yes, then activity 6 happens and the process ends. Thus, the final activity diagram should look like the following:
```mermaid
graph LR
0[""StartNode""] --> 1[""Participate""]
1 --> 2{""Check the suggestion""}
2 --> |""Yes""|3[""EndNode""]
2 --> |""No""|4[""Select a friend""]
4 --> 5[""Select a second friend""]
5 --> 6[""Suggest a date""]
5 --> 7[""Post a message on the suggested friend's wall""]
5 --> 8[""Check if you should invite friends to use the app""]
7 --> 9[""EndNode""]
8 --> 10{""Check if you should invite friends to use the app""}
10 --> |""No""|11[""EndNode""]
10 --> |""Yes""|12[""Invite friends""]
12 --> 10
12 --> 11
```"
265,"The description describes the following activities without decisions:
0. Publish flight schedule
1. Assign fleets
2. Send flight schedule
3. Receive Flight Schedule
4. Create crew pairings
5. Create crew rosters
6. Update crew changes
7. Repair crew rosters
8. Send crew assignments
9. Receive crew assignments
10. Create flight plan
11. Repair flight plan
12. Create flight report
13. Send flight report
14. Post-operation analysis

Activity 0, 1, 2 happens in sequence, followed by activity 3. After that, activities 4 and 5 happen at the same time, followed by activities 6 and 7. Activity 6 happens before activity 7. After that, activities 8 and 9 happen in sequence. Next, activities 10 and 11 happen in sequence, followed by activity 12. After that, activity 13 happens, followed by activity 14 and the process ends. Thus, the final activity diagram should look like the following:
```mermaid
graph LR
0[""StartNode""] --> 1[""Publish flight schedule""]
1 --> 2[""Assign fleets""]
2 --> 3[""Send flight schedule""]
3 --> 4[""Receive Flight Schedule""]
4 --> 5[""Create crew pairings""]
4 --> 6[""Create crew rosters""]
5 --> 7[""Update crew changes""]
6 --> 8[""Repair crew rosters""]
7 --> 8
8 --> 9[""Send crew assignments""]
9 --> 10[""Receive crew assignments""]
10 --> 11[""Create flight plan""]
11 --> 12[""Repair flight plan""]
12 --> 13[""Create flight report""]
13 --> 14[""Send flight report""]
14 --> 15[""Post-operation analysis""]
15 --> 16[""EndNode""]
```"
266,"The description contains the following activities and decisions:
Activities:
0. Mortgage Offers
1. Analyze Response
2. Wait for two weeks
3. Check Status of Documents
4. Update Details
5. Archive Case
6. Require Additional Documents
7. Move Case
Decisions:
0. Response Received?
1. Response Accepted?
2. Documents Complete?

The process specifies that activity 0 happens first, followed by activity 1 and 2 happen at the same time. Then decision 0 is made. If decision 0 is no, then activity 4 happens, followed by activity 5 and the process ends. If decision 0 is yes, then decision 1 is made. If decision 1 is no, then activity 4 happens, followed by activity 5 and the process ends. If decision 1 is yes, then activity 3 happens, followed by decision 2. If decision 2 is no, then activity 6 happens and the process ends. If decision 2 is yes, then activity 7 happens and the process ends. Thus, the final activity diagram should look like the following:
```mermaid
graph LR
0[""StartNode""] --> 1[""Mortgage Offers""]
1 --> 2[""Analyze Response""]
1 --> 3[""Wait for two weeks""]
2 --> 4{""Response Received?""}
3 --> 4
4 --> |""No""|5[""Update Details""]
4 --> |""Yes""|6{""Response Accepted?""}
5 --> 7[""Archive Case""]
6 --> |""No""|5
6 --> |""Yes""|8[""Check Status of Documents""]
7 --> 9[""EndNode""]
8 --> 10{""Documents Complete?""}
10 --> |""No""|11[""Require Additional Documents""]
10 --> |""Yes""|12[""Move Case""]
11 --> 9
12 --> 9
```"
267,"The description contains the following activities and decisions:
Activities:
0. Register for event participation
1. Register for seminar results
2. Create purchase request
3. Notify rejection
4. Send approval notification
Decisions:
0. Fees required?
1. Purchase request approved?

The process specifies that activity 0 happens first, followed by decision 0. If decision 0 is no, then activity 1 happens. If decision 0 is yes, then activity 2 happens, followed by decision 1. If decision 1 is no, then activity 3 happens and the process ends. If decision 1 is yes, then activity 4 happens and the process ends. Thus, the final activity diagram should look like the following:
```mermaid
graph LR
0[""StartNode""] --> 1[""Register for event participation""]
1 --> 2{""Fees required?""}
2 --> |""No""|3[""Register for seminar results""]
2 --> |""Yes""|4[""Create purchase request""]
3 --> 5{""Purchase request approved?""}
4 --> 5
5 --> |""No""|6[""Notify rejection""]
5 --> |""Yes""|7[""Send approval notification""]
6 --> 8[""EndNode""]
7 --> 8
```"
268,"The description contains the following activities and decisions:
Activities:
0. Receive Request
1. Evaluate Request
2. Send Notification of Denial
3. Check Analyst Authority
4. Authorize Payment
5. Send Payment
Decisions:
0. Report favorable?
1. Analyst has authority?

The process specifies that activity 0 happens first, followed by decision 0. If decision 0 is no, then activity 2 happens and the process ends. If decision 0 is yes, then decision 1 is made. If decision 1 is no, then activity 4 happens, followed by activity 5. If decision 1 is yes, then activity 5 happens. Thus, the final activity diagram should look like the following:
```mermaid
graph LR
0[""StartNode""] --> 1[""Receive Request""]
1 --> 2[""Evaluate Request""]
2 --> 3{""Report favorable?""}
3 --> |""No""|4[""Send Notification of Denial""]
3 --> |""Yes""|5[""Check Analyst Authority""]
5 --> 6{""Analyst has authority?""}
6 --> |""No""|7[""Authorize Payment""]
6 --> |""Yes""|8[""Send Payment""]
7 --> 8
8 --> 9[""EndNode""]
```"
269,"The description contains the following activities and decisions:
Activities:
0. Receive mail
1. Check information
2. Call customer
3. Add mail number and date
4. Record letter
5. Archive letter
6. Take letters to Miranda
Decisions:
0. Information complete?

The process specifies that activity 0 happens first, followed by decision 0. If decision 0 is no, then activity 2 happens and the process ends. If decision 0 is yes, then activities 3, 4, 5 happens in sequence. Afterwards, activity 6 happens and the process ends. Thus, the final activity diagram should look like the following:
```mermaid
graph LR
0[""StartNode""] --> 1[""Receive mail""]
1 --> 2[""Check information""]
2 --> 3{""Information complete?""}
3 --> |""No""|4[""Call customer""]
3 --> |""Yes""|5[""Add mail number and date""]
4 --> 6[""EndNode""]
5 --> 7[""Record letter""]
7 --> 8[""Archive letter""]
8 --> 9[""Take letters to Miranda""]
9 --> 6
```"
270,"The description contains the following activities and decisions:
Activities:
0. Identify demand for material
1. Utilize available material
2. Specify required material demand
3. Create purchase requisition
4. Verify purchase requisition
5. Generate purchase order
6. Notify vendor
7. Vendor shipment
8. Create goods receipt
9. Create invoice receipt
10. Make payment to vendor
Decisions:
0. Goods Available?

The process specifies that activity 0 happens first, followed by decision 0. If decision 0 is yes, then activity 1 happens. If decision 0 is no, then activities 2, 3, 4, 5, 6, 7, 8, 9, 10 happen in sequence. Thus, the final activity diagram should look like the following:
```mermaid
graph LR
0[""StartNode""] --> 1[""Identify demand for material""]
1 --> 2{""Goods Available?""}
2 --> |""Yes""|3[""Utilize available material""]
2 --> |""No""|4[""Specify required material demand""]
3 --> 5[""EndNode""]
4 --> 6[""Create purchase requisition""]
6 --> 7[""Verify purchase requisition""]
7 --> 8[""Generate purchase order""]
8 --> 9[""Notify vendor""]
9 --> 10[""Vendor shipment""]
10 --> 11[""Create goods receipt""]
11 --> 12[""Create invoice receipt""]
12 --> 13[""Make payment to vendor""]
13 --> 5
```"
271,"The description contains the following activities without decisions:
0. Receive online update on vacancy status
1. Advertise Vacancy
2. Assemble Selection Panel
3. Receive Complete Applications

Activities 0, 1, and 2 happen at the same time. Afterwards, activity 3 happens. Additionally, after activity 1, activity 2 should also happen. Thus, the final activity diagram should look like the following:
```mermaid
graph LR
0[""StartNode""] --> 1[""Receive online update on vacancy status""]
0 --> 2[""Advertise Vacancy""]
0 --> 3[""Assemble Selection Panel""]
2 --> 4[""Receive Complete Applications""]
3 --> 4
4 --> 5[""EndNode""]
```"
272,"This description contains the following activities and decisions:
Activities:
0. Send mortgage offer
1. Receive answer
2. Check if answer is decline
3. Check if offer is complete
4. Update details
5. Send message to customer
6. Complete offer
7. Wait for customer's answer
Decisions:
0. Is answer decline?
1. Is offer complete?

The process specifies that activity 0 and 1 happens first, followed by decision 0. If decision 0 is yes, then activity 4 and decision 1 happens. If decision 1 is yes, then activity 6 happens. If decision 1 is no, then activity 5 happens. If decision 0 is no, then decision 1 happens. If decision 1 is yes, then activity 4 happens. If decision 1 is no, then activity 5 happens. After activity 5, activity 7 happens. After activity 7, activity 4 happens. Thus, the final activity diagram should look like the following:
```mermaid
graph LR
0[""StartNode""] --> 1[""Send mortgage offer""]
1 --> 2[""Receive answer""]
2 --> 3{""Is answer decline?""}
3 --> |""Yes""|4[""Update details""]
3 --> |""No""|5{""Is offer complete?""}
4 --> 6{""Is offer complete?""}
5 --> |""Yes""|7[""Update details""]
5 --> |""No""|8[""Send message to customer""]
6 --> |""Yes""|9[""Complete offer""]
6 --> |""No""|8
7 --> 10[""EndNode""]
8 --> 11[""Wait for customer's answer""]
9 --> 10
11 --> 4
```"
273,"The description describes the following activities and decisions:
Activities:
0. Check fees
1. Registration process
2. Obtain seminar results
3. Create purchase requisition request
4. Check status of purchase request approval
5. Notify rejection
6. Send approved notification
Decisions:
0. Fees required?
1. Purchase request approved?

The process specifies that activity 0 happens first, followed by decision 0. If decision 0 is no, then activities 1 and 2 happen and the process ends. If decision 0 is yes, then activity 3 happens, followed by activity 4 and decision 1. If decision 1 is no, then activity 5 happens and the process ends. If decision 1 is yes, then activity 6 happens and the process ends. Thus, the final activity diagram should look like the following:
```mermaid
graph LR
0[""StartNode""] --> 1[""Check fees""]
1 --> 2{""Fees required?""}
2 --> |""No""|3[""Registration process""]
3 --> 4[""Obtain seminar results""]
4 --> 5[""EndNode""]
2 --> |""Yes""|6[""Create purchase requisition request""]
6 --> 7[""Check status of purchase request approval""]
7 --> 8{""Purchase request approved?""}
8 --> |""No""|9[""Notify rejection""]
9 --> 10[""EndNode""]
8 --> |""Yes""|11[""Send approved notification""]
11 --> 10
```"
274,"It seems like there may be some errors or missing texts. However, The description seems to contain the following activities and decisions:
Activities:
0. Main Document Sent
1. Send Supplement A
2. Send Supplement B
Decisions:
0. Should Supplement A be sent?
1. Should Supplement B be sent?

Assuming the process should continue with checking the second supplement after sending the first one. Then the final activity diagram should look like the following:
```mermaid
graph LR
0[""StartNode""] --> 1[""Main Document Sent""]
1 --> 2{""Should Supplement A be sent?""}
2 --> |""Yes""|3[""Send Supplement A""]
2 --> |""No""|4[""EndNode""]
3 --> 5{""Should Supplement B be sent?""}
5 --> |""Yes""|6[""Send Supplement B""]
5 --> |""No""|4
6 --> 7[""EndNode""]
```"
275,"The description describes the following activities without decisions:
0. Check Report against Invoice
1. Verify 'Invoice Entered Correctly'
2. Record errors made by Data Entry Officer
3. Highlight error
4. Update Invoice Entry Form

Activity 0 happens first, followed by activity 1 and 2 happening at the same time. Afterwards, activity 3 happens, which updates the Invoice Entry Form (activity 4). Finally, activity 1 is confirmed, and the process ends. Thus, the final activity diagram should look like the following:
```mermaid
graph LR
0[""StartNode""] --> 1[""Check Report against Invoice""]
1 --> 2[""Verify 'Invoice Entered Correctly'""]
1 --> 3[""Record errors made by Data Entry Officer""]
3 --> 4[""Highlight error""]
4 --> 5[""Update Invoice Entry Form""]
2 --> 6[""EndNode""]
```"
276,"The description describes the following activities without decisions:
Activities
0. Accepted Item
1. Case
2. Other
3. Can
4. Non-perishable
5. Perishable
6. Fruit
7. Vegetable
8. Sack
9. QC
10. Weight
11. Date Center
12. Store items based on item policy

The process specifies that activities 0, 1, 2, 3 happen at the same time, followed by activities 4, 5 happen at the same time, then activities 6, 7 happen at the same time. Afterwards, the following paths happen: 
8 -> 9 -> 10 -> 11 -> 12
4 -> 9 -> 10 -> 11 -> 12
4 -> 9 -> 10 -> 11 -> 12
5 -> 9 -> 10 -> 11 -> 12
5 -> 9 -> 10 -> 11 -> 12
6 -> 9 -> 10 -> 11 -> 12
7 -> 9 -> 10 -> 11 -> 12
Finally, activity 12 happens. Thus, the final activity diagram should look like the following:
```mermaid
graph LR
0[""StartNode""] --> 1[""Accepted Item""]
1 --> 2[""Case""]
1 --> 3[""Other""]
1 --> 4[""Can""]
2 --> 5[""Non-perishable""]
2 --> 6[""Perishable""]
3 --> 5
3 --> 6
4 --> 5
4 --> 6
5 --> 7[""Non-perishable""]
5 --> 8[""Sack""]
6 --> 9[""Perishable""]
6 --> 10[""Fruit""]
7 --> 11[""QC""]
8 --> 11
9 --> 11
10 --> 11
11 --> 12[""Weight""]
12 --> 13[""Date Center""]
13 --> 14[""Store items based on item policy""]
```"
277,"The description contains the following activities and decisions:
Activities:
0. Receive shipment
1. Place shipment in warehouse
2. Update IS
3. Sort shipments by service type
4. Sort shipments by destination node
5. Sort shipments by size
6. Route calculation to next node
7. Determine transport vehicle
8. Set waiting time limit
9. Load shipment onto transport vehicle
10. Update IS
11. Start transportation to next node
12. Unload shipment
13. Check if destination warehouse reached
14. Update IS
15. Place shipment in branch office
Decisions:
0. Is vehicle available?
1. Has destination warehouse been reached?

The process specifies that activities 0, 1, 2, 3, 4, 5, 6 happens in sequence. Then decision 0 is made. If decision 0 is yes, then activities 9, 10, 11 happens in sequence. If decision 0 is no, then activities 8, 10, 11 happens in sequence. Afterwards, activity 12 happens. Then decision 1 is made. If decision 1 is no, then activity 14 happens. If decision 1 is yes, then activities 15, 14 happens in sequence. Thus, the final activity diagram should look like the following:
```mermaid
graph LR
0[""StartNode""] --> 1[""Receive shipment""]
1 --> 2[""Place shipment in warehouse""]
2 --> 3[""Update IS""]
3 --> 4[""Sort shipments by service type""]
4 --> 5[""Sort shipments by destination node""]
5 --> 6[""Sort shipments by size""]
6 --> 7[""Route calculation to next node""]
7 --> 8[""Determine transport vehicle""]
8 --> 9{""Is vehicle available?""}
9 --> |""Yes""|10[""Load shipment onto transport vehicle""]
9 --> |""No""|11[""Set waiting time limit""]
10 --> 12[""Update IS""]
11 --> 12
12 --> 13[""Start transportation to next node""]
13 --> 14[""Unload shipment""]
14 --> 15{""Has destination warehouse been reached?""}
15 --> |""No""|16[""Update IS""]
15 --> |""Yes""|17[""Place shipment in branch office""]
16 --> 15
17 --> 18[""Update IS""]
18 --> 19[""EndNode""]
```"
278,"The description contains the following activities and decisions:
Activities:
0. Review letter
1. Make telephone call
2. Archive letter
3. Stamp letter
4. Send denial
5. Register member
6. Calculate fee
7. Write fee into register
8. Prepare invoice mail
Decisions:
0. Letter complete?
1. Have necessary information?
2. Person a member?

The process specifies that activity 0 happens first, followed by decision 0. If decision 0 is no, then activity 1 happens. If decision 0 is yes, then activity 2 happens, followed by decision 1. If decision 1 is no, then the process ends. If decision 1 is yes, then activity 3 happens, followed by decision 2. If decision 2 is no, then activity 4 happens and the process ends. If decision 2 is yes, then activities 5, 6, 7, 8 happens in sequence and the process ends. Thus, the final activity diagram should look like the following:
```mermaid
graph LR
0[""StartNode""] --> 1[""Review letter""]
1 --> 2{""Letter complete?""}
2 --> |""No""|3[""Make telephone call""]
2 --> |""Yes""|4[""Archive letter""]
4 --> 5{""Have necessary information?""}
5 --> |""No""|6[""EndNode""]
5 --> |""Yes""|7[""Stamp letter""]
7 --> 8{""Person a member?""}
8 --> |""No""|9[""Send denial""]
8 --> |""Yes""|10[""Register member""]
10 --> 11[""Calculate fee""]
11 --> 12[""Write fee into register""]
12 --> 13[""Prepare invoice mail""]
13 --> 14[""EndNode""]
```"
279,"This description contains the following activities:
0. Demand planning
1. Safety stock calculation
2. Current stock levels update
3. Forecast netting
4. Planning data loading
5. Weekly planning run
6. Production plan loading
7. Local production planning

The process specifies that activity 0, 1, 2 happen at the same time first, producing the data objects ""Gross forecast"", ""Stock-related figures"". Then activity 3 happens, requiring the data objects ""Gross forecast"", ""Customer orders"" and producing the data object ""Total demand"". Then activity 4 happens, requiring the data objects ""Total demand"", ""Stock-related figures"". Then activity 5 happens, producing the data objects ""Optimized net requirements (ONR)"", ""Shipment plan"". Then activity 6 happens, requiring the data object ""Optimized net requirements (ONR)"". Then activity 7 happens, requiring the data object ""Constrained/ unconstrained plan"". Thus, the final activity diagram should look like the following:
```mermaid
graph LR
0[""StartNode""] --> 1[""Demand planning""]
0 --> 2[""Safety stock calculation""]
0 --> 3[""Current stock levels update""]
1 --> 4[""Forecast netting""]
2 --> 4
3 --> 4
4 --> 5[""Planning data loading""]
5 --> 6[""Weekly planning run""]
6 --> 7[""Production plan loading""]
7 --> 8[""Local production planning""]
8 --> 9[""EndNode""]
```"
280,"The description contains the following activities without decisions:
0. Generate payment report
1. Pay vendor
2. Send payment report to Accounts Receivable Department
3. Send payment report to registry
4. Generate monthly invoices for clients
5. Select paper-based invoices that have been paid
6. Charge client $35 per invoice
7. Archive invoices per vendor
8. Archive invoices per payment data
9. Track down payment

The process specifies that activity 0 happens first, producing a data object ""Payment report"". Then activity 1 happens. At the same time, activities 2 and 3 happen. After activity 2, activity 4 happens. After activity 4, activity 6 happens and then the process ends. After activity 3, activity 5 happens. After activity 5, activities 7 and 8 happen at the same time. After activity 8, activity 9 happens and then the process ends. Thus, the final activity diagram should look like the following:
```mermaid
graph LR
0[""StartNode""] --> 1[""Generate payment report""]
1 --> 2[""Pay vendor""]
1 --> 3[""Send payment report to Accounts Receivable Department""]
1 --> 4[""Send payment report to registry""]
3 --> 5[""Generate monthly invoices for clients""]
5 --> 6[""Charge client $35 per invoice""]
6 --> 7[""EndNode""]
4 --> 8[""Select paper-based invoices that have been paid""]
8 --> 9[""Archive invoices per vendor""]
8 --> 10[""Archive invoices per payment data""]
10 --> 11[""Track down payment""]
11 --> 12[""EndNode""]
```"
281,"The description contains the following activities and decisions:
Activities:
0. Low Inventory
1. Materials Request
2. Purchase Materials
3. Receive Materials
4. Send Payment
5. Communicate Shipment problem
Decisions:
0. Shipment Okay?

The process specifies that activity 0, 1, 2, 3 happens in sequence, followed by decision 0. If decision 0 is yes, activity 4 happens. If decision 0 is no, activity 5 happens and then the process ends. However, decision 0 is repeated. We should represent it in the UML activity diagram without breaking the rules of UML activity diagram, therefore, a decision need to be there between ""Receive Materials"" and the last decision ""Shipment Okay?"".
```mermaid
graph LR
0[""StartNode""] --> 1[""Low Inventory""]
1 --> 2[""Materials Request""]
2 --> 3[""Purchase Materials""]
3 --> 4[""Receive Materials""]
4 --> 5{""Shipment Okay?""}
5 --> |""Yes""| 6
5 --> |""No""|7[""Communicate Shipment problem""]
7 --> 8[""EndNode""]
6 --> 9{""Shipment Okay?""}
9 --> |""No""|7
9 --> |""Yes""|10[""Send Payment""]
10 --> 8
```"
282,"The description contains the following activities and decisions:
Activities:
0. Check production rule
1. Check substitute product rule
2. Prepare production line
3. Create product rule not found alarm
Decisions:
0. Production rule defined?
1. Substitute production rule found?

The process specifies that activity 0 happens first, followed by decision 0. If decision 0 is no, then activity 1 happens, followed by decision 1. If decision 1 is yes, then activity 2 happens. If decision 1 is no, then activity 3 happens and the process ends. If decision 0 is yes, then activity 2 happens. After activity 2, decision 0 is checked again. If decision 0 is no, then activity 1 happens, followed by decision 1. If decision 1 is yes, then activity 2 happens. If decision 1 is no, then activity 3 happens and the process ends. Thus, the final activity diagram should look like the following:
```mermaid
graph LR
0[""StartNode""] --> 1[""Check production rule""]
1 --> 2{""Production rule defined?""}
2 --> |""No""|3[""Check substitute product rule""]
2 --> |""Yes""|4[""Prepare production line""]
3 --> 5{""Substitute production rule found?""}
3 --> |""Yes""|4
3 --> |""No""|6[""Create product rule not found alarm""]
4 --> 2
6 --> 7[""EndNode""]
```"
283,"The description describes the following activities without decisions:
0. Check Customers' Credit History
1. Search Property Title
2. Conduct Property Survey

Activity 0 and 1 happen simultaneously at the beginning. After that, activity 2 happens. Thus, the final activity diagram should look like the following:
```mermaid
graph LR
0[""StartNode""] --> 1[""Check Customers' Credit History""]
0 --> 2[""Search Property Title""]
1 --> 3[""Conduct Property Survey""]
2 --> 3
3 --> 4[""EndNode""]
```"
284,"The description contains the following activities and decisions:
Activities:
0. Process Starts
1. Inquire about the product
2. Preparing Quote
3. Verify terms and pricing
4. Create sale order
5. Proceed with shipment
6. Send payment
7. Check payment status
8. Process payment
9. Send reminder
Decisions:
0. Payment sent?

The process specifies that activities 0, 1, 2, 3, 4, 5, 6 happens in sequence. Then decision 0 is made. If decision 0 is yes, then activity 8 happens and the process ends. If decision 0 is no, then activity 9 happens, followed by decision 0 again. If decision 0 is still no, then activity 9 happens again, followed by activity 6 and then decision 0. If decision 0 is yes, then activity 8 happens and the process ends. Thus, the final activity diagram should look like the following:
```mermaid
graph LR
0[""StartNode""] --> 1[""Process Starts""]
1 --> 2[""Inquire about the product""]
2 --> 3[""Preparing Quote""]
3 --> 4[""Verify terms and pricing""]
4 --> 5[""Create sale order""]
5 --> 6[""Proceed with shipment""]
6 --> 7[""Send payment""]
7 --> 8{""Payment sent?""}
8 --> |""Yes""|9[""Process payment""]
8 --> |""No""|10[""Send reminder""]
10 --> 8
8 --> |""Yes""|9
8 --> |""No""|10
10 --> 7
7 --> 8
8 --> |""Yes""|9
9 --> 11[""EndNode""]
```"
285,"The description describes the following activities without decisions:
0. Prepare to cut banana
1. Hold banana securely
2. Cut banana
3. Banana cut

Activities 1 and 2 happen at the same time after activity 0. Afterwards, activity 3 happens. Thus, the final activity diagram should look like the following:
```mermaid
graph LR
0[""StartNode""] --> 1[""Prepare to cut banana""]
1 --> 2[""Hold banana securely""]
1 --> 3[""Cut banana""]
2 --> 4[""Banana cut""]
3 --> 4
```"
286,"The description contains the following activities and decisions:
Activities:
0. Informational meeting
1. Create storyboard
2. Design and develop website
3. Prepare content
4. Create initial draft
5. Review initial draft
6. Review draft
7. Prepare final version
8. Website building process
Decisions:
0. Meeting successful?
1. Review necessary?
2. Site approved?

The process specifies that activity 0 happens first, followed by decision 0. If decision 0 is no, then the process ends. If decision 0 is yes, then activity 1 happens and activities 2, 3, 4 happen at the same time. Afterwards, decision 1 is made. If decision 1 is no, then activity 7 happens. If decision 1 is yes, then activity 6 happens. Decision 1 can be made multiple times and end with activity 6 or 7. Activity 7 then go through decision 2. If decision 2 is yes, then the process ends. If decision 2 is no, then activity 8 happens, which would go back through start of development design and testing iteration sequence of 7 draft stages if iterations are assumed as un(heap struct Gilolder additional stages. Thus, the final activity diagram should look like the following:
```mermaid
flowchart LR
0[""StartNode""] --> 1[""Informational meeting""]
1 --> 2{""Meeting successful?""}
2 --> |""No""|3[""EndNode""]
2 --> |""Yes""|4[""Create storyboard""]
4 --> 5[""Design and develop website""]
5 --> 6[""Prepare content""]
5 --> 7[""Create initial draft""]
4 --> 6
4 --> 7
7 --> 8[""Review initial draft""]
8 --> 9{""Review necessary?""}
9 --> |""No""|10[""Prepare final version""]
9 --> |""Yes""|11[""Review draft""]
11 --> 9
11 --> 8
10 --> 12{""Site approved?""}
12 --> |""No""|10
12 --> |""No""|13[""Website building process""]
12 --> |""Yes""|14[""EndNode""]
```"
287,"The description describes the following activities and decisions:
Activities:
0. Receive customer inquiry
1. Prepare quotation
2. Create sales order
3. Perform credit check
4. Check stock
5. Check new stock delivery date
6. Create outbound delivery
7. Pick
8. Post goods issue
9. Create billing
10. Pack product
11. Ship
Decisions:
0. Credit approved?
1. Stock available?

The process specifies that activities 0, 1, 2 happens in sequence, followed by decision 0. If decision 0 is no, then the process ends. If decision 0 is yes, then decision 1 is made. If decision 1 is no, then activity 5 happens and the process ends. If decision 1 is yes, then activity 6 happens, followed by decision 1 again. If decision 1 is no, then activity 5 happens and the process ends. If decision 1 is yes, then activities 7, 8, 9, 10, 11 happens in sequence, marking the end of the process. Thus, the final activity diagram should look like the following:
```mermaid
graph LR
0[""StartNode""] --> 1[""Receive customer inquiry""]
1 --> 2[""Prepare quotation""]
2 --> 3[""Create sales order""]
3 --> 4[""Perform credit check""]
4 --> 5{""Credit approved?""}
5 --> |""No""|6[""EndNode""]
5 --> |""Yes""|7[""Check stock""]
7 --> 8{""Stock available?""}
8 --> |""No""|9[""Check new stock delivery date""]
8 --> |""Yes""|10[""Create outbound delivery""]
9 --> 6
10 --> 8
10 --> 11[""Pick""]
11 --> 12[""Post goods issue""]
12 --> 13[""Create billing""]
13 --> 14[""Pack product""]
14 --> 15[""Ship""]
15 --> 6
```"
288,"The description describes the following activities and decision contradiction in a way.
Activities:
0. T1
1. T2

However, both activities T1, T2 are said to happen at the beginning and after followed by completing T1 and T2, in total, more conflicting descriptions. Based on priority:
The process is probably doing  running activities T1, T2 that starts, and ordered activity of completing these 2 steps (since any programmed results could do that). Thus, the final activity diagram should look like the following:
```mermaid
graph LR
0[""StartNode""] --> 1[""T1""]
0 --> 2[""T2""]
1 --> 3[""Complete step T1 then begin T2""]
3 --> 4[""T2 and step2 completed""]
4 --> 5[""EndNode""]
```"
289,"This description contains the following activities and decisions:
Activities:
0. Click Start
1. Select Edit Report
2. Review Report
3. Check if translation is needed
4. Translate receipts
5. Confirm receipts
6. Evaluate review decision
7. Edit report
8. Evaluate receipts decision
9. Process expense
Decisions:
0. Expense greater than 1000?
1. Translation is required?
2. Report is rejected?
3. Receipts are accepted?

The process flow is as follows: 
Activity 0 and 1 happens first. Then, decision 0 is made. If decision 0 is yes, then activity 2 and 6 happens. If decision 0 is no, then decision 1 and activity 3, 4, or 5 happens. After activity 6, decision 2 is made. If decision 2 is yes, activity 7 happens; otherwise, decision 1 is checked again and activity 3, 4, or 5 happens. Then decision 2 and 6 is made again and so on and so forth until finally evaluate receipts decision 8 is made. Decision 8 which has the outcome of yes makes activity 9 and ends the process.

Here's a simplified representation of the activity diagram using Mermaid flowchart:
```mermaid
graph LR
0[""Start""] --> 1[""Click Start""]
1 --> 2[""Select Edit Report""]
2 --> 3{""Expense greater than 1000?""}
3 --> |""Yes""|4[""Review Report""]
3 --> |""No""|5[""Check if translation is needed""]
4 --> 6[""Evaluate review decision""]
5 --> 7{""Translation is required?""}
6 --> |""Rejected""|8[""Edit report""]
6 --> |""Approved""|7
7 --> 9{""Translation is required?""}
7 --> 10[""Translate receipts""]
7 --> 11[""Confirm receipts""]
9 --> 12[""Translate receipts""]
9 --> 13[""Confirm receipts""]
10 --> 14[""Evaluate receipts decision""]
11 --> 14
12 --> 14
13 --> 14
14 --> 15{""Receipts are accepted?""}
14 --> |""No""|8
14 --> |""Yes""|16[""Process expense""]
16 --> 17[""End Process""]
```"
290,"The description contains the following activities and decisions:
Activities:
0. start_element
1. myTaskOne
2. myTaskTwo
3. myTaskThree
4. myEndEvent
5. myTermination
Decisions:
 None, but two events are described: ""myMessageEvent"" and ""myTimeEvent_60minutes""

The process specifies that activity 0 and 1 happen first. Then, the process waits for one of the two events to occur. If ""myMessageEvent"" occurs, then activity 2 happens, followed by activity 4. If ""myTimeEvent_60minutes"" occurs, then activity 3 happens, followed by activity 5. Thus, the final activity diagram should look like the following:
```mermaid
graph LR
0[""start_element""] --> 1[""myTaskOne""]
1 --> 2{""Event Occurs""}
2 --> |""myMessageEvent""|3[""myTaskTwo""]
2 --> |""myTimeEvent_60minutes""|4[""myTaskThree""]
3 --> 5[""myEndEvent""]
4 --> 6[""myTermination""]
```"
291,"This description contains the following activities and decisions:
Activities:
0. Send inquiry about product availability
1. Send product inquiry
2. Receive quotation
3. Analyze quotation
4. Check Purchase Decision
5. Send purchase order
6. Purchase order sent
7. Wait for invoice
8. Receive invoice
9. Verify invoice/bill accuracy
10. Send payment
11. Payment sent
Decisions:
0. Purchase Decision

The description specifies that activities 0, 1, 2, 3, 4 happens in sequence. Then decision 0 is made. If decision 0 is decline, then the process ends. If decision 0 is accept, then activities 5, 6, 7, 8, 9, 10, 11 happens in sequence and the process ends. Thus, the final activity diagram should look like the following:
```mermaid
graph LR
0[""StartNode""] --> 1[""Send inquiry about product availability""]
1 --> 2[""Send product inquiry""]
2 --> 3[""Receive quotation""]
3 --> 4[""Analyze quotation""]
4 --> 5[""Check Purchase Decision""]
5 --> |""Decline""|6[""EndNode""]
5 --> |""Accept""|7[""Send purchase order""]
7 --> 8[""Purchase order sent""]
8 --> 9[""Wait for invoice""]
9 --> 10[""Receive invoice""]
10 --> 11[""Verify invoice/bill accuracy""]
11 --> 12[""Send payment""]
12 --> 13[""Payment sent""]
13 --> 6
```"
292,"The description contains the following activities without decisions:
0. Confirm order
1. Shipping item
2. Sending invoice
3. Activity after shipping
4. Activity after sending invoice
5. End of process

Activity 0 happens first, followed by activities 1 and 2 happen at the same time. Afterwards, activities 3 and 4 happen. Finally, activity 5 happens. Thus, the final activity diagram should look like the following:
```mermaid
graph LR
0[""StartNode""] --> 1[""Confirm order""]
1 --> 2[""Shipping item""]
1 --> 3[""Sending invoice""]
2 --> 4[""Activity after shipping""]
3 --> 5[""Activity after sending invoice""]
4 --> 6[""End of process""]
5 --> 6
```"
293,"The description describes the following activities without decisions:
0. Activity B-1
1. Activity C-1
2. Activity C-2
3. Activity B-2
4. Activity A-1
5. Activity D-2
6. Activity E-1
7. Activity D-1
8. Activity B-3
9. Activity D-3

The process specifies that activities 0, 1, and 2 happen at the same time first, followed by activities 3 and 4 happening at the same time. Then activities 5 and 6 happen at the same time. Afterwards, activity 7 happens. Finally, activities 8 and 9 happen. Thus, the final activity diagram should look like the following:
```mermaid
graph LR
0[""StartNode""] --> 1[""Activity B-1""]
0 --> 2[""Activity C-1""]
0 --> 3[""Activity C-2""]
1 --> 4[""Activity B-2""]
2 --> 4
3 --> 4
4 --> 5[""Activity A-1""]
4 --> 6[""Activity D-2""]
5 --> 7[""Activity E-1""]
6 --> 7
7 --> 8[""Activity D-1""]
8 --> 9[""Activity B-3""]
8 --> 10[""Activity D-3""]
9 --> 11[""EndNode""]
10 --> 11
```"
294,"The description contains the following activities without decisions:
0. Check customer's credit history
1. Conduct property survey
2. Search for property title

The process specifies that activities 0 and 1 happen at the same time. Afterwards, activity 2 happens and the process ends. Thus, the final activity diagram should look like the following:
```mermaid
graph LR
0[""StartNode""] --> 1[""Check customer's credit history""]
0 --> 2[""Conduct property survey""]
1 --> 3[""Search for property title""]
2 --> 3
3 --> 4[""EndNode""]
```"
295,"The description describes the following activities without decisions:
0. Receiving an order
1. Shipping the products
2. Sending the invoice
3. Receiving the payment

Activity 0 happens first, followed by activities 1 and 2 happen at the same time. Afterwards, activity 3 happens. Thus, the final activity diagram should look like the following:
```mermaid
graph LR
0[""Receiving an order""] --> 1[""Shipping the products""]
0 --> 2[""Sending the invoice""]
1 --> 3[""Receiving the payment""]
2 --> 3
3 --> 4[""EndNode""]
```"
296,"The description contains the following activities and decisions:
Activities:
0. Send email to support system
1. Allocate ticket
2. Check first level
3. Document ticket
4. Ask developer
5. Send email to account manager
Decisions:
0. First level can handle it?

The process specifies that activities 0 and 1 happen first, followed by decision 0. If decision 0 is yes, then activity 3 happens, followed by activity 5, and the process ends. If decision 0 is no, then activity 4 happens, followed by decision 0 again. If decision 0 is yes, then activity 3 happens, followed by activity 5, and the process ends. If decision 0 is no, then activity 4 happens, and then activity 3 happens, followed by activity 5, and the process ends. Thus, the final activity diagram should look like the following:
```mermaid
graph LR
0[""StartNode""] --> 1[""Send email to support system""]
1 --> 2[""Allocate ticket""]
2 --> 3{""First level can handle it?""}
3 --> |""Yes""|4[""Document ticket""]
3 --> |""No""|5[""Ask developer""]
4 --> 6[""Send email to account manager""]
5 --> 3
5 --> 4
6 --> 7[""EndNode""]
```"
297,"The description contains the following activities without decisions:
0. Register contract acceptance
1. Scan offer
2. Provide billing and pincode information

Activities 0 and 1 happen simultaneously, then activity 2 happens. Thus, the final activity diagram should look like the following:
```mermaid
graph LR
0[""StartNode""] --> 1[""Register contract acceptance""]
0 --> 2[""Scan offer""]
1 --> 3[""Provide billing and pincode information""]
2 --> 3
3 --> 4[""EndNode""]
```"
298,"The description describes the following activities and decisions:
Activities:
0. Receive Customer Inquiry
1. Prepare Quotation
2. Create Sales Order
3. Perform Credit Check
4. Check Stock
5. Create Outbound Delivery
6. Picking
7. Post Goods Issue
8. Create Billing
9. Pack Product and Invoice
10. Ship Product and Invoice
Decisions:
0. Credit Approved?
1. Stock Available?

The process specifies that activities 0, 1, 2 happens first, followed by decision 0. If decision 0 is no, the process ends. If decision 0 is yes, then decision 1 is made. If decision 1 is no, the process ends and new stock delivery date is checked. If decision 1 is yes, then activity 5 happens, followed by another decision 1. Again if decision 1 is no, then the process ends and new stock delivery date is checked. If decision 1 is yes, then activities 6, 7, 8, 9, 10 happens in sequence. Thus, the final activity diagram should look like the following:
```mermaid
graph LR
0[""StartNode""] --> 1[""Receive Customer Inquiry""]
1 --> 2[""Prepare Quotation""]
2 --> 3[""Create Sales Order""]
3 --> 4[""Perform Credit Check""]
4 --> 5{""Credit Approved?""}
5 --> |""No""|6[""Process Ends""]
5 --> |""Yes""|7[""Check Stock""]
7 --> 8{""Stock Available?""}
8 --> |""No""|9[""Process Ends: Check new stock delivery date""]
8 --> |""Yes""|10[""Create Outbound Delivery""]
10 --> 11[""Check Stock""]
11 --> 12{""Stock Available?""}
12 --> |""No""|13[""Process Ends: Check new stock delivery date""]
12 --> |""Yes""|14[""Picking""]
14 --> 15[""Post Goods Issue""]
15 --> 16[""Create Billing""]
16 --> 17[""Pack Product and Invoice""]
17 --> 18[""Ship Product and Invoice""]
18 --> 19[""EndNode""]
```"
299,"The description contains the following activities without decisions:
0. Sort invoices per client
1. Sort invoices per vendor
2. Staple invoice entry form to invoice
3. Enter vendor name on invoice entry form
4. Enter client name on invoice entry form
5. Enter invoice arrival date on invoice entry form

Activity 0 and 1 happen first in sequence, followed by activity 2. Then, activities 3, 4, and 5 happen at the same time. Thus, the final activity diagram should look like the following:
```mermaid
graph LR
0[""StartNode""] --> 1[""Sort invoices per client""]
1 --> 2[""Sort invoices per vendor""]
2 --> 3[""Staple invoice entry form to invoice""]
3 --> 4[""Enter vendor name on invoice entry form""]
3 --> 5[""Enter client name on invoice entry form""]
3 --> 6[""Enter invoice arrival date on invoice entry form""]
4 --> 7[""EndNode""]
5 --> 7
6 --> 7
```"
300,"The description contains the following activities and decisions:
Activities:
0. Vendor sends invoice
1. Vendor receives invoice
2. Check invoice against inventory
3. Enter invoice information in Payment Out Module
4. Revise invoice on the spot
5. Make payment
6. Process payment
7. Forward payment to vendor
8. Close order
Decisions:
0. Instruction is ""send over the invoice"" or ""contact the vendor""?

The process specifies that activity 0, 1, 2 happens in sequence. Then decision 0 is made. If decision 0 is ""send over the invoice"", then activity 3, 5, 6, 7 happens in sequence. If decision 0 is ""contact the vendor"", then activity 4, 1, 2, 3, 5, 6, 7 happens in sequence. Finally, activity 8 happens. Thus, the final activity diagram should look like the following:
```mermaid
graph LR
0[""StartNode""] --> 1[""Vendor sends invoice""]
1 --> 2[""Vendor receives invoice""]
2 --> 3[""Check invoice against inventory""]
3 --> 4{""Instruction is?""}
4 --> |""send over the invoice""|5[""Enter invoice information in Payment Out Module""]
4 --> |""contact the vendor""|6[""Revise invoice on the spot""]
5 --> 7[""Make payment""]
6 --> 2
7 --> 8[""Process payment""]
8 --> 9[""Forward payment to vendor""]
9 --> 10[""Close order""]
10 --> 11[""EndNode""]
```"
301,"The description describes the following activities without decisions:
0. Receive order
1. Send invoice
2. Ship products
3. Receive payment

Activity 0, 1, and 2 happen at the same time. Afterwards, activity 3 happens after activity 1. Thus, the final activity diagram should look like the following:
```mermaid
graph LR
0[""StartNode""] --> 1[""Receive order""]
0 --> 2[""Send invoice""]
0 --> 3[""Ship products""]
2 --> 4[""Receive payment""]
4 --> 5[""EndNode""]
```"
302,"The description describes the following activities without decisions:
0. Receive order
1. Confirm order
2. Arrange shipment
3. Update manufacturing plan
4. Generate order summary
5. Review and revise order
6. Update customer file
7. Update customer file (again)

Activity 0 and 1 happen first. Then activity 2, 3, 4, 5 happen at the same time. Afterwards, activity 6 and 7 happen. Thus, the final activity diagram should look like the following:
```mermaid
graph LR
0[""StartNode""] --> 1[""Receive order""]
1 --> 2[""Confirm order""]
2 --> 3[""Arrange shipment""]
2 --> 4[""Update manufacturing plan""]
2 --> 5[""Generate order summary""]
2 --> 6[""Review and revise order""]
3 --> 7[""Update customer file""]
4 --> 7
5 --> 7
6 --> 7
7 --> 8[""Update customer file""]
8 --> 9[""EndNode""]
```"
303,"The description describes the following activities without decisions:
0. Check Customers Credit History
1. Search the property title
2. Conduct the Property Survey
3. Produce Survey Document

Activity 0, 1, 2 happen at the same time. The process ends after these activities are completed. Thus, the final activity diagram should look like the following:
```mermaid
graph LR
0[""StartNode""] --> 1[""Check Customers Credit History""]
0 --> 2[""Search the property title""]
0 --> 3[""Conduct the Property Survey""]
3 --> 4[""Produce Survey Document""]
1 --> 5[""EndNode""]
2 --> 5
3 --> 5
4 --> 5
```"
304,"The description describes the following activities and decisions:
Activities:
0. Request Order
1. Check Order
2. Confirm Order
3. Reject Order
4. Deliver Order
5. Notify Order Rejected
6. Notify Order Delivered
Decisions:
0. Can Order be fulfilled?

The process specifies that activity 0 happens first, followed by decision 0. If decision 0 is yes, then activities 2 and 4 happens in sequence, followed by activity 6. If decision 0 is no, then activity 3 happens, followed by activity 5. Thus, the final activity diagram should look like the following:
```mermaid
graph LR
0[""StartNode""] --> 1[""Request Order""]
1 --> 2{""Can Order be fulfilled?""}
2 --> |""Yes""|3[""Confirm Order""]
2 --> |""No""|4[""Reject Order""]
3 --> 5[""Deliver Order""]
5 --> 6[""Notify Order Delivered""]
4 --> 7[""Notify Order Rejected""]
6 --> 8[""EndNode""]
7 --> 8
```"
305,"The description contains the following activities without decisions:
Activities:
0. Start process with newTransportEvent
1. Send newTransportEvent
2. Receive transport order
3. Send transport order
4. Execute transport
5. Distribute shipment information
6. Ask for shipment confirmation
7. Distribute shipment information and request shipment confirmation
8. Send shipment confirmation

According to the description, the first four activities (0, 1, 2, 3) happen in sequence. Then, activities 4, 5, and 6 happen at the same time. After that, activities 7 and 8 happen in sequence. Thus, the final activity diagram should look like the following:
```mermaid
graph LR
0[""Start process with newTransportEvent""] --> 1[""Send newTransportEvent""]
1 --> 2[""Receive transport order""]
2 --> 3[""Send transport order""]
3 --> 4[""Execute transport""]
3 --> 5[""Distribute shipment information""]
3 --> 6[""Ask for shipment confirmation""]
4 --> 7[""Distribute shipment information and request shipment confirmation""]
5 --> 7
6 --> 7
7 --> 8[""Send shipment confirmation""]
```"
306,"The description contains the following activities and decisions:
Activities:
0. Reach out to 1st Level Support
1. Provide feedback to account manager
2. Ask developer for assistance
3. Provide feedback to 1st Level Support
Decisions:
0. 1st Level Support able to handle issue?

The process specifies that activity 0 happens first, followed by decision 0. If decision 0 is yes, then activity 1 happens twice, followed by activity 3 and the process ends. If decision 0 is no, then activity 2 happens, followed by activity 1, then activity 3 and the process ends. Thus, the final activity diagram should look like the following:
```mermaid
graph LR
0[""StartNode""] --> 1[""Reach out to 1st Level Support""]
1 --> 2{""1st Level Support able to handle issue?""}
2 --> |""Yes""|3[""Provide feedback to account manager""]
2 --> |""No""|4[""Ask developer for assistance""]
3 --> 5[""Provide feedback to 1st Level Support""]
3 --> 6[""Provide feedback to account manager""]
4 --> 3
4 --> 6
```"
307,"The description contains the following activities:
0. Scheduling process initiated
1. Create Google Form
2. Create Excel schedule template
3. Employee logs into Google account
4. Access Google Form
5. Select all available times
6. List reasons for unavailability
7. Submit form
8. Configure Excel schedule
9. Enter schedule on portal
10. Print schedules for employees
11. Email schedule to individual Gmail accounts
12. Review collected results
13. Scheduling process complete

Activity 0, 1, 2 happen at the same time. Following that, activities 3, 4, 5, 6 happen in order. Then, activities 7 and 8 happen at the same time, followed by activity 9. Simultaneously with activities 5 and 8, activities 10 and 11 happen. After that, activity 12 happens. Finally, activity 13 happens and the process ends. Thus, the final activity diagram should look like the following:
```mermaid
graph LR
0[""StartNode""] --> 1[""Scheduling process initiated""]
1 --> 2[""Create Google Form""]
1 --> 3[""Create Excel schedule template""]
2 --> 4[""Employee logs into Google account""]
4 --> 5[""Access Google Form""]
5 --> 6[""Select all available times""]
6 --> 7[""List reasons for unavailability""]
7 --> 8[""Submit form""]
5 --> 9[""Configure Excel schedule""]
9 --> 10[""Enter schedule on portal""]
5 --> 11[""Print schedules for employees""]
5 --> 12[""Email schedule to individual Gmail accounts""]
8 --> 13[""Review collected results""]
13 --> 14[""Scheduling process complete""]
14 --> 15[""EndNode""]
```"
308,"The description describes the following activities and decisions:
Activities:
0. Create Purchase Requisition
1. Submit Purchase Order
2. Send Ordered Materials
3. Send Packing List and Shipment Details
4. Send Invoice
5. Verify Contents
6. Report Problems with Shipment
7. Send Payment
8. Send Ordered Materials Again
Decisions:
0. Shipment Accurate?

The process specifies that activities 0, 1, 2 happen in sequence, followed by activity 3, 4. Then activity 5 and decision 0 happen. If decision 0 is accurate, then activity 7 happens and the process ends. If decision 0 is not accurate, then activity 6 and 8 happens, then loop back to 2. Thus, the final activity diagram should look like the following:
```mermaid
graph LR
0[""StartNode""] --> 1[""Create Purchase Requisition""]
1 --> 2[""Submit Purchase Order""]
2 --> 3[""Send Ordered Materials""]
3 --> 4[""Send Packing List and Shipment Details""]
4 --> 5[""Send Invoice""]
5 --> 6[""Verify Contents""]
6 --> 7{""Shipment Accurate?""}
7 --> |""Yes""|8[""Send Payment""]
8 --> 9[""EndNode""]
7 --> |""No""|10[""Report Problems with Shipment""]
10 --> 11[""Send Ordered Materials Again""]
11 --> 3
```"
309,"The description describes the following activities without decisions:
0. Weekly, in time for discounts
1. Pay invoices
2. Generate a payment report
3. Send payment report to Accounts Receivable Department
4. Send payment report to the registry
5. Generate monthly invoices
6. Send out the invoices

Activity 0 and 1 happen first, followed by activity 2. Afterwards, activity 3, 4 and 5 happen at the same time. Finally, activity 6 happens. Thus, the final activity diagram should look like the following:
```mermaid
graph LR
0[""StartNode""] --> 1[""Weekly, in time for discounts""]
1 --> 2[""Pay invoices""]
2 --> 3[""Generate a payment report""]
3 --> 4[""Send payment report to Accounts Receivable Department""]
3 --> 5[""Send payment report to the registry""]
3 --> 6[""Generate monthly invoices""]
6 --> 7[""Send out the invoices""]
7 --> 8[""EndNode""]
```"
310,"The description contains the following activities and decisions:
Activities:
0. Place change request
1. Check delivery conflicts
2. Check cancellation
3. Dismiss change request
4. Cancel order
5. Check product on sale
6. Mark order as canceled
7. Approve change request
Decisions:
0. Delivery conflicts?
1. Cancellation?
2. Product on sale?

The process specifies that activity 0 happens first, followed by decision 0. If decision 0 is yes, then activity 3 happens and the process ends. If decision 0 is no, then decision 1 is made. If decision 1 is yes, then activity 4 happens, followed by activity 6 and the process ends. If decision 1 is no, then decision 2 is made. If decision 2 is yes, then activity 7 happens and the process ends. If decision 2 is no, then activity 3 happens and the process ends. Thus, the final activity diagram should look like the following:
```mermaid
graph LR
0[""StartNode""] --> 1[""Place change request""]
1 --> 2{""Delivery conflicts?""}
2 --> |""Yes""|3[""Dismiss change request""]
2 --> |""No""|4[""Check cancellation""]
3 --> 5[""EndNode""]
4 --> 6{""Cancellation?""}
4 --> |""Yes""|7[""Cancel order""]
4 --> |""No""|8[""Check product on sale""]
7 --> 9[""Mark order as canceled""]
9 --> 5
8 --> 10{""Product on sale?""}
8 --> |""Yes""|11[""Approve change request""]
8 --> |""No""|3
11 --> 5
```"
311,"The description contains the following activities and decisions:
Activities:
0. Experience computer problem
1. Describe problem
2. Receive estimated time and cost
3. Authorize repair
4. Take computer back
5. Inform repair authorization
6. Check if problem fixed
7. Make payment and pick up computer
Decisions:
0. Time and cost acceptable?
1. Problem fixed?

The process specifies that activities 0, 1, 2 happens in sequence. Then decision 0 is made. If decision 0 is no, then activity 4 happens and then the process ends. if decision 0 is yes, then activities 3, 5, 6 happens in sequence. Then decision 1 is made. If decision 1 is no, then the process ends. If decision 1 is yes, then activity 7 happens and the process ends. Thus, the final activity diagram should look like the following:
```mermaid
graph LR
0[""StartNode""] --> 1[""Experience computer problem""]
1 --> 2[""Describe problem""]
2 --> 3[""Receive estimated time and cost""]
3 --> 4{""Time and cost acceptable?""}
4 --> |""No""|5[""Take computer back""]
4 --> |""Yes""|6[""Authorize repair""]
5 --> 7[""EndNode""]
6 --> 8[""Inform repair authorization""]
8 --> 9[""Check if problem fixed""]
9 --> 10{""Problem fixed?""}
10 --> |""No""|7
10 --> |""Yes""|11[""Make payment and pick up computer""]
11 --> 7
```"
312,"The description describes the following activities without decisions:
0. Send order
1. Receive items
2. Receive invoice
3. Pay for items

Activities 0, 1, and 2 happen at the same time. Afterwards, activity 3 happens. Thus, the final activity diagram should look like the following:
```mermaid
graph LR
0[""StartNode""] --> 1[""Send order""]
0 --> 2[""Receive items""]
0 --> 3[""Receive invoice""]
2 --> 4[""Pay for items""]
4 --> 5[""EndNode""]
```
Note: The ""Receive invoice"" activity does not have a direct connection to the ""Pay for items"" activity, but it is implied that the invoice is received before paying for the items. If the intention is that the invoice must be received before paying, an additional decision node could be added to check if the invoice has been received before proceeding to pay."
313,"The description contains the following activities and decisions:
Activities:
0. Analyze
1. Check for consistency
2. Update
Decisions:
0. All goals satisfied?

The description specifies that activity 0 happens first, followed by decision 0. If decision 0 is no, then activity 2 happens, followed by activity 0 again. If decision 0 is yes, then the process ends. Thus, the final activity diagram should look like the following:
```mermaid
graph LR
0[""StartNode""] --> 1[""Analyze""]
1 --> 2[""Check for consistency""]
2 --> 3{""All goals satisfied?""}
3 --> |""No""|4[""Update""]
3 --> |""Yes""|5[""EndNode""]
4 --> 1
```"
314,"The description describes the following activities without decisions:
0. Delay for 48 hours
1. Monitor issue votes
2. Send email warning about vote deadline
3. Delay for 24 hours
4. Voting discussion moderated
5. Close voting

Activities 0 and 1 happen at the same time. Afterwards, activity 2 happens, followed by activity 3 and then activity 5. Activity 4 happens in parallel to activity 3, and both activities 4 and 5 lead to the end of the process. Thus, the final activity diagram should look like the following:
```mermaid
graph LR
0[""StartNode""] --> 1[""Delay for 48 hours""]
0 --> 2[""Monitor issue votes""]
1 --> 3[""Send email warning about vote deadline""]
3 --> 4[""Delay for 24 hours""]
3 --> 5[""Close voting""]
4 --> 6[""Voting discussion moderated""]
5 --> 7[""EndNode""]
6 --> 7
```"
315,"The description contains the following activities and decisions:
Activities:
0. Meet with customer and discuss web design
1. Second meeting with customer to create storyboard
2. Create storyboard
Decisions:
0. Meeting successful?

The process specifies that activity 0 happens first, followed by decision 0. If decision 0 is no, then the process ends. If decision 0 is yes, then activity 1 happens, followed by decision 0 again. If decision 0 is no, then the process ends. If decision 0 is yes, then activity 2 happens. Thus, the final activity diagram should look like the following:
```mermaid
graph LR
0[""StartNode""] --> 1[""Meet with customer and discuss web design""]
1 --> 2{""Meeting successful?""}
2 --> |""No""|3[""EndNode""]
2 --> |""Yes""|4[""Second meeting with customer to create storyboard""]
4 --> 2
2 --> |""Yes""|5[""Create storyboard""]
5 --> 6[""EndNode""]
```"
316,"The description contains the following activities and decisions:
Activities:
0. Send offer manually
1. Check address availability
2. Contact customer to obtain address
3. Present offer
4. Address customer questions/concerns
Decisions:
0. Address available?
1. Customer has questions/concerns?

The process specifies that activity 0 happens first, followed by decision 0. If decision 0 is no, then activity 2 happens, followed by activity 3. If decision 0 is yes, then activity 3 happens directly. After activity 3, decision 1 is made. If decision 1 is yes, then activity 4 happens. If decision 1 is no, then the process ends. Thus, the final activity diagram should look like the following:
```mermaid
graph LR
0[""StartNode""] --> 1[""Send offer manually""]
1 --> 2{""Address available?""}
2 --> |""No""|3[""Contact customer to obtain address""]
2 --> |""Yes""|4[""Present offer""]
3 --> 4
4 --> 5{""Customer has questions/concerns?""}
5 --> |""Yes""|6[""Address customer questions/concerns""]
5 --> |""No""|7[""EndNode""]
6 --> 7
```"
317,"The description contains the following activities and decisions:
Activities:
0. Register participation in seminar
1. Register post-seminar results
2. Create purchase request
3. Check purchase request approval
4. Notify rejection
5. Send appraisal notification
Decisions:
0. Seminar fees required?
1. Purchase request approved?

The process specifies that activity 0 happens first, followed by decision 0. If decision 0 is no, then activity 1 happens directly. If decision 0 is yes, then activity 2 happens, followed by decision 1. If decision 1 is no, then activity 4 happens. If decision 1 is yes, then activity 5 happens, followed by activity 1. Thus, the final activity diagram should look like the following:
```mermaid
graph LR
0[""StartNode""] --> 1[""Register participation in seminar""]
1 --> 2{""Seminar fees required?""}
2 --> |""No""|3[""Register post-seminar results""]
2 --> |""Yes""|4[""Create purchase request""]
4 --> 5[""Check purchase request approval""]
5 --> 6{""Purchase request approved?""}
6 --> |""No""|7[""Notify rejection""]
6 --> |""Yes""|8[""Send appraisal notification""]
8 --> 3
3 --> 9[""EndNode""]
```"
318,"The description contains the following activities and decisions:
Activities:
0. Prepare shipment order
1. Send shipment order
2. Carrier response
3. Ordered shipment realized
4. Link A - Acquisition of carriers
Decisions:
0. Response positive?

The process specifies that activities 0, 1 happens first, followed by decision 0. If decision 0 is yes, then activity 3 happens and the process ends. If decision 0 is no, then activity 4 happens, followed by activities 1, 2, and decision 0 again. If decision 0 is yes, then activity 3 happens and the process ends. If decision 0 is no, then activity 4 happens and the process ends. Thus, the final activity diagram should look like the following:
```mermaid
graph LR
0[""StartNode""] --> 1[""Prepare shipment order""]
1 --> 2[""Send shipment order""]
2 --> 3{""Response positive?""}
3 --> |""Yes""|4[""Ordered shipment realized""]
3 --> |""No""|5[""Link A - Acquisition of carriers""]
5 --> 2
4 --> 6[""EndNode""]
```"
319,"The description describes the following activities without decisions:
0. Check Customer Credit History
1. Search Property Title
2. Property Survey
3. Generate Survey Document

Activities 0, 1, 2 happen simultaneously. Activity 2 generates the data object ""Survey Document"" which leads to the final state. Thus, the final activity diagram should look like the following:
```mermaid
graph LR
0[""StartNode""] --> 1[""Check Customer Credit History""]
0 --> 2[""Search Property Title""]
0 --> 3[""Property Survey""]
1 --> 4[""Generate Survey Document""]
2 --> 4
3 --> 4
4 --> 5[""EndNode""]
```"
320,"The description describes the following activities without decisions:
0. Create M1
1. Handle all the information
2. Process End

Activity 0 happens first, followed by activity 1. Afterwards, activity 2 happens, which marks the end of the process. Thus, the final activity diagram should look like the following:
```mermaid
graph LR
0[""StartNode""] --> 1[""Create M1""]
1 --> 2[""Handle all the information""]
2 --> 3[""Process End""]
```"
321,"The description describes the following activities without decisions:
0. Undressing
1. Put on underwear
2. Put on trousers
3. Put on shirt
4. Fully dressed

Activity 0 happens first, followed by activity 1, 2, and 3 happen at the same time. Afterwards, activity 4 happens. Thus, the final activity diagram should look like the following:
```mermaid
graph LR
0[""StartNode""] --> 1[""Undressing""]
1 --> 2[""Put on underwear""]
1 --> 3[""Put on trousers""]
1 --> 4[""Put on shirt""]
2 --> 5[""Fully dressed""]
3 --> 5
4 --> 5
```"
322,"The description describes the following activities without decisions:
0. Follow the recipe
1. Put eggs into bowl A
2. Put flour into bowl B
3. Add sugar to bowl A
4. Add baking powder to bowl B
5. Put butter into bowl A
6. Mix ingredients in bowl A
7. Bake the cake
8. Cake is fully baked

Activity 0, 1, and 2 happen at the same time. Then, activity 3 and 4 happen, followed by activity 5. After that, activity 6 and 7 happen in sequence. Finally, activity 8 marks the end of the process. Thus, the final activity diagram should look like the following:
```mermaid
graph LR
0[""StartNode""] --> 1[""Follow the recipe""]
0 --> 2[""Put eggs into bowl A""]
0 --> 3[""Put flour into bowl B""]
2 --> 4[""Add sugar to bowl A""]
3 --> 5[""Add baking powder to bowl B""]
4 --> 6[""Put butter into bowl A""]
5 --> 6
6 --> 7[""Mix ingredients in bowl A""]
7 --> 8[""Bake the cake""]
8 --> 9[""Cake is fully baked""]
9 --> 10[""EndNode""]
```"
323,"The description describes the following activities without decisions:
0. Check Customer Credit History
1. Search Property Title
2. Property Survey

Activities 0 and 1 happen at the same time at the beginning. There is no explicit order between activities 0, 1 and 2. However, as activity 2 is mentioned as the last activity in the description, it can be assumed that it happens after activities 0 and 1. Thus, the final activity diagram should look like the following:
```mermaid
graph LR
0[""StartNode""] --> 1[""Check Customer Credit History""]
0 --> 2[""Search Property Title""]
1 --> 3[""Property Survey""]
2 --> 3
3 --> 4[""EndNode""]
```"
324,"This description describes the following activities and decisions without decisions that halt the process:
0. Left outer join between lips and it_likp
1. Sort it_lipsm and remove duplicates
2. Left outer join between vbfa and it_likpsm
3. Remove lines from it_vbfa_completo where plmin != +
4. Copy vbeln values from it_vbfa_completo to it_unolips
5. Left outer join between lips and it_unolips
6. Copy lifex values from it_likp to it_lifex and sort
7. Write lifex values from it_lifex to it_vbfa_completo-secuencia
8. Execute busca_pedido_vbap
9. Execute busca_factura_vbap
10. Check ""c_si in r_valida""
	* If true: check ""pvstel in r_exclog""
		+ If true: remove rows that are not errors from it_nofacturado
		+ If false: left outer join between vbap and it_vbfa_completo
	* If false: left outer join between vbap and it_vbfa_completo
11. Check ""pvstel in r_exclog"" is actually after 10. (already in true case)
12. Transfer maktl values from imaktl to it_vbfa_completo
13. Remove rows that are not errors from it_nofacturado
14. Enhance remaining rows with data
15. Transfer vbeln values from it_vbfa_completo to itransp
16. Check if it_nofacturado is empty
	* If false: set and print error
	* If true: check ""error?""
17. Check ""error?""
	* If true: halt process
	* If false: left outer join between vbap and it_vbfa_completo
18. Get sorted and duplicate-free itnum by left outer join between vbfa and itransp
19. Left outer join between vttk and itnum
20. Right outer join between ivttk_t and itnum to obtain itnum
21. Transfer tknum values from itnum-vbeln to it_vbfa_completo
22. Remove rows without tknum from it_vbfa_completo
23. Remove rows where tknum is in so_tknum from it_vbfa_completo

```mermaid
graph LR
0[""StartNode""] --> 1[""Left outer join between lips and it_likp""]
1 --> 2[""Sort it_lipsm and remove duplicates""]
2 --> 3[""Left outer join between vbfa and it_likpsm""]
3 --> 4[""Remove lines from it_vbfa_completo where plmin != +""]
4 --> 5[""Copy vbeln values from it_vbfa_completo to it_unolips""]
5 --> 6[""Left outer join between lips and it_unolips""]
6 --> 7[""Copy lifex values from it_likp to it_lifex and sort""]
7 --> 8[""Write lifex values from it_lifex to it_vbfa_completo-secuencia""]
8 --> 9[""Execute busca_pedido_vbap""]
9 --> 10[""Execute busca_factura_vbap""]
10 --> 11{""c_si in r_valida""}
11 --> |""True""|12[""Check if pvstel in r_exclog""]
11 --> |""False""|13[""Left outer join between vbap and it_vbfa_completo""]
12 --> |""True""|14[""Remove rows that are not errors from it_nofacturado""]
12 --> |""False""|13
13 --> 15[""Transfer maktl values from imaktl to it_vbfa_completo""]
15 --> 16[""Remove rows that are not errors from it_nofacturado""]
16 --> 17[""Enhance remaining rows with data""]
17 --> 18[""Transfer vbeln values from it_vbfa_completo to itransp""]
18 --> 19{""it_nofacturado empty?""}
19 --> |""True""|20[""Check if error?""]
19 --> |""False""|21[""Set and print error""]
20 --> |""True""|22[""Halt process""]
20 --> |""False""|23[""Left outer join between vbap and it_vbfa_completo""]
23 --> 24[""Get sorted and duplicate-free itnum by left outer join between vbfa and itransp""]
24 --> 25[""Left outer join between vttk and itnum""]
25 --> 26[""Right outer join between ivttk_t and itnum to obtain itnum""]
26 --> 27[""Transfer tknum values from itnum-vbeln to it_vbfa_completo""]
27 --> 28[""Remove rows without tknum from it_vbfa_completo""]
28 --> 29[""Remove rows where tknum is in so_tknum from it_vbfa_completo""]
29 --> 30[""EndNode""]
```"
325,"The description does not contain any decisions but contains the following activities:
0. Allocate bank package
1. Verify data
2. Hour begins
3. Verify BR
4. Enter bank data comparative analysis
5. Simulate data
6. Consolidation and Verification
7. Reconcile banking system
8. Generate ratios and KPIs
9. Verify ratios and KPIs
10. Generate statistical reports
11. Post data to EIS
12. Post data to Data warehouse

The process starts with activities 0, 1, and 2, which happen in sequence. The next step 3 and also the instructions to escalate if time is exceeded during the activity ""Verify data"" should be noted as the time limit instructions goes along with multiple of these steps. The activities will all happen sequentially with the instructions but note, some, after every minute contain an hour specifications, (""takes 1 hour""). The final Activity Diagram is as follows:
```mermaid
graph LR
0[""Allocate bank package""] --> 1[""Verify data"" ]
1 --> 2[""Hour begins"" ]
2 --> 3[""Verify BR""]
3 --> 4[""Enter bank data comparative analysis""]
4 --> 5[""Simulate data"" ]
5 --> 6[""Consolidation and Verification""]
6 --> 7[""Reconcile banking system"" ]
7 --> 8[""Generate ratios and KPIs"" ]
8 --> 9[""Verify ratios and KPIs"" ]
9 --> 10[""Generate statistical reports"" ]
9 --> 11[""Post data to EIS""]
9 --> 12[""Post data to Data warehouse""]
10 --> 13[""EndNode""]
11 --> 13
12 --> 13
```"
