,0
0,"
graph LR
0[""StartNode""] --> 1[""Interview Patients""]
0 --> 2[""File results and expertise""]
1 --> 3[""Create Report""]
2 --> 3
3 --> 4{""Is answer 'Yes' or 'No'""}
4 --> |""No""|5[""Ask for external expertise""]
4 --> |""Yes""|6{""Does expert respond in time?""}
5 --> 6
6 --> |""Yes""|7[""Forward report to referee""]
6 --> |""No""|5
7 --> 8[""Fill out check to pay for expenses""]
7 --> 9[""EndNode""]
"
1,"
graph LR
0[""StartNode""] --> 1[""Register participation""]
1 --> 2{""Fees required?""}
2 --> |""No""|3[""Register post-seminar results""]
2 --> |""Yes""|4[""Create purchase request""]
4 --> 5{""Purchase approved?""}
5 --> |""No""|6[""Notify rejection""]
5 --> |""Yes""|7[""Send approval notification""]
6 --> 8[""EndNode""]
7 --> 3
3 --> 8
"
2,"
graph LR
0[""StartNode""] --> 1[""Accept item""]
1 --> 2[""Dairy""]
1 --> 3[""Other""]
1 --> 4[""Vegetable""]
2 --> 5[""Fruits""]
3 --> 5
4 --> 5
5 --> 6[""Fruit Categorization""]
5 --> 7[""Vegetable Categorization""]
6 --> 8[""Milk""]
7 --> 8
8 --> 9[""Cheese""]
9 --> 8
8 --> 10[""Fruits""]
10 --> 11[""Temperature Weight and Date Center""]
7 --> 12[""Non-perishable""]
9 --> 12
10 --> 12
12 --> 13[""Perishable""]
13 --> 11
11 --> 14[""Store items""]
14 --> 15[""EndNode""]
"
3,"
graph LR
0[""StartNode""] --> 1[""Detect Incident""]
1 --> 2{""Financial Impact?""}
2 --> |""NO""|3[""End Process""]
2 --> |""YES""|4[""Open EMS""]
4 --> 5[""Contact Application Team""]
4 --> 6[""Contact SA Team""]
4 --> 7[""Contact DBA Team""]
4 --> 8[""Open Conference Line""]
5 --> 9[""Troubleshoot Issue""]
6 --> 9
7 --> 9
8 --> 9
9 --> 10{""Resolution Known?""}
10 --> |""YES""|11[""Fix Issue""]
10 --> |""NO""|12[""Check with Vendor""]
12 --> 13{""Vendor has Fix?""}
13 --> |""NO""|14[""Failover to COB""]
13 --> |""YES""|11
11 --> 15[""Resolve and Close EMS""]
15 --> 16[""End Process""]
"
4,"
graph LR
0[""StartNode""] --> 1[""Open event creation page""]
1 --> 2[""Populate name form""]
2 --> 3[""Populate time forms""]
3 --> 4[""Populate location forms""]
4 --> 5[""Populate additional information""]
5 --> 6[""Configure privacy settings""]
6 --> 7[""Confirm event creation""]
7 --> 8{""Is name form populated?""}
8 --> |""No""|2
8 --> |""Yes""|9{""Does end time occur after start time?""}
9 --> |""No""|10[""Display incorrect time notification""]
9 --> |""Yes""|11[""Save event information""]
10 --> 3
11 --> 12[""Pay attention to event information saved on Facebook""]
12 --> 13[""EndNode""]
"
5,"
graph LR
0[""Weekly, in time for discounts""] --> 1[""Pay invoices""]
1 --> 2[""Generate a payment report""]
2 --> 3[""Send to the Accounts Receivable Department""]
2 --> 4[""Send the payment report to the registry""]
2 --> 5[""Generate monthly invoices""]
5 --> 6[""Send out the invoices""]
"
6,"
graph LR
0[""StartNode""] --> 1[""Submit Purchase Order""]
1 --> 2[""Select warehouse""]
2 --> 3[""Reserve inventory""]
3 --> 4{""Purpose of order""}
4 --> |""Replenish inventory""|5[""Replenish inventory""]
4 --> |""Confirm order for delivery""|6[""Confirm order for delivery""]
5 --> 6
6 --> 7[""EndNode""]
"
7,"
graph LR
0[""StartNode""] --> 1{""RFQ verified?""}
1 --> |""No""|2[""Ask for more information""]
1 --> |""Yes""|3[""Analyze RFQ and provide L&M cost estimates""]
2 --> 1
3 --> 1
1 --> |""No""|2
1 --> |""Yes""|3
3 --> 4[""Provide clarification""]
4 --> 1
1 --> |""No""|2
1 --> |""Yes""|5[""Add overhead costs""]
5 --> 6[""Generate pricing options""]
6 --> 7[""Generate sales quote""]
7 --> 8[""EndNode""]
"
8,"
graph LR
0[""StartNode""] --> 1[""Receive negotiated conditions""]
1 --> 2[""Check for completeness""]
2 --> 3{""Data complete?""}
3 --> |""No""|4[""Send failure notice""]
4 --> 5[""EndNode""]
3 --> |""Yes""|6[""Perform risk assessment""]
6 --> 2
2 --> 3
3 --> |""Yes""|7[""Check reinsurance option""]
7 --> 8[""Finish contract""]
8 --> 5
"
9,"
graph LR
0[""Hungry feeling""] --> 1[""Decide to cook""]
1 --> 2[""Choose recipes""]
2 --> 3[""Prepare ingredients""]
3 --> 4[""Prepare water for pasta""]
3 --> 5[""Prepare salad for washing""]
4 --> 6[""Put pasta into water""]
5 --> 7[""Wash salad""]
6 --> 8[""Prepare ingredients for sauce""]
7 --> 9[""Prepare ingredients for dressing""]
8 --> 10[""Make sauce""]
9 --> 11[""Make dressing""]
10 --> 12[""Bring dishes to table""]
11 --> 12
12 --> 13[""Prepare dishes""]
13 --> 14[""Bring meal to table""]
14 --> 15[""Finish lunch""]
"
10,"
graph LR
0[""StartNode""] --> 1[""Customer encounters problem""]
1 --> 2[""Obtain detailed description of problem""]
2 --> 3{""Can handle problem myself?""}
3 --> |""Yes""|4[""Explain solution""]
3 --> |""No""|5[""Send email to support system""]
5 --> 3
5 --> 6[""Wait for answer""]
6 --> 4
4 --> 7[""EndNode""]
"
11,"
graph LR
0[""StartNode""] --> 1[""Complete purchase order""]
1 --> 2[""Send invoice""]
1 --> 3[""Send goods""]
2 --> 4[""EndNode""]
3 --> 4
"
12,"
graph LR
0[""StartNode""] --> 1[""Preparation of shipment order""]
1 --> 2[""Sending shipment order""]
2 --> 3{""Carrier response""}
3 --> |""no""|4[""EndNode(Link A)""]
3 --> |""yes""|5[""Acceptance of shipment order""]
5 --> 6{""Response after acceptance""}
6 --> |""no""|4
6 --> |""yes""|7[""Ordered shipment realized""]
7 --> 8[""EndNode""]
"
13,"
graph LR
0[""Order received""] --> 1[""Create invoice""]
0 --> 2[""Prepare shipping""]
1 --> 3[""Send invoice""]
2 --> 4[""Ship item""]
3 --> 5[""Confirm payment""]
5 --> 6[""EndNode""]
"
14,"
graph LR
0[""StartNode""] --> 1{""Can fulfill order?""}
1 --> |""Yes""|2[""Confirm order""]
1 --> |""No""|3[""Reject order""]
2 --> 4[""Deliver order""]
3 --> 5[""Notify order rejected""]
4 --> 6[""Notify order delivered""]
3 --> 1
"
15,"
graph LR
0[""StartNode""] --> 1[""Verify RFQ""]
1 --> 2{""Verification successful?""}
2 --> |""No""|3[""Ask for more information""]
2 --> |""Yes""|4[""Analyze RFQ and provide L&M cost estimates""]
3 --> 1
4 --> 1
1 --> 2
2 --> |""No""|3
2 --> |""Yes""|4
3 --> 1
1 --> 2
2 --> |""Yes""|4
4 --> 5[""Add overhead cost and generate pricing options""]
5 --> 6[""Provide verification""]
6 --> 7[""Add overhead cost and generate pricing options""]
7 --> 8[""Generate sales quote""]
8 --> 9[""EndNode""]
"
16,"
graph LR
0[""StartNode""] --> 1[""Check Customer's Credit History""]
0 --> 2[""Conduct a Property Survey""]
0 --> 3[""Search the Property Title""]
1 --> 4[""EndNode""]
2 --> 4
3 --> 4
"
17,"
graph LR
0[""StartNode""] --> 1[""Change status""]
1 --> 2{""Is product on sale?""}
2 --> |""Yes""|3[""Product marked as on sale""]
2 --> |""No""|4[""Product marked as not on sale""]
3 --> 5[""EndNode""]
4 --> 5
2 --> 2
"
18,"
graph LR
0[""StartNode""] --> 1[""Identify invoice errors""]
0 --> 2[""Highlight errors on entry form""]
0 --> 3[""Update record of mistakes""]
1 --> 4[""Send invoice back""]
2 --> 4
3 --> 4
4 --> 5[""Conclude process""]
"
19,"
graph LR
0[""StartNode""] --> 1[""Run invoice payment process for SSP""]
0 --> 2[""Be aware of SAP system""]
1 --> 3[""Send payment report to Accounts Receivable""]
1 --> 4[""Run the invoice payment process""]
1 --> 5[""Generate the invoice payment report""]
3 --> 6[""Generate monthly invoices for clients""]
4 --> 7[""Send the payment report to Client""]
4 --> 8[""Send the payment report to Registry""]
6 --> 9[""EndNode""]
7 --> 9
8 --> 9
6 --> 10[""Charge the clients""]
10 --> 9
"
20,"
graph LR
0[""StartNode""] --> 1[""Check completeness""]
1 --> 2[""Verify credit history""]
2 --> 3[""Examine loan request""]
3 --> 4{""Check Result?""}
4 --> |""Rejection""|5[""Customer request rejected""]
4 --> |""Acceptance""|6[""Customer request approved""]
5 --> 7[""EndNode""]
6 --> 7
"
21,"
graph LR
0[""StartNode""] --> 1[""Extract work orders""]
0 --> 2[""Extract notifications""]
0 --> 3[""Extract inspection orders""]
1 --> 4[""Load work orders""]
3 --> 5[""Load inspection orders""]
2 --> 6[""Load notifications""]
4 --> 7[""Pull together work order report""]
5 --> 8[""Pull together inspection order report""]
6 --> 9[""Pull together notification report""]
7 --> 10[""Link reports from PPT""]
8 --> 10
9 --> 10
10 --> 11[""Create and send email""]
11 --> 12[""WHISKY""]
"
22,"
graph LR
0[""StartNode""] --> 1[""Plan the menu""]
0 --> 2[""Prepare the chicken""]
0 --> 3[""Make the salad""]
2 --> 4[""Refine the chicken""]
3 --> 5[""Prepare the salad""]
4 --> 6[""Serve the menu""]
5 --> 6
6 --> 7[""EndNode""]
"
23,"
graph LR
0[""StartNode""] --> 1[""Write letter""]
1 --> 2[""Obtain letter""]
2 --> 3{""Is member?""}
3 --> |""Yes""|4[""Obtain second letter""]
3 --> |""No""|5[""EndNode""]
4 --> 3
3 --> |""Yes""|6[""Pay fee""]
6 --> 7[""Receive card""]
7 --> 8[""EndNode""]
"
24,"
graph LR
0[""Feel hungry""] --> 1[""Having a dinner""]
1 --> 2[""Having a salad""]
1 --> 3[""Enjoying some ice-cream""]
1 --> 4[""Savoring a plate of pasta""]
2 --> 5[""Feels satisfied""]
3 --> 5
4 --> 5
"
25,"
graph LR
0[""Start SSP process""] --> 1[""Empty SAP Master Record Outbox""]
0 --> 2[""Deliver requests to Master Data Entry Department""]
0 --> 3[""Empty Master Data Entry Outbox""]
2 --> 4[""Receive Vendor Master Record Requests Form""]
4 --> 5[""Process Vendor Master Record Requests""]
5 --> 6[""Place completed requests in Data Entry Officer Inbox""]
6 --> 7[""EndNode""]
"
26,"
graph LR
0[""StartNode""] --> 1[""Register Event Participation""]
0 --> 2[""Register Process Seminar Results""]
0 --> 3[""Create Purchase Request""]
3 --> 4{""Purchase Request Approved?""}
4 --> |""Rejected""|5[""Notify Rejection""]
4 --> |""Approved""|6[""Send Approved Notification""]
5 --> 4
6 --> 4
4 --> |""Rejected""|7[""EndNode""]
5 --> 7
4 --> |""Approved""|2
2 --> 8[""EndNode""]
4 --> 2
"
27,"
graph LR
0[""StartNode""] --> 1[""Place an order""]
1 --> 2[""Verify the customer""]
2 --> 3{""Customer okay?""}
3 --> |""Yes""|4[""Check the availability""]
3 --> |""No""|5[""Create a new customer""]
5 --> 6[""EndNode""]
4 --> 7{""Product available?""}
7 --> |""Yes""|8[""Ship the goods""]
7 --> |""No""|9[""Produce the goods""]
8 --> 6
9 --> 6
"
28,"
graph LR
0[""StartNode""] --> 1[""Move to square (2,5)""]
1 --> 2{""Response from all players received?""}
2 --> |""No""|3[""Wait for a message""]
3 --> 2
2 --> |""Yes""|4[""EndNode""]
"
29,"
graph LR
0[""Start Node""] --> 1[""Obtain credit score""]
1 --> 2[""Check credit score""]
0 --> 3[""Check income to payment ratio""]
0 --> 4[""Assess credit risk""]
2 --> 5[""Process Ends""]
3 --> 5
4 --> 5
"
30,"
graph LR
0[""StartNode""] --> 1[""Receive payment from previous week""]
1 --> 2[""Check payment for previous week""]
2 --> 3{""Payment received for previous week?""}
3 --> |""Yes""|4[""Update members and accounts receivable file and process the order""]
3 --> |""No""|5[""Document bad credit against accounts receivable and member's file""]
4 --> 6[""Check payment for previous week""]
6 --> 7{""Payment received for previous week?""}
7 --> |""Yes""|8[""Update members and accounts receivable file and process the order""]
7 --> |""No""|5
8 --> 9[""Document the bad credit against the accounts receivable and member's file""] 
9 --> 10[""Inform members about bad credit status and suspend future order processing""]
10 --> 11[""Update the members and accounts receivable file and process the order""] 
10 --> 12[""Inform the members about bad credit status and suspend future order processing""]
12 --> 13[""Complete credit check""]
13 --> 14[""EndNode""]
"
31,"
graph LR
0[""StartNode""] --> 1{""RFQ verified?""}
1 --> |""No""|2[""Ask for more information""]
1 --> |""Yes""|3[""Analyze RFQ""]
3 --> 4[""Provide L&M cost estimates""]
4 --> 5{""RFQ verified?""}
5 --> |""No""|2
5 --> |""Yes""|6[""Provide verification""]
6 --> 7[""Add overhead costs""]
7 --> 8[""Generate pricing options""]
8 --> 9[""Verify RFQ again""]
9 --> 10[""Generate sales quote""]
10 --> 11[""EndNode""]
2 --> 1
"
32,"
graph LR
0[""StartNode""] --> 1[""Computer brought to ACM""]
1 --> 2[""Problem described""]
2 --> 3[""Estimate received""]
3 --> 4[""Evaluate estimate""]
4 --> 5{""Evaluate estimate""}
5 --> |""Acceptable""|6[""Repair authorized""]
5 --> |""Unacceptable""|7[""Computer taken back""]
6 --> 8[""Repair notice received""]
8 --> 9[""Problem fixed""]
9 --> 10[""Invoice and P/S document received""]
10 --> 11[""Payment sent""]
11 --> 12[""EndNode""]
7 --> 12
"
33,"
graph LR
0[""StartNode""] --> 1[""Analyze and check consistency""]
1 --> 2[""Analyze Goal Model""]
2 --> 3[""Analyze Business Process Models""]
3 --> 4{""Goals satisfied and activities correspond to goals?""}
4 --> |""No""|5[""Update""]
4 --> |""Yes""|6[""EndNode""]
5 --> 7[""Repeat check""]
7 --> 4
"
34,"
graph LR
0[""StartNode""] --> 1[""Identify Vacancy""]
1 --> 2[""Manage Position Profile""]
2 --> 3[""Review Terms & Conditions""]
2 --> 4[""Assemble Selection Panel""]
3 --> 5[""EndNode""]
4 --> 5
"
35,"
graph LR
0[""StartNode""] --> 1[""Verify form structure""]
1 --> 2{""Form correct?""}
2 --> |""No""|3[""Form error""]
2 --> |""Yes""|4[""Verify proposal""]
4 --> 5{""Everything okay?""}
5 --> |""Yes""|6[""Process successful""]
5 --> |""No""|7[""Process failure""]
3 --> 8[""EndNode""]
6 --> 8
7 --> 8
"
36,"
graph LR
0[""StartNode""] --> 1[""Receive negotiated conditions""]
1 --> 2[""Check for completeness""]
2 --> 3{""Data complete?""}
3 --> |""No""| 4[""Send failure notice""]
3 --> |""Yes""| 5[""Categorize customer""]
5 --> 6[""Check for completeness""]
6 --> 7{""Data complete?""}
7 --> |""No""| 8[""Send failure notice""]
7 --> |""Yes""| 9[""Check insurance benefits""]
9 --> 10[""Finish contract""]
10 --> 11[""EndNode""]
4 --> 11
8 --> 11
"
37,"
graph LR
0[""StartNode""] --> 1[""Receive signed offer""]
1 --> 2[""Register acceptance of contract""]
1 --> 3[""Scan offer's billing information""]
1 --> 4[""Scan offer's pincode""]
1 --> 5[""Register competitor's information (if available)""]
2 --> 6[""Process offer""]
3 --> 6
4 --> 6
5 --> 6
6 --> 7[""EndNode""]
"
38,"
flowchart LR
0[""Finish by the end of the week""] --> 1[""Generate and send payment report""]
0 --> 3[""Handle Individual Client's payment report""]
0 --> 2[""SSP's Accounts Receivable Department's payment report""]
0 --> 4[""Registry's payment report""]
1 --> 5[""Process End""]
3 --> 5
2 --> 5
4 --> 5
"
39,"
graph LR
0[""StartNode""] --> 1[""Execution begins""]
1 --> 2{""Is it the first execution?""}
2 --> |""Yes""|3[""Allocate actors arbitrarily""]
2 --> |""No""|4[""Allocate actors based on best known placement""]
3 --> 5[""Check if application is still executing""]
4 --> 5
5 --> 6{""Is application still executing?""}
6 --> |""Yes""|7[""Application profiling""]
6 --> |""No""|8[""Execution ends""]
7 --> 9[""Estimate expected performance""]
9 --> 10{""Is there another placement with higher expected performance?""}
10 --> |""Yes""|11[""Deploy new placement""]
10 --> |""No""|5
11 --> 5
8 --> 12[""EndNode""]
"
40,"
graph LR
0[""StartNode""] --> 1[""Check number of panellists""]
1 --> 2[""Photocopy applications""]
2 --> 3[""Focus on every complete application""]
2 --> 4[""Send original copy to archives""]
2 --> 5[""Forward others to recruitment manager""]
4 --> 6[""Pay attention to every compliant application""]
5 --> 6
6 --> 7[""EndNode""]
"
41,"
graph LR
0[""StartNode""] --> 1[""Informational meeting""]
1 --> 2{""Meeting successful?""}
2 --> |""No""|3[""EndNode""] 
2 --> |""Yes""| 4[""Storyboard meeting""]
4 --> 5{""Content prepared?""}
5 --> |""Yes""| 6[""Develop site""]
5 --> |""No""| 7[""Complete initial draft""]
6 --> 8[""Complete initial draft""]
6 --> 9[""Check marketing view""]
9 --> 10{""Site has marketing view?""}
10 --> |""Yes""| 11[""Marketing review""]
10 --> |""No""| 12[""Complete final version""]
11 --> 13[""Design process""]
13 --> 14{""Marketing review approved?""}
14 --> |""No""| 15[""EndNode""]
14 --> |""Yes""| 16[""Build and review activity""]
"
42,"
graph LR
0[""StartNode""] --> 1[""Receive RFQ""]
1 --> 2[""Verify RFQ""]
2 --> 3[""Produce Verify RFQ""]
2 --> 4[""Produce Verified RFQ""]
4 --> 5{""RFQ meets guidelines?""}
5 --> |""Yes""|6[""Produce L&M Cost Estimates""]
5 --> |""No""|7[""Communicate with customer""]
7 --> 5
5 --> |""Yes""|6
6 --> 8[""EndNode""]
"
43,"
graph LR
0[""StartNode""] --> 1[""Plan and Manage Iteration""]
0 --> 2[""Initiate Project""]
1 --> 3[""Identify and Refine Requirements""]
2 --> 3
3 --> 4[""Agree on technical approach""]
4 --> 5[""EndNode""]
"
44,"
graph LR
0[""StartNode""] --> 1[""Prepare TS""]
1 --> 2[""Create development plan""]
2 --> 3[""Development and unit testing""]
3 --> 4[""Assembly""]
4 --> 5[""Assembly test""]
5 --> 6{""Solution accepted for testing?""}
6 --> |""Yes""|7[""EndNode""]
6 --> |""No""|3
"
45,"
graph LR
0[""StartNode""] --> 1[""Customer has a problem""]
1 --> 2[""Provide problem description""]
2 --> 3{""Can handle problem themselves?""}
3 --> |""Yes""|4[""Explain solution""]
3 --> |""No""|5[""Ask for 1st level support""]
4 --> 6{""Is issue resolved?""}
6 --> |""Yes""|7[""Provide feedback for account manager""]
6 --> |""No""|8[""Ask developer""]
5 --> 8
8 --> 9[""Provide feedback for 1st level support""]
9 --> 10[""Provide feedback for account manager""]
"
46,"
graph LR
0[""StartNode""] --> 1[""DB Tier deployed""]
1 --> 2[""Web Tier deployed""]
2 --> 3[""VM (mySQL) deployed""]
3 --> 4[""DB Tier deployed again""]
4 --> 5[""VM (Apache) deployed""]
5 --> 6[""VM (mySQL) deployed again""]
6 --> 7[""OS (mySQL) deployed""]
7 --> 8[""VM (Apache) deployed again""]
8 --> 9[""OS (Apache) deployed""]
9 --> 10[""Web Tier deployed again""]
10 --> 11[""OS (mySQL) deployed again""]
10 --> 12[""mySQL deployed""]
11 --> 12
12 --> 13[""OS (Apache) deployed again""]
13 --> 14[""Apache Web Server deployed""]
14 --> 15[""mySQL deployed again""]
15 --> 16[""SugarCRM Database created""]
14 --> 17[""PHP Modules deployed""]
17 --> 18[""SugarCRM App deployed""]
17 --> 19[""PHP Modules deployed again""]
19 --> 20[""App connected to DB""]
20 --> 21[""EndNode""]
"
47,"
graph LR
0[""StartNode""] --> 1[""Create Order""]
1 --> 2[""Specify Quantity""]
2 --> 3[""Send to Storage Manager""]
3 --> 4{""Product Available?""}
4 --> |""Yes""|5[""Prepare for Shipping""]
4 --> |""No""|6[""Forward to External Vendor""]
5 --> 7[""Add Delivery Confirmation""]
6 --> 4
5 --> 8[""Send to Requesting Employee""]
6 --> 9[""Ship Reordered Product""]
9 --> 8
8 --> 10[""Send Delivery Confirmation to Storage Manager""]
10 --> 11[""Add Delivery Confirmation to Product""]
11 --> 12[""Send Invoice to Accountant""]
12 --> 13[""EndNode""]
"
48,"
graph LR
0[""StartNode""] --> 1{""Is Project Economically Beneficial?""}
1 --> |""No""|2{""Are there Additional Goals?""}
1 --> |""Yes""|3{""Is there User Acceptance?""}
2 --> |""No""|4[""Project Rejected""]
2 --> |""Yes""|3
3 --> |""Yes""|5[""Project Implemented""]
3 --> |""No""|4
4 --> 6[""EndNode""]
5 --> 6
"
49,"
graph LR
0[""StartNode""] --> 1[""Notify successful payment""]
0 --> 2[""Notify successful payment""]
0 --> 3[""Notify successful payment""]
1 --> 4[""EndNode""]
2 --> 4
3 --> 4
"
50,"
graph LR
0[""StartNode""] --> 1[""Move cargo to warehouse""]
0 --> 2[""Conduct physical examination of cargo""]
0 --> 3[""Check documents""]
1 --> 4[""Register custom declaration""]
2 --> 4
3 --> 4
4 --> 5[""Provide support documents""]
4 --> 6[""Release goods""]
4 --> 7[""Send release notice""]
6 --> 8[""EndNode""]
7 --> 8
"
51,"
graph LR
0[""StartNode""] --> 1[""Initiate project""]
1 --> 2[""Conduct information search""]
2 --> 3[""Iteratively Develop Annotated Bibliography""]
3 --> 4[""Iteratively Develop Literature Review""]
4 --> 5[""Iteratively Develop Project Proposal""]
4 --> 6[""Iteratively Develop Project Presentation""]
5 --> 7[""Deliver Presentation""]
6 --> 7
"
52,"
graph LR
0[""StartNode""] --> 1[""Receive issue""]
1 --> 2[""Open ticket""]
2 --> 3[""Edit 1st level ticket""]
3 --> 4{""Result?""}
4 --> |""2nd level issue""|5[""Edit 2nd level ticket""]
4 --> |""resolved""|6[""Send email to account manager""]
5 --> 4
6 --> 7[""Send email to account manager""]
7 --> 8[""Close ticket""]
8 --> 9{""Result?""}
9 --> |""next release""|10[""Insert issue into product backlog""]
9 --> |""resolved""|11[""Send email to account manager""]
10 --> 11
11 --> 12[""Close ticket""]
12 --> 13[""EndNode""]
"
53,"
graph LR
0[""StartNode""] --> 1[""Pay Airline Company""]
0 --> 2[""Pay HOTEL""]
0 --> 3[""Pay Car Rental""]
1 --> 4[""EndNode""]
2 --> 4
3 --> 4
"
54,"
graph LR
0[""StartNode""] --> 1[""Continue process""]
0 --> 2[""Bring process to an end""]
"
55,"
graph LR
0[""Start""] --> 1[""Verify RFQ""]
1 --> 2{""RFQ is verified as 'ok'?""}
2 --> |""No""|3[""Ask for more information""]
3 --> 1
2 --> |""Yes""|4[""Provide LandM cost estimates""]
4 --> 5[""Add overhead cost and generate pricing options""]
5 --> 6[""Generate sales quote""]
4 --> 7[""More information is requested:""]
7 --> 8[""Provide clarification""]
8 --> 5
"
56,"
graph LR
0[""StartNode""] --> 1[""Send XYZ Message""]
1 --> 2[""Ensure message data integrity""]
2 --> 3[""Check for changes since signed""]
3 --> 4[""Check Lodgment Acceptability""]
4 --> 5[""Establish manual examination requirement""]
4 --> 6[""Generate Error report""]
5 --> 7[""Produce Lodgment Verification Report""]
6 --> 7
7 --> 8[""EndNode""]
"
57,"
graph LR
0[""StartNode""] --> 1[""Check customers' credit history""]
0 --> 2[""Conduct a property title search""]
1 --> 3[""Conduct Property Survey""]
2 --> 3
3 --> 4[""End of process""]
"
58,"
graph LR
0[""StartNode""] --> 1[""Send letter""]
1 --> 2[""Check for correctness""]
2 --> 3{""Correctness""}
3 --> |""No""|4[""Make phone call""]
3 --> |""Yes""|5[""Add mail number and date""]
4 --> 2
5 --> 2
2 --> 3{""Correctness""}
3 --> |""No""|4
3 --> |""Yes""|6[""Record and archive letter""]
6 --> 7[""Transmit letter""]
7 --> 8[""Register with Miranda""]
8 --> 9{""Membership decision""}
9 --> |""No""|10[""Provide negative answer""]
9 --> |""Yes""|11[""Stamp new member and date""]
10 --> 12[""EndNode""]
11 --> 13[""Add mail number and date""]
13 --> 14{""Membership again""}
14 --> |""No""|10
14 --> |""Yes""|15[""Stamp new member and date""]
15 --> 16[""Add new member""]
16 --> 17[""Calculate membership fee""]
17 --> 18[""Write down amount""]
18 --> 19[""Prepare invoice at home""]
19 --> 20[""Send membership card""]
20 --> 21[""Print membership card""]
21 --> 22[""Send invoices""]
22 --> 12
"
59,"
graph LR
0[""Incoming Frozen Item""] --> 1[""Poultry""]
0 --> 2[""Fish""]
0 --> 3[""Beef""]
1 --> 4[""Pork""]
2 --> 4
3 --> 4
4 --> 5[""Type Categorization""]
5 --> 6[""White Meat""]
5 --> 7[""Dark Meat""]
6 --> 8[""Deboned""]
7 --> 9[""Bone-In""]
8 --> 10[""Temperature Weight and Date Center""]
9 --> 10
4 --> 10
5 --> 10
6 --> 10
6 --> 5
7 --> 10
8 --> 10
9 --> 10
10 --> 11[""Store items based on item policy""]
"
60,"
graph LR
0[""Guest is hungry""] --> 1[""Fill a pot with water""]
1 --> 2[""Fill the pot""]
0 --> 3[""Buy the sauce ingredients""]
2 --> 4[""Boil the water""]
3 --> 5[""Prepare the tomato sauce""]
4 --> 6[""Put in some noodles""]
5 --> 7[""Add some seasoning""]
6 --> 8[""Mix them with the tomato sauce""]
7 --> 8
8 --> 9[""Meal is prepared""]
9 --> 10[""EndNode""]
"
61,"
graph LR
0[""StartNode""] --> 1[""Receive Order""]
1 --> 2{""Article Available?""}
2 --> |""Yes""|3[""Ship Article""]
2 --> |""No""|4[""Procurement Activities""]
4 --> 2
3 --> 5[""Financial Settlement""]
4 --> 3
5 --> 6[""Receive Payment""]
6 --> 7[""EndNode""]
"
62,"
graph LR
0[""StartNode""] --> 1[""Generate payment report""]
1 --> 2[""Pay vendor""]
1 --> 3[""Send payment report to Accounts Receivable Department""]
1 --> 4[""Send payment report to Registry""]
3 --> 5[""Generate monthly invoices for clients""]
4 --> 6[""Select paper-based invoices that have been paid""]
5 --> 7[""Charge client $35 per invoice""]
7 --> 8[""EndNode""]
6 --> 9[""Archive invoices per vendor""]
9 --> 10[""Track down payment""]
9 --> 11[""Archive invoices per payment date""]
10 --> 11
11 --> 8
"
63,"
graph LR
0[""Receive order""] --> 1[""Send invoice""]
0 --> 2[""Ship products""]
1 --> 3[""Receive payment""]
2 --> 3
3 --> 4[""EndNode""]
"
64,"
graph LR
0[""StartNode""] --> 1[""Enter requested information""]
0 --> 2[""Type in date of arrival at SSP""]
0 --> 3[""Type in client name""]
0 --> 4[""Type in vendor name""]
1 --> 5[""EndNode""]
2 --> 5
3 --> 5
4 --> 5
"
65,"
graph LR
0[""StartNode""] --> 1[""Visit www.katyd.cz""]
1 --> 2[""Fill out form""]
2 --> 3{""Method of payment""}
3 --> |""offline""|4[""Payment information""]
3 --> |""online""|5[""Payment process""]
4 --> 6[""Check Variant of subscription""]
5 --> 6
6 --> 7{""Variant of subscription""}
7 --> |""only print""|8[""Register payment information""]
7 --> |""online or print&online""|9[""Assign subscription rights""]
8 --> 10[""Renew subscription""]
9 --> 11[""Generate code""]
11 --> 12[""Enter code""]
12 --> 9
10 --> 13[""EndNode""]
"
66,"
graph LR
0[""StartNode""] --> 1[""Draft Contract""]
1 --> 2[""Contract undergoes Legal Review""]
2 --> 3[""Contract undergoes Financial Review""]
3 --> 4[""Contract finalized""]
4 --> 5[""EndNode""]
"
67,"
graph LR
0[""StartNode""] --> 1{""Can fulfill order?""}
1 --> |""Yes""|2[""Confirm order""]
1 --> |""No""|3[""Reject order""] 
3 --> 4[""Inform that the order has been rejected""]
3 --> 1
2 --> 1
1 --> |""Yes""|5[""Deliver order""]
1 --> |""No""|3
5 --> 6[""Inform that the order has been successfully delivered""] 
6 --> 7[""EndNode""]
"
68,"
graph LR
0[""StartNode""] --> 1{""Can we fulfill the order?""}
1 --> |""Yes""|2[""Confirm the order""]
1 --> |""No""|3[""Reject the order""]
2 --> 4[""Deliver the order""]
3 --> 5[""Inform that the order has been rejected""]
4 --> 6[""Inform that the order has been successfully delivered""]
1 --> |""Yes""|2
1 --> |""No""|3
5 --> 7[""EndNode""]
6 --> 7
"
69,"
graph LR
0[""StartNode""] --> 1[""Generate payment report""]
1 --> 2[""Pay vendor""]
1 --> 3[""Send payment report to AR Dept""]
1 --> 4[""Send payment report to registry""]
3 --> 5[""Generate monthly invoices for clients""]
4 --> 6[""Select paper-based invoices that have been paid""]
5 --> 7[""Charge client $35 per invoice""]
6 --> 8[""Archive invoices per vendor""]
8 --> 9[""Archive invoices per payment data""]
8 --> 10[""Track down payment""]
7 --> 11[""EndNode""]
9 --> 11
10 --> 11
"
70,"
graph LR
0[""StartNode""] --> 1[""Contact customer""]
1 --> 2{""Customer still wants order?""}
2 --> |""Yes""|3[""Postpone shipment""]
2 --> |""No""|4[""Terminate order""]
3 --> 5[""Order out-of-stock merchandise""]
5 --> 6[""Notify customer of shipping date""]
6 --> 7[""Contact customer""]
7 --> 8[""EndNode""]
4 --> 8
"
71,"
graph LR
0[""Receive attendance request""] --> 1[""Send email to advisor1""]
0 --> 2[""Send email to advisor2""]
0 --> 3[""Send email to advisor3""]
1 --> 4[""Respond to central office""]
2 --> 4
3 --> 4
"
72,"
graph LR
0[""StartNode""] --> 1[""Prepare shipment""]
0 --> 2[""Bill customer""]
1 --> 3[""EndNode""]
2 --> 3
"
73,"
graph LR
0[""StartNode""] --> 1[""Verify RFQ""]
1 --> 2{""RFQ verified?""}
2 --> |""No""|3[""Ask for more information""]
2 --> |""Yes""|4[""Analyze RFQ and provide L&M Cost Estimates""]
3 --> 2
4 --> 2
2 --> |""No""|5[""Ask for clarification""]
5 --> 4
4 --> 6[""Add overhead costs""]
4 --> 7[""Generate pricing options""]
6 --> 8[""Provide clarification and verify RFQ""]
7 --> 8
8 --> 2
2 --> |""Yes""|9[""Add overhead costs""]
9 --> 10[""Generate pricing options""]
10 --> 11[""Generate sales quote""]
11 --> 12[""EndNode""]
"
74,"
graph LR
0[""StartNode""] --> 1[""Payment reports to Registry""]
1 --> 2[""Validated invoices to Registry""]
2 --> 3[""Receive Payment reports""]
2 --> 4[""Receive validated invoices""]
3 --> 5[""Select paid invoices""]
4 --> 5
5 --> 6[""Sort invoices by vendor""]
6 --> 7[""Sort invoices by payment date""]
7 --> 8[""Archive invoices""]
8 --> 9[""Determine Invoices location""]
9 --> 10[""End of process""]
"
75,"
graph LR
0[""StartNode""] --> 1[""Receive Order""]
1 --> 2[""Check Availability""]
2 --> 3{""Article available?""}
3 --> |""Yes""|4[""Receive Payment""]
3 --> |""No""|5[""Procurement""]
4 --> 6[""Ship Article""]
6 --> 7[""Financial Settlement""]
5 --> 8[""Receive Payment""]
8 --> 6
7 --> 9[""EndNode""]
"
76,"
graph LR
0[""StartNode""] --> 1[""Procure Part""]
1 --> 2{""All parts available?""}
2 --> |""Yes""|3[""EndNode""]
2 --> |""No""|4{""All parts available?""}
4 --> |""Yes""|3
4 --> |""No""|5[""Part Auction""]
5 --> 3
"
77,"
graph LR
0[""StartNode""] --> 1[""Request petty cash""]
1 --> 2[""Write a check""]
2 --> 3[""Enter vendor, product description, and amount""]
3 --> 4{""Seller accepts check?""}
4 --> |""No""|5[""Cash check""]
4 --> |""Yes""|6[""Purchase products""]
5 --> 7[""Pay vendor""]
6 --> 7
7 --> 8[""EndNode""]
"
78,"
graph LR
0[""StartNode""] --> 1[""eBay account created""]
1 --> 2[""Login to Account""]
2 --> 3[""Browse for item""]
3 --> 4[""Seller reviews item""]
3 --> 5[""Customer reviews item""]
4 --> 6[""Seller complete review""]
5 --> 7[""Item reviewed""]
6 --> 8[""EndNode""]
7 --> 8
"
79,"
graph LR
0[""StartNode""] --> 1[""Report Problem""]
1 --> 2[""Send Problem for Evaluation""]
2 --> 3[""Receive Estimate""]
3 --> 4{""Agree with Estimate?""}
4 --> |""No""|5[""Take Back Computer""]
4 --> |""Yes""|6[""Authorize Repair""]
6 --> 7{""Authorize Repair?""}
7 --> |""No""|5
7 --> |""Yes""|8[""Submit Authorization""]
8 --> 9[""Receive Documentation""]
9 --> 10{""Repair Successful?""}
10 --> |""No""|11[""Receive Incomplete Notice""]
10 --> |""Yes""|12[""Check if Computer Fixed""]
11 --> 12
12 --> 13{""Computer Fixed?""}
13 --> |""No""|14[""Pick Up Computer""]
13 --> |""Yes""|15[""Send Payment""]
14 --> 16[""EndNode""]
15 --> 16
"
80,"
graph LR
0[""StartNode""] --> 1[""Advise unsuccessful shortlisted candidates verbally""]
0 --> 2[""Provide feedback""]
1 --> 3[""Receive signed letter of appointment""]
2 --> 3
3 --> 4[""Scan letter into career website""]
4 --> 5[""Send offer in writing""]
5 --> 6[""Receive signed letter of appointment""]
6 --> 7[""Scan letter into career website""]
7 --> 8[""Close vacancy""]
8 --> 9[""EndNode""]
"
81,"
graph LR
0[""StartNode""] --> 1[""Enter details manually""]
1 --> 2[""Enter vendor name""]
1 --> 3[""Enter client name""]
1 --> 4[""Enter date of arrival""]
2 --> 5[""EndNode""]
3 --> 5
4 --> 5
"
82,"
graph LR
0[""StartNode""] --> 1[""Verify content of shipment""]
1 --> 2[""Perform quality inspection""]
2 --> 3{""Material okay?""}
3 --> |""Yes""|4[""Store materials in right location""]
3 --> |""No""|5[""Material is wrong or defective""]
4 --> 6[""EndNode""]
5 --> 3
"
83,"
graph LR
0[""StartNode""] --> 1[""Scan the offer""]
0 --> 2[""Register the offer""]
0 --> 3[""Send the billing""]
0 --> 4[""Send the pincode information""]
1 --> 5[""EndNode""]
2 --> 5
3 --> 5
4 --> 5
"
84,"
graph LR
0[""StartNode""] --> 1[""Check order""]
1 --> 2[""Process order""]
2 --> 3[""Send books""]
2 --> 4[""Update inventory""]
3 --> 5[""Order complete""]
4 --> 5
"
85,"
graph LR
0[""Incoming Package & Plasticware Item""] --> 1[""Plasticware""]
0 --> 2[""Packaging Equipment""]
0 --> 3[""Cleaning Equipment""]
1 --> 4[""Kitchen Equipment""]
2 --> 4
3 --> 4
4 --> 5[""Item Categorization (Aluminum Foil, etc)""]
4 --> 6[""Item Categorization (Surface cleaners, etc)""]
4 --> 7[""Forks""]
4 --> 8[""Knives""]
4 --> 9[""Spoons""]
7 --> 14[""Count""]
8 --> 14
9 --> 14
4 --> 10[""Aluminum/Plastic Containers""]
10 --> 14
4 --> 11[""Kitchen Equipment""]
11 --> 12[""Container Lids""]
11 --> 5
11 --> 14
12 --> 14
4 --> 13[""Plastic Wrap""]
13 --> 6
6 --> 14
14 --> 15[""Store the items""]
"
86,"
graph LR
0[""Order Request""] --> 1{""Can Order be Fulfilled?""}
1 --> |""Yes""|2[""Order Confirmed""]
1 --> |""No""|3{""Is Capacity Sufficient?""}
3 --> |""Yes""|4[""Request for Parts""]
3 --> |""No""|5[""Order Rejected""]
4 --> 6{""Are all Parts Available?""}
6 --> |""Yes""|2
6 --> |""No""|4
2 --> 7[""Order Delivered""]
4 --> 8[""Parts Procured""]
8 --> 9{""Have all Parts been Obtained?""}
9 --> |""Yes""|2
9 --> |""No""|5
5 --> 10[""EndNode""]
7 --> 10
"
87,"
graph LR
0[""StartNode""] --> 1[""Validate Invoice""]
1 --> 2[""Run Payment Process""]
2 --> 3[""Generate Payment Report""]
3 --> 4[""Send Payment Report to Registry""]
3 --> 5[""Send Payment Report to Account Receivable Department""]
3 --> 6[""Send Payment Report to individual clients""]
2 --> 7[""Receive Payment Report from Payment Office""]
7 --> 8[""Generate Monthly Invoices""]
8 --> 9[""Send Invoices to clients""]
4 --> 10[""EndNode""]
9 --> 11[""EndNode""]
"
88,"
graph LR
0[""StartNode""] --> 1[""Backup database""]
1 --> 2[""Check Account Defaulter table""]
2 --> 3{""Has the table changed?""}
3 --> |""Yes""|4{""Before 2:30 pm?""}
3 --> |""No""|5[""Check CRM system for returns""]
4 --> |""No""|6[""Alert supervisor""]
4 --> |""Yes""|5
5 --> 7[""Register defaulting accounts""]
5 --> 8[""Check client advising""]
5 --> 9[""Reconcile account""]
6 --> 10[""EndNode""]
7 --> 5
8 --> 11{""Has client been advised?""}
8 --> 12{""Have new returns been filed?""}
9 --> 5
11 --> |""No""|13[""Produce and send new table""]
11 --> |""Yes""|14{""Before 4:00 pm?""}
12 --> |""Yes""|6[""Reconcile returns with account""]
12 --> |""No""|10[""EndNode""]
13 --> 5
14 --> |""No""|6[""Alert supervisor""]
14 --> |""Yes""|10[""EndNode""]
"
89,"
graph LR
0[""StartNode""] --> 1[""Identify demand for material""]
1 --> 2{""Goods Available?""}
2 --> |""Yes""|3[""Utilize available material""]
2 --> |""No""|4[""Specify required material demand""]
3 --> 5[""EndNode""]
4 --> 6[""Create purchase requisition""]
6 --> 7[""Verify purchase requisition""]
7 --> 8[""Create purchase order""]
8 --> 9[""Notify vendor""]
9 --> 10[""Vendor ships goods""]
10 --> 11[""Create goods receipt""]
11 --> 12[""Generate invoice receipt""]
12 --> 13[""Make payment to vendor""]
13 --> 5
"
90,"
graph LR
0[""StartNode""] --> 1[""Fill in the tenure application form""]
0 --> 2[""Create a letter of application""]
0 --> 3[""Prepare the attached documents""]
1 --> 4[""Lodge the application""]
2 --> 4
3 --> 4
4 --> 5[""EndNode""]
"
91,"
graph LR
0[""StartNode""] --> 1[""Scan offer presented""]
1 --> 2[""Register acceptance contract initiated""]
2 --> 3[""Billing information sent""]
2 --> 4[""Pincode information sent""]
3 --> 5[""Customer created""]
4 --> 5
5 --> 6[""EndNode""]
"
92,"
graph LR
0[""StartNode""] --> 1[""Register Custom Declaration and support documents""]
0 --> 2[""Ship arrival notification""]
0 --> 3[""Document Checking""]
0 --> 4[""Payment Instruction""]
1 --> 5[""Release Goods""]
2 --> 5
3 --> 5
4 --> 5
5 --> 6[""Processing Import Permit""]
5 --> 7[""Release Notification to Customs""]
6 --> 8[""EndNode""]
7 --> 8
"
93,"
graph LR
0[""StartNode""] --> 1[""Order Request""]
1 --> 2{""Can fulfill the order?""}
2 --> |""Yes""|3[""Order Confirmation""]
2 --> |""No""|4[""Check Capacity""]
4 --> 5{""Sufficient Capacity with Parts to Order""}
5 --> |""Yes""|6[""Procure Parts""]
5 --> |""No""|7[""Reject Order""]
6 --> 2
3 --> 8[""Deliver Order""]
8 --> 9{""All parts available?""}
9 --> |""Yes""|10[""Link A""]
9 --> |""No""|11[""Part Auction""]
11 --> 12{""All parts available?""}
12 --> |""Yes""|10
12 --> |""No""|13{""All parts obtained?""}
13 --> |""Yes""|10
13 --> |""No""|7
7 --> 14[""EndNode""]
10 --> 14
"
94,"
graph LR
0[""StartNode""] --> 1[""Define Marketing Goal""]
1 --> 2[""Determine Marketing Objectives""]
1 --> 3[""Define Primary Objectives""]
1 --> 4[""Define Primary Sub-Objectives""]
2 --> 5[""Determine Target Market""]
3 --> 5
4 --> 5
5 --> 6[""Understand Product/Services""]
6 --> 7[""Determine Business Location""]
7 --> 8[""Determine Product/Services Prices""]
8 --> 9[""Determine Financial Plan Budget""]
9 --> 10[""Generate Marketing Strategies""]
10 --> 11[""Create Market Development""]
11 --> 12[""Create Promotional Techniques""]
12 --> 13[""Create Monitoring Techniques""]
13 --> 14[""EndNode""]
"
95,"
graph LR
0[""StartNode""] --> 1[""Identify demand""]
1 --> 2[""Choose supplier""]
2 --> 3{""Is company our company?""}
3 --> |""Yes""|4[""Place order""]
3 --> |""No""|5[""End""]
4 --> 5
"
96,"
graph LR
0[""StartNode""] --> 1[""Customer encounters problem""]
1 --> 2[""Ask questions""]
2 --> 3[""Answer questions""]
3 --> 4{""Can account manager handle issue?""}
4 --> |""Yes""|5[""Provide solution""]
4 --> |""No""|6[""Allocate to first level support""]
6 --> 7{""Can first level support handle issue?""}
7 --> |""Yes""|8[""Provide feedback for account manager""]
8 --> 9[""Provide solution""]
7 --> |""No""|10[""Allocate to first developer""]
10 --> 11[""Provide feedback for first level support""]
11 --> 8
5 --> 12[""EndNode""]
9 --> 12
"
97,"
graph LR
0[""StartNode""] --> 1[""Add/Drop a class""]
1 --> 2[""Check ESIS system""]
2 --> 3{""Can add/drop online?""}
3 --> |""Yes""|4[""Complete transaction online""]
3 --> |""No""|5[""Go to registrar's office""]
4 --> 6[""EndNode""]
5 --> 7[""Request add/drop form""]
7 --> 8[""Receive form""]
8 --> 9[""Send form to instructor""]
9 --> 10[""Receive form back from instructor""]
10 --> 11[""Send form to advisor""]
11 --> 12[""Receive form back from advisor""]
12 --> 13[""Send form to registrar's office""]
13 --> 14[""Process transaction""]
14 --> 6
"
98,"
graph LR
0[""StartNode""] --> 1[""Verify contents""]
1 --> 2[""Quality inspection""]
2 --> 3{""Materials okay?""}
3 --> |""Yes""|4[""Store materials""]
3 --> |""No""|5[""Send back to supplier""]
4 --> 6[""EndNode""]
5 --> 6
"
99,"
graph LR
0[""StartNode""] --> 1[""Conduct patient interview""]
0 --> 2[""File results from interviews and expertise""]
1 --> 2
2 --> 3[""Contact expert for review of doctor""]
3 --> 4[""Create report""]
4 --> 5[""EndNode""]
"
100,"
graph LR
0[""StartNode""] --> 1[""Main document sent""]
1 --> 2{""Should Supplement A be sent?""}
2 --> |""Yes""|3[""Supplement A sent""]
2 --> |""No""|4[""EndNode""]
3 --> 5{""Should Supplement B be sent?""}
5 --> |""Yes""|6[""Supplement B sent""]
5 --> |""No""|4
6 --> 4
"
101,"
graph LR
0[""StartNode""] --> 1[""Select Meetings p1""]
1 --> 2[""Send Consolidated Referee Forms""]
2 --> 3[""Send Round 2 Evaluation Form""]
3 --> 4[""Follow up with evaluation sheet""]
4 --> 5[""Receive Evaluation Sheets""]
5 --> 6[""Consolidate evaluations""]
1 --> 7[""Answer questions from panel members""]
7 --> 8[""Log questions in FAQ""]
6 --> 9[""EndNode""]
8 --> 9
"
102,"
graph LR
0[""StartNode""] --> 1[""Check for low inventory""]
1 --> 2[""Create purchase requisition""]
2 --> 3[""Submit purchase order""]
3 --> 4[""Send order materials""]
4 --> 5[""Inspect materials""]
5 --> 6{""Materials received okay?""}
6 --> |""No""|7[""Communicate problems""]
6 --> |""Yes""|8[""Prepare goods receipt document""]
7 --> 4
8 --> 9[""Prepare and send invoice""]
9 --> 10[""Verify document""]
10 --> 11[""Send payment""]
11 --> 12[""EndNode""]
"
103,"
graph LR
0[""StartNode""] --> 1[""Discovering""]
1 --> 2[""Gathering""]
2 --> 3{""Vulnerability found?""}
3 --> |""Yes""|4[""Exploiting""]
3 --> |""No""|5[""EndNode""]
4 --> 6[""Mending""]
6 --> 7[""Adjusting""]
7 --> 1
"
104,"
graph LR
0[""StartNode""] --> 1[""Invoice Received""]
1 --> 2[""Open and categorize the invoices""]
2 --> 3[""Send the invoice(s) to the Admin Officer(s)""]
3 --> 4[""Empty the Data Entry Staff Inbox""]
4 --> 5[""EndNode""]
"
105,"
graph LR
0[""StartNode""] --> 1[""Master Production Scheduling""]
1 --> 2[""MRP run""]
2 --> 3[""Capacity plan review and adjustment""]
2 --> 4[""Production plan review""]
2 --> 5[""Local supply planning""]
3 --> 6[""PIM plan review""]
4 --> 6
5 --> 6
6 --> 7[""Detailed production scheduling""]
7 --> 8[""EndNode""]
"
106,"
graph LR
0[""StartNode""] --> 1[""Report problem with computer""]
1 --> 2[""Bring computer for repair""]
2 --> 3[""Describe the problem""]
3 --> 4{""Estimate satisfactory?""}
4 --> |""No""|5[""Take computer home""]
4 --> |""Yes""|6[""Authorize repair""]
5 --> 7[""EndNode""]
6 --> 8[""Pick up computer""]
8 --> 9[""Make the payment""]
9 --> 10[""EndNode""]
"
107,"
graph LR
0[""StartNode""] --> 1[""Conduct property title search""]
0 --> 2[""Check credit history""]
1 --> 3[""Property survey""]
2 --> 3
3 --> 4{""Make an offer or not""}
4 --> |""Yes""|5[""Make an offer""]
4 --> |""No""|6[""EndNode""]
5 --> 6
"
108,"
graph LR
0[""StartNode""] --> 1[""Check invoice arrival""]
1 --> 2[""Verify invoice completeness""]
2 --> 3[""Scan invoice into computer""]
2 --> 4[""Make payment""]
2 --> 5[""Store records electronically""]
3 --> 6[""EndNode""]
4 --> 6
5 --> 6
"
109,"
graph LR
0[""StartNode""] --> 1[""Create Supplier master data""]
1 --> 2[""Prepare Supplier master data for target system""]
2 --> 3[""Distribute to target system""]
3 --> 4[""Notify Requestor and Stewards""]
3 --> 5[""Deploy to target system(s)""]
4 --> 6[""Notify Business Data Steward(s) and Supplier Data Requestor""]
5 --> 6
6 --> 7[""EndNode""]
"
110,"
graph LR
0[""StartNode""] --> 1[""Weekly""]
1 --> 2[""Pay invoices""]
2 --> 3[""Generate payment report""]
3 --> 4[""Send payment report to Accounts Receivable Department""]
3 --> 5[""Send payment report to registry""]
5 --> 6[""Generate monthly invoices""]
4 --> 6
6 --> 7[""Send out invoices""]
7 --> 8[""EndNode""]
"
111,"
graph LR
0[""StartNode""] --> 1[""TASK1""]
1 --> 2[""TASK2""]
2 --> 3[""TASK3""]
2 --> 4[""TASK4""]
3 --> 5[""TASK5""]
4 --> 5
"
112,"
graph LR
0[""StartNode""] --> 1[""Initiate imgShare Process""]
1 --> 2[""Apply filter to image""]
2 --> 3[""Login to Flickr account""]
3 --> 4[""Upload image""]
4 --> 5[""Post image on Twitter""]
5 --> 6{""Want to tweet about it?""}
6 --> |""No""|7[""EndNode""]
6 --> |""Yes""|8[""Login to Twitter account""]
8 --> 9[""Compose tweet""]
9 --> 7
"
113,"
graph LR
0[""StartNode""] --> 1[""Self Evaluation""]
0 --> 2[""PM Evaluation""]
0 --> 3[""HR Evaluation""]
1 --> 4[""EndNode""]
2 --> 4
3 --> 4
"
114,"
graph LR
0[""StartNode""] --> 1[""Delay for 48 hours""]
0 --> 2[""Monitor issue votes""]
1 --> 3[""Send email warning about vote deadline""]
3 --> 4[""Delay for an additional 24 hours""]
4 --> 5[""Close voting""]
4 --> 2
2 --> 6[""Voting discussion has been moderated""]
5 --> 6
"
115,"
graph LR
0[""StartNode""] --> 1[""Verify contents and perform quality inspection""]
1 --> 2{""Material okay?""}
2 --> |""Yes""|3[""Store materials in correct location""]
2 --> |""No""|4[""Report issue""]
4 --> 5[""EndNode""]
3 --> 1
"
116,"
graph LR
0[""StartNode""] --> 1[""Verify RFQ""]
1 --> 2{""RFQ verified?""}
2 --> |""No""|3[""Ask for more information""]
2 --> |""Yes""|4[""Analyze RFQ and provide L&M cost estimates""]
3 --> 5[""Provide clarification""]
5 --> 4
4 --> 2
4 --> 6[""Add overhead costs and generate pricing options""]
6 --> 7[""Generate sales quote""]
7 --> 8[""EndNode""]
"
117,"
graph LR
0[""StartNode""] --> 1{""Are raw materials available?""}
1 --> |""No""|2[""Create alarm (not enough raw material)""]
1 --> |""Yes""|3{""Is raw material in production line?""}
2 --> 4[""EndNode""]
3 --> |""No""|5[""Request transfer of raw material to production line""]
3 --> |""Yes""|6[""Allocate raw material to production line""]
5 --> 6
6 --> 3
6 --> 4
"
118,"
graph LR
0[""StartNode""] --> 1[""Go to supermarket""]
1 --> 2[""Select chocolate""]
1 --> 3[""Pick out a bunch of flowers""]
2 --> 4[""Proceed to cash desk""]
3 --> 4
4 --> 5[""Make payment""]
5 --> 6[""EndNode""]
"
119,"
graph LR
0[""StartNode""] --> 1[""Receive request for funds""]
1 --> 2[""Write a check""]
2 --> 3[""Document check as payable""]
3 --> 4{""Seller accepts check?""}
4 --> |""Yes""|5[""Pay the vendor""]
4 --> |""No""|6[""Cash the check""]
6 --> 5
5 --> 7[""EndNode""]
"
120,"
graph LR
0[""StartNode""] --> 1{""RFQ verified?""}
1 --> |""No""|2[""Ask for more information""]
1 --> |""Yes""|3[""Analyze RFQ""]
2 --> 4[""Provide clarification""]
4 --> 1
3 --> 5[""Provide L&M Cost Estimates""]
3 --> 6[""Add overhead costs""]
5 --> 6
6 --> 7[""Generate pricing options""]
7 --> 8[""Generate sales quote""]
8 --> 9[""EndNode""]
"
121,"
graph LR
0[""StartNode""] --> 1[""Incident Identification""]
1 --> 2[""Incident Lodgement""]
2 --> 3[""Incident Categorisation""]
2 --> 4[""Incident Prioritisation""]
3 --> 5[""Initial Diagnosis""]
4 --> 5
5 --> 6[""Escalation""]
6 --> 7[""Investigation & Diagnosis""]
7 --> 8{""Resolution identified?""}
8 --> |""No""|6
8 --> |""Yes""|9[""Incident Recovery""]
9 --> 8
8 --> |""Yes""|10[""EndNode""]
"
122,"
graph LR
0[""StartNode""] --> 1[""Log in""]
1 --> 2[""Enter Apple ID""]
1 --> 3[""Enter password""]
2 --> 4[""User account logged in""]
3 --> 4
"
123,"
graph LR
0[""StartNode""] --> 1[""Verify contents""]
1 --> 2[""Perform quality inspection""]
2 --> 3{""Material okay?""}
3 --> |""Yes""|4[""Store materials in the right location""]
3 --> |""No""|5[""Wrong materials""]
4 --> 2
5 --> 6[""EndNode""]
"
124,"
graph LR
0[""StartNode""] --> 1[""Check customer's credit history""]
0 --> 2[""Conduct property survey""]
1 --> 3[""Search property title""]
2 --> 3
3 --> 4[""EndNode""]
"
125,"
graph LR
0[""StartNode""] --> 1[""Initiate new participant""]
1 --> 2{""Is participant aged 18 or above?""}
2 --> |""Yes""|3[""Fill medical certificate""]
2 --> |""No""|4[""Pass required documents""]
3 --> 5[""Sign medical certificate""]
4 --> 6[""Fill documents""]
6 --> 7[""Sign documents""]
7 --> 8[""Check completeness""]
8 --> 9{""Are documents complete?""}
9 --> |""No""|10[""Fix issues""]
9 --> |""Yes""|11[""Save process""]
11 --> 12[""Fill documents one day before departure""]
12 --> 13[""Fix filled documents issues""]
13 --> 14[""Sign non-infectivity confirmation""]
14 --> 15[""Proceed with departure""]
15 --> 16[""Check completeness after departure""]
16 --> 17{""Are filled documents okay?""}
17 --> |""No""|18[""Fix issues""]
17 --> |""Yes""|19[""Take child's non-infectivity confirmation""]
19 --> 20[""EndNode""]
"
126,"
graph LR
0[""StartNode""] --> 1[""Verify contents""]
1 --> 2[""Perform quality inspection""]
2 --> 3{""Is material okay?""}
3 --> |""yes""|4[""Store materials at the right location""]
3 --> |""no""|5[""Process ends""]
4 --> 3
"
127,"
graph LR
0[""Receive Order""] --> 1[""Send Invoice""]
0 --> 2[""Ship Products""]
1 --> 3[""Receive Payment""]
2 --> 3[""Done""]
"
128,"
graph LR
0[""StartNode""] --> 1[""Register participation""]
1 --> 2{""Fees exist?""}
2 --> |""No""|3[""Register seminar results""]
2 --> |""Yes""|4[""Create purchase request""]
4 --> 2
2 --> |""Yes""|5[""Check purchase request approval""]
5 --> 6{""Purchase request approved?""}
6 --> |""No""|7[""Notify rejection""]
7 --> 8[""EndNode""]
6 --> |""Yes""|9[""Send approval notification""]
9 --> 10[""Check purchase request approval""]
10 --> 6
9 --> 3
3 --> 8
"
129,"
graph LR
0[""Receive message from nuclear plant""] --> 1[""Activate crisis cell""]
1 --> 2[""Inform media about PUI activation""]
1 --> 3[""Establish safety perimeter""]
1 --> 4[""Develop circulation plan""]
2 --> 5[""Inform media and public regularly""]
3 --> 6[""Define safety perimeter and request implementation""]
4 --> 7[""Define circulation plan and request implementation""]
5 --> 6
5 --> 7
6 --> 8[""EndNode""]
7 --> 8
"
130,"
graph LR
0[""StartNode""] --> 1[""Informal meeting""]
1 --> 2{""Meeting successful?""}
2 --> |""No""|3[""EndNode""]
2 --> |""Yes""|4[""Schedule another meeting""]
4 --> 5[""Web site design""]
4 --> 6[""Preparation of contents""]
4 --> 7[""Completion of initial draft""]
5 --> 8[""Web site development""]
6 --> 9[""Marketing review""]
7 --> 9
8 --> 10[""Building phase""]
9 --> 11[""Preparation of final version""]
11 --> 10
10 --> 12[""Review activity""]
12 --> 13[""Approval""]
13 --> 14{""Site approved?""}
14 --> |""No""|10
14 --> |""Yes""|15[""EndNode""]
"
131,"
graph LR
0[""StartNode""] --> 1[""Receive expense report""]
1 --> 2[""Wait for 7 days""]
2 --> 3{""Existing account?""}
3 --> |""No""|4[""Create new account""]
3 --> |""Yes""|5[""Automatically review account""]
4 --> 6[""Automatic review""]
5 --> 6
6 --> 7[""Send approval in progress email""]
7 --> 8{""Amount under $200?""}
8 --> |""Yes""|9[""Automatically approve expense""]
8 --> |""No""|10[""Review by supervisor""]
9 --> 11[""Transfer reimbursement""]
10 --> 12{""28th day after request?""}
12 --> |""No""|13[""Wait for 7 days""]
12 --> |""Yes""|14[""Send email cancellation""]
14 --> 15[""Notify employee to resubmit report""]
13 --> 12
10 --> 16{""Expense approved?""}
16 --> |""Yes""|11
16 --> |""No""|17[""Send email rejection""]
11 --> 18[""EndNode""]
17 --> 18
"
132,"
graph LR
0[""StartNode""] --> 1[""Low Inventory""]
1 --> 2[""Create P.R.""]
2 --> 3[""Create P.R.""]
3 --> 4[""Submit P.O.""]
4 --> 5[""Ship Material""]
5 --> 6[""Check Shipment""]
6 --> 7{""Shipment OK?""}
7 --> |""Yes""|8[""Send Payment""]
7 --> |""No""|9[""Communicate Shipment Problems""]
9 --> 10[""Check Shipment""]
10 --> 7
8 --> 11[""EndNode""]
"
133,"
graph LR
0[""Feel hungry""] --> 1[""Go shopping""]
1 --> 2[""Take the salad""]
1 --> 3[""Take the wine""]
1 --> 4[""Take the sausages""]
2 --> 5[""Pay for the products""]
3 --> 5
4 --> 5
5 --> 6[""Have enough to eat""]
"
134,"
graph LR
0[""StartNode""] --> 1[""Choose protein family""]
1 --> 2[""Retrieve sequences for animals""]
2 --> 3[""Gene annotation""]
2 --> 4[""PHOG 1.0""]
2 --> 5[""BLAST p in both directions""]
3 --> 6[""Consensus reached""]
4 --> 6
5 --> 6
"
135,"
graph LR
0[""StartNode""] --> 1[""Accept offer""]
1 --> 2[""Send offer for signing""]
2 --> 3[""Receive signed offer""]
3 --> 4[""Scan signed offer""]
3 --> 5[""Register acceptance of contract""]
4 --> 6[""Send billing information""]
5 --> 6
6 --> 7[""Send pincode information""]
7 --> 8[""Offer treated as accepted""]
8 --> 9[""EndNode""]
"
136,"
graph LR
0[""StartNode""] --> 1[""Feel hungry""]
1 --> 2[""Choose a restaurant""]
2 --> 3[""Enter the restaurant""]
3 --> 4[""Get the menu""]
4 --> 5[""Order a salad""]
4 --> 6[""Order a glass of wine""]
5 --> 7[""Eat the salad""]
6 --> 7
7 --> 8[""Ask for the bill""]
8 --> 9[""Receive the bill""]
9 --> 10[""Pay the bill""]
10 --> 11[""Leave the restaurant""]
11 --> 12[""Hunger satisfied""]
12 --> 13[""EndNode""]
"
137,"
graph LR
0[""StartNode""] --> 1[""Manually trigger START command""]
1 --> 2[""Check inventory levels""]
1 --> 3[""Send late notice""]
1 --> 4[""Prepare materials for shipment""]
4 --> 5[""Send out shipment""]
3 --> 6[""Notify accounts receivable""]
5 --> 7[""Send delivery notice""]
6 --> 8[""EndNode""]
7 --> 8
"
138,"
graph LR
0[""StartNode""] --> 1[""Enter expenses""]
1 --> 2[""Generate spreadsheet""]
2 --> 3{""Request approved?""}
3 --> |""No""|1
3 --> |""Yes""|4[""Pay expenses""]
4 --> 3
4 --> 5[""EndNode""]
"
139,"
graph LR
0[""StartNode""] --> 1[""Sequence position""]
0 --> 2[""Sequence neighborhood""]
0 --> 3[""Distance from membrane""]
1 --> 4[""ANOVA analysis""]
2 --> 4
3 --> 4
4 --> 5{""Greater variance between clusters than within?""}
5 --> |""Yes""|6[""EndNode""]
"
140,"
graph LR
0[""Write up a hard-copy ticket""] --> 1[""Enter ticket into the system""]
1 --> 2[""Process order""]
2 --> 3[""Order verification""] 
2 --> 4[""Order rejection""]
3 --> 5{""Order verified or rejected?""}
4 --> 5
5 --> |""Yes""| 6[""Send order to processing plant""]
5 --> |""No""| 7[""Archive order""]
6 --> 8[""Production phase""]
8 --> 9[""Ship products""]
9 --> 10[""Warehouse products""]
10 --> 11[""Send products to customer""]
"
141,"
graph LR
0[""StartNode""] --> 1{""Has Driver's license and 17""}
1 --> |""Yes""|2{""Has reached 17th birthday""}
2 --> |""No""|3[""Individual waits until after 17th birthday""]
3 --> 4{""Has reached 30 and accompanied person""}
4 --> |""No""| 1
4 --> |""Yes""| 5[""Ensure Individual is over 30 and has held driver's license for 5 year""]
5 --> 6[""Find an accompanying person""]
6 --> 7[""Stating accompanying person""]
2 --> |""Yes""|5
7 --> 8[""EndNode""]
"
142,"
graph LR
0[""StartNode""] --> 1[""Check customer's credit history""]
0 --> 2[""Conduct property survey""]
1 --> 3[""Search for property title""]
2 --> 3
"
143,"
graph LR
0[""StartNode""] --> 1[""Repair Request""]
1 --> 2[""Check Device""]
2 --> 3{""Is Device Broken?""}
3 --> |""Yes""|4[""External Repairer Needed""]
3 --> |""No""|1
4 --> 5{""Is External Repairer Needed?""}
5 --> |""Yes""|6[""Provide External Repair Information""]
5 --> |""No""|7[""Repair Device Internally""]
6 --> 8[""Recheck Device""]
7 --> 8
8 --> 9{""Was External Repairer Needed?""}
9 --> |""Yes""|10[""EndNode""]
9 --> |""No""|11[""Ratify Device Repair""]
11 --> 12[""Add Repair Record""]
12 --> 13[""Plan Next Revision""]
13 --> 14[""EndNode""]
"
144,"
graph LR
0[""StartNode""] --> 1[""Informal meeting""]
1 --> 2{""Outcome of informal meeting""}
2 --> |""Not successful""|3[""EndNode""]
2 --> |""Successful""|4[""Full-day meeting""]
4 --> 5{""Outcome of full-day meeting""}
5 --> |""Not successful""|3
5 --> |""Successful""|6[""Storyboard creation""]
6 --> 7[""Design phase""]
6 --> 8[""Initial draft of content""]
7 --> 9[""Development phase""]
9 --> 10{""Need for marketing review""}
10 --> |""40%""|11[""Marketing review preparation""]
10 --> |""60%""|12[""Marketing review""]
12 --> 13[""EndNode""]
11 --> 14[""Building phase""]
14 --> 15[""Checking phase""]
15 --> 16{""Outcome of checking phase""}
16 --> |""Not approval""|17[""Additional building""]
16 --> |""Approval""|18[""EndNode""]
"
145,"
graph LR
0[""StartNode""] --> 1[""Go Home""]
0 --> 2[""Hear Music""]
1 --> 3[""Make Homework""]
2 --> 3
3 --> 4[""EndNode""]
"
146,"
graph LR
0[""StartNode""] --> 1[""Validate invoice""]
1 --> 2[""Run payment process""]
2 --> 3[""Send payment""]
3 --> 4[""Generate payment report""]
4 --> 5[""Send payment report to Registry""]
4 --> 6[""Send payment report to Account Receivable department""]
5 --> 7[""Select invoices for archiving""]
7 --> 8[""Mark invoices as ready for archiving""]
6 --> 9[""Generate invoices for SSP clients""]
8 --> 10[""EndNode""]
9 --> 10
"
147,"
graph LR
0[""Receiving machine from customer""] --> 1[""Gathering information about the fault""]
1 --> 2[""Writing service contract""]
2 --> 3[""Obtaining customer's signature""]
2 --> 4[""Placing other half of contract with machine""]
2 --> 5[""Giving customer other half of contract""]
3 --> 6[""Writing contract number on sticker""]
3 --> 7[""Attaching sticker to machine""]
6 --> 8[""Transporting machine to workshop""]
7 --> 8
8 --> 9[""Receiving machine at workshop""]
9 --> 10[""Process end""]
"
148,"
graph LR
0[""StartNode""] --> 1[""Check Order Request""]
1 --> 2{""Can Order be fulfilled?""}
2 --> |""Yes""|3[""Order Confirmation""]
2 --> |""No""|4[""Order Rejection""]
3 --> 5[""Deliver Order""]
4 --> 5[""Mark Order as Rejected""]
5 --> 6[""EndNode""]
2 --> |""Repeat Check""|2
"
149,"
graph LR
0[""StartNode""] --> 1[""select vbelv & vbeln from vbfa into ivbfa_completo_t""]
1 --> 2[""sort the result""]
2 --> 3[""perform NOP""]
3 --> 4[""copy vbelv's from ivbfa_completo_t to it_unolips""]
4 --> 5[""sort it_unolips and remove duplicates""]
5 --> 6[""remove entries from it_likp that don't have a vbeln in it_unolips""]
6 --> 7[""perform a left outer join between lips and it_likp on vbeln and vgpos, and store vbeln & vgbel in it_lipsm""]
7 --> 8[""sort it_lipsm & remove duplicates""]
8 --> 9[""perform a left outer join between vbfa and it_lipsm, and store vbeln,... in it_vbfa_completo""]
9 --> 10[""remove from it_vbfa_completo where plmin!= '+' and sort it""]
10 --> 11[""perform a left outer join between lips and it_unolips, and store the result in it_lips""]
11 --> 12[""sort it_likp by vbeln and select * from it_likp where lifex!= space, storing the result in it_lifex sorted by vbeln""]
12 --> 13[""replace it_vbfa_completo-secuencia with corresponding it_lifex-lifex""]
13 --> 14[""perform busca_pedido_vbapt and busca_factura_vbapt, and clear any errors""]
14 --> 15{""c_si in r_valida?""}
15 --> |""no""|16[""perform a left outer join between vbap and it_vbfa_completo, and store the result in imatkl""]
15 --> |""yes""|17{""pvstel in r_exclog?""}
17 --> |""yes""|16
17 --> |""no""|18[""transfer maktl from imaktl to it_vbfa_completo""]
18 --> 19{""it_nofacturado empty?""}
19 --> |""no""|20[""set & print error""]
19 --> |""yes""|21{""error?""}
21 --> |""no""|16
21 --> |""yes""|22[""EndNode""]
"
150,"
graph LR
0[""StartNode""] --> 1[""Visit Travel agency""]
1 --> 2{""Decide on trip""}
2 --> 3[""Select Land""]
2 --> 4[""Choose Tour""]
3 --> 5[""Booking Italy""]
4 --> 6[""Booking Venice""]
5 --> 7[""Permit paid""]
6 --> 7
7 --> 8[""Obtain permit""]
8 --> 9[""Organize vacation""]
9 --> 10[""EndNode""]
"
151,"
graph LR
0[""StartNode""] --> 1[""Conduct a Property Survey""]
0 --> 2[""Conduct a Property Title Search""]
1 --> 3[""Check customers Credit History""]
2 --> 3
3 --> 4[""EndNode""]
"
152,"
graph LR
0[""StartNode""] --> 1[""Conduct assessment""]
0 --> 2[""Check credit history""]
0 --> 3[""Conduct property title search""]
0 --> 4[""Perform property survey""]
1 --> 5[""Assessment complete""]
2 --> 5
3 --> 5
4 --> 5
5 --> 6[""EndNode""]
"
153,"
graph LR
0[""StartNode""] --> 1[""Request material""]
1 --> 2[""Manage inventory""]
2 --> 3{""Material in stock?""}
3 --> |""No""|4[""Place orders to suppliers""]
3 --> |""Yes""|5[""Manage transfers of material""]
5 --> 3
3 --> |""No""|4
4 --> 6[""Monitor progress of purchase orders""]
6 --> 7[""Receive requested material""]
7 --> 8[""Receive incoming material supplies""]
8 --> 9[""Release invoices for payment""]
9 --> 10[""EndNode""]
"
154,"
graph LR
0[""Select Meetings p1""] --> 1[""Send Consolidated Referee Forms""]
1 --> 2[""Send Round 2 Evaluation Form""]
1 --> 6[""Answer Questions from Panel Members""]
1 --> 7[""Log Questions in FAQ""]
2 --> 3[""Follow up with Evaluation Sheet""]
3 --> 4[""Receive Evaluation Sheets""]
4 --> 5[""Consolidate Evaluations""]
6 --> 8[""EndNode""]
7 --> 8
"
155,"
graph LR
0[""StartNode""] --> 1[""Change status to Tender""]
1 --> 2[""Send email enclosing load tenders""]
2 --> 3[""Consolidate load tenders""]
3 --> 4[""Print shipping labels and picking list""]
4 --> 5[""Sort labels by customer and item type""]
5 --> 6[""Assign loading doors to orders""]
6 --> 7[""Forklift collects items for order""]
7 --> 8{""All items available?""}
8 --> |""Yes""|9[""Leave order at door and stick labels on boxes""]
8 --> |""No""|10[""Inform customer clerk""]
9 --> 11[""EndNode""]
10 --> 11
"
156,"
graph LR
0[""StartNode""] --> 1[""Collect daily mail""]
1 --> 2[""Sort unopened mail""]
2 --> 3[""Sort opened mail""]
3 --> 4[""Register mail""]
4 --> 5[""Check mail compliance""]
5 --> 6[""Capture matter details""]
6 --> 7[""Receive payment""]
7 --> 8[""Compile mailed document requisition""]
8 --> 9[""EndNode""]
7 --> 10[""Prepare response""]
10 --> 9
7 --> 11[""Capture party details""]
11 --> 12[""Print file server""]
12 --> 9
"
157,"
graph LR
0[""StartNode""] --> 1[""Check customary credit history""]
0 --> 2[""Conduct Property Survey""]
1 --> 3[""Search for property title""]
2 --> 3
3 --> 4[""EndNode""]
"
158,"
graph LR
0[""StartNode""] --> 1[""Report Problem""]
1 --> 2[""Ask Questions""]
2 --> 3[""Answer Questions""]
3 --> 4{""Can Account Manager handle issue?""}
4 --> |""Yes""|5[""Provide Solution""]
4 --> |""No""|6[""Ask First Level Support""]
6 --> 7{""Can First Level Support handle issue?""}
7 --> |""Yes""|8[""Provide Feedback to Account Manager""]
7 --> |""No""|9[""Ask Developer for Help""]
8 --> 10[""Provide Solution""]
9 --> 11[""Provide Feedback to First Level Support""]
11 --> 12[""Provide Feedback to Account Manager""]
12 --> 10
"
159,"
graph LR
0[""Acknowledge hunger""] --> 1[""Choose a dish""]
1 --> 2[""Select Spaghetti""]
1 --> 3[""Choose a Drink""]
2 --> 4[""Order Spaghetti""]
3 --> 5[""Order Drink""]
4 --> 6[""Eat Spaghetti and Drink""]
5 --> 6
6 --> 7[""Settle bill""]
7 --> 8[""EndNode""]
"
160,"
graph LR
0[""StartNode""] --> 1[""Receive Order""]
1 --> 2[""Send Invoice""]
1 --> 3[""Ship Products""]
2 --> 4[""Receive Payment""]
3 --> 4
4 --> 5[""EndNode""]
"
161,"
graph LR
0[""StartNode""] --> 1[""BG""]
1 --> 2[""BH""]
2 --> 3[""DG""]
3 --> 4[""BE""]
4 --> 5[""DF""]
0 --> 6[""DC""]
6 --> 7[""DE""]
7 --> 8[""CW""]
5 --> 9[""CW""]
8 --> 10[""CU""]
10 --> 11[""EndNode""]
"
162,"
graph LR
0[""StartNode""] --> 1[""Receive Invoice""]
1 --> 2[""Make Payment""]
2 --> 3[""Check Accounts""]
3 --> 4{""Need to Contact Customer?""}
4 --> |""Yes""|5{""Need to Resolve Invoice?""}
5 --> |""Yes""|6[""Make Journal Entry""]
5 --> |""No""|7[""Contact Customer""]
4 --> |""No""|8{""Three Strikes?""}
8 --> |""Yes""|9[""Contact Customer for Negotiations""]
8 --> |""No""|3
6 --> 10[""Debit Cash Account""]
9 --> 11[""EndNode""]
10 --> 11
"
163,"
graph LR
0[""StartNode""] --> 1[""Announce the arrival""]
1 --> 2{""Person already registered?""}
2 --> |""No""| 3[""Send registration details""]
2 --> |""Yes""| 4[""Request registration form""]
3 --> 5[""EndNode""]
4 --> 6[""Announce the start of measurement""]
6 --> 5
"
164,"
graph LR
0[""StartNode""] --> 1{""Offer signed?""}
1 --> |""Yes""|2[""Proceed to reception and sign the offer""]
1 --> |""No""|3[""Register offer loss""]
3 --> 4[""Register opportunity loss""]
2 --> 5[""EndNode""]
4 --> 5
0 --> 6[""Check if competitor information is available""] 
6 --> 7{""Competitor information available?""}
7 --> |""Yes""|8[""Register competitor information""]
7 --> |""No""|5
8 --> 5
"
165,"
graph LR
0[""StartNode""] --> 1[""Check quality and update record""]
1 --> 2{""Quality okay?""}
2 --> |""No""|3[""Inform IT Manager""]
2 --> |""Yes""|4[""Check for permanent solution""]
4 --> 5{""Permanent solution found?""}
5 --> |""No""|3
5 --> |""Yes""|6[""Close service call""]
6 --> 7{""Service call closed?""}
7 --> |""No""|8[""Send service request to vendor""]
7 --> |""Yes""|9[""Stop process""]
3 --> 10[""EndNode""]
8 --> 10
9 --> 10
"
166,"
graph LR
0[""StartNode""] --> 1[""check information if complete""]
1 --> 2{""information complete?""}
2 --> |""Yes""|3[""add incoming mail number""]
2 --> |""No""|4[""call the customer""]
3 --> 5[""archive the letter""]
3 --> 6[""check if the applicant is a member""]
4 --> 7[""EndNode""]
5 --> 6
6 --> 8{""applicant is a member?""}
8 --> |""Yes""|9[""stamp 'new member' on the letter""]
8 --> |""No""|10[""write a letter to applicant""]
9 --> 11[""add the member to the member register""]
10 --> 12[""EndNode""]
11 --> 13[""calculate the membership fee""]
13 --> 14[""write amount in the membership register""]
14 --> 15[""write an invoice for the payment of the first fee""]
15 --> 16[""send invoice""]
16 --> 17[""print membership card""]
17 --> 18[""send membership card""]
18 --> 19[""wait for payment""]
19 --> 20[""EndNode""]
"
167,"
graph LR
0[""StartNode""] --> 1[""Notify director""]
0 --> 2[""Receive patient interview""]
0 --> 3[""Receive expert review""]
2 --> 4[""File interview results""]
3 --> 5[""File expert review results""]
4 --> 6[""Create report""]
5 --> 6
6 --> 7[""EndNode""]
"
168,"
graph LR
0[""newCallOffOrderEvent""] --> 1[""sendOrder""]
1 --> 2[""executeCallOff""]
1 --> 3[""transport.transport""]
2 --> 4[""delivery inspection""]
4 --> 5[""EndNode""]
1 --> 6[""askForInvoice""]
1 --> 7[""askForCallOffConfirmation""]
6 --> 8[""send invoice""]
7 --> 9[""send call-off confirmation""]
8 --> 5
9 --> 5
"
169,"
graph LR
0[""StartNode""] --> 1[""Set travel schedules""]
1 --> 2[""Look for accommodation""]
2 --> 3[""Request quote for transportation and accommodation""]
3 --> 4[""Fill mission order request (MOR)""]
4 --> 5[""Check MOR for relevancy and cost""]
5 --> 6[""Choose financial contract""]
6 --> 7{""Is mission approved?""}
7 --> |""Yes""|8[""Approve by signing""]
7 --> |""No""|9[""Disapprove""]
8 --> 10[""Address MOR and quote to assistant""]
10 --> 11[""Check credit availability""]
11 --> 12[""Place order""]
12 --> 13[""Enter mission data in budget management tool""]
13 --> 14{""Is financier employer?""}
14 --> |""Yes""|15[""Send dossier to direction for approval""]
14 --> |""No""|16[""Make mission order without expenses (MOWE)""]
15 --> 17[""Check documents""]
17 --> 18{""Is document approved?""}
18 --> |""Yes""|19[""Approve by signing""]
18 --> |""No""|20[""Disapprove""]
19 --> 21[""Give copy of MO and/or MOWE to employee""]
21 --> 22[""Classify all documents""]
22 --> 23[""EndNode""]
"
170,"
graph LR
0[""StartNode""] --> 1[""Assess weak points in development""]
1 --> 2[""Choose employees for training""]
2 --> 3[""Specify education needs""]
2 --> 4[""Decide on training method""]
2 --> 5[""Check employee availability""]
3 --> 6[""Consult with employee""]
4 --> 6
5 --> 6
6 --> 7[""Set training dates""]
7 --> 8[""Finalize education requirements""]
8 --> 9[""Sign contract""]
9 --> 10[""EndNode""]
"
171,"
graph LR
0[""StartNode""] --> 1[""Create Functional design document""]
1 --> 2[""Create State specific Business scenarios""]
1 --> 3[""Create Rating scenarios""]
1 --> 4[""Create Forms scenarios""]
1 --> 5[""Create UI test cases""]
2 --> 6[""Test Document Review""]
3 --> 6
4 --> 6
5 --> 6
6 --> 7[""Test Execution""]
7 --> 8[""Test Audit""]
8 --> 9[""Test Report signoff""]
9 --> 10[""End of State Roll out process""]
"
172,"
graph LR
0[""StartNode""] --> 1[""Issue report to client""]
0 --> 2[""Issue report to registry""]
0 --> 3[""Issue report to accounts receivable""]
1 --> 4[""EndNode""]
2 --> 4
3 --> 4
"
173,"
graph LR
0[""StartNode""] --> 1[""Schedule production activities""]
1 --> 2[""Procure materials""]
2 --> 3[""Issue materials""]
3 --> 4[""Produce products""]
4 --> 5[""Test products""]
5 --> 6[""Package products""]
6 --> 7[""Dispose of waste""]
6 --> 8[""Stage products""]
7 --> 9[""Release for delivery""]
8 --> 9
"
174,"
graph LR
0[""StartNode""] --> 1[""Verify form structure""]
1 --> 2{""Form correct?""}
2 --> |""No""|3[""Form error""]
2 --> |""Yes""|4[""Verify proposal""]
4 --> 5{""Everything okay?""}
5 --> |""Yes""|6[""Process successful""]
5 --> |""No""|7[""Process failure""]
3 --> 8[""EndNode""]
6 --> 8
7 --> 8
"
175,"
graph LR
0[""StartNode""] --> 1[""Book the car park location""]
0 --> 2[""Provide the guideline to the car park""]
1 --> 3[""Bill the credit card""]
2 --> 3
3 --> 4[""EndNode""]
"
176,"
graph LR
0[""Fill pot with water""] --> 1[""Boil water""]
0 --> 2[""Prepare tomato sauce""]
0 --> 1
2 --> 3[""Add seasoning""]
1 --> 4[""Put noodles in boiling water""]
2 --> 3 --> 5[""Mix noodles with tomato sauce""]
4 --> 5
"
177,"
graph LR
0[""Receive order""] --> 1[""Send invoice""]
0 --> 2[""Ship products""]
1 --> 3[""Receive payment""]
3 --> 4[""EndNode""]
"
178,"
graph LR
0[""StartNode""] --> 1[""T1""]
0 --> 2[""T2""]
0 --> 3[""T3""]
1 --> 4[""T4""]
2 --> 4
3 --> 4
4 --> 5[""EndNode""]
"
179,"
graph LR
0[""StartNode""] --> 1[""Announce arrival""]
1 --> 2[""Request registration form""]
2 --> 3{""Registration form obtained?""}
3 --> |""No""|4[""Send registration details""]
3 --> |""Yes""|5[""Provide registration form""]
4 --> 3
5 --> 6[""Announce measurement""]
6 --> 7{""Registration in van?""}
7 --> |""Yes""|8[""Permit registration""]
7 --> |""No""|9[""Request person to leave van""]
8 --> 10{""Subject ready?""}
8 --> 11[""Send questionnaire answers""]
9 --> 12[""Subject not ready""]
10 --> |""Yes""|13[""EndNode""]
10 --> |""No""|11
11 --> 14[""Send registration ID""]
14 --> 13
"
180,"
graph LR
0[""StartNode""] --> 1[""Vendor sends invoice""]
1 --> 2[""Vendor receives invoice""]
2 --> 3[""Check invoice against inventory""]
3 --> 4{""Instruction?""}
4 --> |""send over the invoice""|5[""Enter invoice information in Payment Out Module""]
4 --> |""contact the vendor""|6[""Revise invoice on the spot""]
5 --> 7[""Make payment""]
6 --> 2
7 --> 8[""Process payment""]
8 --> 9[""Forward payment to vendor""]
9 --> 10[""Close order""]
10 --> 11[""EndNode""]
"
181,"
graph LR
0[""StartNode""] --> 1[""Incoming Order""]
1 --> 2[""Check Availability""]
2 --> 3{""Is the Item Available?""}
3 --> |""Yes""|4[""Send the Item""]
3 --> |""No""|5[""Procure the Item""]
5 --> 2
4 --> 6[""Process Payment""]
5 --> 4
6 --> 7[""EndNode""]
"
182,"
graph LR
0[""StartNode""] --> 1[""Submit application""]
1 --> 2[""Deliver required documents""]
2 --> 3[""Conduct completeness check""]
3 --> 4{""Is application complete?""}
4 --> |""No""|5[""Send email regarding incompleteness""]
4 --> |""Yes""|6[""Send copies of documents to academic recognition agency""]
5 --> 7[""EndNode""]
6 --> 7
4 --> |""No""|3
"
183,"
graph LR
0[""StartNode""] --> 1[""Identify errors""]
1 --> 2[""Highlight errors on Invoice Entry Form""]
1 --> 3[""Keep track of errors per Data Entry Officer""]
2 --> 4[""Return invoice to Data Entry Officer""]
3 --> 4
4 --> 5[""Record number of errors per Data Entry Officer""]
5 --> 6[""EndNode""]
"
184,"
graph LR
0[""StartNode""] --> 1[""Collect process list and scope""]
1 --> 2[""Conduct interviews""]
2 --> 3[""Define process models and related metrics""]
3 --> 4[""Publish models to PCE""]
4 --> 5[""Provide comments and feedback""]
4 --> 4
5 --> 6[""Collect and review feedback""]
6 --> 7[""EndNode""]
"
185,"
graph LR
0[""StartNode""] --> 1[""Send message""]
0 --> 2[""Analyze sender""]
0 --> 3[""Analyze message""]
2 --> 4[""Generate reply""]
3 --> 4
4 --> 5[""Send reply""]
5 --> 6[""EndNode""]
"
186,"
graph LR
0[""StartNode""] --> 1[""Select a pizza and place an order""]
1 --> 2[""Pizza made and delivered""]
2 --> 3{""Has pizza been delivered?""}
3 --> |""Yes""|4[""Make payment""]
4 --> 5[""Receive receipt""]
3 --> |""No""|6{""Has it been over 60 minutes?""}
6 --> |""Yes""|7[""Call vendor and inquire about status of pizza""]
7 --> 3
6 --> |""No""|8[""Wait for pizza""]
8 --> 9[""Waiting finished?""]
8 --> 6
9 --> 6
10[""Wait for pizza triggered a call""] --> 11[""Call vendor and ask for pizza""]
11 --> 3
"
187,"
graph LR
0[""StartNode""] --> 1[""Complete steps""]
1 --> 2{""10 working days passed?""}
2 --> |""Yes""|3[""Send reminder""]
2 --> |""No""|1
3 --> 4{""Reminder received?""}
4 --> |""Yes""|5[""Give additional 10 working days""]
4 --> |""No""|1
1 --> 6{""30 working days passed?""}
6 --> |""Yes""|7[""Cancel job""]
6 --> |""No""|1
7 --> 8[""EndNode""]
"
188,"
graph LR
0[""StartNode""] --> 1[""Feeling tired""]
0 --> 2[""Put on pajamas""]
0 --> 3[""Brush teeth""]
1 --> 4[""Ready for bed""]
2 --> 4
3 --> 4
4 --> 5[""EndNode""]
"
189,"
graph LR
0[""StartNode""] --> 1[""Inquiry""]
1 --> 2[""Quotation""]
2 --> 3{""Pricing and Terms satisfactory?""}
3 --> |""Yes""|4[""Purchase Order""]
3 --> |""No""|2
4 --> 5[""Sales Order""]
5 --> 6[""Shipment""]
6 --> 7[""Update Sales Order""]
7 --> 8[""Generate and send Invoice/Bill""]
8 --> 9{""Payment received?""}
9 --> |""No""|10[""Reminder""]
9 --> |""Yes""|11[""Record Payment""]
10 --> 12[""EndNode""]
11 --> 12
"
190,"
graph LR
0[""StartNode""] --> 1[""Post job vacancy""]
1 --> 2[""Enter job profile""]
2 --> 3{""Has job profile been forwarded?""}
3 --> |""Yes""|4[""Extend job profile""]
3 --> |""No""|2
4 --> 5{""Has job profile been released?""}
4 --> |""No""|4
5 --> |""Yes""|6[""Create job profile""]
6 --> 7[""Choose recruiting channels""]
5 --> |""No""|4
7 --> 8[""EndNode""]
"
191,"
graph LR
0[""StartNode""] --> 1[""New Signup""]
1 --> 2[""Country/Origin""]
1 --> 3[""Choose Account Type""]
1 --> 4[""Enter Details""]
4 --> 5[""Verify Details and Language""]
5 --> 6[""Verify Email""]
6 --> 7[""Verify Credit Card/Bank Account""]
7 --> 8[""EndNode""]
"
192,"
graph LR
0[""StartNode""] --> 1[""Check customer credit history""]
0 --> 2[""Search property title""]
1 --> 3[""Conduct property survey""]
2 --> 3
3 --> 4[""EndNode""]
"
193,"
graph LR
0[""StartNode""] --> 1[""Generate payment report""]
1 --> 2[""Pay vendor""]
2 --> 3[""Send payment record to Accounts Receivable Department""]
2 --> 4[""Send payment report to registry""]
3 --> 5[""Archive invoices""]
4 --> 5
5 --> 6[""Charge $35 per paid invoice""]
6 --> 7[""Generate monthly invoices for SSP's clients""]
7 --> 8[""EndNode""]
"
194,"
graph LR
0[""StartNode""] --> 1[""TASK1""]
1 --> 2[""TASK2""]
2 --> 3[""TASK3""]
2 --> 4[""TASK4""]
3 --> 5[""TASK5""]
4 --> 5
5 --> 6[""EndNode""]
"
195,"
graph LR
0[""Create purchase requisition""] --> 1[""Submit purchase order""]
1 --> 2[""Send ordered materials""]
2 --> 3{""Is shipment incomplete?""}
3 --> |""Yes""|4[""Communicate problems""]
3 --> |""No""|5[""Verify documents""]
4 --> 2
5 --> 6{""Is shipment complete and documents verified?""}
6 --> |""Yes""|7[""Send payment""]
6 --> |""No""|2
7 --> 8[""EndNode""]
"
196,"
graph LR
0[""StartNode""] --> 1[""Distribute applications to recruitment panel""]
1 --> 2[""Email evaluation sheet to recruitment panel""]
2 --> 3[""Follow-up on receipt of evaluation sheets""]
3 --> 4[""Consolidate rankings""]
4 --> 5[""Distribute consolidated ranking sheet""]
5 --> 6[""EndNode""]
"
197,"
graph LR
0[""Select case""] --> 1[""Perform as-is analysis""]
1 --> 2[""Develop to-be model""]
1 --> 3[""Prepare final report""]
2 --> 4[""Prepare presentation""]
3 --> 4
4 --> 5[""Deliver presentation""]
5 --> 6[""EndNode""]
"
198,"
graph LR
0[""StartNode""] --> 1[""Procure Part""]
1 --> 2{""All parts available?""}
2 --> |""Yes""|3[""EndNode""]
2 --> |""No""|4{""All parts available?""}
4 --> |""Yes""|3
4 --> |""No""|5[""Part Auction""]
5 --> 3
"
199,"
graph LR
0[""StartNode""] --> 1[""Loan Request""]
1 --> 2[""Collect Credit Information""]
2 --> 3{""Amount >= 1M$""}
3 --> |""Yes""|4[""Assess Risk""]
3 --> |""No""|5[""Request Approval""]
4 --> 6{""Risk low?""}
6 --> |""Yes""|7[""Accept Credit""]
6 --> |""No""|5
5 --> 8{""Credit approved?""}
8 --> |""Yes""|7
8 --> |""No""|9[""Reject Credit""]
7 --> 10[""EndNode""]
9 --> 10
"
200,"
graph LR
0[""StartNode""] --> 1[""Test-Task starts""]
1 --> 2[""Parallel 1""]
1 --> 3[""Parallel 2""]
2 --> 4[""EndNode""]
3 --> 4
"
201,"
graph LR
0[""StartNode""] --> 1[""Verify RFQ""]
1 --> 2{""RFQ Verified?""}
2 --> |""No""|3[""Ask for more information""]
2 --> |""Yes""|4[""Analyze RFQ and provide L&M cost estimates""]
3 --> 5[""Ask for clarification""]
5 --> 4
4 --> 6[""Add overhead costs to generate pricing options""]
6 --> 7[""Generate sales quote""]
7 --> 8[""EndNode""]
"
202,"
graph LR
0[""Validating invoice""] --> 3[""Run payment file process""]
1[""Wait until end of the week""] --> 3[""Run payment file process""]
3 --> 4[""Generate payment report""]
4 --> 5[""Send payment report to client""]
4 --> 6[""Send payment report to AR Dept""]
4 --> 7[""Send payment report to the registry""]
5 --> 8[""Archive invoice""]
6 --> 9[""Generate bills for SSP clients""]
7 --> 10[""Archive invoice""]
9 --> 11[""Send report of fees to client""]
11 --> 12[""EndNode""]
8 --> 12
10 --> 12
"
203,"
graph LR
0[""StartNode""] --> 1[""Validate invoice information for payment""]
1 --> 2[""Check validated invoices from SAP""]
2 --> 3[""Check possible date for payment""]
3 --> 4[""Arrange payment process""]
4 --> 5[""Time to run""]
5 --> 6[""Run payment process""]
6 --> 7[""Generate payment reports""]
7 --> 8[""Send payment reports to the client""]
7 --> 9[""Send payment reports to the registry""]
7 --> 10[""Send payment reports to the accounts receivable department officer""]
8 --> 11[""EndNode""]
9 --> 11
10 --> 12[""Generate monthly invoices""]
12 --> 13[""Send monthly invoices to the client""]
13 --> 11
"
204,"
graph LR
0[""StartNode""] --> 1[""Finish meal""]
1 --> 2{""Wash down with a refreshing drink?""}
2 --> |""Yes""|3[""Wash down with a refreshing drink""]
2 --> 4[""Add dish detergent""]
2 --> 5[""Let the water down""]
2 --> 6[""Sink the dirty dishes""]
4 --> 7[""Wash the dishes""]
5 --> 7
6 --> 7
3 --> 7
7 --> 8[""EndNode""]
"
205,"
graph LR
0[""StartNode""] --> 1[""Check availability with supplier""]
1 --> 2{""Deliverable?""}
2 --> |""No""|4[""Process ended""]
2 --> |""Yes""|3{""More than 2 days?""}
3 --> |""Yes""|5[""Late delivery""]
3 --> |""No""|5[""Order from supplier""]
5 --> 6[""Wait for article to be received""]
6 --> 7[""Procure article""]
7 --> 8[""EndNode""]
"
206,"
graph LR
0[""StartNode""] --> 1[""BI""]
1 --> 2[""BJ""]
2 --> 3[""DP""]
3 --> 4[""BG""]
4 --> 5[""DO""]
0 --> 6[""DL""]
6 --> 7[""DN""]
7 --> 8[""DM""]
8 --> 9[""DD""]
9 --> 10[""DB""]
10 --> 11[""EndNode""]
"
207,"
graph LR
0[""Pay Invoices""] --> 1[""Generate Payment Report""]
1 --> 2[""Send Payment Report to Accounts Receivable Department""]
1 --> 3[""Send Payment Report to Registry""]
2 --> 4[""Generate Monthly Invoices for Clients""]
3 --> 5[""Select Paper-Based Invoices""]
4 --> 6[""Ended""]
5 --> 6[""Sort Invoices per Client""]
6 --> 7[""Sort Invoices per Payment Data""]
7 --> 8[""Archive Invoices""]
"
208,"
graph LR
0[""Request for Quotation""] --> 1[""Sales""]
1 --> 2[""Contract Establishment""]
2 --> 3[""Order Management""]
3 --> 4[""Backlog Management""]
4 --> 5[""Revenue Realization""]
5 --> 6[""Process Conclusion""]
"
209,"
graph LR
0[""StartNode""] --> 1[""Cost calculation sent""]
1 --> 2[""Answer received""]
2 --> 3{""Client decision""}
3 --> |""accepted""|4[""Receive computer for repair""]
3 --> |""not accepted""|5[""Client takes computer home""]
4 --> 6[""Check and repair""]
6 --> 7[""Repair done""]
7 --> 8[""EndNode""]
5 --> 8
"
210,"
graph LR
0[""StartNode""] --> 1[""Arrange invoices""]
1 --> 2[""Sort invoices""]
2 --> 3[""Staple entry form""]
2 --> 4[""Enter vendor name""]
2 --> 5[""Enter client name""]
2 --> 6[""Enter date of arrival""]
3 --> 7[""EndNode""]
4 --> 7
5 --> 7
6 --> 7
"
211,"
graph LR
0[""StartNode""] --> 1[""Receive Claim""]
1 --> 2[""Check Completeness""]
2 --> 3{""Data complete?""}
3 --> |""No""|4[""Send Failure Notice""]
4 --> 5[""EndNode""]
3 --> |""Yes""|6[""Check Insurance Case""]
6 --> 7[""Send Expert""]
7 --> 8[""Define Insurance Case""]
8 --> 9[""Wait for Invoice""]
9 --> 10[""Receive Invoice""]
10 --> 11[""Pay Invoice""]
11 --> 12[""EndNode""]
"
212,"
graph LR
0[""StartNode""] --> 1[""Request for Quotation""]
1 --> 2[""Customer submits RFQ""]
2 --> 3[""Quotation submitted""]
3 --> 4[""Receive Quotation""]
4 --> 5[""Submit Purchase Order""]
5 --> 6[""Send Goods""]
5 --> 7[""Send Invoice""]
6 --> 8[""Mark Goods as sent""]
7 --> 9[""Mark Invoice as sent""]
8 --> 10[""EndNode""]
9 --> 10
"
213,"
graph LR
0[""StartNode""] --> 1[""Check if order has been received""]
1 --> 2[""Check availability of article""]
2 --> 3{""Article available?""}
3 --> |""No""|4[""Procurement process""]
3 --> |""Yes""|5[""Ship article""]
5 --> 2
4 --> 5
5 --> 6[""Financial settlement""]
6 --> 7[""Wait for payment""]
7 --> 8[""EndNode""]
"
214,"
graph LR
0[""StartNode""] --> 1[""Mark Invoice as Paid""]
0 --> 2[""Send the report""]
2 --> 3[""Send the report""]
3 --> 4[""Send the report""]
4 --> 5[""Generate the monthly invoices""]
5 --> 6[""Charge $35 for each paid invoice""]
1 --> 5
6 --> 7[""EndNode""]
"
215,"
graph LR
0[""StartNode""] --> 1[""Check query source""]
1 --> 2{""Trusted partner?""}
2 --> |""Yes""|3[""Authorization based on access control policy""]
2 --> |""No""|4[""Specify level of visibility""]
3 --> 5[""EndNode""]
4 --> 1
1 --> 2
2 --> |""Yes""|3
2 --> |""No""|4
4 --> 6[""Act as NodeRefs for initial negotiation""]
6 --> 7[""Establish trust relationship and access control policy""]
7 --> 5
"
216,"
graph LR
0[""StartNode""] --> 1[""Verify stock quantities""]
1 --> 2{""Items in stock?""}
2 --> |""Yes""|3[""Pack goods""]
2 --> |""No""|4[""Create purchase order""]
3 --> 5[""Prepare to ship purchase order""]
5 --> 6[""Prepare shipment""]
6 --> 7[""EndNode""]
5 --> |""Goods on backorder""|8[""Goods on backorder""]
8 --> 7
"
217,"
graph LR
0[""StartNode""] --> 1[""Purchase Raw Materials""]
0 --> 2[""Make Production Plan""]
1 --> 3[""Manufacture Products""]
2 --> 3
3 --> 4[""EndNode""]
"
218,"
graph LR
0[""StartNode""] --> 1[""Prepare feedback proposal""]
1 --> 2[""Send for approval""]
2 --> 3{""Is feedback proposal approved?""}
3 --> |""No""|4[""Receive denial""]
3 --> |""Yes""|5[""Receive approval""]
4 --> 1
5 --> 6[""Request feedback""]
6 --> 7[""Wait for feedback receipt""]
7 --> 8[""Reply to feedback""]
8 --> 9[""Collect all feedback""]
9 --> 10[""Send collected feedback""]
10 --> 11[""Wait for collected feedback receipt""]
11 --> 12[""Analyze feedback""]
12 --> 13[""EndNode""]
"
219,"
graph LR
0[""StartNode""] --> 1[""Start and enter metadata""]
1 --> 2[""IN-Patient""]
1 --> 3[""Send data to suppliers""]
1 --> 4[""Create a claim""]
3 --> 5[""Extract data from suppliers""]
5 --> 6[""Transfer data to doctor's phone""]
6 --> 7[""Confirm GOP""]
7 --> 8[""EndNode""]
2 --> 9[""Register case""]
9 --> 10[""Handle claim""]
5 --> 11[""Enter data on patient's record""]
5 --> 12[""Confirm IN-Patient status""]
10 --> 13[""Receive payment""]
12 --> 8
11 --> 14[""Send data back to suppliers""]
14 --> 13
"
220,"
graph LR
0[""StartNode""] --> 1[""Wait for application form""]
1 --> 2[""Focus on specific task""]
1 --> 3[""Make assessment""]
3 --> 4[""Pay attention to sub-process""]
3 --> 5{""Offer available?""}
5 --> |""Yes""|6[""Offer mortgage""]
5 --> |""No""|7[""Send rejection""]
6 --> 8[""EndNode""]
7 --> 8
5 --> 3
"
221,"
graph LR
0[""StartNode""] --> 1[""Check volume of work required""]
1 --> 2[""Prepare timetable for next two weeks""]
2 --> 3[""Publish timetable""]
3 --> 4[""Fulfill availability of workers""]
3 --> 5[""Take into account non-availability of workers""]
4 --> 6[""Fill shift sheet""]
5 --> 6
6 --> 7[""Publish shift schedule""]
7 --> 8[""EndNode""]
"
222,"
graph LR
0[""StartNode""] --> 1{""Can we fulfill the order request?""}
1 --> |""Yes""|2[""Order confirmation""]
1 --> |""No""|3[""Reject the order""]
2 --> 4[""EndNode""]
3 --> 4
"
223,"
graph LR
0[""StartNode""] --> 1[""Determine workday""]
0 --> 2[""Determine season""]
1 --> 3[""Determine working hours""]
3 --> 4[""Determine thermostat temperature""]
4 --> 5[""EndNode""]
"
224,"
graph LR
0[""StartNode""] --> 1{""Trusted or non-trusted partner?""}
1 --> |""Trusted partner""|2[""Authorization based on access control policy""]
1 --> |""Non-trusted partner""|3[""Specify level of visibility""]
2 --> 4[""EndNode""]
3 --> 1
3 --> 5[""Acting as NodeRefs for initial negotiation""]
5 --> 4
"
225,"
graph LR
0[""StartNode""] --> 1[""Enter Order""]
1 --> 2{""Product on Sale?""}
2 --> |""Yes""|3[""Confirm Order Placement""]
2 --> |""No""|4[""Dismiss Order""]
3 --> 5{""Product on Sale?""}
5 --> |""Yes""|6[""Confirm Order Placement""]
5 --> |""No""|4
6 --> 7[""Order Placed""]
7 --> 8[""EndNode""]
4 --> 9[""Order Not Placed""]
9 --> 8
"
226,"
graph LR
0[""StartNode""] --> 1[""Request for Quotation""]
1 --> 2[""Sales""]
2 --> 3[""Contract Establishment""]
3 --> 4[""Order Management""]
4 --> 5[""Backlog Management""]
5 --> 6[""Revenue Realization""]
6 --> 7[""Process Conclusion""]
"
227,"
graph LR
0[""StartNode""] --> 1[""Enter required information""]
0 --> 2[""Enter client name""]
0 --> 3[""Enter vendor name""]
0 --> 4[""Enter date of arrival""]
1 --> 5[""EndNode""]
2 --> 5
3 --> 5
4 --> 5
"
228,"
graph LR
0[""StartNode""] --> 1[""Verify RFQ""]
1 --> 2{""RFQ verified?""}
2 --> |""Yes""|3[""Analyze RFQ""]
3 --> 4[""Provide L&M Cost Estimates""]
4 --> 2
2 --> |""No""|5[""Ask for more information""]
5 --> 6[""Provide clarification""]
6 --> 1
1 --> 7[""Analyze RFQ""]
7 --> 8[""Provide L&M Cost Estimates""]
8 --> 9[""Add overhead costs""]
9 --> 10[""Generate pricing options""]
10 --> 11[""Generate Sales Quote""]
11 --> 12[""EndNode""]
"
229,"
graph LR
0[""StartNode""] --> 1{""Order request can be fulfilled?""}
1 --> |""Yes""|2[""Confirmation""]
1 --> |""No""|3[""Rejection""]
2 --> 4[""Transmit delivery information""]
3 --> 5[""Mark order as rejected""]
4 --> 6[""Shipment""]
5 --> 7[""EndNode""]
6 --> 8[""Mark order as fulfilled""]
8 --> 7
"
230,"
graph LR
0[""StartNode""] --> 1[""Check if Change Request is realizable""]
1 --> 2{""Is Change Request realizable?""}
2 --> |""No""|3[""Withdraw correction""]
2 --> |""Yes""|4[""Create new transport request""]
3 --> 5[""EndNode""]
4 --> 6[""Select request type""]
6 --> 7{""Is request type workbench or customizing?""}
7 --> |""Workbench""|8[""Workbench development""]
7 --> |""Customizing""|9[""Customize development""]
8 --> 10[""Log on to development system""]
9 --> 10
10 --> 11[""Release transport request""]
11 --> 12[""Pass correction to test""]
12 --> 13[""Log on to test system""]
13 --> 14[""Check status""]
14 --> 15{""Is test successful?""}
15 --> |""No""|16[""Reset correction""]
15 --> |""Yes""|17[""Confirm successful test""]
16 --> 18[""Evaluate correction""]
17 --> 19[""Send email to change manager""]
18 --> 19
19 --> 20[""EndNode""]
"
231,"
graph LR
0[""StartNode""] --> 1[""Ask 1st Level Support""]
1 --> 2{""Issue resolved?""}
2 --> |""Yes""|3[""Provide feedback for Account Manager""]
2 --> |""No""|4[""Ask Developer for assistance""]
4 --> 2
4 --> 5[""Provide feedback for 1st Level Support""]
5 --> 3
3 --> 6[""EndNode""]
"
232,"
graph LR
0[""StartNode""] --> 1[""Inquire about product availability""]
1 --> 2[""Create Quotation""]
2 --> 3[""Check Pricing and Terms""]
3 --> 4{""Pricing and Terms Satisfactory?""}
4 --> |""No""|1
4 --> |""Yes""|5[""Send Purchase Order to Sales""]
5 --> 6[""Create Sales Order""]
6 --> 7[""Prepare and Send Shipment""]
7 --> 8{""Sufficient quantity of products?""}
8 --> |""No""|9[""Back Order and Document Unavailable Parts""]
8 --> |""Yes""|10[""Update Sales Order and Shipped by Data""]
9 --> 11[""EndNode""]
10 --> 12{""Payment Received?""}
12 --> |""Yes""|11
12 --> |""No""|13{""Payment over 30 days late?""}
13 --> |""No""|12
13 --> |""Yes""|14[""Send Payment Reminder""]
14 --> 12
"
233,"
graph LR
0[""StartNode""] --> 1[""Product Inquiry""]
1 --> 2[""Create Price Quote""]
2 --> 3[""Create Sales Order""]
3 --> 4{""Sufficient Quantities?""}
4 --> |""Yes""|5[""Ship Items""]
4 --> |""No""|6[""Backorder""]
5 --> 7[""Prepare Invoice""]
7 --> 8{""Payment Received <30 days?""}
8 --> |""Yes""|9[""Process Payment""]
8 --> |""No""|10[""Send Reminder""]
9 --> 11[""EndNode""]
10 --> 11
6 --> 11
"
234,"
graph LR
0[""StartNode""] --> 1[""Arrive at shopping mall""]
1 --> 2[""Choose presents""]
1 --> 3[""Buy perfume""]
1 --> 4[""Buy necklace""]
2 --> 5[""Finish shopping""]
3 --> 5
4 --> 5
5 --> 6[""EndNode""]
"
235,"
graph LR
0[""StartNode""] --> 1[""Initiate process""]
0 --> 2[""Buy a Car""]
0 --> 3[""Choose a Bike""]
0 --> 4[""Buy a House""]
0 --> 5[""Buy a Kitchen""]
1 --> 6[""Buy a Pizza""]
4 --> 6
5 --> 6
6 --> 7[""Buy a Mountain Bike""]
6 --> 8[""Buy a City Bike""]
7 --> 9[""EndNode""]
8 --> 9
"
236,"
graph LR
0[""StartNode""] --> 1[""Receive purchase invoice""]
1 --> 2[""Check validated invoices from SAP""]
2 --> 3[""Check possible date for payment""]
3 --> 4[""Make payment""]
4 --> 5[""Run payment process""]
5 --> 6[""Generate payment reports""]
6 --> 7[""Send payment reports to client""]
6 --> 8[""Send payment reports to registry""]
6 --> 9[""Send payment reports to accounts receivable department officer""]
7 --> 10[""EndNode""]
8 --> 10
9 --> 11[""Receive reports""]
11 --> 12[""Generate monthly invoices""]
12 --> 13[""Send SSP invoice to client""]
13 --> 10
"
237,"
graph LR
0[""StartNode""] --> 1[""Incident Identification""]
1 --> 2[""Incident Logging""]
2 --> 3[""Incident Categorization""]
3 --> 4{""Is it a Service Request?""}
4 --> |""Yes""|5[""Request Fulfilment""]
4 --> |""No""|6[""Incident Prioritization""]
5 --> 7[""EndNode""]
6 --> 8{""Is it a Major Incident?""}
8 --> |""Yes""|9[""Escalate""]
8 --> |""No""|10[""Initial Diagnosis""]
9 --> 11[""EndNode""]
10 --> 12{""Is it Fixed in agreed time?""}
12 --> |""Yes""|13[""Incident Closure""]
12 --> |""No""|14{""Is Hierarchic escalation needed?""}
13 --> 15[""EndNode""]
14 --> |""Yes""|16[""Escalate to management""]
14 --> |""No""|17[""Investigation and Diagnosis""]
15 --> 18[""EndNode""]
16 --> 18
17 --> 19{""Is Hierarchic escalation needed?""}
18 --> 20[""EndNode""]
19 --> |""Yes""|21[""Escalate to management""]
19 --> |""No""|22[""Incident Closure""]
20 --> 23[""EndNode""]
21 --> 23
22 --> 23
"
238,"
graph LR
0[""StartNode""] --> 1[""Send main document""]
1 --> 2{""Should we send Supplement A?""}
2 --> |""Yes""|3[""Send Supplement A""]
2 --> |""No""|4[""EndNode""]
3 --> 5{""Should we send Supplement A again?""}
3 --> 6[""Send Supplement B""]
5 --> |""Yes""|3
5 --> |""No""|4
6 --> 7{""Should we send Supplement B?""}
6 --> 8[""Send Supplement B""]
7 --> |""Yes""|8
7 --> |""No""|4
8 --> 9[""EndNode""]
"
239,"
graph LR
0[""StartNode""] --> 1[""Receive email with survey and testimonial request""]
1 --> 2[""Receive survey""]
1 --> 3[""Receive testimonial request""]
2 --> 4[""Respond to survey""]
3 --> 5[""Write testimonial""]
4 --> 6[""EndNode""]
5 --> 6
"
240,"
graph LR
0[""StartNode""] --> 1[""Report computer problem""]
1 --> 2[""Bring computer to ACM""]
2 --> 3[""Receive estimates and describe problem""]
3 --> 4[""Evaluate estimates""]
4 --> 5{""Agree with terms?""}
5 --> |""No""|6[""Take computer back""]
5 --> |""Yes""|7[""Authorize repair""]
6 --> 8[""EndNode""]
7 --> 9[""Pick up notice for computer pickup""]
9 --> 10[""Pick up computer""]
10 --> 11[""Check if computer has been repaired""]
11 --> 12{""Has computer been repaired?""}
12 --> |""No""|13[""EndNode""]
12 --> |""Yes""|14[""Pay for work done""]
14 --> 15[""EndNode""]
"
241,"
graph LR
0[""StartNode""] --> 1[""Enter invoices to validation office""]
1 --> 2[""Proceed with invoices validation""]
2 --> 3[""Tick box 'invoice entered correctly' on invoices form""]
3 --> 4[""Log into SAP""]
4 --> 5[""Change data status from parked to validated""]
5 --> 6[""Forward validated invoices to Registry officers""]
5 --> 7[""Forward validated invoices information in SAP to Payment officer""]
6 --> 8[""EndNode""]
7 --> 8
"
242,"
graph LR
0[""StartNode""] --> 1[""Issue Received""]
1 --> 2[""Open the ticket""]
2 --> 3[""Edit the ticket""]
3 --> 4{""Is the issue resolved?""}
4 --> |""Yes""| 5[""Send an email to the Account Manager""]
4 --> |""No""| 6{""Is it a 2nd level issue?""}
6 --> |""Yes""| 7[""Edit the 2nd level ticket""]
7 --> 4
6 --> |""No""| 3
7 --> 8[""Close the ticket""]
8 --> 9[""EndNode""]
"
243,"
graph LR
0[""StartNode""] --> 1[""Submit loan application""]
1 --> 2[""Review loan paperwork""]
2 --> 3{""Is loan value greater than $1000?""}
3 --> |""Yes""|4[""EndNode""]
3 --> |""No""|5[""Evaluate risk""]
3 --> |""Yes""|4
5 --> 6[""Approve loan""]
6 --> 7[""Receive money""]
7 --> 4
"
244,"
graph LR
0[""StartNode""] --> 1[""Check customer's credit history""]
0 --> 2[""Conduct property survey""]
1 --> 3[""Search property title""]
2 --> 3
3 --> 4[""EndNode""]
"
245,"
graph LR
0[""StartNode""] --> 1[""Send main contract document""]
1 --> 2{""Send supplement A?""}
2 --> |""No""|3[""EndNode""]
2 --> |""Yes""|4[""Send supplement A""]
4 --> 5{""Send supplement B?""}
5 --> |""No""|3
5 --> |""Yes""|6[""Send supplement B""]
6 --> 3
"
246,"
graph LR
0[""Customer order""] --> 1[""Receive Order""]
1 --> 2[""Enter Order into system""]
2 --> 3[""Check inventory""]
3 --> 4[""Assemble Shipment""]
3 --> 5[""Billing""]
4 --> 6[""Send shipment""]
5 --> 6
6 --> 7[""Wait for delivery""]
7 --> 8[""EndNode""]
"
247,"
graph LR
0[""StartNode""] --> 1[""Send shipment planning request""]
1 --> 2[""Receive shipment planning alternatives""]
2 --> 3[""Select shipment planning""]
2 --> 4[""Schedule pickup""]
2 --> 5[""Send shipment documents""]
3 --> 6[""Receive shipment detail""]
4 --> 6
5 --> 6
6 --> 7[""Load shipment at pickup location""]
7 --> 8[""EndNode""]
"
248,"
graph LR
0[""StartNode""] --> 1[""Go to iTunes Store Home""]
1 --> 2[""Search for Album""]
2 --> 3{""Expand Search or Select Album?""}
3 --> |""Expand Search""|4[""Expand Search Using Artist Name""]
3 --> |""Select Album""|5[""Select Album""]
4 --> 2
5 --> 6[""Enter Email Address""]
6 --> 7[""Enter Password""]
7 --> 8{""Proceed to Sign-up or Login to Account?""}
8 --> |""Sign-up""|9[""Confirm Purchase Choice""]
8 --> |""Login to Account""|10[""Login to Account""]
9 --> 11[""Download Album""]
10 --> 12[""Confirm Purchase Choice""]
12 --> 11
9 --> 13[""Provide Secret Question and Answer""]
10 --> 14[""Enter Date of Birth""]
14 --> 15[""Provide Payment Method""]
15 --> 16[""Enter Billing Address""]
16 --> 17[""Confirm Registration""]
17 --> 12
11 --> 18[""EndNode""]
"
249,"
graph LR
0[""StartNode""] --> 1[""Log and route the complaint""]
1 --> 2{""Is complaint 'instructor resolvable'?""}
2 --> |""Yes""|3[""Handle the complaint""]
2 --> |""No""|3
3 --> 4{""Does complaint need to be escalated?""}
4 --> |""Yes""|5[""Handle the complaint""]
4 --> |""No""|6[""Send email to student and cc Complaint Staff""]
5 --> 7[""EndNode""]
6 --> 7[""Update complaint database""]
7 --> 8[""EndNode""]
"
250,"
graph LR
0[""StartNode""] --> 1[""Customer enters store""]
1 --> 2[""Customer decides what they want""]
2 --> 3{""Custom order or in-store purchase?""}
3 --> |""Custom order""|4[""Customer fills out customer invoice""]
3 --> |""In-store purchase""|5[""EndNode""]
3 --> 3
4 --> 5
"
251,"
flowchart LR
0[""Change code""] --> 1[""Commit to SVN""]
1 --> 2[""Update from SVN""]
1 --> 3[""Change code""]
2 --> 4[""Resolve conflicts""]
3 --> 4
4 --> 5[""Change code again""]
5 --> 6[""Commit to SVN again""]
6 --> 7[""Resolve conflicts""]
7 --> 6
6 --> 8[""Deploy to QA""]
8 --> 9[""Update from SVN again""]
9 --> 10[""Change code once more""]
10 --> 11[""Commit to SVN once more""]
11 --> 12[""Update from SVN once more""]
12 --> 13[""Deploy to QA again""]
13 --> 14[""Deploy to production""]
"
252,"
graph LR
0[""StartNode""] --> 1[""Determine rent conditions""]
1 --> 2[""Find suitable land""]
2 --> 3{""Required price >= found price?""}
3 --> |""No""|4[""Reevaluate conditions""]
3 --> |""Yes""|5[""Check availability and rentability""]
4 --> 2
5 --> 6{""Space available?""}
6 --> |""No""|7[""Search for land""]
6 --> |""Yes""|8[""Create contract form""]
7 --> 2
8 --> 9{""Contract approved?""}
9 --> |""No""|7
9 --> |""Yes""|10[""Send contract via email""]
10 --> 11[""Ensure water resources""]
11 --> 12[""Ensure food supplier""]
12 --> 13[""Finalize contracts with suppliers""]
13 --> 14[""Send final contract""]
14 --> 15[""Wait for acknowledgement""]
15 --> 16[""Check response""]
16 --> 17[""EndNode""]
"
253,"
graph LR
0[""StartNode""] --> 1{""Can fulfill order?""}
1 --> |""Yes""|2[""Confirm Order""]
1 --> |""No""|3[""Reject Order""]
2 --> 4[""Deliver Order""]
3 --> 1
4 --> 5[""Inform Order Delivered""]
3 --> 6[""Inform Order Rejected""]
"
254,"
graph LR
0[""StartNode""] --> 1[""TASK1""]
1 --> 2[""TASK2""]
2 --> 3[""TASK3""]
2 --> 4[""TASK4""]
3 --> 5[""TASK5""]
4 --> 5
5 --> 6[""EndNode""]
"
255,"
graph LR
0[""StartNode""] --> 1[""Customer encounters problem""]
1 --> 2[""Obtain description of problem""]
2 --> 3{""Can I handle this on my own?""}
3 --> |""Yes""|4[""Explain solution""] --> 5[""EndNode""]
3 --> |""No""|6[""Send email to support system""] --> 5
"
256,"
graph LR
0[""StartNode""] --> 1[""Create Product""]
1 --> 2[""Propose Product""]
2 --> 3{""Product approved?""}
3 --> |""Yes""|4[""Approve Product""]
3 --> |""No""|5[""Reject Product""]
4 --> 6[""Product Approved""]
5 --> 3
5 --> 7[""Product Rejected""]
6 --> 8[""EndNode""]
7 --> 8
"
257,"
graph LR
0[""StartNode""] --> 1[""Check Credit History""]
0 --> 2[""Property Survey""]
1 --> 3[""Property Title Search""]
1 --> 4[""EndNode""]
2 --> 4
"
258,"
graph LR
0[""StartNode""] --> 1[""Check order received""]
1 --> 2[""Check article availability""]
2 --> 3{""Article available?""}
3 --> |""No""|4[""Initiate procurement process""]
3 --> |""Yes""|5[""Ship article""]
5 --> 2
4 --> 6[""Complete financial settlement""]
5 --> 6
6 --> 7[""Receipt of payment""]
7 --> 8[""EndNode""]
"
259,"
graph LR
0[""StartNode""] --> 1[""Turn on computer""]
1 --> 2[""Connect to internet""]
2 --> 3[""Navigate to nba.com""]
2 --> 4[""Grab a beer from fridge""]
2 --> 5[""Start streaming""]
4 --> 6[""Enjoy beer and watch game""]
5 --> 6
6 --> 7[""Game ends""]
7 --> 8[""EndNode""]
"
260,"
graph LR
0[""StartNode""] --> 1[""Invoice arrives""]
1 --> 2{""Is invoice complete?""}
2 --> |""No""|3[""Return invoice to client""]
2 --> |""Yes""|4[""Check if invoice can be paid""]
4 --> 5{""Can invoice be paid?""}
5 --> |""No""|3
5 --> |""Yes""|6[""Sort by client and vendor""]
3 --> 7[""EndNode""]
6 --> 7
"
261,"
graph LR
0[""StartNode""] --> 1[""Receive payment""]
0 --> 2[""Ship the order""]
1 --> 3[""Archive the order""]
2 --> 3
3 --> 4[""EndNode""]
"
262,"
graph LR
0[""StartNode""] --> 1[""Detect incident""]
1 --> 2[""Troubleshoot application""]
2 --> 3{""Incident resolved within 1 hour?""}
3 --> |""Yes""|4[""Incident resolved within 1 hour""]
4 --> 5[""EndNode""]
3 --> |""No""|6[""Analyze incident""]
6 --> 7{""Financial impact?""}
7 --> |""No""|8[""No incident opened""]
8 --> 9[""EndNode""]
7 --> |""Yes""|10[""Open EMS""]
10 --> 11[""Contact Application Team""]
11 --> 12[""Open conference line""]
12 --> 13[""EndNode""]
"
263,"
graph LR
0[""StartNode""] --> 1[""Confirm invoice payment""]
0 --> 2[""Send report to Client""]
0 --> 3[""Send report to SSP's Accounts Receivable Department""]
0 --> 4[""Send report to Registry""]
1 --> 5[""Payment report sent""]
2 --> 5
3 --> 5
4 --> 5
5 --> 6[""EndNode""]
"
264,"
graph LR
0[""StartNode""] --> 1[""Participate""]
1 --> 2{""Check the suggestion""}
2 --> |""Yes""|3[""EndNode""]
2 --> |""No""|4[""Select a friend""]
4 --> 5[""Select a second friend""]
5 --> 6[""Suggest a date""]
5 --> 7[""Post a message on the suggested friend's wall""]
5 --> 8[""Check if you should invite friends to use the app""]
7 --> 9[""EndNode""]
8 --> 10{""Check if you should invite friends to use the app""}
10 --> |""No""|11[""EndNode""]
10 --> |""Yes""|12[""Invite friends""]
12 --> 10
12 --> 11
"
265,"
graph LR
0[""StartNode""] --> 1[""Publish flight schedule""]
1 --> 2[""Assign fleets""]
2 --> 3[""Send flight schedule""]
3 --> 4[""Receive Flight Schedule""]
4 --> 5[""Create crew pairings""]
4 --> 6[""Create crew rosters""]
5 --> 7[""Update crew changes""]
6 --> 8[""Repair crew rosters""]
7 --> 8
8 --> 9[""Send crew assignments""]
9 --> 10[""Receive crew assignments""]
10 --> 11[""Create flight plan""]
11 --> 12[""Repair flight plan""]
12 --> 13[""Create flight report""]
13 --> 14[""Send flight report""]
14 --> 15[""Post-operation analysis""]
15 --> 16[""EndNode""]
"
266,"
graph LR
0[""StartNode""] --> 1[""Mortgage Offers""]
1 --> 2[""Analyze Response""]
1 --> 3[""Wait for two weeks""]
2 --> 4{""Response Received?""}
3 --> 4
4 --> |""No""|5[""Update Details""]
4 --> |""Yes""|6{""Response Accepted?""}
5 --> 7[""Archive Case""]
6 --> |""No""|5
6 --> |""Yes""|8[""Check Status of Documents""]
7 --> 9[""EndNode""]
8 --> 10{""Documents Complete?""}
10 --> |""No""|11[""Require Additional Documents""]
10 --> |""Yes""|12[""Move Case""]
11 --> 9
12 --> 9
"
267,"
graph LR
0[""StartNode""] --> 1[""Register for event participation""]
1 --> 2{""Fees required?""}
2 --> |""No""|3[""Register for seminar results""]
2 --> |""Yes""|4[""Create purchase request""]
3 --> 5{""Purchase request approved?""}
4 --> 5
5 --> |""No""|6[""Notify rejection""]
5 --> |""Yes""|7[""Send approval notification""]
6 --> 8[""EndNode""]
7 --> 8
"
268,"
graph LR
0[""StartNode""] --> 1[""Receive Request""]
1 --> 2[""Evaluate Request""]
2 --> 3{""Report favorable?""}
3 --> |""No""|4[""Send Notification of Denial""]
3 --> |""Yes""|5[""Check Analyst Authority""]
5 --> 6{""Analyst has authority?""}
6 --> |""No""|7[""Authorize Payment""]
6 --> |""Yes""|8[""Send Payment""]
7 --> 8
8 --> 9[""EndNode""]
"
269,"
graph LR
0[""StartNode""] --> 1[""Receive mail""]
1 --> 2[""Check information""]
2 --> 3{""Information complete?""}
3 --> |""No""|4[""Call customer""]
3 --> |""Yes""|5[""Add mail number and date""]
4 --> 6[""EndNode""]
5 --> 7[""Record letter""]
7 --> 8[""Archive letter""]
8 --> 9[""Take letters to Miranda""]
9 --> 6
"
270,"
graph LR
0[""StartNode""] --> 1[""Identify demand for material""]
1 --> 2{""Goods Available?""}
2 --> |""Yes""|3[""Utilize available material""]
2 --> |""No""|4[""Specify required material demand""]
3 --> 5[""EndNode""]
4 --> 6[""Create purchase requisition""]
6 --> 7[""Verify purchase requisition""]
7 --> 8[""Generate purchase order""]
8 --> 9[""Notify vendor""]
9 --> 10[""Vendor shipment""]
10 --> 11[""Create goods receipt""]
11 --> 12[""Create invoice receipt""]
12 --> 13[""Make payment to vendor""]
13 --> 5
"
271,"
graph LR
0[""StartNode""] --> 1[""Receive online update on vacancy status""]
0 --> 2[""Advertise Vacancy""]
0 --> 3[""Assemble Selection Panel""]
2 --> 4[""Receive Complete Applications""]
3 --> 4
4 --> 5[""EndNode""]
"
272,"
graph LR
0[""StartNode""] --> 1[""Send mortgage offer""]
1 --> 2[""Receive answer""]
2 --> 3{""Is answer decline?""}
3 --> |""Yes""|4[""Update details""]
3 --> |""No""|5{""Is offer complete?""}
4 --> 6{""Is offer complete?""}
5 --> |""Yes""|7[""Update details""]
5 --> |""No""|8[""Send message to customer""]
6 --> |""Yes""|9[""Complete offer""]
6 --> |""No""|8
7 --> 10[""EndNode""]
8 --> 11[""Wait for customer's answer""]
9 --> 10
11 --> 4
"
273,"
graph LR
0[""StartNode""] --> 1[""Check fees""]
1 --> 2{""Fees required?""}
2 --> |""No""|3[""Registration process""]
3 --> 4[""Obtain seminar results""]
4 --> 5[""EndNode""]
2 --> |""Yes""|6[""Create purchase requisition request""]
6 --> 7[""Check status of purchase request approval""]
7 --> 8{""Purchase request approved?""}
8 --> |""No""|9[""Notify rejection""]
9 --> 10[""EndNode""]
8 --> |""Yes""|11[""Send approved notification""]
11 --> 10
"
274,"
graph LR
0[""StartNode""] --> 1[""Main Document Sent""]
1 --> 2{""Should Supplement A be sent?""}
2 --> |""Yes""|3[""Send Supplement A""]
2 --> |""No""|4[""EndNode""]
3 --> 5{""Should Supplement B be sent?""}
5 --> |""Yes""|6[""Send Supplement B""]
5 --> |""No""|4
6 --> 7[""EndNode""]
"
275,"
graph LR
0[""StartNode""] --> 1[""Check Report against Invoice""]
1 --> 2[""Verify 'Invoice Entered Correctly'""]
1 --> 3[""Record errors made by Data Entry Officer""]
3 --> 4[""Highlight error""]
4 --> 5[""Update Invoice Entry Form""]
2 --> 6[""EndNode""]
"
276,"
graph LR
0[""StartNode""] --> 1[""Accepted Item""]
1 --> 2[""Case""]
1 --> 3[""Other""]
1 --> 4[""Can""]
2 --> 5[""Non-perishable""]
2 --> 6[""Perishable""]
3 --> 5
3 --> 6
4 --> 5
4 --> 6
5 --> 7[""Non-perishable""]
5 --> 8[""Sack""]
6 --> 9[""Perishable""]
6 --> 10[""Fruit""]
7 --> 11[""QC""]
8 --> 11
9 --> 11
10 --> 11
11 --> 12[""Weight""]
12 --> 13[""Date Center""]
13 --> 14[""Store items based on item policy""]
"
277,"
graph LR
0[""StartNode""] --> 1[""Receive shipment""]
1 --> 2[""Place shipment in warehouse""]
2 --> 3[""Update IS""]
3 --> 4[""Sort shipments by service type""]
4 --> 5[""Sort shipments by destination node""]
5 --> 6[""Sort shipments by size""]
6 --> 7[""Route calculation to next node""]
7 --> 8[""Determine transport vehicle""]
8 --> 9{""Is vehicle available?""}
9 --> |""Yes""|10[""Load shipment onto transport vehicle""]
9 --> |""No""|11[""Set waiting time limit""]
10 --> 12[""Update IS""]
11 --> 12
12 --> 13[""Start transportation to next node""]
13 --> 14[""Unload shipment""]
14 --> 15{""Has destination warehouse been reached?""}
15 --> |""No""|16[""Update IS""]
15 --> |""Yes""|17[""Place shipment in branch office""]
16 --> 15
17 --> 18[""Update IS""]
18 --> 19[""EndNode""]
"
278,"
graph LR
0[""StartNode""] --> 1[""Review letter""]
1 --> 2{""Letter complete?""}
2 --> |""No""|3[""Make telephone call""]
2 --> |""Yes""|4[""Archive letter""]
4 --> 5{""Have necessary information?""}
5 --> |""No""|6[""EndNode""]
5 --> |""Yes""|7[""Stamp letter""]
7 --> 8{""Person a member?""}
8 --> |""No""|9[""Send denial""]
8 --> |""Yes""|10[""Register member""]
10 --> 11[""Calculate fee""]
11 --> 12[""Write fee into register""]
12 --> 13[""Prepare invoice mail""]
13 --> 14[""EndNode""]
"
279,"
graph LR
0[""StartNode""] --> 1[""Demand planning""]
0 --> 2[""Safety stock calculation""]
0 --> 3[""Current stock levels update""]
1 --> 4[""Forecast netting""]
2 --> 4
3 --> 4
4 --> 5[""Planning data loading""]
5 --> 6[""Weekly planning run""]
6 --> 7[""Production plan loading""]
7 --> 8[""Local production planning""]
8 --> 9[""EndNode""]
"
280,"
graph LR
0[""StartNode""] --> 1[""Generate payment report""]
1 --> 2[""Pay vendor""]
1 --> 3[""Send payment report to Accounts Receivable Department""]
1 --> 4[""Send payment report to registry""]
3 --> 5[""Generate monthly invoices for clients""]
5 --> 6[""Charge client $35 per invoice""]
6 --> 7[""EndNode""]
4 --> 8[""Select paper-based invoices that have been paid""]
8 --> 9[""Archive invoices per vendor""]
8 --> 10[""Archive invoices per payment data""]
10 --> 11[""Track down payment""]
11 --> 12[""EndNode""]
"
281,"
graph LR
0[""StartNode""] --> 1[""Low Inventory""]
1 --> 2[""Materials Request""]
2 --> 3[""Purchase Materials""]
3 --> 4[""Receive Materials""]
4 --> 5{""Shipment Okay?""}
5 --> |""Yes""| 6
5 --> |""No""|7[""Communicate Shipment problem""]
7 --> 8[""EndNode""]
6 --> 9{""Shipment Okay?""}
9 --> |""No""|7
9 --> |""Yes""|10[""Send Payment""]
10 --> 8
"
282,"
graph LR
0[""StartNode""] --> 1[""Check production rule""]
1 --> 2{""Production rule defined?""}
2 --> |""No""|3[""Check substitute product rule""]
2 --> |""Yes""|4[""Prepare production line""]
3 --> 5{""Substitute production rule found?""}
3 --> |""Yes""|4
3 --> |""No""|6[""Create product rule not found alarm""]
4 --> 2
6 --> 7[""EndNode""]
"
283,"
graph LR
0[""StartNode""] --> 1[""Check Customers' Credit History""]
0 --> 2[""Search Property Title""]
1 --> 3[""Conduct Property Survey""]
2 --> 3
3 --> 4[""EndNode""]
"
284,"
graph LR
0[""StartNode""] --> 1[""Process Starts""]
1 --> 2[""Inquire about the product""]
2 --> 3[""Preparing Quote""]
3 --> 4[""Verify terms and pricing""]
4 --> 5[""Create sale order""]
5 --> 6[""Proceed with shipment""]
6 --> 7[""Send payment""]
7 --> 8{""Payment sent?""}
8 --> |""Yes""|9[""Process payment""]
8 --> |""No""|10[""Send reminder""]
10 --> 8
8 --> |""Yes""|9
8 --> |""No""|10
10 --> 7
7 --> 8
8 --> |""Yes""|9
9 --> 11[""EndNode""]
"
285,"
graph LR
0[""StartNode""] --> 1[""Prepare to cut banana""]
1 --> 2[""Hold banana securely""]
1 --> 3[""Cut banana""]
2 --> 4[""Banana cut""]
3 --> 4
"
286,"
flowchart LR
0[""StartNode""] --> 1[""Informational meeting""]
1 --> 2{""Meeting successful?""}
2 --> |""No""|3[""EndNode""]
2 --> |""Yes""|4[""Create storyboard""]
4 --> 5[""Design and develop website""]
5 --> 6[""Prepare content""]
5 --> 7[""Create initial draft""]
4 --> 6
4 --> 7
7 --> 8[""Review initial draft""]
8 --> 9{""Review necessary?""}
9 --> |""No""|10[""Prepare final version""]
9 --> |""Yes""|11[""Review draft""]
11 --> 9
11 --> 8
10 --> 12{""Site approved?""}
12 --> |""No""|10
12 --> |""No""|13[""Website building process""]
12 --> |""Yes""|14[""EndNode""]
"
287,"
graph LR
0[""StartNode""] --> 1[""Receive customer inquiry""]
1 --> 2[""Prepare quotation""]
2 --> 3[""Create sales order""]
3 --> 4[""Perform credit check""]
4 --> 5{""Credit approved?""}
5 --> |""No""|6[""EndNode""]
5 --> |""Yes""|7[""Check stock""]
7 --> 8{""Stock available?""}
8 --> |""No""|9[""Check new stock delivery date""]
8 --> |""Yes""|10[""Create outbound delivery""]
9 --> 6
10 --> 8
10 --> 11[""Pick""]
11 --> 12[""Post goods issue""]
12 --> 13[""Create billing""]
13 --> 14[""Pack product""]
14 --> 15[""Ship""]
15 --> 6
"
288,"
graph LR
0[""StartNode""] --> 1[""T1""]
0 --> 2[""T2""]
1 --> 3[""Complete step T1 then begin T2""]
3 --> 4[""T2 and step2 completed""]
4 --> 5[""EndNode""]
"
289,"
graph LR
0[""Start""] --> 1[""Click Start""]
1 --> 2[""Select Edit Report""]
2 --> 3{""Expense greater than 1000?""}
3 --> |""Yes""|4[""Review Report""]
3 --> |""No""|5[""Check if translation is needed""]
4 --> 6[""Evaluate review decision""]
5 --> 7{""Translation is required?""}
6 --> |""Rejected""|8[""Edit report""]
6 --> |""Approved""|7
7 --> 9{""Translation is required?""}
7 --> 10[""Translate receipts""]
7 --> 11[""Confirm receipts""]
9 --> 12[""Translate receipts""]
9 --> 13[""Confirm receipts""]
10 --> 14[""Evaluate receipts decision""]
11 --> 14
12 --> 14
13 --> 14
14 --> 15{""Receipts are accepted?""}
14 --> |""No""|8
14 --> |""Yes""|16[""Process expense""]
16 --> 17[""End Process""]
"
290,"
graph LR
0[""start_element""] --> 1[""myTaskOne""]
1 --> 2{""Event Occurs""}
2 --> |""myMessageEvent""|3[""myTaskTwo""]
2 --> |""myTimeEvent_60minutes""|4[""myTaskThree""]
3 --> 5[""myEndEvent""]
4 --> 6[""myTermination""]
"
291,"
graph LR
0[""StartNode""] --> 1[""Send inquiry about product availability""]
1 --> 2[""Send product inquiry""]
2 --> 3[""Receive quotation""]
3 --> 4[""Analyze quotation""]
4 --> 5[""Check Purchase Decision""]
5 --> |""Decline""|6[""EndNode""]
5 --> |""Accept""|7[""Send purchase order""]
7 --> 8[""Purchase order sent""]
8 --> 9[""Wait for invoice""]
9 --> 10[""Receive invoice""]
10 --> 11[""Verify invoice/bill accuracy""]
11 --> 12[""Send payment""]
12 --> 13[""Payment sent""]
13 --> 6
"
292,"
graph LR
0[""StartNode""] --> 1[""Confirm order""]
1 --> 2[""Shipping item""]
1 --> 3[""Sending invoice""]
2 --> 4[""Activity after shipping""]
3 --> 5[""Activity after sending invoice""]
4 --> 6[""End of process""]
5 --> 6
"
293,"
graph LR
0[""StartNode""] --> 1[""Activity B-1""]
0 --> 2[""Activity C-1""]
0 --> 3[""Activity C-2""]
1 --> 4[""Activity B-2""]
2 --> 4
3 --> 4
4 --> 5[""Activity A-1""]
4 --> 6[""Activity D-2""]
5 --> 7[""Activity E-1""]
6 --> 7
7 --> 8[""Activity D-1""]
8 --> 9[""Activity B-3""]
8 --> 10[""Activity D-3""]
9 --> 11[""EndNode""]
10 --> 11
"
294,"
graph LR
0[""StartNode""] --> 1[""Check customer's credit history""]
0 --> 2[""Conduct property survey""]
1 --> 3[""Search for property title""]
2 --> 3
3 --> 4[""EndNode""]
"
295,"
graph LR
0[""Receiving an order""] --> 1[""Shipping the products""]
0 --> 2[""Sending the invoice""]
1 --> 3[""Receiving the payment""]
2 --> 3
3 --> 4[""EndNode""]
"
296,"
graph LR
0[""StartNode""] --> 1[""Send email to support system""]
1 --> 2[""Allocate ticket""]
2 --> 3{""First level can handle it?""}
3 --> |""Yes""|4[""Document ticket""]
3 --> |""No""|5[""Ask developer""]
4 --> 6[""Send email to account manager""]
5 --> 3
5 --> 4
6 --> 7[""EndNode""]
"
297,"
graph LR
0[""StartNode""] --> 1[""Register contract acceptance""]
0 --> 2[""Scan offer""]
1 --> 3[""Provide billing and pincode information""]
2 --> 3
3 --> 4[""EndNode""]
"
298,"
graph LR
0[""StartNode""] --> 1[""Receive Customer Inquiry""]
1 --> 2[""Prepare Quotation""]
2 --> 3[""Create Sales Order""]
3 --> 4[""Perform Credit Check""]
4 --> 5{""Credit Approved?""}
5 --> |""No""|6[""Process Ends""]
5 --> |""Yes""|7[""Check Stock""]
7 --> 8{""Stock Available?""}
8 --> |""No""|9[""Process Ends: Check new stock delivery date""]
8 --> |""Yes""|10[""Create Outbound Delivery""]
10 --> 11[""Check Stock""]
11 --> 12{""Stock Available?""}
12 --> |""No""|13[""Process Ends: Check new stock delivery date""]
12 --> |""Yes""|14[""Picking""]
14 --> 15[""Post Goods Issue""]
15 --> 16[""Create Billing""]
16 --> 17[""Pack Product and Invoice""]
17 --> 18[""Ship Product and Invoice""]
18 --> 19[""EndNode""]
"
299,"
graph LR
0[""StartNode""] --> 1[""Sort invoices per client""]
1 --> 2[""Sort invoices per vendor""]
2 --> 3[""Staple invoice entry form to invoice""]
3 --> 4[""Enter vendor name on invoice entry form""]
3 --> 5[""Enter client name on invoice entry form""]
3 --> 6[""Enter invoice arrival date on invoice entry form""]
4 --> 7[""EndNode""]
5 --> 7
6 --> 7
"
300,"
graph LR
0[""StartNode""] --> 1[""Vendor sends invoice""]
1 --> 2[""Vendor receives invoice""]
2 --> 3[""Check invoice against inventory""]
3 --> 4{""Instruction is?""}
4 --> |""send over the invoice""|5[""Enter invoice information in Payment Out Module""]
4 --> |""contact the vendor""|6[""Revise invoice on the spot""]
5 --> 7[""Make payment""]
6 --> 2
7 --> 8[""Process payment""]
8 --> 9[""Forward payment to vendor""]
9 --> 10[""Close order""]
10 --> 11[""EndNode""]
"
301,"
graph LR
0[""StartNode""] --> 1[""Receive order""]
0 --> 2[""Send invoice""]
0 --> 3[""Ship products""]
2 --> 4[""Receive payment""]
4 --> 5[""EndNode""]
"
302,"
graph LR
0[""StartNode""] --> 1[""Receive order""]
1 --> 2[""Confirm order""]
2 --> 3[""Arrange shipment""]
2 --> 4[""Update manufacturing plan""]
2 --> 5[""Generate order summary""]
2 --> 6[""Review and revise order""]
3 --> 7[""Update customer file""]
4 --> 7
5 --> 7
6 --> 7
7 --> 8[""Update customer file""]
8 --> 9[""EndNode""]
"
303,"
graph LR
0[""StartNode""] --> 1[""Check Customers Credit History""]
0 --> 2[""Search the property title""]
0 --> 3[""Conduct the Property Survey""]
3 --> 4[""Produce Survey Document""]
1 --> 5[""EndNode""]
2 --> 5
3 --> 5
4 --> 5
"
304,"
graph LR
0[""StartNode""] --> 1[""Request Order""]
1 --> 2{""Can Order be fulfilled?""}
2 --> |""Yes""|3[""Confirm Order""]
2 --> |""No""|4[""Reject Order""]
3 --> 5[""Deliver Order""]
5 --> 6[""Notify Order Delivered""]
4 --> 7[""Notify Order Rejected""]
6 --> 8[""EndNode""]
7 --> 8
"
305,"
graph LR
0[""Start process with newTransportEvent""] --> 1[""Send newTransportEvent""]
1 --> 2[""Receive transport order""]
2 --> 3[""Send transport order""]
3 --> 4[""Execute transport""]
3 --> 5[""Distribute shipment information""]
3 --> 6[""Ask for shipment confirmation""]
4 --> 7[""Distribute shipment information and request shipment confirmation""]
5 --> 7
6 --> 7
7 --> 8[""Send shipment confirmation""]
"
306,"
graph LR
0[""StartNode""] --> 1[""Reach out to 1st Level Support""]
1 --> 2{""1st Level Support able to handle issue?""}
2 --> |""Yes""|3[""Provide feedback to account manager""]
2 --> |""No""|4[""Ask developer for assistance""]
3 --> 5[""Provide feedback to 1st Level Support""]
3 --> 6[""Provide feedback to account manager""]
4 --> 3
4 --> 6
"
307,"
graph LR
0[""StartNode""] --> 1[""Scheduling process initiated""]
1 --> 2[""Create Google Form""]
1 --> 3[""Create Excel schedule template""]
2 --> 4[""Employee logs into Google account""]
4 --> 5[""Access Google Form""]
5 --> 6[""Select all available times""]
6 --> 7[""List reasons for unavailability""]
7 --> 8[""Submit form""]
5 --> 9[""Configure Excel schedule""]
9 --> 10[""Enter schedule on portal""]
5 --> 11[""Print schedules for employees""]
5 --> 12[""Email schedule to individual Gmail accounts""]
8 --> 13[""Review collected results""]
13 --> 14[""Scheduling process complete""]
14 --> 15[""EndNode""]
"
308,"
graph LR
0[""StartNode""] --> 1[""Create Purchase Requisition""]
1 --> 2[""Submit Purchase Order""]
2 --> 3[""Send Ordered Materials""]
3 --> 4[""Send Packing List and Shipment Details""]
4 --> 5[""Send Invoice""]
5 --> 6[""Verify Contents""]
6 --> 7{""Shipment Accurate?""}
7 --> |""Yes""|8[""Send Payment""]
8 --> 9[""EndNode""]
7 --> |""No""|10[""Report Problems with Shipment""]
10 --> 11[""Send Ordered Materials Again""]
11 --> 3
"
309,"
graph LR
0[""StartNode""] --> 1[""Weekly, in time for discounts""]
1 --> 2[""Pay invoices""]
2 --> 3[""Generate a payment report""]
3 --> 4[""Send payment report to Accounts Receivable Department""]
3 --> 5[""Send payment report to the registry""]
3 --> 6[""Generate monthly invoices""]
6 --> 7[""Send out the invoices""]
7 --> 8[""EndNode""]
"
310,"
graph LR
0[""StartNode""] --> 1[""Place change request""]
1 --> 2{""Delivery conflicts?""}
2 --> |""Yes""|3[""Dismiss change request""]
2 --> |""No""|4[""Check cancellation""]
3 --> 5[""EndNode""]
4 --> 6{""Cancellation?""}
4 --> |""Yes""|7[""Cancel order""]
4 --> |""No""|8[""Check product on sale""]
7 --> 9[""Mark order as canceled""]
9 --> 5
8 --> 10{""Product on sale?""}
8 --> |""Yes""|11[""Approve change request""]
8 --> |""No""|3
11 --> 5
"
311,"
graph LR
0[""StartNode""] --> 1[""Experience computer problem""]
1 --> 2[""Describe problem""]
2 --> 3[""Receive estimated time and cost""]
3 --> 4{""Time and cost acceptable?""}
4 --> |""No""|5[""Take computer back""]
4 --> |""Yes""|6[""Authorize repair""]
5 --> 7[""EndNode""]
6 --> 8[""Inform repair authorization""]
8 --> 9[""Check if problem fixed""]
9 --> 10{""Problem fixed?""}
10 --> |""No""|7
10 --> |""Yes""|11[""Make payment and pick up computer""]
11 --> 7
"
312,"
graph LR
0[""StartNode""] --> 1[""Send order""]
0 --> 2[""Receive items""]
0 --> 3[""Receive invoice""]
2 --> 4[""Pay for items""]
4 --> 5[""EndNode""]
"
313,"
graph LR
0[""StartNode""] --> 1[""Analyze""]
1 --> 2[""Check for consistency""]
2 --> 3{""All goals satisfied?""}
3 --> |""No""|4[""Update""]
3 --> |""Yes""|5[""EndNode""]
4 --> 1
"
314,"
graph LR
0[""StartNode""] --> 1[""Delay for 48 hours""]
0 --> 2[""Monitor issue votes""]
1 --> 3[""Send email warning about vote deadline""]
3 --> 4[""Delay for 24 hours""]
3 --> 5[""Close voting""]
4 --> 6[""Voting discussion moderated""]
5 --> 7[""EndNode""]
6 --> 7
"
315,"
graph LR
0[""StartNode""] --> 1[""Meet with customer and discuss web design""]
1 --> 2{""Meeting successful?""}
2 --> |""No""|3[""EndNode""]
2 --> |""Yes""|4[""Second meeting with customer to create storyboard""]
4 --> 2
2 --> |""Yes""|5[""Create storyboard""]
5 --> 6[""EndNode""]
"
316,"
graph LR
0[""StartNode""] --> 1[""Send offer manually""]
1 --> 2{""Address available?""}
2 --> |""No""|3[""Contact customer to obtain address""]
2 --> |""Yes""|4[""Present offer""]
3 --> 4
4 --> 5{""Customer has questions/concerns?""}
5 --> |""Yes""|6[""Address customer questions/concerns""]
5 --> |""No""|7[""EndNode""]
6 --> 7
"
317,"
graph LR
0[""StartNode""] --> 1[""Register participation in seminar""]
1 --> 2{""Seminar fees required?""}
2 --> |""No""|3[""Register post-seminar results""]
2 --> |""Yes""|4[""Create purchase request""]
4 --> 5[""Check purchase request approval""]
5 --> 6{""Purchase request approved?""}
6 --> |""No""|7[""Notify rejection""]
6 --> |""Yes""|8[""Send appraisal notification""]
8 --> 3
3 --> 9[""EndNode""]
"
318,"
graph LR
0[""StartNode""] --> 1[""Prepare shipment order""]
1 --> 2[""Send shipment order""]
2 --> 3{""Response positive?""}
3 --> |""Yes""|4[""Ordered shipment realized""]
3 --> |""No""|5[""Link A - Acquisition of carriers""]
5 --> 2
4 --> 6[""EndNode""]
"
319,"
graph LR
0[""StartNode""] --> 1[""Check Customer Credit History""]
0 --> 2[""Search Property Title""]
0 --> 3[""Property Survey""]
1 --> 4[""Generate Survey Document""]
2 --> 4
3 --> 4
4 --> 5[""EndNode""]
"
320,"
graph LR
0[""StartNode""] --> 1[""Create M1""]
1 --> 2[""Handle all the information""]
2 --> 3[""Process End""]
"
321,"
graph LR
0[""StartNode""] --> 1[""Undressing""]
1 --> 2[""Put on underwear""]
1 --> 3[""Put on trousers""]
1 --> 4[""Put on shirt""]
2 --> 5[""Fully dressed""]
3 --> 5
4 --> 5
"
322,"
graph LR
0[""StartNode""] --> 1[""Follow the recipe""]
0 --> 2[""Put eggs into bowl A""]
0 --> 3[""Put flour into bowl B""]
2 --> 4[""Add sugar to bowl A""]
3 --> 5[""Add baking powder to bowl B""]
4 --> 6[""Put butter into bowl A""]
5 --> 6
6 --> 7[""Mix ingredients in bowl A""]
7 --> 8[""Bake the cake""]
8 --> 9[""Cake is fully baked""]
9 --> 10[""EndNode""]
"
323,"
graph LR
0[""StartNode""] --> 1[""Check Customer Credit History""]
0 --> 2[""Search Property Title""]
1 --> 3[""Property Survey""]
2 --> 3
3 --> 4[""EndNode""]
"
324,"
graph LR
0[""StartNode""] --> 1[""Left outer join between lips and it_likp""]
1 --> 2[""Sort it_lipsm and remove duplicates""]
2 --> 3[""Left outer join between vbfa and it_likpsm""]
3 --> 4[""Remove lines from it_vbfa_completo where plmin != +""]
4 --> 5[""Copy vbeln values from it_vbfa_completo to it_unolips""]
5 --> 6[""Left outer join between lips and it_unolips""]
6 --> 7[""Copy lifex values from it_likp to it_lifex and sort""]
7 --> 8[""Write lifex values from it_lifex to it_vbfa_completo-secuencia""]
8 --> 9[""Execute busca_pedido_vbap""]
9 --> 10[""Execute busca_factura_vbap""]
10 --> 11{""c_si in r_valida""}
11 --> |""True""|12[""Check if pvstel in r_exclog""]
11 --> |""False""|13[""Left outer join between vbap and it_vbfa_completo""]
12 --> |""True""|14[""Remove rows that are not errors from it_nofacturado""]
12 --> |""False""|13
13 --> 15[""Transfer maktl values from imaktl to it_vbfa_completo""]
15 --> 16[""Remove rows that are not errors from it_nofacturado""]
16 --> 17[""Enhance remaining rows with data""]
17 --> 18[""Transfer vbeln values from it_vbfa_completo to itransp""]
18 --> 19{""it_nofacturado empty?""}
19 --> |""True""|20[""Check if error?""]
19 --> |""False""|21[""Set and print error""]
20 --> |""True""|22[""Halt process""]
20 --> |""False""|23[""Left outer join between vbap and it_vbfa_completo""]
23 --> 24[""Get sorted and duplicate-free itnum by left outer join between vbfa and itransp""]
24 --> 25[""Left outer join between vttk and itnum""]
25 --> 26[""Right outer join between ivttk_t and itnum to obtain itnum""]
26 --> 27[""Transfer tknum values from itnum-vbeln to it_vbfa_completo""]
27 --> 28[""Remove rows without tknum from it_vbfa_completo""]
28 --> 29[""Remove rows where tknum is in so_tknum from it_vbfa_completo""]
29 --> 30[""EndNode""]
"
325,"
graph LR
0[""Allocate bank package""] --> 1[""Verify data"" ]
1 --> 2[""Hour begins"" ]
2 --> 3[""Verify BR""]
3 --> 4[""Enter bank data comparative analysis""]
4 --> 5[""Simulate data"" ]
5 --> 6[""Consolidation and Verification""]
6 --> 7[""Reconcile banking system"" ]
7 --> 8[""Generate ratios and KPIs"" ]
8 --> 9[""Verify ratios and KPIs"" ]
9 --> 10[""Generate statistical reports"" ]
9 --> 11[""Post data to EIS""]
9 --> 12[""Post data to Data warehouse""]
10 --> 13[""EndNode""]
11 --> 13
12 --> 13
"
