,0
0,"
graph LR
0[""StartNode""] --> 1[""Interview Patients""]
0 --> 2[""File results and expertise""]
2 --> 3[""Create report""]
3 --> 4{""Answer (No or Yes)""}
4 --> |""Yes""|5[""Ask for external expertise""]
5 --> 6[""Check if expert responds""]
6 --> |""Yes""|7[""Forward to referee""]
7 --> 8[""Fill out check to pay for expenses""]
6 --> |""No""|9[""Ask for external expertise""]
9 --> 10[""Check if expert responds""]
10 --> |""Yes""|7
10 --> |""No""|7
"
1,"
graph LR
0[""StartNode""] --> 1[""Register participation""]
1 --> 2{""Fees required?""}
2 --> |""No""|3[""Register post-seminar results""]
2 --> |""Yes""|4[""Create purchase request""]
4 --> 5{""Purchase approved?""}
5 --> |""Yes""|6[""Send approval notification""]
5 --> |""No""|7[""Notify rejection""]
6 --> 8[""Register post-seminar results""]
7 --> 9[""EndNode""]
8 --> 9
"
2,"
graph LR
0[""StartNode""] --> 1[""Accept item""]
1 --> 2[""Dairy""]
1 --> 3[""Other""]
1 --> 4[""Vegetable""]
2 --> 5[""Fruits""]
3 --> 5
4 --> 6[""Fruit Categorization""]
5 --> 7[""Fruit Categorization""]
6 --> 8[""Vegetable Categorization""]
7 --> 8
4 --> 9[""Vegetable Categorization""]
8 --> 10[""Temperature Weight and Date Center""]
9 --> 10
6 --> 11[""Milk""]
7 --> 11
8 --> 12[""Milk""]
11 --> 10
7 --> 13[""Cheese""]
8 --> 13
6 --> 14[""Cheese""]
11 --> 14
13 --> 10
12 --> 10
14 --> 10
8 --> 15[""Non-perishable""]
9 --> 15
15 --> 10
9 --> 16[""Perishable""]
16 --> 10
10 --> 17[""Store items""]
17 --> 18[""EndNode""]
"
3,"
graph LR
0[""StartNode""] --> 1[""Detect an incident""]
1 --> 2{""Financial impact""}
2 --> |""YES""|3[""Open EMS""]
2 --> |""NO""|4[""End process""]
3 --> 5[""Contact Application Team""]
3 --> 6[""Get in touch with DBA Team""]
5 --> 7[""Open conference line""]
6 --> 7
7 --> 8[""Troubleshoot issue""]
8 --> 9{""Resolution known""}
9 --> |""YES""|10[""Fix issue""]
9 --> |""NO""|11[""Check with vendor""]
10 --> 12[""Resolve and close EMS""]
11 --> 13{""Vendor has a fix""}
13 --> |""YES""|10
13 --> |""NO""|14[""Failover to COB""]
12 --> 15[""EndNode""]
14 --> 10
"
4,"
graph LR
0[""StartNode""] --> 1[""Open event creation page""]
1 --> 2[""Populate name form""]
2 --> 3[""Populate time forms""]
3 --> 4[""Populate location forms""]
4 --> 5[""Populate additional information""]
5 --> 6[""Configure privacy settings""]
6 --> 7[""Confirm event creation""]
7 --> 8{""Name form populated?""}
8 --> |""Yes""|9[""End time occurs after start time?""]
8 --> |""No""|10[""Display incorrect time notification""]
9 --> |""Yes""|11[""Save event information""]
9 --> |""No""|10
10 --> 12[""Go back and populate time forms""]
11 --> 12
12 --> 13[""Pay attention to the fact that it is saved on Facebook""]
13 --> 14[""EndNode""]
"
5,"
graph LR
0[""Weekly in time for discounts""] --> 1[""Pay invoices""]
1 --> 2[""Generate payment report""]
0 --> 3[""Send payment report to Accounts Receivable Department""]
0 --> 4[""Send payment report to registry""]
0 --> 5[""Generate monthly invoices""]
5 --> 6[""Charge client""]
6 --> 7[""Send out invoices""]
2 --> 7
"
6,"
graph LR
0[""StartNode""] --> 1[""Submit Purchase Order""]
1 --> 2[""Select warehouse""]
2 --> 3{""Purpose (replenish or confirm order)""}
3 --> |""Replenish""|4[""Reserve inventory""]
3 --> |""Confirm order""|5[""EndNode""]
4 --> 6[""EndNode""]
"
7,"
graph LR
0[""StartNode""] --> 1[""Verify RFQ""]
1 --> 2{""RFQ verified?""}
2 --> |""No""|3[""Ask for more information""]
2 --> |""Yes""|4[""Analyze RFQ""]
4 --> 5[""Provide L&M cost estimates""]
4 --> 6[""Check if RFQ is verified""]
6 --> |""No""|7[""Ask for information""]
7 --> 0
7 --> 6
6 --> |""Yes""|8[""Add overhead costs""]
8 --> 9[""Generate pricing options""]
9 --> 10[""Generate sales quote""]
10 --> 11[""EndNode""]
"
8,"
graph LR
0[""StartNode""] --> 1[""Receive Negotiated Conditions""]
1 --> 2[""Check Data Completeness""]
2 --> 3{""Data Complete?""}
3 --> |""Yes""|4[""Perform Risk Assessment""]
3 --> |""No""|5[""Send Failure Notice""]
4 --> 6[""Reinsurance Option Checked""]
6 --> 7[""Finish Contract""]
7 --> 8[""EndNode""]
"
9,"
graph LR
0[""StartNode""] --> 1[""Hungry feeling""]
1 --> 2{""Decide to cook""}
2 --> |""Yes""|3[""Choose recipes""]
2 --> |""No""|4[""EndNode""]
3 --> 5[""Prepare ingredients""]
5 --> 6[""Prepare water for pasta""]
5 --> 7[""Prepare salad for washing""]
6 --> 8[""Put pasta in water""]
7 --> 9[""Wash salad""]
9 --> 10[""Prepare ingredients to make dressing""]
8 --> 11[""Prepare ingredients to make sauce""]
11 --> 12[""Make sauce""]
10 --> 13[""Make dressing""]
13 --> 14[""Bring meal to table""]
12 --> 14
14 --> 15[""Finish lunch""]
15 --> 16[""EndNode""]
"
10,"
graph LR
0[""StartNode""] --> 1[""Obtain problem description""]
1 --> 2{""Can handle problem myself?""}
2 --> |""Yes""|3[""Explain solution""]
2 --> |""No""|4[""Send email to support system""]
3 --> 5[""EndNode""]
4 --> 6{""Can handle problem myself?""}
6 --> |""Yes""|3
6 --> |""No""|7[""Wait for answer""]
7 --> 8[""Explain solution""]
8 --> 5
"
11,"
graph LR
0[""StartNode""] --> 1[""Complete purchase order""]
1 --> 2[""Send invoice""]
1 --> 3[""Send goods""]
2 --> 4[""EndNode""]
3 --> 4
"
12,"
graph LR
0[""StartNode""] --> 1[""Preparation of shipment order""]
1 --> 2[""Send shipment order""]
2 --> 3[""Carrier provides response""]
3 --> 4{""Is carrier response 'The answer was positive'?""}
4 --> |""No""|5[""Acquisition of carriers""]
4 --> |""Yes""|6[""Acceptance of shipment order""]
6 --> 7{""Is carrier response 'yes'?""}
7 --> |""No""|5[""Acquisition of carriers""]
7 --> |""Yes""|8[""Realized shipment""]
8 --> 9[""EndNode""]
"
13,"
graph LR
0[""StartNode""] --> 1[""Order received""]
1 --> 2[""Create invoice""]
1 --> 3[""Prepare shipping""]
3 --> 4[""Ship item""]
2 --> 5[""Send invoice""]
5 --> 6[""Confirm payment""]
6 --> 7[""End process""]
"
14,"
graph LR
0[""StartNode""] --> 1{""Can fulfill the order?""}
1 --> |""Yes""|2[""Confirm the order""]
1 --> |""No""|3[""Reject the order""]
2 --> 4[""Deliver the order""]
4 --> 5[""Notify order successfully delivered""]
3 --> 5[""Notify order rejected""]
"
15,"
graph LR
0[""StartNode""] --> 1[""Verify RFQ""]
1 --> 2{""Verification successful?""}
2 --> |""No""|3[""Ask for more information""]
2 --> |""Yes""|4[""Analyze RFQ and provide L&M cost estimates""]
4 --> 5[""Verify RFQ""]
5 --> 6{""Verification successful?""}
6 --> |""No""|7[""Ask for more information""]
6 --> |""Yes""|8[""Add overhead cost""]
8 --> 9[""Generate pricing options""]
9 --> 10[""Generate sales quote""]
10 --> 11[""EndNode""]
"
16,"
graph LR
0[""StartNode""] --> 1[""Check the Customer's Credit History""]
0 --> 2[""Conduct a Property Survey""]
0 --> 3[""Search the Property Title""]
1 --> 4[""Credit History File""]
2 --> 5[""Survey Document""]
3 --> 6[""EndNode""]
"
17,"
graph LR
0[""StartNode""] --> 1[""Change status""]
1 --> 2{""Product on sale?""}
2 --> |""Yes""|3[""Mark product as on sale""]
2 --> |""No""|4[""Mark product as not on sale""]
4 --> 5{""Product on sale?""}
5 --> |""Yes""|3
5 --> |""No""|6[""EndNode""]
"
18,"
graph LR
0[""StartNode""] --> 1[""Identify invoice errors""]
1 --> 2[""Highlight errors on entry form""]
1 --> 3[""Update record of mistakes""]
2 --> 4[""Send invoice back""]
3 --> 4
4 --> 5[""EndNode""]
"
19,"
graph LR
0[""StartNode""] --> 1[""Run invoice payment process for SSP""]
1 --> 2[""Send payment report to Accounts Receivable""]
2 --> 3[""Send payment report to Client""]
3 --> 4[""EndNode""]
2 --> 5[""Send payment report to Registry""]
5 --> 4
2 --> 6[""Generate monthly invoices for clients""]
6 --> 7[""Charge clients""]
7 --> 4
1 --> 6
1 --> 7
6 --> 8[""Generate invoice payment report""]
7 --> 8
8 --> 4
"
20,"
graph LR
0[""StartNode""] --> 1[""Check completeness""]
1 --> 2[""Verify credit history""]
2 --> 3[""Examine loan request""]
3 --> 4{""Check Result?""}
4 --> |""Rejection""|5[""Customer request is rejected""]
4 --> |""Acceptance""|6[""Customer request is approved""]
5 --> 7[""EndNode""]
6 --> 7
"
21,"
graph LR
0[""StartNode""] --> 1[""Extract Work Orders""]
1 --> 2[""Load Work Orders""]
2 --> 3[""Extract Inspection Orders""]
3 --> 4[""Load Inspection Orders""]
2 --> 5[""Pull Work Order Report""]
3 --> 5
4 --> 6[""Extract Notifications""]
6 --> 7[""Load Notifications""]
7 --> 8[""Pull Notifications Report""]
5 --> 8
8 --> 9[""Link Reports from PPT""]
9 --> 10[""Create and Send Email""]
10 --> 11[""End with WHISKY""]
"
22,"
graph LR
0[""StartNode""] --> 1[""Planning the menu""]
1 --> 2[""Prepare the chicken""]
1 --> 3[""Make the salad""]
2 --> 4[""Refine the chicken""]
3 --> 4
4 --> 5[""Prepare the salad""]
5 --> 6[""Serve the menu""]
6 --> 7[""EndNode""]
"
23,"
graph LR
0[""StartNode""] --> 1[""Write a letter""]
1 --> 2[""Obtain letter""]
2 --> 3{""Applicant is a member?""}
3 --> |""No""|4[""EndNode""]
3 --> |""Yes""|5[""Check if applicant is a member""]
5 --> 6{""Applicant is a member?""}
6 --> |""No""|7[""EndNode""]
6 --> |""Yes""|8[""Obtain second letter""]
8 --> 4[""Pay the fee""]
4 --> 9[""Receive a card""]
9 --> 10[""EndNode""]
"
24,"
graph LR
0[""StartNode""] --> 1[""Feel hungry""]
1 --> 2[""Have dinner""]
2 --> 3[""Have a salad""]
2 --> 4[""Enjoy ice-cream""]
2 --> 5[""Savor a plate of pasta""]
5 --> 6[""Feel satisfied""]
6 --> 7[""EndNode""]
"
25,"
graph LR
0[""StartNode""] --> 1[""Empty SAP Master Record Outbox""]
1 --> 2[""Deliver requests to Master Data Entry Department""]
2 --> 3[""Empty Master Data Entry Outbox""]
3 --> 4[""Receive Vendor Master Record Requests Form""]
4 --> 5[""Empty Master Data Entry Outbox""]
5 --> 6[""Process Vendor Master Record Requests""]
6 --> 7[""Place completed requests in Data Entry Officer Inbox""]
7 --> 8[""EndNode""]
"
26,"
graph LR
0[""StartNode""] --> 1[""Register event participation""]
1 --> 2[""Register process seminar results""]
1 --> 3[""Create a purchase request""]
2 --> 4{""purchase request approve?""}
4 --> |""Rejected""|5[""Notify rejection""]
4 --> |""Approved""|6[""Send approved notification""]
6 --> 7[""Register process seminar results""]
7 --> 4
5 --> 8[""EndNode""]
"
27,"
graph LR
0[""StartNode""] --> 1[""Place an order""]
1 --> 2{""Customer okay?""}
2 --> |""Yes""|3[""Verify Customer""]
2 --> |""No""|4[""Create new customer""]
3 --> 5[""Check Availability""]
5 --> |""Not available""|6[""Produce goods""]
5 --> |""Available""|7[""Ship goods""]
6 --> 8[""EndNode""]
7 --> 8
"
28,"
graph LR
0[""StartNode""] --> 1[""Move to square (2,5)""]
1 --> 2[""Wait for a message""]
2 --> 3{""Response from all players received?""}
3 --> |""No""|4[""Wait for a message""]
4 --> 3
3 --> |""Yes""|5[""Check if response from all players has been received""]
5 --> 6{""Response from all players received?""}
6 --> |""No""|4
6 --> |""Yes""|7[""EndNode""]
"
29,"
graph LR
0[""StartNode""] --> 1[""Obtain the credit score""]
0 --> 2[""Get the credit score""]
0 --> 3[""Check the credit score""]
1 --> 4[""Check the income to payment ratio""]
2 --> 4
3 --> 4
4 --> 5[""Assess the credit risk""]
5 --> 6[""Process concludes""]
"
30,"
graph LR
0[""StartNode""] --> 1[""Receive payment from previous week""]
1 --> 2{""Payment for previous week received?""}
2 --> |""No""|3[""Document bad credit against accounts receivable and member's file""]
2 --> |""Yes""|4[""Update members and accounts receivable file""]
4 --> 5[""Process order""]
4 --> 2
4 --> 6[""Document bad credit against accounts receivable and member's file""]
6 --> 7[""Inform member about bad credit status""]
6 --> 8[""Suspend future order processing""]
7 --> 8
8 --> 9[""Complete credit check""]
9 --> 10[""EndNode""]
"
31,"
graph LR
0[""StartNode""] --> 1[""Verify RFQ""]
1 --> 2{""RFQ verified?""}
2 --> |""No""|3[""Ask for more information""]
2 --> |""Yes""|4[""Analyze RFQ""]
4 --> 5[""Provide L&M cost estimates""]
4 --> 6{""RFQ verified?""}
6 --> |""No""|7[""Ask for more information""]
6 --> |""Yes""|8[""Provide verification""]
8 --> 9[""Add overhead costs""]
9 --> 10[""Generate pricing options""]
9 --> 11[""Generate sales quote""]
10 --> 11
11 --> 12[""EndNode""]
"
32,"
graph LR
0[""StartNode""] --> 1[""Bring computer to ACM""]
1 --> 2[""Describe computer problem""]
2 --> 3[""Receive estimate""]
3 --> 4{""Evaluate estimate""}
4 --> |""Yes""|5[""Authorize repair""]
4 --> |""No""|6[""Take computer back""]
5 --> 7[""Receive repair notice""]
7 --> 8[""Receive invoice and P/S document""]
8 --> 9[""Send payment""]
9 --> 10[""EndNode""]
6 --> 10
"
33,"
graph LR
0[""StartNode""] --> 1[""Analyze data object Goal Model""]
1 --> 2[""Analyze data object Business Process Models""]
2 --> 3{""Yes/No""}
3 --> |""No""|4[""Update""]
4 --> 1
4 --> 5[""Update and analyze again""]
3 --> |""Yes""|5
5 --> 6[""EndNode""]
"
34,"
graph LR
0[""StartNode""] --> 1[""Identify Vacancy""]
1 --> 2[""Manage Position Profile""]
1 --> 3[""Review Terms & Conditions""]
1 --> 4[""Assemble Selection Panel""]
2 --> 5[""Creation of Position Profile""]
2 --> 6[""Creation of Position Form""]
4 --> 7[""Creation of Confirmed Selection Panel List""]
3 --> 8[""New Business Case""]
3 --> 9[""Required Paperwork (Inc Chairperson Checklist Interview Proforma)""]
3 --> 10[""Staff Requisition Form""]
3 --> 11[""Ts & Cs Document""]
7 --> 12[""EndNode""]
"
35,"
graph LR
0[""StartNode""] --> 1[""Verify form structure""]
1 --> 2{""Form is correct?""}
2 --> |""Yes""|3[""Verify proposal""]
2 --> |""No""|4[""Form error encountered""]
3 --> 5{""Everything is okay?""}
5 --> |""Yes""|6[""Process is successful""]
5 --> |""No""|7[""Face a failure""]
6 --> 8[""EndNode""]
7 --> 8
4 --> 8
"
36,"
graph LR
0[""StartNode""] --> 1[""Receive Negotiated Conditions""]
1 --> 2{""Data complete?""}
2 --> |""No""|3[""Send Failure Notice""]
2 --> |""Yes""|4[""Categorize Customer""]
4 --> 5{""Data complete?""}
5 --> |""No""|3
5 --> |""Yes""|6[""Check the insurance benefits""]
6 --> 7[""Finish Contract""]
7 --> 8[""EndNode""]
"
37,"
graph LR
0[""StartNode""] --> 1[""Receive signed offer""]
1 --> 2[""Register acceptance of contract""]
1 --> 3[""Scan offer's billing information""]
1 --> 4[""Scan offer's pincode""]
4 --> 5[""Register competitor's information""]
2 --> 5
3 --> 5
4 --> 5
5 --> 6[""Process offer""]
6 --> 7[""EndNode""]
"
38,"
graph LR
0[""StartNode""] --> 1[""Make sure to finish by the end of the week""]
1 --> 2[""Generate and send payment report""]
2 --> 3[""Handle Individual Client's payment report""]
2 --> 4[""Handle SSP's Accounts Receivable Department's payment report""]
2 --> 5[""Handle Registry's payment report""]
3 --> 6[""EndNode""]
4 --> 6
5 --> 6
"
39,"
graph LR
0[""StartNode""] --> 1[""Execution begins""]
1 --> 2{""First execution?""}
2 --> |""Yes""|3[""Allocate actors""]
2 --> |""No""|4[""Allocate actors based on best known placement""]
4 --> 3
3 --> 5[""Check if application is still executing""]
5 --> |""Yes""|6[""Application profiling""]
5 --> |""No""|7[""EndNode""]
6 --> 8[""Check for alternative placements""]
8 --> 9{""Alternative placement with higher expected performance?""}
9 --> |""Yes""|10[""Deploy new placement""]
9 --> |""No""|11[""Check if application is still executing""]
11 --> |""Yes""|6
11 --> |""No""|7
"
40,"
graph LR
0[""Check the number of panellists""] --> 1[""Photocopy the applications""]
1 --> 2[""Send original copy to the archives""]
1 --> 3[""Forward others to the recruitment manager""]
2 --> 4[""End process""]
3 --> 4
"
41,"
graph LR
0[""StartNode""] --> 1[""Informational meeting""]
1 --> 2{""Meeting successful?""}
2 --> |""No""|3[""EndNode""]
2 --> |""Yes""|4[""Storyboard meeting""]
4 --> 5[""Check content prepared""]
5 --> 6[""Develop site""]
6 --> 7[""Complete initial draft""]
7 --> 8{""Marketing view?""}
8 --> |""Yes""|9[""Marketing review""]
8 --> |""No""|10[""Complete final version""]
9 --> 11{""Marketing review approved?""}
11 --> |""No""|12[""EndNode""]
11 --> |""Yes""|13[""Building and review""]
13 --> 14[""Build site""]
"
42,"
graph LR
0[""StartNode""] --> 1[""Receive RFQ""]
1 --> 2[""Verify RFQ""]
2 --> 3[""Produce Verify RFQ data object""]
2 --> 4[""Access Sales Guidelines data object""]
2 --> 5[""Produce Verified RFQ data object""]
2 --> 6[""Access Sales Guidelines data object""]
6 --> 7{""RFQ meets guidelines?""}
7 --> |""Yes""|8[""Produce L&M Cost Estimates""]
7 --> |""No""|9[""Communicate with customer""]
9 --> 1
8 --> 10[""EndNode""]
"
43,"
graph LR
0[""StartNode""] --> 1[""Plan and Manage Iteration""]
0 --> 2[""Initiate Project""]
1 --> 3[""Identify and Refine Requirements""]
2 --> 3
3 --> 4[""Agree on technical approach""]
4 --> 5[""EndNode""]
"
44,"
graph LR
0[""StartNode""] --> 1[""Prepare TS""]
1 --> 2[""Create development plan""]
2 --> 3[""Development and Unit testing""]
3 --> 4[""Assembly""]
4 --> 5[""Assembly Test""]
5 --> 6{""Solution accepted for testing?""}
6 --> |""Yes""|7[""EndNode""]
6 --> |""No""|8[""Development and Unit testing""]
8 --> 3
"
45,"
graph LR
0[""StartNode""] --> 1[""Customer has problem""]
1 --> 2[""Provide problem description""]
2 --> 3{""Can handle problem themselves?""}
3 --> |""Yes""|4[""Handle problem themselves""]
3 --> |""No""|5[""Ask for 1st level support""]
4 --> 6[""Check result""]
6 --> 7{""Issue resolved?""}
7 --> |""Yes""|8[""Provide feedback for account manager""]
7 --> |""No""|9[""Ask developer""]
9 --> 10[""Provide feedback for 1st level support""]
9 --> 11[""Explain solution to customer""]
10 --> 11
11 --> 12[""Provide feedback for 1st level support and account manager""]
12 --> 13[""EndNode""]
"
46,"
flowchart LR
0[""Deploy DB Tier""] --> 1[""Deploy Web Tier""]
1 --> 2[""Deploy VM (mySQL)""]
2 --> 3[""Deploy DB Tier""]
3 --> 4[""Deploy VM (Apache)""]
4 --> 5[""Deploy VM (mySQL)""]
5 --> 6[""Deploy OS (mySQL)""]
6 --> 7[""Deploy VM (Apache)""]
7 --> 8[""Deploy OS (Apache)""]
8 --> 9[""Deploy Web Tier""]
9 --> 10[""Deploy OS (mySQL)""]
10 --> 11[""Deploy mySQL""]
11 --> 12[""Deploy OS (Apache)""]
12 --> 13[""Deploy Apache Web Server""]
13 --> 14[""Deploy mySQL""]
14 --> 15[""Create SugarCRM Database""]
15 --> 16[""Deploy Apache Web Server""]
16 --> 17[""Deploy PHP Modules""]
17 --> 18[""Deploy SugarCRM App""]
18 --> 19[""Connect App to DB""]
19 --> 20[""EndNode""]
"
47,"
graph LR
0[""StartNode""] --> 1[""Create order and specify quantity""]
1 --> 2[""Send order and quantity to storage manager""]
2 --> 3{""Product available?""}
3 --> |""Yes""|4[""Check availability""]
3 --> |""No""|5[""Forward to external vendor""]
4 --> 6[""Prepare product for shipping""]
4 --> 7[""Add delivery confirmation""]
6 --> 8[""Send product back to requesting employee""]
7 --> 8
5 --> 9[""Request reordered product""]
9 --> 10{""Reordered product available?""}
10 --> |""Yes""|11[""Send reordered product""]
10 --> |""No""|12[""EndNode""]
11 --> 13[""Send delivery confirmation to storage manager""]
13 --> 14[""Add delivery confirmation to product""]
14 --> 15[""Send delivery confirmation to storage manager""]
15 --> 16[""Send invoice to accountant""]
16 --> 12
"
48,"
graph LR
0[""StartNode""] --> 1{""Is project economically beneficial?""}
1 --> |""No""|2{""Are there additional goals given?""}
2 --> |""No""|3[""Reject project""]
2 --> |""Yes""|4{""Is project economically beneficial?""}
4 --> |""No""|3[""Reject project""]
4 --> |""Yes""|5[""Check user acceptance""]
5 --> |""No""|3[""Reject project""]
5 --> |""Yes""|6[""Implement project""]
"
49,"
graph LR
0[""StartNode""] --> 1[""Notify successful payment""]
1 --> 2[""Process ends""]
"
50,"
graph LR
0[""StartNode""] --> 1[""Move Cargo to Warehouse""]
1 --> 2[""Conduct Physical Examination of Cargo""]
2 --> 3[""Check Documents""]
3 --> 4[""Register Custom Declaration""]
4 --> 5[""Provide Support Documents""]
5 --> 6[""Release Goods""]
6 --> |and| 7[""Send Release Notice""]
7 --> 8[""EndNode""]
"
51,"
graph LR
0[""StartNode""] --> 1[""Initiate project""]
1 --> 2[""Conduct information search""]
2 --> 3[""Iteratively develop annotated bibliography""]
3 --> 4[""Iteratively develop literature review""]
4 --> 5[""Iteratively develop project proposal""]
4 --> 6[""Iteratively develop project presentation""]
6 --> 7[""Deliver presentation""]
"
52,"
graph LR
0[""StartNode""] --> 1[""Receive the issue""]
1 --> 2[""Open 1st level ticket""]
2 --> 3[""Edit 1st level ticket""]
3 --> 4{""Issue classified as 2nd level issue?""}
4 --> |""Yes""|5[""Edit 2nd level ticket""]
4 --> |""No""|6[""Check Result?""]
5 --> 6
6 --> |""Yes""|7[""Send email to account manager""]
6 --> |""No""|8[""Send another email to account manager""]
7 --> 9[""Close ticket""]
8 --> 9
9 --> 10{""Issue resolved?""}
10 --> |""Yes""|11[""Insert issue into product backlog""]
10 --> |""No""|12{""Fix scheduled for next release?""}
11 --> 13[""Send email to account manager""]
12 --> 11
13 --> 9
"
53,"
graph LR
0[""StartNode""] --> 1[""Pay the Airline Company""]
0 --> 2[""Pay the HOTEL""]
0 --> 3[""Pay the Car Rental""]
1 --> 4[""EndNode""]
2 --> 4
3 --> 4
"
54,"
graph LR
0[""StartNode""] --> 1[""Continue the process""]
1 --> 2[""EndNode""]
"
55,"
graph LR
0[""StartNode""] --> 1[""Verify RFQ""]
1 --> 2{""RFQ verified as 'ok'?""}
2 --> |""Yes""|3[""Provide LandM cost estimates""]
2 --> |""No""|4[""Ask for more information""]
4 --> 5[""Check RFQ again""]
5 --> 2
5 --> |""Yes""|3
5 --> |""No""|6[""Provide clarification""]
6 --> 7[""Add overhead cost""]
7 --> 8[""Generate pricing options""]
8 --> 9[""Generate sales quote""]
9 --> 10[""EndNode""]
"
56,"
graph LR
0[""StartNode""] --> 1[""Send XYZ Message""]
1 --> 2[""Ensure message data integrity""]
2 --> 3[""Check for changes""]
3 --> 4[""Verify acceptability""]
4 --> 5[""Establish manual examination requirement""]
5 --> 6[""Generate Error Report""]
6 --> 7[""Produce Lodgment Verification Report""]
7 --> 8[""EndNode""]
"
57,"
graph LR
0[""StartNode""] --> 1[""Check customers' credit history""]
0 --> 2[""Conduct a property title search""]
1 --> 3[""Access credit history file""]
2 --> 3[""Conduct Property Survey""]
3 --> 4[""Process ends""]
"
58,"
graph LR
0[""StartNode""] --> 1[""Send a letter""]
1 --> 2{""Correctness check""}
2 --> |""No""|3[""Make a phone call""]
2 --> |""Yes""|4[""Add mail number and date""]
4 --> 5[""Record and archive the letter""]
5 --> 6[""Transmit the letter and register it with Miranda""]
6 --> 7{""Membership decision""}
7 --> |""No""|8[""Provide a negative answer""]
7 --> |""Yes""|9[""Stamp new member and the date""]
9 --> 10{""Membership check""}
10 --> |""Yes""|11[""Stamp new member and the date""]
10 --> |""No""|12[""Provide a negative answer""]
11 --> 13[""Add the new member""]
13 --> 14[""Calculate the membership fee""]
14 --> 15[""Write down the amount""]
15 --> 16[""Prepare the invoice at home""]
16 --> 17[""Send the membership card""]
17 --> 18[""Print the membership card""]
18 --> 19[""Send the invoices""]
19 --> 20[""Print the membership card""]
"
59,"
graph LR
0[""StartNode""] --> 1[""Incoming Frozen Item""]
1 --> 2[""Poultry""]
1 --> 3[""Fish""]
1 --> 4[""Beef""]
2 --> 5[""Type Categorization""]
3 --> 5
4 --> 5
5 --> 6[""Pork""]
6 --> 7[""White Meat""]
6 --> 8[""Dark Meat""]
6 --> 9[""Deboned""]
6 --> 10[""Bone-In""]
7 --> 10
8 --> 10
9 --> 10
10 --> 11[""Temperature Weight and Date Center""]
10 --> 11
10 --> 11
11 --> 12[""Store items based on item policy""]
12 --> 13[""EndNode""]
"
60,"
graph LR
0[""StartNode""] --> 1[""Guest is hungry""]
1 --> 2[""Fill a pot with water""]
1 --> 3[""Buy sauce ingredients""]
2 --> 4[""Boil the water""]
3 --> 5[""Prepare tomato sauce""]
4 --> 6[""Put in some noodles""]
5 --> 7[""Add seasoning""]
6 --> 8[""Mix noodles with tomato sauce""]
7 --> 8
8 --> 9[""Meal is prepared""]
9 --> 10[""EndNode""]
"
61,"
graph LR
0[""StartNode""] --> 1[""Receive order""]
1 --> 2[""Check availability""]
2 --> 3{""Article available?""}
3 --> |""Yes""|4[""Ship article""]
3 --> |""No""|5[""Engage in procurement activities""]
4 --> 6[""Financial settlement""]
5 --> 7[""Check availability""]
7 --> 3
7 --> |""Yes""|4
7 --> |""No""|5
4 --> 6
6 --> 8[""Receive payment""]
8 --> 9[""EndNode""]
"
62,"
graph LR
0[""StartNode""] --> 1[""Generate payment report""]
1 --> 2[""Pay vendor""]
1 --> 3{""Send payment report to Accounts Receivable Department""}
1 --> 4{""Send payment report to Registry""}
3 --> 5[""Generate monthly invoices for clients""]
4 --> 6[""Archive invoices per vendor""]
4 --> 7[""Track down the payment""]
5 --> 8[""Charge each client $35 per invoice""]
6 --> 9[""Archive invoices per payment date""]
7 --> 8
8 --> 9
9 --> 10[""EndNode""]
"
63,"
graph LR
0[""StartNode""] --> 1[""Receive order""]
1 --> 2[""Send invoice""]
1 --> 3[""Ship products""]
2 --> 4[""Receive payment""]
3 --> 4
4 --> 5[""End process""]
"
64,"
graph LR
0[""StartNode""] --> 1[""Enter requested information""]
1 --> 2[""Type in the date of arrival at SSP""]
1 --> 3[""Type in the client name""]
1 --> 4[""Type in the vendor name""]
4 --> 5[""EndNode""]
"
65,"
graph LR
0[""StartNode""] --> 1[""Visit www.katyd.cz""]
1 --> 2[""Fill out form with basic information""]
2 --> 3[""Check Method of payment? option""]
3 --> |""offline""|4[""Show payment information""]
3 --> |""online""|5[""Initiate payment process""]
5 --> 6[""Check Variant of subscription? option""]
6 --> |""only print""|7[""Register payment information for accounting purposes""]
6 --> |""online or online&print""|8[""Generate code""]
7 --> 9[""Renew subscription""]
9 --> 10[""EndNode""]
8 --> 9
9 --> 10
"
66,"
graph LR
0[""StartNode""] --> 1[""Draft Contract""]
1 --> 2[""Legal Review""]
2 --> 3[""Financial Review""]
3 --> 4[""Finalize Contract""]
4 --> 5[""EndNode""]
"
67,"
graph LR
0[""StartNode""] --> 1{""Can fulfill order?""}
1 --> |""Yes""|2[""Confirm order""]
1 --> |""No""|3[""Reject order""]
2 --> 4[""Deliver order""]
4 --> 5[""Inform delivery""]
5 --> 6[""EndNode""]
3 --> 7[""Inform rejection""]
7 --> 6
"
68,"
graph LR
0[""StartNode""] --> 1{""Can fulfill the order?""}
1 --> |""Yes""|2[""Confirm the order""]
1 --> |""No""|3[""Reject the order""]
2 --> 4[""Deliver the order""]
4 --> 5[""EndNode""]
3 --> 5
4 --> 5
"
69,"
graph LR
0[""StartNode""] --> 1[""Generate Payment Report""]
1 --> 2[""Pay Vendor""]
1 --> 3[""Send Payment Report to Registry""]
2 --> 4[""Send Payment Report to Accounts Receivable Department""]
4 --> 5{""Payment Report sent to Accounts Receivable Department?""}
5 --> |""Yes""|6[""Generate Monthly Invoices for Clients""]
5 --> |""No""|7[""Archive Invoices per Vendor""]
6 --> 8[""Select Paid Invoices""]
6 --> 9[""Charge Client""]
9 --> 10[""EndNode""]
7 --> 8
8 --> 9
9 --> 10
"
70,"
graph LR
0[""StartNode""] --> 1[""Contact customer regarding backorder""]
1 --> 2{""Customer still wants order?""}
2 --> |""Yes""|3[""Postpone shipment""]
2 --> |""No""|4[""Terminate order""]
3 --> 4[""Order out-of-stock merchandise from vendor""]
4 --> 5[""Notify customer of expected shipping date""]
3 --> 6[""Goods arrived""]
5 --> 6
6 --> 7[""Contact customer""]
7 --> 8[""End process""]
"
71,"
graph LR
0[""StartNode""] --> 1[""Receive attendance request""]
1 --> 2[""Send email to advisor1 ""]
1 --> 3[""Send email to advisor3 ""]
1 --> 4[""Send email to advisor2 ""]
2 --> 5[""Respond to central office""]
3 --> 5
4 --> 5
5 --> 6[""EndNode""]
"
72,"
graph LR
0[""StartNode""] --> 1[""Prepare shipment""]
0 --> 2[""Bill customer""]
1 --> 3[""EndNode""]
2 --> 3
"
73,"
graph LR
0[""StartNode""] --> 1[""Verify RFQ""]
1 --> 2{""Is RFQ verified?""}
2 --> |""No""|3[""Ask for more information""]
2 --> |""Yes""|4[""Analyze RFQ""]
4 --> 5[""Provide L&M Cost Estimates""]
5 --> 6{""Is RFQ verified?""}
6 --> |""No""|3
6 --> |""Yes""|7[""Add overhead costs""]
7 --> 8[""Generate pricing options""]
8 --> 9[""Provide clarification""]
9 --> 2
8 --> 9
9 --> 10[""Generate sales quote""]
10 --> 11[""EndNode""]
"
74,"
graph LR
0[""StartNode""] --> 1[""Payment reports to Registry""]
1 --> 2[""Validated invoices to Registry""]
2 --> 3[""Receive payment reports""]
2 --> 4[""Receive validated invoices""]
3 --> 5[""Select and sort paid invoices by vendor""]
4 --> 5
5 --> 6[""Sort invoices by payment date""]
6 --> 7[""Archive invoices""]
7 --> 8[""Invoices location""]
8 --> 9[""Invoices located""]
style 8 fill:#f9f,stroke:#333,stroke-width:2px
9 --> 10[""EndNode""]
"
75,"
graph LR
0[""StartNode""] --> 1[""Receive Order""]
1 --> 2[""Check Availability""]
2 --> 3{""Article Available?""}
3 --> |""Yes""|4[""Receive Payment""]
3 --> |""No""|5[""Procurement""]
4 --> 6[""Ship Article""]
5 --> 4
6 --> 7[""Financial Settlement""]
7 --> 8[""Order Fulfilled""]
8 --> 9[""EndNode""]
"
76,"
graph LR
0[""StartNode""] --> 1[""Procure Part""]
1 --> 2{""All parts are available?""}
2 --> |""Yes""| 3[""EndNode""]
2 --> |""No""| 4[""Part Auction""]
4 --> 5[""EndNode""]
"
77,"
graph LR
0[""StartNode""] --> 1[""Request for funds""]
1 --> 2[""Write a check""]
2 --> 3[""Enter vendor, product description, and amount in Payment Out Module""]
3 --> 4{""Check if seller accepts check""}
4 --> |""Yes""|5[""Purchase products""]
4 --> |""No""|6[""Cash check""]
5 --> 7[""Pay vendor""]
6 --> 7
7 --> 8[""EndNode""]
"
78,"
graph LR
0[""StartNode""] --> 1[""eBay account created""]
1 --> 2[""Customer logs into their account""]
2 --> 3[""Customer browses for an item""]
2 --> 4[""Seller reviews the item""]
2 --> 5[""Customer reviews the item""]
4 --> 6[""Seller completes their review""]
5 --> 6
6 --> 7[""Item is reviewed""]
"
79,"
graph LR
0[""StartNode""] --> 1[""Report a problem""]
1 --> 2[""Send problem for evaluation""]
2 --> 3{""Customer agrees with estimate""}
3 --> |""Yes""|4[""Authorize Repair""]
3 --> |""No""|5[""Take back computer""]
4 --> 6[""Submit Authorization""]
6 --> 7[""Check if Computer was fixed""]
7 --> |""Yes""|8[""Send Payment""]
7 --> |""No""|9[""Pick up computer""]
6 --> 10{""Customer authorizes repair""}
10 --> |""Yes""|7
10 --> |""No""|5
"
80,"
graph LR
0[""StartNode""] --> 1[""Advising unsuccessful shortlisted candidates verbally and providing feedback""]
1 --> 2[""Receive signed letter of appointment""]
2 --> 3[""Scan letter of appointment into career website""]
3 --> 4[""Send offer in writing""]
4 --> 5[""Receive signed letter of appointment""]
5 --> 6[""Scan letter of appointment into career website""]
6 --> 7[""Close vacancy""]
7 --> 8[""EndNode""]
"
81,"
graph LR
0[""StartNode""] --> 1[""Enter details manually""]
1 --> 2[""Enter vendor name""]
2 --> 3[""EndNode""]
1 --> 4[""Enter client name""]
4 --> 3
1 --> 5[""Enter date of arrival""]
5 --> 3
"
82,"
graph LR
0[""StartNode""] --> 1[""Verify shipment content""]
1 --> 2[""Perform quality inspection""]
2 --> 3{""Material okay?""}
3 --> |""Yes""|4[""Store material""]
3 --> |""No""|5[""Check material""]
4 --> 6[""EndNode""]
5 --> 2
"
83,"
graph LR
0[""StartNode""] --> 1[""Scan the offer""]
0 --> 2[""Register the offer""]
0 --> 3[""Send billing""]
0 --> 4[""Send pincode information""]
1 --> 5[""EndNode""]
2 --> 5
3 --> 5
4 --> 5
"
84,"
graph LR
0[""StartNode""] --> 1[""Check the order""]
1 --> 2[""Process the order""]
1 --> 3[""Send the books""]
1 --> 4[""Update the inventory""]
2 --> 5[""Order complete""]
3 --> 5
4 --> 5
5 --> 6[""EndNode""]
"
85,"
graph LR
0[""StartNode""] --> 1[""Incoming Package & Plasticware Item""]
1 --> 2[""Plasticware""]
1 --> 3[""Packaging Equipment""]
1 --> 4[""Cleaning Equipment""]
2 --> 5[""Kitchen Equipment""]
2 --> 6[""Item Categorization (Aluminum Foil, etc)""]
3 --> 7[""Kitchen Equipment""]
3 --> 8[""Item Categorization (Surface cleaners, etc)""]
4 --> 9[""Kitchen Equipment""]
4 --> 10[""Item Categorization (Surface cleaners, etc)""]
5 --> 11[""Aluminum/Plastic Containers""]
5 --> 12[""Container Lids""]
5 --> 13[""Item Categorization (Aluminum Foil, etc)""]
6 --> 14[""Count""]
7 --> 15[""Forks""]
7 --> 16[""Knives""]
7 --> 17[""Spoons""]
7 --> 18[""Aluminum/Plastic Containers""]
7 --> 19[""Plastic Wrap""]
10 --> 20[""Count""]
11 --> 21[""Count""]
12 --> 22[""Count""]
13 --> 23[""Count""]
14 --> 24[""Store items""]
15 --> 24
16 --> 24
17 --> 24
18 --> 24
19 --> 24
20 --> 24
21 --> 24
22 --> 24
23 --> 24
24 --> 25[""EndNode""]
"
86,"
graph LR
0[""StartNode""] --> 1[""Make order request""]
1 --> 2{""Can order be fulfilled?""}
2 --> |""Yes""|3[""Confirm order""]
2 --> |""No""|4{""Is capacity sufficient?""}
4 --> |""Yes""|5[""Request parts""]
4 --> |""No""|6[""Reject order""]
5 --> 2
6 --> 2
3 --> 7[""Deliver order""]
5 --> 7
7 --> 8{""Are all parts available?""}
8 --> |""Yes""|9[""Confirm order""]
8 --> |""No""|10{""Have all parts been obtained?""}
10 --> |""Yes""|9
10 --> |""No""|6
9 --> 11[""EndNode""]
"
87,"
graph LR
0[""StartNode""] --> 1[""Validate invoice""]
1 --> 2[""Run payment process""]
2 --> 3[""Generate payment report""]
3 --> 4[""Send payment report""]
4 --> 5{""Payment report received""}
5 --> 6[""Generate monthly invoices""]
6 --> 7[""Send invoices""]
7 --> 8[""End payment invoice process""]
"
88,"
graph LR
0[""StartNode""] --> 1[""Backup database""]
1 --> 2[""Check Account Defaulter table""]
2 --> |""Yes""|3[""Check CRM system for new returns""]
2 --> |""No""|4[""Is current time before 2:30 pm?""]
3 --> 5[""Register defaulting accounts and customers""]
5 --> 6[""Is current time before 2:30 pm?""]
6 --> |""Yes""|7[""Reconcile new returns with existing account""]
6 --> |""No""|8[""Has client been advised?""]
7 --> 9[""EndNode""]
8 --> |""No""|10[""Produce new table""]
8 --> |""Yes""|11[""Is current time before 4:00 pm?""]
10 --> 12[""Send new table to supervisor""]
12 --> 11
11 --> |""Yes""|13[""EndNode""]
11 --> |""No""|14[""Alert supervisor""]
14 --> 15[""EndNode""]
"
89,"
graph LR
0[""StartNode""] --> 1[""Identify demand for material""]
1 --> 2{""Goods Available?""}
2 --> |""Yes""|3[""Utilize available material""]
2 --> |""No""|4[""Specify required material demand""]
3 --> 5[""EndNode""]
4 --> 6[""Create purchase requisition""]
6 --> 7[""Verify purchase requisition""]
7 --> 8[""Create purchase order""]
8 --> 9[""Notify vendor""]
9 --> 10[""Ship goods""]
10 --> 11[""Create goods receipt""]
11 --> 12[""Generate invoice receipt""]
12 --> 13[""Make payment to vendor""]
13 --> 14[""EndNode""]
"
90,"
graph LR
0[""StartNode""] --> 1[""Fill in the tenure application form""]
0 --> 2[""Create a letter of application""]
0 --> 3[""Prepare the attached documents""]
1 --> 4[""Lodge the application""]
2 --> 4
3 --> 4
4 --> 5[""EndNode""]
"
91,"
graph LR
0[""StartNode""] --> 1[""Scan offer""]
1 --> 2[""Initiate register acception contract""]
2 --> 3[""Send billing information""]
2 --> 4[""Send pincode information""]
3 --> 5[""Customer created""]
4 --> 5
5 --> 6[""EndNode""]
"
92,"
graph LR
0[""StartNode""] --> 1[""Register Custom Declaration and support documents""]
0 --> 2[""Ship arrival notification""]
0 --> 3[""Document Checking""]
0 --> 4[""Payment Instruction""]
1 --> 5[""Release Goods""]
5 --> 6[""Processing Import Permit""]
5 --> 7[""EndNode""]
6 --> 7
2 --> 7
3 --> 7
4 --> 7
"
93,"
graph LR
0[""StartNode""] --> 1[""Order Request""]
1 --> 2{""Can we fulfill the order?""}
2 --> |""Yes""|3[""Order Confirmation""]
2 --> |""No""|4{""Is the capacity sufficient?""}
4 --> |""Yes""|5[""Procure Parts""]
4 --> |""No""|6{""Can we fulfill the order?""}
6 --> |""Yes""|3[""Order Confirmation""]
6 --> |""No""|7[""Reject Order""]
3 --> 8[""Deliver Order""]
8 --> 9{""Can we deliver the order?""}
9 --> |""No""|10{""Are all parts available?""}
10 --> |""Yes""|11[""Link A""]
10 --> |""No""|12[""Part Auction""]
12 --> 13{""Are all parts available?""}
13 --> |""Yes""|11[""Link A""]
13 --> |""No""|14{""Have all parts been obtained?""}
14 --> |""No""|7[""Reject Order""]
14 --> |""Yes""|11[""Link A""]
7 --> 15[""EndNode""]
11 --> 15
"
94,"
graph LR
0[""StartNode""] --> 1[""Define Marketing Goal""]
1 --> 2[""Determine Marketing Objectives""]
2 --> 3[""Define Primary Objectives""]
2 --> 4[""Define Primary Sub-Objectives""]
3 --> 5[""Determine Target Market""]
4 --> 5
5 --> 6[""Understand Product/Services""]
6 --> 7[""Determine Business Location""]
6 --> 8[""Determine Product/Services Prices""]
7 --> 8
8 --> 9[""Determine Financial Plan Budget""]
9 --> 10[""Generate Marketing Strategies""]
10 --> 11[""Create Market Development""]
11 --> 12[""Create Promotional Techniques""]
12 --> 13[""Create Monitoring Techniques""]
13 --> 14[""EndNode""]
"
95,"
graph LR
0[""StartNode""] --> 1[""Identify demand""]
1 --> 2[""Choose supplier""]
2 --> 3{""Is company ours?""}
3 --> |""No""|4[""EndNode""]
3 --> |""Yes""|5[""Check if company is ours""]
5 --> 6{""Is company ours?""}
6 --> |""No""|4
6 --> |""Yes""|7[""Place order""]
7 --> 4
"
96,"
graph LR
0[""StartNode""] --> 1[""Customer encounters a problem""]
1 --> 2[""Ask questions""]
2 --> 3[""Answer questions""]
3 --> 4{""Account manager can handle the issue""}
4 --> |""Yes""|5[""Provide a solution""]
4 --> |""No""|6[""Allocate to first level support""]
5 --> 7[""EndNode""]
6 --> 8{""First level support can handle the issue""}
8 --> |""Yes""|9[""Feedback for account manager""]
8 --> |""No""|10[""Allocate to first developer""]
9 --> 5
10 --> 11[""Feedback for first level support""]
11 --> 12[""Feedback for account manager""]
12 --> 5
"
97,"
graph LR
0[""StartNode""] --> 1[""Check ESIS system availability""]
1 --> 2{""ESIS system allows add/drop procedure?""}
2 --> |""Yes""|3[""Complete online transaction""]
2 --> |""No""|4[""Request add/drop form""]
3 --> 5[""Add/Drop Class""]
4 --> 5
5 --> 6[""Receive add/drop form""]
6 --> 7[""Send form to instructor""]
7 --> 8[""Receive form from instructor""]
8 --> 9[""Send form to advisor""]
9 --> 10[""Receive form from advisor""]
10 --> 11[""Send form to registrar's office""]
11 --> 12[""Process transaction""]
12 --> 13[""EndNode""]
"
98,"
graph LR
0[""StartNode""] --> 1[""Verify contents""]
1 --> 2[""Quality inspection""]
2 --> 3{""Materials okay?""}
3 --> |""Yes""|4[""Store materials""]
3 --> |""No""|5[""Send back to supplier""]
4 --> 6[""EndNode""]
5 --> 6
"
99,"
graph LR
0[""StartNode""] --> 1[""Conduct a patient interview""]
0 --> 2[""File the results from the interviews and expertise""]
1 --> 3[""Create a report""]
2 --> 3
3 --> 4[""EndNode""]
"
100,"
graph LR
0[""StartNode""] --> 1[""Send Main Document""]
1 --> 2{""Should Supplement A be sent?""}
2 --> |""Yes""|3[""Send Supplement A""]
2 --> |""No""|4[""EndNode""]
3 --> 5{""Should Supplement A be sent?""}
5 --> |""Yes""|6[""Send Supplement A""]
5 --> |""No""|7[""Send Supplement B""]
7 --> 8{""Should Supplement B be sent?""}
8 --> |""Yes""|9[""Send Supplement B""]
8 --> |""No""|4
9 --> 4
"
101,"
graph LR
0[""StartNode""] --> 1[""Select Meetings p1""]
1 --> 2[""Send Consolidated Referee Forms""]
2 --> 3[""Send Round 2 Evaluation Form""]
3 --> 4[""Send Evaluation Sheet""]
4 --> 5[""Consolidate Evaluations""]
5 --> 6[""Answer panel member questions""]
5 --> 7[""Log panel member questions in FAQ""]
6 --> 7
7 --> 8[""EndNode""]
"
102,"
graph LR
0[""StartNode""] --> 1[""Check for low inventory""]
1 --> 2[""Create purchase requisition""]
2 --> 3[""Submit purchase order""]
3 --> 4[""Send order materials""]
4 --> 5[""Inspect materials""]
5 --> 6{""Materials received okay?""}
6 --> |""Yes""|7[""Prepare goods receipt document""]
6 --> |""No""|8[""Communicate problems""]
3 --> 4
8 --> 3
7 --> 9[""Prepare and send invoice""]
9 --> 10[""Verify document""]
10 --> 11[""Send payment""]
11 --> 12[""EndNode""]
"
103,"
graph LR
0[""StartNode""] --> 1[""Discovering""]
1 --> 2[""Gathering""]
2 --> 3{""Vulnerability found?""}
3 --> |""Yes""|4[""Exploiting""]
3 --> |""No""|5[""EndNode""]
4 --> 3
4 --> 6[""Mending""]
6 --> 7[""Adjusting""]
7 --> 0
"
104,"
graph LR
0[""StartNode""] --> 1[""Continue process""]
0 --> 5[""Continue process""]
1 --> 2[""Empty Data Entry Staff Inbox""]
2 --> 3[""Open and categorize invoices""]
3 --> 4[""Send invoice(s) to Admin Officer(s)""]
4 --> 5
5 --> 6[""Send invoice(s) to Admin Officer(s)""]
6 --> 7[""EndNode""]
"
105,"
graph LR
0[""StartNode""] --> 1[""Master Production Scheduling""]
1 --> 2[""MRP run""]
2 --> 3[""Capacity plan review and adjustment""]
3 --> 4[""Production plan review""]
3 --> 5{""Local supply planning""}
3 --> 6{""PIM plan review""}
2 --> 6
5 --> 6
4 --> 3
6 --> 7[""Detailed production scheduling""]
7 --> 8[""EndNode""]
"
106,"
graph LR
0[""StartNode""] --> 1[""Indicate that the computer is not working""]
1 --> 2[""Bring computer for repair""]
2 --> 3[""Describe the problem""]
3 --> 4{""Estimate satisfactory?""}
4 --> |""No""|5[""Report Problems and Solutions""]
4 --> |""Yes""|6[""Authorize the repair""]
6 --> 7[""Pick up the computer""]
7 --> 8[""Make payment""]
8 --> 9[""Report Problems and Solutions""]
9 --> 10[""EndNode""]
"
107,"
graph LR
0[""StartNode""] --> 1[""Conduct a property title search""]
0 --> 2[""Check the credit history""]
1 --> 3[""Proceed with a property survey""]
2 --> 3
3 --> 4[""Make an offer""]
4 --> 5[""EndNode""]
"
108,"
graph LR
0[""StartNode""] --> 1[""Check if Invoice Arrived""]
1 --> 2[""Verify Invoice Completeness""]
2 --> 3[""Scan Invoice into Computer""]
2 --> 4[""Make Payment""]
4 --> 5[""Store Records Electronically""]
5 --> 6[""EndNode""]
"
109,"
graph LR
0[""StartNode""] --> 1[""Create Supplier master data""]
1 --> 2[""Prepare supplier master data for target system""]
2 --> |Access Derivation rules for transfer, Supplier master data, Business context|3[""Distribute to target system""]
2 --> |""Create Supplier master data to transfer (derived)""|3
3 --> 4[""Notify requestor and stewards""]
4 --> 5[""Deploy supplier master data to target system(s)""]
5 --> 6[""Notify Business Data Steward(s) and Supplier Data Requestor""]
6 --> 7[""EndNode""]
"
110,"
graph LR
0[""Weekly""] --> 1[""Pay invoices""]
1 --> 2[""Generate payment report""]
2 --> 3[""Send payment report to Accounts Receivable Department""]
2 --> 4[""Send payment report to registry""]
2 --> 5[""Generate monthly invoices""]
5 --> 6[""Send out invoices""]
6 --> 7[""EndNode""]
"
111,"
graph LR
0[""StartNode""] --> 1[""TASK1""]
1 --> 2[""TASK2""]
2 --> 3[""TASK3""]
2 --> 4[""TASK4""]
2 --> 5[""TASK5""]
5 --> 6[""EndNode""]
"
112,"
graph LR
0[""StartNode""] --> 1[""Initiate imgShare Process""]
1 --> 2[""Apply filter to image""]
2 --> 3[""Login to Flickr account""]
3 --> 4[""Upload image to Flickr""]
4 --> 5{""Tweet about it?""}
5 --> |""No""|6[""EndNode""]
5 --> |""Yes""|7[""Post image on Twitter""]
7 --> 8{""Tweet about it?""}
8 --> |""No""|9[""EndNode""]
8 --> |""Yes""|10[""Login to Twitter account""]
10 --> 11[""Compose tweet""]
11 --> 6
"
113,"
graph LR
0[""StartNode""] --> 1[""Self Evaluation""]
0 --> 2[""PM Evaluation""]
0 --> 3[""HR Evaluation""]
1 --> 4[""End process""]
2 --> 4
3 --> 4
4 --> 5[""EndNode""]
"
114,"
graph LR
0[""StartNode""] --> 1[""Delay for 48 hours""]
0 --> 2[""Monitor issue votes""]
1 --> 3[""Send email warning about vote deadline""]
2 --> 3
3 --> 4[""Delay for an additional 24 hours""]
4 --> 5[""Close the voting""]
4 --> 6[""Voting discussion moderated""]
5 --> 6
6 --> 7[""EndNode""]
"
115,"
graph LR
0[""StartNode""] --> 1[""Verify contents and perform quality inspection""]
1 --> 2{""Material okay?""}
2 --> |""Yes""|3[""Store materials""]
2 --> |""No""|4[""Report issue""]
4 --> 5[""EndNode""]
subgraph fork
3 --> 6[""Store materials (for each batch of materials)""]
end
6 --> 7[""ForkNode""]
7 --> 8[""Store materials (for each batch of materials)""]
7 --> 9[""JoinNode""]
9 --> 10[""All materials stored correctly""]
10 --> 11[""EndNode""]
"
116,"
graph LR
0[""StartNode""] --> 1[""Verify RFQ""]
1 --> 2{""Is RFQ verified?""}
2 --> |""No""|3[""Ask for more information""]
3 --> 4[""Provide clarification""]
4 --> 5[""Analyze RFQ""]
5 --> 6[""Provide L&M cost estimates""]
2 --> |""Yes""|6
6 --> 7[""Add overhead costs""]
7 --> 8[""Generate pricing options""]
8 --> 9[""Generate sales quote""]
9 --> 10[""EndNode""]
"
117,"
graph LR
0[""StartNode""] --> 1[""Check raw material availability""]
1 --> 2{""Are the raw materials available?""}
2 --> |""Yes""|3[""Check if raw material is already in production line""]
2 --> |""No""|4[""Create alarm for raw material shortage""]
3 --> 5{""Is the raw material already in the production line?""}
5 --> |""Yes""|6[""Allocate raw material to production line""]
5 --> |""No""|7[""Request transfer of raw material to production line""]
7 --> 5
4 --> 8[""End process""]
6 --> 8
"
118,"
graph LR
0[""StartNode""] --> 1[""Go to supermarket""]
1 --> 2[""Select chocolate""]
1 --> 3[""Pick out a bunch of flowers""]
3 --> 4[""Proceed to cash desk to make payment""]
4 --> 5[""EndNode""]
"
119,"
graph LR
0[""StartNode""] --> 1[""Accountant receives a request for funds""]
1 --> 2[""Accountant writes a check""]
2 --> 3[""Accountant documents it to open bravo as payable""]
3 --> 4{""Seller accepts the check?""}
4 --> |""No""|5[""Accountant cashes the check""]
5 --> 6[""Accountant pays the vendor""]
4 --> |""Yes""|6
4 --> 7[""Accountant checks if the seller accepts the check""]
7 --> |""No""|5
7 --> |""Yes""|6
6 --> 7
5 --> 6
"
120,"
graph LR
0[""StartNode""] --> 1{""RFQ verified?""}
1 --> |""No""|2[""Ask for more information""]
1 --> |""Yes""|3[""Analyze RFQ""]
3 --> 4[""Provide L&M Cost Estimates""]
4 --> 5[""Add overhead costs""]
5 --> 6[""Generate pricing options""]
6 --> 7[""Provide clarification""]
7 --> 8{""RFQ verified?""}
8 --> |""Yes""|9[""Generate sales quote""]
"
121,"
graph LR
0[""StartNode""] --> 1[""Incident Identification""]
1 --> 2[""Incident Lodgement""]
2 --> 3[""Incident Categorisation""]
2 --> 4[""Incident Prioritisation""]
3 --> 5[""Initial Diagnosis""]
5 --> 6[""Escalation""]
6 --> 7[""Investigation & Diagnosis""]
7 --> 8{""Resolution Identified?""}
8 --> |""Yes""|9[""Incident Recovery""]
8 --> |""No""|6
9 --> 10{""Resolution Identified?""}
10 --> |""Yes""|11[""Incident Recovery""]
10 --> |""No""|6
11 --> 12[""EndNode""]
"
122,"
graph LR
0[""StartNode""] --> 1[""Log in""]
1 --> 2[""Enter Apple ID""]
1 --> 3[""Enter password""]
2 --> 4[""User account successfully logged in""]
3 --> 4
4 --> 5[""EndNode""]
"
123,"
graph LR
0[""StartNode""] --> 1[""Verify contents""]
1 --> 2[""Perform quality inspection""]
2 --> 3{""Material okay?""}
3 --> |""Yes""|4[""Check material""]
3 --> |""No""|5[""EndNode""]
4 --> 6[""Store material in right location""]
6 --> 1
4 --> 7[""Repeat material checking and storing""]
7 --> 6
7 --> 4
7 --> 4
"
124,"
graph LR
0[""StartNode""] --> 1[""Check customer's credit history""]
0 --> 2[""Conduct property survey""]
1 --> 3[""Search property title""]
2 --> 3
3 --> 4[""EndNode""]
"
125,"
graph LR
0[""StartNode""] --> 1[""Initiate new participant""]
1 --> 2[""Check if participant aged 18 or above""]
2 --> |""Yes""|3[""Fill in medical certificate""]
2 --> |""No""|4[""Pass required documents""]
3 --> 5[""Sign medical certificate""]
4 --> 5
5 --> 6[""Fill out documents""]
6 --> 7[""Sign documents""]
7 --> 8[""Check documents completeness""]
8 --> |""Yes""|9[""Fix documents""]
8 --> |""No""|10[""Fill in documents one day before departure""]
10 --> 11[""Fix documents""]
11 --> 12[""Sign non-infectivity confirmation""]
12 --> 13[""Proceed with departure""]
13 --> 14[""Check documents completeness""]
14 --> 15[""Take child's non-infectivity confirmation""]
15 --> 16[""EndNode""]
"
126,"
graph LR
0[""StartNode""] --> 1[""Verify Contents""]
1 --> 2[""Perform Quality Inspection""]
2 --> 3{""Material okay?""}
3 --> |""Yes""|4[""Store Material""]
3 --> |""No""|5[""EndNode""]
4 --> 3
"
127,"
graph LR
0[""StartNode""] --> 1[""Receive Order""]
1 --> 2[""Send Invoice""]
1 --> 3[""Ship Products""]
3 --> 4[""Receive Payment""]
4 --> 5[""EndNode""]
"
128,"
graph LR
0[""StartNode""] --> 1[""Register participation""]
1 --> 2{""Fees present?""}
2 --> |""No""|3[""Register seminar results""]
2 --> |""Yes""|4[""Create purchase request""]
4 --> 5{""Purchase request approved?""}
5 --> |""No""|6[""Notify rejection""]
5 --> |""Yes""|7[""Send approval notification""]
7 --> 8[""Register seminar results""]
8 --> 9[""EndNode""]
6 --> 9
"
129,"
graph LR
0[""StartNode""] --> 1[""Receive message from nuclear plant""]
1 --> 2[""Activate crisis cell""]
2 --> 3[""Inform media about PUI activation""]
2 --> 4[""Establish safety perimeter""]
2 --> 5[""Develop circulation plan""]
3 --> 6[""Inform media and public regularly""]
4 --> 7[""Define safety perimeter""]
7 --> 8[""Request safety perimeter implementation""]
5 --> 9[""Define circulation plan""]
9 --> 10[""Request circulation plan implementation""]
8 --> 10
10 --> 11[""EndNode""]
"
130,"
graph LR
0[""StartNode""] --> 1[""Informal Meeting""]
1 --> 2{""Meeting successful?""}
2 --> |""Yes""|3[""Schedule another meeting""]
2 --> |""No""|4[""EndNode""]
3 --> 5[""Web Site Design""]
5 --> 6{""Web Site Design successful?""}
6 --> |""Yes""|7[""Preparation of Contents""]
6 --> |""No""|8[""EndNode""]
7 --> 9{""Preparation of Contents successful?""}
9 --> |""Yes""|10[""Initial Draft""]
9 --> |""No""|11[""EndNode""]
10 --> 12{""Web Site Development successful?""}
12 --> |""Yes""|13[""Web Site Development""]
12 --> |""No""|14[""EndNode""]
13 --> 15{""Marketing Review successful?""}
15 --> |""Yes""|16[""Final Version""]
15 --> |""No""|17[""EndNode""]
16 --> 18{""Final Version successful?""}
18 --> |""Yes""|19[""Building Phase""]
18 --> |""No""|20[""EndNode""]
19 --> 21{""Building Phase successful?""}
21 --> |""Yes""|22[""Review Activity""]
21 --> |""No""|23[""EndNode""]
22 --> 24{""Review Activity successful?""}
24 --> |""Yes""|25[""Approval""]
24 --> |""No""|26[""EndNode""]
25 --> 27{""Approval successful?""}
27 --> |""Yes""|28[""EndNode""]
27 --> |""No""|29[""Building Phase""]
"
131,"
graph LR
0[""StartNode""] --> 1[""Receive Expense Report""]
1 --> 2[""Wait for 7 days""]
2 --> 3{""Existing Account?""}
3 --> |""No""|4[""Create New Account""]
3 --> |""Yes""|5[""Automatically Review""]
4 --> 6{""Amounts under $200?""}
6 --> |""Yes""|7[""Automatically Approve Expense""]
6 --> |""No""|8[""Review by Supervisor""]
5 --> 9{""28th day after request?""}
9 --> |""No""|10[""Send Approval in Progress Email""]
9 --> |""Yes""|11[""Send Email Cancellation and Resubmit Notice""]
7 --> 12[""Transfer Reimbursement""]
12 --> 13[""EndNode""]
8 --> 14[""Send Email Rejection""]
14 --> 15[""EndNode""]
4 --> 6
4 --> |""No""|8
5 --> 9
"
132,"
graph LR
0[""StartNode""] --> 1[""Low Inventory""]
1 --> 2[""Create P.R.""]
2 --> 3[""Submit P.O.""]
3 --> 4[""Ship Material""]
4 --> 5{""Shipment okay?""}
5 --> |""Yes""|6[""Send Payment""]
5 --> |""No""|7[""Communicate Shipment Problems""]
6 --> 8[""EndNode""]
7 --> 9[""Check Shipment""]
9 --> 5
"
133,"
graph LR
0[""StartNode""] --> 1[""Feeling hungry""]
1 --> 2[""Go shopping""]
2 --> 3[""Take the salad""]
2 --> 4[""Take the wine""]
2 --> 5[""Take the sausages""]
3 --> 6
4 --> 6
5 --> 6
6 --> 7[""Have enough to eat""]
7 --> 8[""EndNode""]
"
134,"
graph LR
0[""StartNode""] --> 1[""Choose a protein family""]
1 --> 2[""Retrieve sequences for animals""]
2 --> 3[""Gene annotation""]
2 --> 4[""PHOG 1.0""]
2 --> 5[""BLAST p in both directions using local database""]
3 --> 5
4 --> 5
5 --> 6[""Consensus reached""]
6 --> 7[""EndNode""]
"
135,"
graph LR
0[""StartNode""] --> 1[""Accept the offer""]
1 --> 2[""Send the offer for signing""]
2 --> 3[""Receive the signed offer""]
2 --> 4[""Scan the signed offer""]
2 --> 5[""Register the acceptance of the contract""]
3 --> 6[""Send the billing information""]
3 --> 7[""Send the pincode information""]
7 --> 8[""Offer treated as accepted""]
6 --> 8
5 --> 8
"
136,"
graph LR
0[""StartNode""] --> 1[""Feel hungry""]
1 --> 2[""Choose a restaurant""]
2 --> 3[""Enter restaurant""]
3 --> 4[""Get menu""]
3 --> 5[""Order a salad""]
3 --> 6[""Order a glass of wine""]
5 --> 7[""Eat salad""]
6 --> 7
7 --> 8[""Ask for bill""]
8 --> 9[""Receive bill""]
9 --> 10[""Pay bill""]
10 --> 11[""Leave restaurant""]
11 --> 12[""Hunger satisfied""]
12 --> 13[""EndNode""]
"
137,"
graph LR
0[""StartNode""] --> 1[""Manual trigger of START command""]
1 --> 2[""Check inventory levels""]
1 --> 3[""Send late notice""]
1 --> 4[""Prepare material for shipment""]
3 --> 5[""Notify accounts receivable""]
4 --> 6[""Send out shipment""]
6 --> 7[""Send delivery notice""]
7 --> 8[""EndNode""]
"
138,"
graph LR
0[""StartNode""] --> 1[""Enter Expenses""]
1 --> 2[""Generate Spreadsheet""]
2 --> 3{""Request Approved?""}
3 --> |""No""|4[""Disapprove Request""]
4 --> 1
3 --> |""Yes""|5[""Pay Out Expenses""]
5 --> 6{""Request Approved?""}
6 --> |""No""|4
6 --> |""Yes""|7[""EndNode""]
"
139,"
graph LR
0[""StartNode""] --> 1[""Sequence position""]
1 --> 2[""Sequence neighborhood""]
2 --> 3[""Distance from membrane""]
3 --> 4[""ANOVA analysis""]
4 --> 5{""Variance between clusters > variance within clusters?""}
5 --> |""Yes""| 6[""EndNode""]
5 --> |""No""| 4
"
140,"
graph LR
0[""StartNode""] --> 1[""Write up a hard-copy ticket""]
1 --> 2[""Enter ticket into system""]
2 --> 3[""Process order""]
3 --> 4{""Order verification""}
4 --> |""Yes""|5[""Send order to processing plant""]
4 --> |""No""|6[""Order rejection""]
5 --> 7[""Production phase""]
7 --> 8[""Ship products""]
8 --> 9[""Warehouse products""]
9 --> 10[""Send products to customer""]
6 --> 11[""Archive order""]
"
141,"
graph LR
0[""StartNode""] --> 1[""Individual possess a driver's license""]
1 --> 2[""Individual is 17 years old""]
2 --> 3{""Individual's age is 17?""}
3 --> |""Yes""|4[""Individual has an accompanying person present""]
3 --> |""No""|5[""EndNode""]
4 --> 6[""Find an accompanying person""]
4 --> 7[""Individual is over 30 years old""]
4 --> 8[""Individual has held a driver's license for at least 5 years""]
7 --> 8
6 --> 8
4 --> 9[""Statement of accompanying person""]
8 --> 9
9 --> 10[""EndNode""]
"
142,"
graph LR
0[""StartNode""] --> 1[""Check customer's credit history""]
0 --> 2[""Conduct property survey""]
1 --> 3[""Search for property title""]
2 --> 3
3 --> 4[""EndNode""]
"
143,"
graph LR
0[""StartNode""] --> 1[""Initiate repair request""]
1 --> 2[""Check device""]
2 --> 3{""is the device broken?""}
3 --> |""No""|4[""Initiate repair request""]
3 --> |""Yes""|5{""is an external repairer needed?""}
5 --> |""No""|6[""Repair device ourselves""]
5 --> |""Yes""|7[""Provide information for external reparation""]
6 --> 8[""Recheck device""]
7 --> 8
8 --> 9[""Ratify device repairing""]
9 --> 10[""Add repair record""]
10 --> 11[""Plan for next revision""]
11 --> 12[""EndNode""]
"
144,"
graph LR
0[""StartNode""] --> 1[""Informal meeting""]
1 --> 2{""Informal meeting outcome""}
2 --> |""No""| 3[""EndNode""]
2 --> |""Yes""| 4[""Full-day meeting""]
4 --> 5{""Full-day meeting outcome""}
5 --> |""No""| 3[""EndNode""]
5 --> |""Yes""| 6[""Create storyboard""]
6 --> 7[""10-day design phase""]
7 --> 8[""5-day initial draft of the content""]
8 --> 9[""2-day development phase""]
9 --> 10{""Marketing review necessary?""}
10 --> |""<40%""| 11[""Preparation of final version""]
11 --> 12[""Building phase""]
12 --> 13[""Checking phase""]
13 --> |""No""| 14[""Additional 3 days for building""]
14 --> 12
14 --> |""Yes""| 15[""EndNode""]
10 --> |"">60%""| 16[""Marketing review""]
16 --> 17[""EndNode""]
"
145,"
graph LR
0[""StartNode""] --> 1[""Go Home""]
0 --> 2[""Hear Music""]
1 --> 3[""Homework""]
2 --> 3
3 --> 4[""EndNode""]
"
146,"
graph LR
0[""StartNode""] --> 1[""Validate received invoice""]
1 --> 2[""Payment process""]
2 --> 3[""Payment sent""]
3 --> 4[""Generate payment report""]
4 --> 5[""Send payment report to Registry""]
5 --> 6[""Select invoices for archiving""]
5 --> 7[""Send payment report to Account Receivable""]
5 --> 8[""Generate invoices for SSP Client""]
6 --> 9[""Mark invoices as ready for archiving""]
8 --> 9
9 --> 10[""EndNode""]
"
147,"
graph LR
0[""StartNode""] --> 1[""Receive machine from customer""]
1 --> 2[""Gather information about fault""]
1 --> 3[""Write service contract""]
2 --> 4[""Write service contract""]
3 --> 5[""Obtain customer's signature""]
4 --> 5
5 --> 6[""Place contract with machine""]
5 --> 7[""Give contract to customer""]
6 --> 8[""Transport machine to workshop""]
7 --> 8
8 --> 9[""Receive machine""]
9 --> 10[""EndNode""]
"
148,"
graph LR
0[""StartNode""] --> 1[""Check Order Request""]
1 --> 2{""Can Order be fulfilled?""}
2 --> |""Yes""|3[""Order Confirmation""]
2 --> |""No""|4[""Order Rejection""]
3 --> 5[""Deliver Order""]
5 --> 6[""EndNode""]
4 --> 7[""Mark as Order Rejected""]
7 --> 6
"
149,"
graph LR
0[""StartNode""] --> 1[""select vbelv & vbeln from vbfa into ivbfa_completo_t""]
1 --> 2[""sort the result""]
2 --> 3[""perform NOP""]
3 --> 4[""copy vbelv's from ivbfa_completo_t to it_unolips""]
4 --> 5[""sort it_unolips""]
5 --> 6[""remove duplicates from it_unolips""]
6 --> 7[""remove entries from it_likp that don't have a vbeln in it_unolips""]
7 --> 8[""left outer join between lips and it_likp on vbeln and vgpos, and store vbeln & vgbel in it_lipsm""]
8 --> 9[""sort it_lipsm""]
9 --> 10[""remove duplicates from it_lipsm""]
10 --> 11[""left outer join between vbfa and it_lipsm, and store vbeln, ... in it_vbfa_completo""]
11 --> 12[""remove from it_vbfa_completo where plmin != '+'""]
12 --> 13[""sort it_vbfa_completo""]
13 --> 14[""left outer join between lips and it_unolips, and store the result in it_lips""]
14 --> 15[""sort it_likp""]
15 --> 16[""select * from it_likp where lifex != space, storing the result in it_lifex sorted by vbeln""]
16 --> 17[""replace it_vbfa_completo-secuencia with corresponding it_lifex-lifex""]
17 --> 18[""perform busca_pedido_vbapt""]
18 --> 19[""perform busca_factura_vbapt""]
19 --> 20[""clear any errors""]
20 --> 21[""check if c_si in r_valida is no""]
21 --> |""no""|22[""left outer join between vbap and it_vbfa_completo, and store the result in imatkl""]
22 --> 24[""remove rows from it_nofacturado that aren't errors""]
21 --> |""yes""|23[""check if pvstel in r_exclog is yes""]
23 --> |""yes""|22
23 --> |""no""|24
24 --> 25[""check if it_nofacturado empty? is no""]
25 --> |""no""|26[""set & print error""]
25 --> |""yes""|27[""check if error? is no""]
26 --> 28[""transfer maktl from imaktl to it_vbfa_completo""]
27 --> |""no""|28
27 --> |""yes""|29[""EndNode""]
"
150,"
graph LR
0[""StartNode""] --> 1[""Visit Travel agency""]
1 --> 2{""Trip decision""}
2 --> |""Yes""| 3[""Select Land""]
2 --> |""Yes""| 4[""Choose Tour""]
3 --> 5[""Book Italy""]
4 --> 6[""Book Venice""]
6 --> 7[""Pay permit""]
7 --> 8[""Obtain permit""]
8 --> 9[""Organize vacation""]
9 --> 10[""EndNode""]
"
151,"
graph LR
0[""StartNode""] --> 1[""Conduct Property Survey""]
0 --> 2[""Conduct Property Title Search""]
1 --> 3[""Produce Survey Document""]
2 --> 4[""Check customers Credit History""]
4 --> 5[""EndNode""]
"
152,"
graph LR
0[""StartNode""] --> 1[""Conduct assessment""]
1 --> 2[""Check credit history""]
1 --> 3[""Conduct property title search""]
1 --> 4[""Perform property survey""]
4 --> 5[""Assessment Complete""]
5 --> 6[""EndNode""]
"
153,"
graph LR
0[""StartNode""] --> 1[""Request material""]
1 --> 2{""Material in stock?""}
2 --> |""No""|3[""Place orders to suppliers""]
2 --> |""Yes""|4[""Manage transfers of material""]
4 --> 5[""Receive requested material""]
4 --> 6[""Release invoices for payment""]
3 --> 7[""Monitor progress of purchase orders""]
7 --> 8[""Place orders to suppliers""]
8 --> 9[""Manage transfers of material""]
9 --> 10[""Receive incoming material supplies""]
"
154,"
graph LR
0[""StartNode""] --> 1[""Select Meetings p1""]
1 --> 2[""Send Consolidated Referee Forms""]
2 --> 3[""Send Round 2 Evaluation Form""]
3 --> 4[""Follow up with evaluation sheet""]
4 --> 5[""Consolidate evaluations""]
5 --> 6[""Answer panel member questions""]
5 --> 7[""Log questions in FAQ""]
7 --> 8[""EndNode""]
"
155,"
graph LR
0[""StartNode""] --> 1[""Change status to Tender""]
1 --> 2[""Send email enclosing load tenders""]
2 --> 3[""Consolidate tenders""]
3 --> 4[""Print shipping labels and picking list""]
4 --> 5[""Sort labels by customer and item type""]
5 --> 6[""Assign loading doors to orders""]
6 --> 7[""Collect items for order""]
7 --> 8{""All items available?""}
8 --> |""Yes""|9[""Leave order at door""]
8 --> |""No""|10[""Inform customer clerk""]
9 --> 11[""EndNode""]
10 --> 11
"
156,"
graph LR
0[""StartNode""] --> 1[""Collecting daily mail""]
1 --> 2[""Sorting unopened mail""]
1 --> 3[""Sorting opened mail""]
2 --> 4[""Registering mail""]
3 --> 4
4 --> 5[""Checking mail compliance""]
5 --> 6{""Mail register system compliant?""}
6 --> |""Yes""|7[""Capturing matter details""]
6 --> |""No""|8[""Rejecting mailed documents""]
5 --> 9[""Capturing matter details""]
9 --> 10[""Preparing response""]
7 --> 10
8 --> 11[""Compiling mailed document requisition""]
11 --> 12[""EndNode""]
7 --> 13[""Receiving payment""]
13 --> 14[""Preparing response""]
13 --> 15[""Capturing party details""]
15 --> 16[""Printing file server""]
14 --> 16
"
157,"
graph LR
0[""StartNode""] --> 1[""Check customary credit history""]
0 --> 2[""Conduct property survey""]
1 --> 3[""Credit History File""]
2 --> 4[""Survey Document""]
3 --> 5[""Search for property title""]
4 --> 5
5 --> 6[""EndNode""]
"
158,"
graph LR
0[""StartNode""] --> 1[""Customer reports a problem""]
1 --> 2[""Customer asks questions""]
2 --> 3[""Customer answers questions""]
3 --> 4{""Account manager can handle issue?""}
4 --> |""Yes""|5[""Account manager handles issue""]
4 --> |""No""|6[""Account manager cannot handle issue""]
6 --> 7[""First level support asked for assistance""]
7 --> 8{""First level support can handle issue?""}
8 --> |""Yes""|9[""Feedback is provided to account manager""]
8 --> |""No""|10[""Developer is asked for help""]
10 --> 11[""Feedback is provided to first level support""]
9 --> 11[""Solution is provided""]
11 --> 12[""Feedback is provided to account manager""]
12 --> 13[""EndNode""]
"
159,"
graph LR
0[""StartNode""] --> 1[""Acknowledge feeling of hunger""]
1 --> 2[""Choose a dish""]
2 --> 3[""Select spaghetti""]
2 --> 4[""Choose a drink""]
3 --> 5[""Order spaghetti""]
4 --> 6[""Place order for drink""]
5 --> 7[""Eat spaghetti""]
6 --> 7
7 --> 8[""Settle bill""]
8 --> 9[""EndNode""]
"
160,"
graph LR
0[""StartNode""] --> 1[""Receive Order""]
1 --> 2[""Send Invoice""]
1 --> 3[""Ship Products""]
2 --> 4[""Receive Payment""]
3 --> 4
4 --> 5[""EndNode""]
"
161,"
graph LR
0[""StartNode""] --> 1[""BG.BG""]
1 --> 2[""BH.BH""]
2 --> 3[""DG.DG""]
3 --> 4[""BE.BE""]
4 --> 5[""DF""]
5 --> 6[""DC""]
6 --> 7[""DE.DD""]
7 --> 8[""CW""]
8 --> 9[""CU""]
9 --> 10[""EndNode""]
"
162,"
graph LR
0[""StartNode""] --> 1[""Customer receives invoice""]
1 --> 2[""Customer makes payment""]
2 --> 3[""Bank checks accounts for payments""]
3 --> 4{""Need to contact customer?""}
4 --> |""Yes""|5[""Customer contacted""]
5 --> 4
4 --> |""No""|6{""Need to resolve invoice?""}
6 --> |""Yes""|7[""Journal entry made""]
7 --> 8[""Cash account debited""]
8 --> 9[""EndNode""]
6 --> |""No""|10{""Strike counter at 3?""}
10 --> |""Yes""|11[""Customer is contacted for negotiations""]
11 --> 9
10 --> |""No""|9
"
163,"
graph LR
0[""StartNode""] --> 1[""Announce arrival""]
1 --> 2{""Has person already registered?""}
2 --> |""No""|3[""Send registration details""]
2 --> |""Yes""|4[""Request registration form""]
3 --> 5[""EndNode""]
4 --> 6[""Announce start of measurement""]
6 --> 5
"
164,"
graph LR
0[""StartNode""] --> 1{""Offer is signed?""}
1 --> |""No""|2[""Register offer loss""]
1 --> |""Yes""|3[""Proceed to reception""]
2 --> 4[""Register opportunity loss""]
3 --> 5[""Sign offer""]
1 --> |""Yes""|5
5 --> 6{""Competitor information available?""}
6 --> |""Yes""|7[""Register competitor information""]
6 --> |""No""|8[""End process""]
7 --> 8
8 --> 9[""EndNode""]
"
165,"
graph LR
0[""StartNode""] --> 1[""Check quality and update record""]
1 --> 2{""Quality okay?""}
2 --> |""No""|3[""Inform IT Manager""]
2 --> |""Yes""|4[""Check for permanent solution""]
4 --> 5{""Permanent solution found?""}
5 --> |""No""|6[""Inform IT Manager""]
5 --> |""Yes""|7[""Close the service call""]
7 --> 8[""Service call closed""]
8 --> 9[""Stop the process""]
9 --> 10[""EndNode""]
"
166,"
graph LR
0[""StartNode""] --> 1[""Check if information is complete""]
1 --> |""No""|4[""Write letter to applicant explaining why they can't become a member""]
1 --> |""Yes""|2[""Add incoming mail number and archive letter""]
2 --> 3[""Bring letter book and member register to Secretary""]
3 --> 4{""Is the applicant a member?""}
4 --> |""No""|4
4 --> |""Yes""|5[""Stamp 'new member' on letter and write date on it""]
5 --> 6[""Add member to member register""]
6 --> 7[""Calculate membership fee""]
7 --> 8[""Write amount in membership register""]
8 --> 9[""Write invoice for payment of first fee""]
9 --> 10[""Print membership card""]
10 --> 11[""Send membership card to member""]
11 --> 12[""Wait for payment""]
"
167,"
graph LR
0[""StartNode""] --> 1[""Notify the director""]
1 --> 2[""Receive patient interview""]
1 --> 3[""Receive expert review""]
2 --> 4[""File interview results""]
3 --> 5[""File expert review results""]
4 --> 6[""Create the report""]
5 --> 6
6 --> 7[""EndNode""]
"
168,"
graph LR
0[""StartNode""] --> 1[""Use newCallOffOrderEvent""]
1 --> 2[""Send Order""]
1 --> 3[""Execute CallOff""]
1 --> 4[""Transport Transport""]
1 --> 5[""Delivery Inspection""]
3 --> 6[""Ask For Invoice""]
4 --> 6
3 --> 7[""Ask For CallOff Confirmation""]
4 --> 7
5 --> 7
6 --> 8[""Send Invoice""]
7 --> 8
8 --> 9[""EndNode""]
"
169,"
graph LR
0[""StartNode""] --> 1[""Set travel schedules""]
1 --> 2[""Look for accommodation""]
1 --> 3[""Request quote for transportation and accommodation""]
3 --> 4[""Fill mission order request (MOR)""]
4 --> 5{""Is the mission approved?""}
5 --> |""Yes""|6[""Choose financial contract""]
5 --> |""No""|7[""Disapprove (TL3)""]
6 --> 8[""Approve by signing (TL4)""]
8 --> 9[""Address MOR and quote to assistant (TL4)""]
9 --> 10{""Is the mission approved?""}
10 --> |""Yes""|11[""Check credit availability (A1)""]
10 --> |""No""|12[""EndNode""]
11 --> 13[""Place order (A2)""]
13 --> 14[""Enter mission data in budget management tool (A3)""]
14 --> 9
9 --> 15{""Is the mission approved?""}
15 --> |""Yes""|16[""Dossier sent to direction for approval (A5)""]
15 --> |""No""|17[""EndNode""]
16 --> 18{""Is the mission approved?""}
18 --> |""Yes""|19[""Check documents (D1)""]
18 --> |""No""|20[""EndNode""]
19 --> 21{""Is the mission approved?""}
21 --> |""Yes""|22[""Approve by signing (D2)""]
21 --> |""No""|23[""Disapprove (D3)""]
22 --> 24[""Give copy of MO and/or MOWE to employee (A6)""]
24 --> 25[""Classify all documents (A7)""]
25 --> 26[""EndNode""]
"
170,"
graph LR
0[""StartNode""] --> 1[""Assess weak points in development""]
1 --> 2[""Choose employees for training""]
2 --> 3{""Specify education needs""}
3 --> |""Yes""|4[""Decide on training method""]
3 --> |""Yes""|4[""Check employee availability""]
4 --> 5[""Consult with employee""]
5 --> 6[""Set possible dates""]
6 --> 7[""Finalize education requirements""]
7 --> 8[""Sign the contract""]
8 --> 9[""EndNode""]
"
171,"
graph LR
0[""StartNode""] --> 1[""Create Functional design document""]
1 --> 2[""Create State specific Business scenarios""]
2 --> 3[""Create Rating scenarios""]
2 --> 4[""Create Forms scenarios""]
2 --> 5[""Create UI test cases""]
1 --> 6[""Test Document Review""]
6 --> 7[""Test Execution""]
7 --> 8[""Test Audit""]
8 --> 9[""Obtain Test Report signoff""]
9 --> 10[""End of State Roll out process""]
"
172,"
graph LR
0[""StartNode""] --> 1[""Issue a report to the client""]
0 --> 2[""Issue a report to the registry""]
0 --> 3[""Issue a report to accounts receivable""]
1 --> 4[""EndNode""]
2 --> 4
3 --> 4
"
173,"
graph LR
0[""StartNode""] --> 1[""Schedule production activities""]
1 --> 2[""Procure materials""]
2 --> 3[""Issue materials""]
3 --> 4[""Produce products""]
4 --> 5[""Test products""]
4 --> 6[""Package products""]
5 --> 7[""Dispose of waste""]
7 --> 8[""Stage products""]
8 --> 9[""Release products for delivery""]
9 --> 10[""EndNode""]
"
174,"
graph LR
0[""StartNode""] --> 1[""Verify form structure""]
1 --> 2{""Form correct?""}
2 --> |""Yes""|3[""Verify proposal""]
3 --> 4[""Check everything okay""]
4 --> 5{""Process is successful""}
4 --> 6[""Face a failure""]
2 --> |""No""|7[""Form error""]
7 --> 8[""EndNode""]
5 --> 8
6 --> 8
"
175,"
graph LR
0[""StartNode""] --> 1[""Book the car park location""]
0 --> 2[""Provide the guideline to the car park""]
1 --> 3[""Bill the credit card""]
2 --> 3
3 --> 4[""EndNode""]
"
176,"
graph LR
0[""StartNode""] --> 1[""Fill pot with water""]
1 --> 2[""Boil water""]
2 --> 3[""Prepare tomato sauce""]
3 --> 4[""Add seasoning""]
2 --> 5[""Put noodles in the water""]
3 --> 5
5 --> 6[""Mix noodles with tomato sauce""]
6 --> 7[""Conclude process""]
"
177,"
graph LR
0[""StartNode""] --> 1[""Receive Order""]
1 --> 2[""Send Invoice""]
1 --> 3[""Ship Products""]
2 --> 4[""Receive Payment""]
4 --> 5[""EndNode""]
"
178,"
graph LR
0[""StartNode""] --> 1[""T1 initiated""]
1 --> 2[""T2""]
1 --> 3[""T3""]
2 --> 4[""T4""]
3 --> 4
4 --> 5[""EndNode""]
"
179,"
graph LR
0[""StartNode""] --> 1[""Announce Arrival""]
1 --> 2[""Request Registration Form""]
2 --> 3{""Has Registration Form been obtained?""}
3 --> |""Yes""|4[""Provide Registration Form""]
3 --> |""No""|5[""Send registration details""]
4 --> 6[""Announce Measurement""]
6 --> 7{""Can Registration be done in the Van?""}
7 --> |""Yes""|8[""Permit Registration""]
7 --> |""No""|9[""Request Person to Leave Van""]
8 --> 10{""Is the Subject ready?""}
8 --> 11[""Send Questionnaire Answers""]
10 --> |""Yes""|12[""EndNode""]
8 --> 11
9 --> 13[""EndNode""]
11 --> 12
12 --> 14[""Send Registration ID""]
14 --> 15[""EndNode""]
"
180,"
graph LR
0[""StartNode""] --> 1[""Vendor sends the invoice""]
1 --> 2[""Vendor receives the invoice""]
2 --> 3{""Instruction to send over the invoice or contact the vendor""}
3 --> |""Send over the invoice""|4[""Enter invoice information in Payment Out Module""]
3 --> |""Contact the vendor""|5[""Vendor revises the invoice""]
5 --> 6[""Vendor receives the invoice again""]
6 --> 7[""Make the payment""]
4 --> 7
7 --> 8[""Process the payment""]
8 --> 9[""Forward the payment to the vendor""]
9 --> 10[""Vendor closes the order""]
"
181,"
graph LR
0[""StartNode""] --> 1[""Incoming Order""]
1 --> 2[""Check Availability""]
2 --> 3{""Is the Item Available?""}
3 --> |""Yes""|4[""Send the Item""]
3 --> |""No""|5[""Procure the Item""]
4 --> 6[""Process Payment""]
5 --> 7[""Check Availability""]
7 --> 3
3 --> |""Yes""|4
3 --> |""No""|5
5 --> 4
4 --> 6
6 --> 8[""EndNode""]
"
182,"
graph LR
0[""StartNode""] --> 1[""Submit Application""]
1 --> 2[""Deliver Documents""]
2 --> 3[""Conduct Completeness Check""]
3 --> 4{""Application Complete?""}
4 --> |""Yes""|5[""Send Documents to Academic Recognition Agency""]
4 --> |""No""|6[""Email Incompleteness""]
6 --> 2
"
183,"
graph LR
0[""StartNode""] --> 1[""Identify errors""]
1 --> 2[""Highlight errors on Invoice Entry Form""]
1 --> 3[""Keep track of errors per Data Entry Officer""]
2 --> 4[""Return invoice to Data Entry Officer""]
3 --> 4
4 --> 5[""Record errors per Data Entry Officer""]
5 --> 6[""EndNode""]
"
184,"
graph LR
0[""StartNode""] --> 1[""Collect process list and scope""]
1 --> 2[""Conduct Interviews""]
2 --> 3[""Define process models and related metrics""]
3 --> 4[""Publish models to PCE""]
4 --> 5[""Provide comments and feedback""]
5 --> 6[""Collect and review feedback""]
4 --> 5
5 --> 6
6 --> 7[""EndNode""]
"
185,"
graph LR
0[""StartNode""] --> 1[""Send message""]
1 --> 2[""Analyze sender""]
1 --> 3[""Analyze message""]
2 --> 4[""Generate reply""]
3 --> 4
4 --> 5[""Send reply""]
5 --> 6[""EndNode""]
"
186,"
graph LR
0[""StartNode""] --> 1[""Select a pizza and place an order""]
1 --> 2[""Make a pizza""]
2 --> 3[""Deliver a pizza""]
3 --> 4{""Pizza delivered?""}
4 --> |""Yes""|5[""Make payment""]
4 --> |""No""|6{""Over 60 minutes?""}
6 --> |""Yes""|7[""Call vendor""]
6 --> |""No""|8[""Wait""]
7 --> 5
5 --> 9[""Receive a receipt""]
9 --> 10[""EndNode""]
8 --> 3
"
187,"
graph LR
0[""StartNode""] --> 1[""Complete step 1 within 10 working days""]
0 --> 2[""Complete step 2 within 30 working days""]
1 --> 3{""Reminder received?""}
2 --> 3
3 --> |""Yes""|4[""Give additional 10 working days""]
3 --> |""No""|5[""Cancel Job""]
4 --> 6[""EndNode""]
5 --> 6
"
188,"
graph LR
0[""StartNode""] --> 1[""Feeling tired""]
1 --> 2[""Put on pajamas""]
1 --> 3[""Brush your teeth""]
3 --> 4[""EndNode""]
"
189,"
graph LR
0[""StartNode""] --> 1[""Inquiry""]
1 --> 2[""Quotation""]
2 --> 3{""Pricing and Terms satisfactory?""}
3 --> |""Yes""|4[""Purchase Order""]
3 --> |""No""|5[""Quotation""]
5 --> 2
4 --> 6[""Sales Order""]
6 --> 7[""Shipment""]
7 --> 8[""Update Sales Order""]
8 --> 9[""Invoice/Bill""]
9 --> 10[""Payment""]
10 --> 11{""Payment received?""}
11 --> |""Yes""|12[""Record Payment""]
11 --> |""No""|13[""Reminder""]
12 --> 14[""EndNode""]
13 --> 15[""Reminder""]
15 --> 16[""EndNode""]
"
190,"
graph LR
0[""StartNode""] --> 1[""Post job vacancy""]
1 --> 2[""Enter job profile""]
2 --> 3{""Job profile forwarded?""}
3 --> |""Yes""|4[""Extend job profile""]
3 --> |""No""|5{""Job profile released?""}
5 --> |""Yes""|6[""Create job profile""]
5 --> |""No""|7[""Extend job profile""]
6 --> 8[""Choose recruiting channels""]
7 --> 8
8 --> 9[""EndNode""]
"
191,"
flowchart LR
0[""StartNode""] --> 1[""New Signup""]
1 --> 2[""Country/Origin""]
1 --> 3[""Choose Account Type""]
1 --> 4[""Enter Details""]
4 --> 5[""Verify Details and Language""]
5 --> 6[""Verify Email""]
6 --> 7[""Verify Credit Card/Bank Account""]
7 --> 8[""EndNode""]
"
192,"
graph LR
0[""StartNode""] --> 1[""Check customer credit history""]
1 --> |access Credit history file| 2[""Search property title""]
1 --> 2
2 --> 3[""Conduct property survey""]
3 --> 4[""EndNode""]
"
193,"
graph LR
0[""StartNode""] --> 1[""Generate payment report""]
1 --> 2[""Pay vendor""]
2 --> 3[""Send payment report to registry""]
3 --> 4[""Archive invoices""]
1 --> 5[""Send payment record to Accounts Receivable Department""]
5 --> 6[""Charge per paid invoice""]
6 --> 7[""Generate monthly invoices for SSP's clients""]
4 --> 7
7 --> 8[""EndNode""]
"
194,"
graph LR
0[""StartNode""] --> 1[""TASK1""]
1 --> 2[""TASK2""]
2 --> 3[""TASK3""]
2 --> 4[""TASK4""]
2 --> 5[""TASK5""]
5 --> 6[""EndNode""]
"
195,"
graph LR
0[""StartNode""] --> 1[""Create a purchase requisition""]
1 --> 2[""Submit a purchase order""]
2 --> 3[""Send ordered materials""]
3 --> 4{""Verify shipment contents""}
4 --> |""Yes""|5[""Communicate problems""]
4 --> |""No""|6[""Verify shipment contents""]
6 --> |""Yes""|7[""Communicate problems""]
7 --> |""No""|8[""Verify documents""]
8 --> 9[""Send payment""]
9 --> 10[""EndNode""]
"
196,"
graph LR
0[""StartNode""] --> 1[""Distribute Applications""]
1 --> 2[""Email Evaluation Sheet""]
2 --> 3[""Follow-up on Evaluation Sheets""]
3 --> 4[""Consolidate Rankings""]
4 --> 5[""Distribute Consolidated Ranking Sheet""]
5 --> 6[""EndNode""]
"
197,"
graph LR
0[""StartNode""] --> 1[""Select case to work on""]
1 --> 2[""Perform as-is analysis""]
2 --> 3[""Develop to-be model""]
2 --> 4[""Prepare final report""]
4 --> 5[""Prepare presentation""]
5 --> 6[""Deliver presentation""]
6 --> 7[""EndNode""]
"
198,"
graph LR
0[""StartNode""] --> 1[""Procure Part""]
1 --> 2{""All parts available?""}
2 --> |""Yes""| 3[""EndNode""]
2 --> |""No""| 4[""Part Auction""]
4 --> 3
"
199,"
graph LR
0[""StartNode""] --> 1[""Loan Request""]
1 --> 2[""Collect Credit Information""]
2 --> 3{""Amount >= 1M$""}
3 --> |""Yes""|4[""Assess Risk""]
3 --> |""No""|5[""Request Approval""]
4 --> 6{""Risk is low?""}
6 --> |""Yes""|7[""Accept Credit""]
6 --> |""No""|8[""Request Approval""]
7 --> 9[""Check Approval""]
9 --> |""Yes""|10[""Accept Credit""]
9 --> |""No""|11[""Reject Credit""]
"
200,"
graph LR
0[""StartNode""] --> 1[""Test-Task starts""]
1 --> 2[""Parallel 1""]
1 --> 3[""Parallel 2""]
2 --> 4[""End Process""]
3 --> 4
4 --> 5[""EndNode""]
"
201,"
graph LR
0[""StartNode""] --> 1[""Verify RFQ""]
1 --> 2{""RFQ verified?""}
2 --> |""No""|3[""Ask for more information""]
2 --> |""Yes""|4[""Analyze RFQ""]
4 --> 5[""Provide L&M cost estimates""]
5 --> 6{""RFQ verified?""}
6 --> |""No""|3
6 --> |""Yes""|7[""Ask for clarification""]
7 --> 8{""RFQ verified?""}
8 --> |""No""|3
8 --> |""Yes""|9[""Add overhead costs""]
9 --> 10[""Generate pricing options""]
10 --> 11[""Generate sales quote""]
11 --> 12[""EndNode""]
"
202,"
graph LR
0[""StartNode""] --> 1[""Validate invoice""]
1 --> 2[""Wait until the end of the week""]
2 --> 3[""Validate invoice""]
3 --> 4[""Run payment file process""]
4 --> 5[""Generate payment report""]
5 --> 6{""client interaction""}
6 --> |""send to client""|7[""Send payment report to client""]
6 --> |""generate bills""|8[""Send payment report to registry""]
7 --> 9[""EndNode""]
8 --> 10[""Archive invoice""]
8 --> 11{""monthly""}
11 --> 12[""Generate bills for SSP clients""]
12 --> 13[""Send report of fees""]
13 --> 14[""EndNode""]
"
203,"
graph LR
0[""StartNode""] --> 1[""Validate invoice information for payment""]
1 --> 2[""Check validated invoices from SAP""]
2 --> 3[""Check possible date for payment""]
3 --> 4[""Arrange payment process""]
4 --> 5[""Run payment process""]
5 --> 6[""Generate payment reports""]
6 --> 7[""Send payment reports to the client""]
6 --> 8[""Send payment reports to the registry""]
6 --> 9[""Send payment reports to the accounts receivable department officer""]
9 --> 10[""Receive payment reports by the accounts receivable department officer""]
10 --> 11[""Generate monthly invoices""]
11 --> 12[""Send monthly invoices to the client""]
12 --> 13[""EndNode""]
"
204,"
graph LR
0[""StartNode""] --> 1[""Finish meal""]
1 --> 2{""Wash down with a refreshing drink?""}
2 --> |""Yes""| 3[""Wash down""]
3 --> 4[""Add dish detergent""]
4 --> 5[""Let the water down""]
5 --> 6[""Sink dirty dishes""]
6 --> 7[""Wash dishes""]
7 --> 8[""EndNode""]
"
205,"
graph LR
0[""StartNode""] --> 1[""Check availability with supplier""]
1 --> 2{""Is the item deliverable?""}
2 --> |""No""| 5[""EndNode""]
2 --> 3{""Will it take more than 2 days to deliver?""}
3 --> |""Yes""| 4[""Order from supplier""]
3 --> |""No""| 4[""Order from supplier""]
4 --> 5[""Wait for article to be received""]
5 --> 6[""Procure article""]
6 --> 7[""EndNode""]
"
206,"
flowchart LR
0[""BI.BI""] --> 1[""BJ.BJ""]
1 --> 2[""DP.DP""]
2 --> 3[""BG.BG""]
3 --> 4[""DO""]
4 --> 5[""DL""]
5 --> 6[""DN.DM""]
6 --> 7[""DD""]
7 --> 8[""DB""]
"
207,"
graph LR
0[""StartNode""] --> 1[""Pay invoices""]
1 --> 2[""Generate payment report""]
1 --> 3[""Send payment report to Accounts Receivable Department""]
1 --> 4[""Send payment report to registry""]
3 --> 5[""Generate monthly invoices for clients""]
4 --> 5
5 --> 6[""Select paper-based invoices""]
6 --> 7[""Sort invoices per client""]
7 --> 8[""Sort invoices per payment data""]
8 --> 9[""Archive invoices""]
9 --> 10[""EndNode""]
"
208,"
graph LR
0[""StartNode""] --> 1[""Request for Quotation""]
1 --> 2[""Sales""]
2 --> 3[""Contract Establishment""]
3 --> 4[""Order Management""]
4 --> 5[""Backlog Management""]
5 --> 6[""Revenue Realization""]
6 --> 7[""EndNode""]
"
209,"
graph LR
0[""StartNode""] --> 1[""Send cost calculation""]
1 --> 2[""Receive answer from client""]
2 --> 3{""Client's decision""}
3 --> |""accepted""|4[""Check and repair computer""]
3 --> |""not accepted""|5[""Client takes computer home""]
4 --> 6[""EndNode""]
5 --> 6
5 --> 7[""Client checks computer""]
7 --> 8{""defective?""}
8 --> |""yes""|6
"
210,"
graph LR
0[""StartNode""] --> 1[""Arrange invoices""]
1 --> 2[""Sort invoices""]
2 --> 3[""Staple entry form""]
2 --> 4[""Enter vendor name""]
2 --> 5[""Enter client name""]
2 --> 6[""Enter date of arrival""]
3 --> 7[""EndNode""]
4 --> 7
5 --> 7
6 --> 7
"
211,"
graph LR
0[""StartNode""] --> 1[""Receive Claim""]
1 --> 2{""Claim data complete?""}
2 --> |""Yes""|3[""Check Insurance Case""]
2 --> |""No""|4[""Send Failure Notice""]
5[""EndNode""]
3 --> 6[""Send Expert""]
6 --> 7[""Define Insurance Case""]
7 --> 8[""Wait for Invoice""]
8 --> 9[""Pay Invoice""]
9 --> 5
"
212,"
graph LR
0[""StartNode""] --> 1[""Request for Quotation""]
1 --> 2[""Customer submits RFQ""]
2 --> 3[""Quotation submitted""]
3 --> 4[""Receive Quotation""]
4 --> 5[""Submit Purchase Order""]
5 --> 6[""ForkNode""]
6 --> |""Goods Sent Path""|7[""Send Goods""]
6 --> |""Invoice Sent Path""|8[""Send Invoice""]
7 --> 9[""Mark Goods as sent""]
8 --> 9[""Mark Invoice as sent""]
9 --> 10[""EndNode""]
"
213,"
graph LR
0[""StartNode""] --> 1[""Check if order has been received""]
1 --> 2[""Check availability of article""]
2 --> 3{""Article available?""}
3 --> |""No""|4[""Procurement process""]
3 --> |""Yes""|5[""Ship article""]
5 --> 6[""Check availability of article""]
6 --> 7{""Article available?""}
7 --> |""No""|4
7 --> |""Yes""|8[""Financial settlement""]
8 --> 9[""Wait for payment to be received""]
9 --> 10[""EndNode""]
"
214,"
graph LR
0[""StartNode""] --> 1[""Mark Invoice as Paid""]
1 --> 2[""Send the report""]
2 --> 3[""Generate the monthly invoices""]
3 --> 4[""Charge $35 for each paid invoice""]
4 --> 5[""EndNode""]
"
215,"
graph LR
0[""StartNode""] --> 1[""Check query origin""]
1 --> 2{""Trusted or non-trusted partner?""}
2 --> |""Trusted""|3[""Authenticate trusted partner""]
2 --> |""Non-trusted""|4[""Specify level of visibility""]
3 --> 5[""Authorize trusted partner""]
5 --> 6[""EndNode""]
4 --> 7[""Act as NodeRefs for initial negotiation""]
7 --> 8[""Establish trust relationship and access control policy""]
8 --> 6
"
216,"
graph LR
0[""StartNode""] --> 1[""Verify stock quantities""]
1 --> 2{""Items in stock?""}
2 --> |""Yes""|3[""Pack goods""]
2 --> |""No""|4[""Create purchase order""]
3 --> 5[""Prepare to ship purchase order""]
5 --> 6[""Data object Create Packing Slip generated""]
6 --> 7[""Prepare shipment""]
7 --> 8[""EndNode""]
4 --> 7
"
217,"
graph LR
0[""StartNode""] --> 1[""Purchase Raw Materials""]
0 --> 2[""Make Production Plan""]
1 --> 3[""Manufacture products""]
2 --> 3
3 --> 4[""EndNode""]
"
218,"
graph LR
0[""StartNode""] --> 1[""Prepare feedback proposal""]
1 --> 2[""Send for approval""]
2 --> 3{""Feedback proposal approved?""}
3 --> |""No""|4[""Receive denial""]
3 --> |""Yes""|5[""Request feedback""]
4 --> 6[""Prepare feedback proposal again""]
5 --> 7[""Wait for feedback receipt""]
5 --> 8[""Reply to feedback""]
7 --> 9[""Collect all feedback""]
9 --> 10[""Send collected feedback""]
10 --> 11[""Wait for collected feedback receipt""]
8 --> 9
11 --> 12[""Analyze feedback""]
12 --> 13[""EndNode""]
"
219,"
graph LR
0[""Start and enter metadata""] --> 1[""IN-Patient step""]
0 --> 2[""Send data to suppliers""]
0 --> 3[""Create a claim""]
2 --> 4[""Extract data from suppliers""]
2 --> 5[""Transfer data to doctor's phone""]
4 --> 6[""Confirm GOP""]
7[""Register the case""] --> 8[""Handle the claim""]
7 --> 9[""Enter data on patient's record""]
10[""Confirm IN-Patient status""] --> 11[""Receive payment""]
8 --> 11
9 --> 11
10 --> 11
"
220,"
graph LR
0[""StartNode""] --> 1[""Wait for Application Form""]
1 --> 2[""Focus on a Specific Task""]
1 --> 3[""Make an Assessment""]
3 --> 4{""Offer available?""}
4 --> |""Yes""|5[""Offer Mortgage""]
4 --> |""No""|6[""Send Rejection""]
5 --> 7[""EndNode""]
6 --> 7
"
221,"
graph LR
0[""StartNode""] --> 1[""Check volume of work""]
1 --> 2[""Prepare timetable""]
2 --> 3[""Publish timetable""]
3 --> 4[""Fulfill worker availability""]
3 --> 5[""Fill shift sheet""]
4 --> 5
5 --> 6[""Publish shift schedule""]
6 --> 7[""EndNode""]
"
222,"
graph LR
0[""StartNode""] --> 1{""Can fulfill order request?""}
1 --> |""Yes""|2[""Order confirmation""]
1 --> |""No""|3[""Reject order""]
2 --> 4[""EndNode""]
3 --> 4
5[""StartNode""] --> 1
1 --> |""Yes""|6[""Order confirmation""]
1 --> |""No""|7[""Reject order""]
6 --> 4
7 --> 4
"
223,"
graph LR
0[""StartNode""] --> 1[""Determine workday""]
0 --> 2[""Determine season""]
1 --> 3[""Determine working hours""]
3 --> 4[""Determine thermostat temperature""]
4 --> 5[""EndNode""]
"
224,"
graph LR
0[""StartNode""] --> 1[""Check query source""]
1 --> 2{""Trusted or non-trusted partner?""}
2 --> |""Trusted""|3[""Authorization based on access control policy""]
2 --> |""Non-trusted""|4[""Specify level of visibility""]
3 --> 5[""EndNode""]
4 --> 1
1 --> 2
3 --> 5
"
225,"
graph LR
0[""StartNode""] --> 1[""Enter order""]
1 --> 2{""Product is on sale?""}
2 --> |""Yes""|3[""Confirm order placement""]
2 --> |""No""|4[""Check if product is on sale""]
4 --> 5{""Product is on sale?""}
5 --> |""Yes""|3[""Confirm order placement""]
5 --> |""No""|6[""Dismiss order""]
3 --> 7[""Place order""]
7 --> 8[""EndNode""]
6 --> 9[""Order not placed""]
9 --> 8
"
226,"
graph LR
0[""StartNode""] --> 1[""Request for Quotation""]
1 --> 2[""Sales""]
2 --> 3[""Contract Establishment""]
3 --> 4[""Order Management""]
4 --> 5[""Backlog Management""]
5 --> 6[""Revenue Realization""]
6 --> 7[""EndNode""]
"
227,"
graph LR
0[""StartNode""] --> 1[""Enter required information""]
1 --> 2[""Enter client name""]
1 --> 3[""Enter vendor name""]
1 --> 4[""Enter date of arrival""]
2 --> 5[""End process""]
3 --> 5
4 --> 5
5 --> 6[""EndNode""]
"
228,"
graph LR
0[""StartNode""] --> 1[""Verify RFQ""]
1 --> 2{""Is RFQ verified?""}
2 --> |""No""|3[""Ask for more information""]
2 --> |""Yes""|4[""Provide L&M Cost Estimates""]
3 --> 5[""Provide Clarification""]
5 --> 4
4 --> 6{""Is RFQ verified?""}
6 --> |""No""|7[""Ask for more information""]
6 --> |""Yes""|8[""Add Overhead costs""]
7 --> 5
8 --> 9[""Generate Pricing options""]
9 --> 10[""Generate Sales Quote""]
10 --> 11[""EndNode""]
"
229,"
graph LR
0[""StartNode""] --> 1{""Order can be fulfilled?""}
1 --> |""Yes""|2[""Confirmation""]
1 --> |""No""|3[""Rejection""]
2 --> 4[""Transmission of delivery information""]
2 --> 5[""Shipment""]
4 --> 5
5 --> 6[""Mark order as fulfilled""]
6 --> 7[""EndNode""]
"
230,"
graph LR
0[""StartNode""] --> 1[""Check Change Request""]
1 --> 2{""Change Request realizable?""}
2 --> |""No""|3[""Withdraw correction""]
2 --> |""Yes""|4[""Create new transport request""]
4 --> 5[""Select request type""]
5 --> 6[""Log on to development system""]
6 --> 7[""Customizing or workbench development""]
7 --> 8{""Change Request realizable?""}
8 --> |""No""|9[""Withdraw correction""]
8 --> |""Yes""|10[""Release transport request""]
10 --> 11[""Pass correction to test""]
11 --> 12{""To Be Tested""}
12 --> |""Yes""|13[""Confirm successful test""]
13 --> 14[""Send email to change manager""]
14 --> 15[""EndNode""]
12 --> |""No""|16[""Reset correction""]
16 --> 17{""Change Request realizable?""}
17 --> |""No""|9[""Withdraw correction""]
17 --> |""Yes""|18[""Log on to test system""]
18 --> 19{""To Be Tested""}
19 --> |""Yes""|20[""Confirm successful test""]
20 --> 14
19 --> |""No""|21[""Evaluate correction""]
21 --> 22{""Change Request realizable?""}
22 --> |""No""|23[""Withdraw correction""]
22 --> |""Yes""|24[""Log on to development system""]
24 --> 6
"
231,"
graph LR
0[""StartNode""] --> 1[""Ask 1st Level Support""]
1 --> 2{""Issue resolved?""}
2 --> |""Yes""|3[""Provide Feedback to Account Manager""]
2 --> |""No""|4[""Ask Developer for Assistance""]
4 --> 2
2 --> |""Yes""|5[""Provide Feedback to 1st Level Support""]
5 --> 6[""Ask Developer""]
6 --> 7[""Provide Feedback to 1st Level Support""]
7 --> 3
"
232,"
graph LR
0[""StartNode""] --> 1[""Inquire about product availability""]
1 --> 2[""Create a quotation""]
2 --> 3{""Pricing and terms satisfactory?""}
3 --> |""Yes""|4[""Check pricing and terms""]
3 --> |""No""|5[""Inquire about product availability""]
4 --> 6[""Send purchase order to Sales""]
6 --> 7[""Create a sales order""]
7 --> 8[""Prepare and send shipment""]
8 --> 9[""Check if sufficient quantity""]
9 --> |""No""|10[""Back order and document unavailable parts""]
9 --> |""Yes""|11[""Update Sales Order and shipped by data""]
11 --> 12{""Check if payment has been received""}
12 --> |""Yes""|13[""EndNode""]
12 --> |""No""|14{""Payment status""}
14 --> |""Over 30 days late""|15[""Send payment reminder""]
"
233,"
graph LR
0[""StartNode""] --> 1[""Product Inquiry""]
1 --> 2[""Create Price Quote""]
2 --> 3[""Create Sales Order""]
3 --> 4{""Sufficient Quantities?""}
4 --> |""Yes""|5[""Ship Items""]
4 --> |""No""|6[""Backorder""]
5 --> 7[""Prepare Invoice""]
7 --> 8{""Payment Received <30 days?""}
8 --> |""Yes""|9[""Process Payment""]
8 --> |""No""|10[""Send Reminder""]
9 --> 11[""EndNode""]
10 --> 11
6 --> 0
"
234,"
graph LR
0[""StartNode""] --> 1[""Arrive at shopping mall""]
1 --> 2[""Choose presents""]
1 --> 3[""Buy perfume""]
1 --> 4[""Buy necklace""]
2 --> 5[""Finish shopping""]
3 --> 5
4 --> 5
5 --> 6[""EndNode""]
"
235,"
graph LR
0[""StartNode""] --> 1[""Initiate the process""]
1 --> 2[""Buy a Car""]
1 --> 3[""Buy a House""]
1 --> 4[""Buy a Kitchen""]
1 --> 5[""Choose a Bike""]
2 --> 6[""Buy a Pizza""]
3 --> 6
4 --> 6
5 --> 7[""Buy a Mountain Bike""]
5 --> 8[""Buy a City Bike""]
7 --> 9[""EndNode""]
8 --> 9
6 --> 9
"
236,"
graph LR
0[""StartNode""] --> 1[""Receive purchase invoice""]
1 --> 2[""Check validated invoices from SAP""]
2 --> 3[""Check possible date for payment""]
3 --> 4[""Make payment""]
4 --> 5[""Arrange payment process""]
5 --> 6[""Run payment process""]
6 --> 7[""Generate payment reports""]
6 --> 8[""Send payment reports to client""]
6 --> 9[""Send payment reports to registry""]
7 --> 10[""Send payment reports to accounts receivable department officer""]
10 --> 11[""Receive payment reports""]
11 --> 12[""End of month""]
12 --> 13[""Generate SSP's invoices""]
13 --> 14[""Send SSP invoice to client""]
14 --> 15[""EndNode""]
"
237,"
graph LR
0[""StartNode""] --> 1[""Incident Identification""]
1 --> 2[""Incident Logging""]
1 --> 3[""Incident Categorization""]
2 --> 4{""Is it a Service Request?""}
4 --> |""Yes""|5[""Request Fulfilment""]
4 --> |""No""|6[""Incident Prioritization""]
5 --> 7{""Is it a Major Incident?""}
7 --> |""Yes""|8[""Escalate and End""]
7 --> |""No""|9{""Was the incident Fixed in agreed time?""}
9 --> |""Yes""|10[""Incident Closure""]
9 --> |""No""|11{""Is Hierarchic escalation needed?""}
11 --> |""Yes""|8
11 --> |""No""|12[""Investigation and Diagnosis""]
12 --> 13{""Is Hierarchic escalation needed?""}
13 --> |""Yes""|8
13 --> |""No""|10
"
238,"
graph LR
0[""StartNode""] --> 1[""Send main document""]
1 --> 2{""Should we send Supplement A?""}
2 --> |""Yes""|3[""Send Supplement A""]
2 --> |""No""|4[""EndNode""]
3 --> 5{""Should we send Supplement A again?""}
5 --> |""Yes""|3
5 --> |""No""|6{""Should we send Supplement B?""}
6 --> |""Yes""|7[""Send Supplement B""]
6 --> |""No""|8[""EndNode""]
7 --> 9{""Should we send Supplement A again?""}
9 --> |""Yes""|3
9 --> |""No""|10[""EndNode""]
"
239,"
graph LR
0[""StartNode""] --> 1[""Receive email""]
1 --> 2[""Receive survey""]
1 --> 3[""Receive testimonial request""]
2 --> 4[""Respond to survey""]
3 --> 5[""Write testimonial""]
4 --> 6[""EndNode""]
5 --> 6
"
240,"
graph LR
0[""StartNode""] --> 1[""Report computer problem""]
1 --> 2[""Bring computer to ACM""]
2 --> 3[""Receive estimates and describe problem""]
3 --> 4{""Agree with terms?""}
4 --> |""No""|5[""Take computer back""]
4 --> |""Yes""|6[""Authorize repair""]
6 --> 7[""Pick up notice for computer pickup""]
7 --> 8{""Computer repaired?""}
8 --> |""No""|9[""EndNode""]
8 --> |""Yes""|10[""Pay for work done""]
10 --> 9
5 --> 9
"
241,"
graph LR
0[""StartNode""] --> 1[""Enter invoices to validation office""]
1 --> 2[""Proceed with invoices validation""]
2 --> 3[""Tick box invoice entered correctly""]
3 --> 4[""Log into SAP""]
4 --> 5[""Change data status""]
5 --> 6[""Forward validated invoices to Registry officers""]
5 --> 7[""Forward validated invoices information in SAP to Payment officer""]
6 --> 8[""EndNode""]
7 --> 8
"
242,"
graph LR
0[""StartNode""] --> 1[""Issue Received""]
1 --> 2[""Open the ticket""]
2 --> 3[""Edit the 1st level ticket""]
3 --> 4{""Issue resolved?""}
4 --> |""Yes""|5[""Send email to Account Manager""]
4 --> |""No""|6[""Edit the 2nd level ticket""]
6 --> 7{""Issue resolved?""}
7 --> |""Yes""|5
7 --> |""No""|6
6 --> 8[""Send email to Account Manager""]
8 --> 9[""Close the ticket""]
9 --> 10{""Issue resolved?""}
10 --> |""Yes""|5
10 --> |""No""|11{""2nd level issue?""}
11 --> |""Yes""|12[""Insert issue into product backlog""]
11 --> |""No""|12
12 --> 13[""Send email to Account Manager""]
13 --> 14[""EndNode""]
"
243,"
graph LR
0[""StartNode""] --> 1[""Submit loan application""]
1 --> 2[""Review loan paperwork""]
2 --> 3{""Loan value > $1000?""}
3 --> |""No""| 4[""Evaluate risk""]
3 --> |""Yes""| 5[""EndNode""]
4 --> 6[""Approve loan""]
6 --> 7[""Receive money""]
7 --> 8[""EndNode""]
"
244,"
graph LR
0[""StartNode""] --> 1[""Check the customer's credit history""]
1 --> 2[""Conduct Property Survey""]
1 --> 3[""Access Credit History File""]
2 --> 4[""Get Survey Document""]
3 --> 5[""Search the property title""]
4 --> 5
5 --> 6[""EndNode""]
"
245,"
graph LR
0[""StartNode""] --> 1[""Send main contract document""]
1 --> 2{""Send supplement A?""}
2 --> |""Yes""|3[""Send supplement A""]
2 --> |""No""|4[""EndNode""]
3 --> 5{""Send supplement B?""}
5 --> |""Yes""|6[""Send supplement B""]
5 --> |""No""|4
6 --> 7[""Conclude the process""]
7 --> 4
"
246,"
graph LR
0[""Customer Order""] --> 1[""Receive Order""]
1 --> 2[""Enter Order into System""]
2 --> 3[""Check Inventory""]
3 --> 4[""Assemble Shipment""]
3 --> 5[""Billing""]
4 --> 6[""Send Shipment""]
5 --> 6
6 --> 7[""Wait for delivery""]
7 --> 8[""End of Process""]
"
247,"
graph LR
0[""StartNode""] --> 1[""Send shipment planning request""]
1 --> 2[""Receive shipment planning alternatives""]
2 --> 3[""Select shipment planning""]
2 --> 4[""Schedule pickup""]
2 --> 5[""Send shipment documents""]
3 --> 6[""Load shipment at pickup location""]
5 --> 6
"
248,"
graph LR
0[""StartNode""] --> 1[""Go to iTunes Store Home""]
1 --> 2[""Search for Album""]
2 --> 3{""Expand Search Using Artist Name or Select Album""}
3 --> |""Expand Search Using Artist Name""|4[""Expand Search Using Artist Name""]
3 --> |""Select Album""|5[""Select Album""]
5 --> 6[""Confirm Purchase Choice""]
6 --> 7[""Download Album""]
4 --> 2
4 --> 8[""Login to Account""]
8 --> 9[""Confirm Registration""]
9 --> 10[""Enter Date of Birth""]
10 --> 11[""Provide Payment Method""]
11 --> 12[""Enter Billing Address""]
12 --> 9
9 --> 6
6 --> 7
7 --> 13[""EndNode""]
"
249,"
graph LR
0[""StartNode""] --> 1[""Log and route complaint""]
1 --> 2[""Check if complaint is instructor resolvable""]
2 --> |""Yes""| 3[""Handle complaint""]
2 --> 3
3 --> 4{""Should complaint be escalated?""}
4 --> |""Yes""| 5[""Handle complaint and EndNode""]
4 --> |""No""| 6[""Send email to student and cc Complaint Staff""]
6 --> 7[""Update complaint database""]
7 --> 8[""EndNode""]
"
250,"
graph LR
0[""StartNode""] --> 1[""Customer enters the store""]
1 --> 2[""Customer decides what they want""]
2 --> 3{""Is it a custom order or in-store purchase?""}
3 --> |""No""|4[""EndNode""]
3 --> |""Yes""|5[""Fill out customer invoice""]
5 --> 6[""EndNode""]
"
251,"
graph LR
0[""StartNode""] --> 1[""Change code""]
1 --> 2[""Update from SVN""]
2 --> 3[""Commit to SVN""]
3 --> 4[""Resolve conflicts""]
1 --> 2
2 --> 1
1 --> 0[""Change code""]
0 --> 1
1 --> 2
2 --> 3
3 --> 4
4 --> 5[""Deploy to QA""]
5 --> 6[""Update from SVN""]
6 --> 1
1 --> 0
0 --> 1
1 --> 2
2 --> 3
3 --> 4
4 --> 5
5 --> 7[""Deploy to production""]
7 --> 8[""EndNode""]
"
252,"
graph LR
0[""StartNode""] --> 1[""Determine rent conditions""]
1 --> 2[""Find a suitable piece of land""]
2 --> 3{""Price requirement met?""}
3 --> |""Yes""|4[""Check availability and rentability""]
3 --> |""No""|5[""Reevaluate conditions""]
4 --> 6[""Check if space is available""]
6 --> |""No""|7[""Continue searching for land""]
6 --> |""Yes""|8[""Create a contract form""]
8 --> 9[""Check if contract is approved""]
9 --> |""No""|7
9 --> |""Yes""|10[""Finalize contracts with suppliers""]
10 --> 11[""Send the final contract""]
11 --> 12[""Wait for acknowledgement""]
12 --> 13[""Check response""]
13 --> 14[""EndNode""]
"
253,"
graph LR
0[""StartNode""] --> 1[""Check if we can fulfill the order""]
1 --> 2{""Can we fulfill the order?""}
2 --> |""Yes""|3[""Confirm the order""]
2 --> |""No""|4[""Reject the order""]
3 --> 1
4 --> 5[""EndNode""]
5 --> 6[""Order rejected""]
3 --> 7[""Deliver the order""]
7 --> 8{""Order delivered?""}
8 --> |""Yes""|9[""EndNode""]
8 --> |""No""|5
"
254,"
graph LR
1[""StartNode""] --> 2[""TASK1""]
2 --> 3[""TASK2""]
3 --> 4[""TASK3""]
3 --> 5[""TASK4""]
3 --> 6[""TASK5""]
6 --> 7[""EndNode""]
"
255,"
graph LR
0[""StartNode""] --> 1[""Encounter a problem""]
1 --> 2[""Obtain a description of the problem""]
2 --> 3{""Can I handle this on my own?""}
3 --> |""Yes""|4[""Explain the solution""]
3 --> |""No""|5[""Send an email to support system""]
4 --> 6[""EndNode""]
5 --> 6
6 --> 7{""Can I handle this on my own?""}
7 --> |""Yes""|8[""Explain the solution""]
7 --> |""No""|5
8 --> 6
"
256,"
graph LR
0[""StartNode""] --> 1[""Create Product""]
1 --> 2[""Propose Product""]
2 --> 3{""Product approved?""}
3 --> |""Yes""|4[""Approve Product""]
3 --> |""No""|5[""Reject Product""]
4 --> 6{""Product approved?""}
6 --> |""Yes""|7[""Product Approved""]
6 --> |""No""|5
5 --> 8{""Product approved?""}
8 --> |""Yes""|9[""Product Approved""]
8 --> |""No""|10[""Product Rejected""]
7 --> 11[""EndNode""]
9 --> 11
10 --> 11
"
257,"
graph LR
0[""StartNode""] --> 1[""Check Credit History""]
1 --> 2[""Property Survey""]
2 --> 3[""EndNode""]
"
258,"
graph LR
0[""StartNode""] --> 1[""Check order received""]
1 --> 2{""Article available?""}
2 --> |""No""|3[""Initiate procurement process""]
2 --> |""Yes""|4[""Ship article""]
4 --> 5{""Article available?""}
5 --> |""No""|3
5 --> |""Yes""|4
4 --> 6[""Complete financial settlement""]
6 --> 7[""Receipt of payment""]
7 --> 8[""EndNode""]
"
259,"
graph LR
0[""StartNode""] --> 1[""Turn on computer""]
1 --> 2[""Connect to internet""]
2 --> 3[""Navigate to nba.com""]
2 --> 4[""Grab a beer from the fridge""]
3 --> 5[""Start streaming""]
4 --> 5
5 --> 6{""Game ended""}
6 --> 7[""EndNode""]
"
260,"
graph LR
0[""StartNode""] --> 1[""Invoice arrives""]
1 --> 2{""Invoice is complete?""}
2 --> |""Yes""|3{""Can pay the invoice?""}
2 --> |""No""|4[""Return Invoice to client""]
3 --> |""Yes""|5[""Sort Invoice by client and vendor""]
3 --> |""No""|4
4 --> 6[""EndNode""]
5 --> 6
"
261,"
graph LR
0[""StartNode""] --> 1[""Receive payment""]
0 --> 2[""Ship the order""]
1 --> 3[""Archive the order""]
2 --> 3
3 --> 4[""EndNode""]
"
262,"
graph LR
0[""StartNode""] --> 1[""Detection of an incident""]
1 --> 2[""Troubleshooting the application""]
2 --> 3{""Incident resolved within 1 hour?""}
3 --> |""Yes""| 4[""Incident resolved""]
4 --> 5[""EndNode""]
3 --> |""No""| 6[""Incident analysis""]
6 --> 7{""Financial impact?""}
7 --> |""No""| 8[""EndNode""]
7 --> |""Yes""| 9[""Open EMS""]
9 --> 10[""Contact Application Team""]
10 --> 11[""Open conference line""]
11 --> 12[""EndNode""]
"
263,"
graph LR
0[""StartNode""] --> 1[""Confirm invoice paid""]
1 --> 2[""Send report to Client""]
1 --> 3[""Send report to SSP's Accounts Receivable Department""]
1 --> 4[""Send report to Registry""]
4 --> 5[""Payment report sent""]
5 --> 6[""EndNode""]
"
264,"
graph LR
0[""StartNode""] --> 1[""Participate""]
1 --> 2{""Check the suggestion""}
2 --> |""Yes""|3[""EndNode""]
2 --> |""No""|4[""Select a friend""]
4 --> 5[""Select a second friend""]
5 --> 6[""Suggest a date""]
6 --> 7[""Post a message on the suggested friend's wall""]
7 --> 8[""EndNode""]
5 --> 9{""Check if you should invite friends to use the app""}
9 --> |""No""| 8
9 --> |""Yes""|10[""Invite friends""]
10 --> 11{""Check if you should invite friends to use the app""}
11 --> |""No""| 8
11 --> |""Yes""|10
"
265,"
graph LR
0[""StartNode""] --> 1[""Publish flight schedule""]
1 --> 2[""Assign fleets""]
2 --> 3[""Send out flight schedule""]
3 --> 4{""Receive Flight Schedule""}
4 --> 5[""Create crew pairings""]
4 --> 6[""Create crew rosters""]
4 --> 7[""Update crew changes""]
4 --> 8[""Repair crew rosters""]
5 --> 9[""Send out crew assignments""]
5 --> 10[""Receive crew assignments""]
6 --> 9
7 --> 8
8 --> 11[""Create flight plan""]
9 --> 10
10 --> 11
11 --> 12[""Repair flight plan""]
12 --> 13[""Create flight report""]
13 --> 14[""Send out flight report""]
14 --> 15[""Post-operation analysis""]
15 --> 16[""EndNode""]
"
266,"
graph LR
0[""StartNode""] --> 1[""Mortgage offers""]
1 --> 2[""Analyze response""]
1 --> 3[""Wait for two weeks""]
2 --> 4{""Response status""}
4 --> |""accepted""|5[""Check status of documents""]
4 --> |""rejected""|6[""Update details""]
3 --> 7{""Response received or not""}
7 --> |""yes""|8[""Analyze response""]
7 --> |""no""|6
8 --> 4
5 --> 9{""Documents status""}
9 --> |""complete""|10[""Move case""]
9 --> |""incomplete""|11[""Require additional documents""]
6 --> 12[""Archive case""]
10 --> 13[""EndNode""]
11 --> 13
12 --> 13
"
267,"
graph LR
0[""StartNode""] --> 1[""Register for event participation""]
1 --> 2{""Fees are required?""}
2 --> |""No""|3[""Register for seminar results""]
2 --> |""Yes""|4[""Create a purchase request""]
4 --> 5[""Check if purchase request is approved""]
5 --> |""Approved""|6[""Send approval notification""]
5 --> |""Rejected""|7[""Notify rejection""]
3 --> 7
6 --> 8[""EndNode""]
7 --> 8
"
268,"
graph LR
0[""StartNode""] --> 1[""Receive request""]
1 --> 2[""Evaluate request""]
2 --> |""Not favorable""|3[""Send notification of denial""]
2 --> |""Favorable""|4[""Check if analyst has authority""]
3 --> 5[""EndNode""]
4 --> |""Yes""|6[""Send payment""]
4 --> |""No""|7[""Authorize payment""]
6 --> 8[""EndNode""]
7 --> 4
4 --> 6
"
269,"
graph LR
0[""StartNode""] --> 1[""Receive mail""]
1 --> 2{""Information complete?""}
2 --> |""Yes""| 3[""Add mail number and date""]
2 --> |""No""| 4[""Call customer""]
4 --> 5[""EndNode""]
3 --> 6[""Record letter""]
6 --> 7[""Archive letter""]
style 7 fill:#f9f,stroke:#333,stroke-width:2px
7 --> 8[""Take letters to Miranda""]
style 8 fill:#f9f,stroke:#333,stroke-width:2px
8 --> 5
"
270,"
graph LR
0[""StartNode""] --> 1[""Identify demand for material""]
1 --> 2{""Goods Available?""}
2 --> |""Yes""|3[""Utilize available material""]
2 --> |""No""|4[""Specify required material demand""]
4 --> 5[""Create purchase requisition""]
5 --> 6[""Verify purchase requisition""]
6 --> 7[""Generate purchase order""]
7 --> 8[""Notify vendor""]
8 --> 9[""Vendor shipment""]
9 --> 10[""Create goods receipt""]
10 --> 11[""Create invoice receipt""]
11 --> 12[""Make payment""]
12 --> 13[""EndNode""]
"
271,"
graph LR
0[""StartNode""] --> 1[""Receive Online Update""]
1 --> 2[""Advertise Vacancy""]
2 --> 3[""Assemble Selection Panel""]
3 --> 4[""Enter Selection Panel Details""]
4 --> 5[""Receive Complete Applications""]
"
272,"
graph LR
0[""StartNode""] --> 1[""Send Mortgage Offer""]
1 --> 2[""Wait for Answer""]
2 --> 3{""Answer is decline?""}
3 --> |""Yes""|4[""Update Details""]
3 --> |""No""|5[""Check Offer Completeness""]
4 --> 6[""Complete Offer""]
5 --> 4
4 --> 7[""Process Ends""]
5 --> 8[""Send Message to Customer""]
8 --> 9[""Wait for Customer Answer""]
9 --> 2
"
273,"
graph LR
0[""StartNode""] --> 1[""Check fees""]
1 --> 2{""Fees involved?""}
2 --> |""No""|3[""Proceed with registration""]
2 --> |""Yes""|4[""Create purchase requisition request""]
3 --> 5[""Obtain seminar results""]
5 --> 6[""EndNode""]
4 --> 7[""Check status of purchase request approval""]
7 --> 8{""Approved?""}
8 --> |""No""|9[""Notify rejection""]
8 --> |""Yes""|10[""Send approved notification""]
9 --> 6
10 --> 6
"
274,"
graph LR
0[""StartNode""] --> 1[""Send Main Document""]
1 --> 2{""Should Supplement A be sent?""}
2 --> |""Yes""|3[""Send Supplement A""]
2 --> |""No""|4[""EndNode""]
3 --> 5{""Should Supplement B be sent?""}
5 --> |""Yes""|6[""Send Supplement B""]
5 --> |""No""|4
6 --> 7[""EndNode""]
"
275,"
graph LR
0[""StartNode""] --> 1[""Check Report against Invoice""]
1 --> 2{""Invoice Entered Correctly?""}
2 --> |""Yes""|3[""Verify 'Invoice Entered Correctly'""]
3 --> 4[""End process""]
2 --> |""No""|5[""Record error and Highlight error""]
5 --> 6[""Update Invoice Entry form""]
6 --> 4
"
276,"
graph LR
0[""StartNode""] --> 1[""Accepted Item""]
1 --> 2[""Case""]
1 --> 3[""Other""]
1 --> 4[""Can""]
1 --> 5[""Non-perishable""]
1 --> 6[""Perishable""]
4 --> 7[""Fruit""]
4 --> 8[""Vegetable""]
5 --> 9[""Sack""]
5 --> 10[""QC""]
5 --> 11[""Weight""]
5 --> 12[""Date Center""]
5 --> 13[""Non-perishable""]
13 --> 14[""QC""]
13 --> 15[""Weight""]
13 --> 16[""Date Center""]
18 --> 17[""Perishable""]
17 --> 18[""QC""]
17 --> 19[""Weight""]
17 --> 20[""Date Center""]
20 --> 21[""Fruit""]
21 --> 22[""QC""]
21 --> 23[""Weight""]
21 --> 24[""Date Center""]
24 --> 25[""Vegetable""]
25 --> 26[""QC""]
25 --> 27[""Weight""]
25 --> 28[""Date Center""]
26 --> 28
28 --> 29[""Store items based on item policy""]
"
277,"
graph LR
0[""StartNode""] --> 1[""Receive shipment""]
1 --> 2[""Place shipment in warehouse""]
2 --> 3[""Update IS""]
3 --> 4[""Sort shipments by service type""]
4 --> 5[""Sort shipments by destination node""]
5 --> 6[""Sort shipments by size""]
6 --> 7[""Route calculation to next node""]
7 --> 8[""Determine transport vehicle""]
8 --> |""Yes""|9[""Check if vehicle is available""]
8 --> |""No""|10[""Set waiting time limit""]
9 --> 11[""Load shipment onto transport vehicle""]
10 --> 11
11 --> 12[""Unload shipment""]
12 --> 13[""Check if destination warehouse has been reached""]
13 --> |""Yes""|14[""Place shipment in branch office""]
14 --> 15[""Update IS""]
15 --> 16[""EndNode""]
"
278,"
graph LR
0[""StartNode""] --> 1[""Review the letter""]
1 --> 2{""Letter is complete?""}
2 --> |""No""|3[""Make a telephone call""]
2 --> |""Yes""|4[""Archive the letter""]
4 --> 5{""Have all necessary information?""}
5 --> |""No""|6[""Send a denial""]
5 --> |""Yes""|7[""Stamp the letter""]
7 --> 8[""Register the member""]
8 --> 9[""Calculate the fee""]
9 --> 10[""Write the fee in the register""]
10 --> 11[""Prepare an invoice mail""]
11 --> 12[""EndNode""]
"
279,"
graph LR
0[""StartNode""] --> 1[""Demand planning step""]
1 --> 2[""Forecast netting""]
1 --> 3[""Safety stock calculation""]
1 --> 4[""Current stock levels update""]
2 --> 5[""Planning data loading""]
4 --> 5
5 --> 6[""Weekly planning run""]
6 --> 7[""Production plan loading""]
6 --> 8[""Local production planning""]
7 --> 8
8 --> 9[""EndNode""]
"
280,"
graph LR
0[""StartNode""] --> 1[""Generate payment report""]
1 --> 2[""Pay vendor""]
1 --> 3[""Send payment report to Accounts Receivable Department""]
1 --> 4[""Send payment report to registry""]
3 --> 5[""Generate monthly invoices for clients""]
4 --> 5
5 --> 6[""Charge client""]
5 --> 7[""Archive invoices per vendor""]
5 --> 8[""Archive invoices per payment data""]
6 --> 9[""Track down payment""]
7 --> 9
8 --> 9
9 --> 10[""EndNode""]
"
281,"
graph LR
0[""StartNode""] --> 1[""Low Inventory""]
1 --> 2[""Materials Request""]
2 --> 3[""Purchase Materials""]
3 --> 4[""Receive Materials""]
4 --> 5[""Check Shipment""]
5 --> 6{""Shipment okay?""}
6 --> |""Yes""|7[""Send Payment""]
6 --> |""No""|8[""Communicate Shipment Problem""]
7 --> 9[""EndNode""]
8 --> 9
"
282,"
graph LR
0[""StartNode""] --> 1[""Check production rule""]
1 --> 2{""Production rule defined?""}
2 --> |""No""|3[""Check substitute product rule""]
2 --> |""Yes""|4[""Prepare production line""]
4 --> 5{""Production rule defined for second check?""}
5 --> |""No""|3
5 --> |""Yes""|6[""Prepare production line for end""]
3 --> 7{""Substitute production rule found?""}
7 --> |""Yes""|6
7 --> |""No""|8[""Create product rule not found alarm""]
6 --> 8
8 --> 9[""EndNode""]
"
283,"
graph LR
0[""StartNode""] --> 1[""Check Customers' Credit History""]
0 --> 2[""Search Property Title""]
1 --> 3[""Access Credit History File""]
2 --> 3
3 --> 4[""Conduct Property Survey""]
4 --> 5[""EndNode""]
"
284,"
graph LR
0[""StartNode""] --> 1[""Process Starts""]
1 --> 2[""Inquire about product""]
2 --> 3[""Preparing Quote""]
3 --> 4[""Verify Terms and Pricing""]
4 --> 5[""Create Sale Order""]
5 --> 6[""Ship Order""]
6 --> 7[""Send Payment""]
7 --> 8{""Payment sent?""}
8 --> |""Yes""|9[""Process Payment""]
8 --> |""No""|10[""Send Reminder""]
9 --> 11[""Complete Process""]
10 --> 7
"
285,"
graph LR
0[""StartNode""] --> 1[""Prepare to cut banana""]
1 --> 2[""Hold banana securely""]
1 --> 3[""Cut banana""]
3 --> 4[""EndNode""]
"
286,"
graph LR
0[""StartNode""] --> 1[""Informational meeting""]
1 --> 2{""Meeting successful?""}
2 --> |""Yes""|3[""Storyboard creation""]
2 --> |""No""|4[""EndNode""]
3 --> 5[""Website designing and developing""]
3 --> 6[""Content preparation""]
3 --> 7[""Initial draft creation""]
5 --> 7
6 --> 7
7 --> 8{""Draft review""}
8 --> |""Yes""|9[""Final version preparation""]
8 --> |""No""|10[""Draft review""]
9 --> 11[""Website approval""]
10 --> 8
11 --> 12[""EndNode""]
"
287,"
graph LR
0[""StartNode""] --> 1[""Receive customer inquiry""]
1 --> 2[""Prepare quotation""]
2 --> 3[""Create sales order""]
3 --> 4{""Credit approved?""}
4 --> |""No""|5[""EndNode""]
4 --> |""Yes""|6[""Check stock availability""]
6 --> 7{""Stock available?""}
7 --> |""No""|8[""Check new stock delivery date""]
7 --> |""Yes""|9[""Create outbound delivery""]
9 --> 10[""Check stock availability""]
10 --> 11{""Stock available?""}
11 --> |""No""|8
11 --> |""Yes""|12[""Pick""]
12 --> 13[""Post goods issue""]
13 --> 14[""Create billing""]
14 --> 15[""Pack product and invoice""]
15 --> 16[""Ship product and invoice""]
16 --> 17[""EndNode""]
"
288,"
graph LR
0[""StartNode""] --> 1[""T1""]
0 --> 2[""T2""]
1 --> 3[""EndNode""]
2 --> 3
"
289,"
graph LR
0[""StartNode""] --> 1[""Click on Start""]
1 --> 2[""Select Edit Report""]
2 --> 3{""Expense > 1000?""}
3 --> |""Yes""|4[""Review report""]
3 --> |""No""|5{""Need for translation?""}
4 --> 6[""Edit report""]
5 --> |""Yes""|7[""Translate receipts""]
5 --> |""No""|7[""Confirm receipts""]
6 --> 8{""Report approved?""}
8 --> |""Yes""|9{""Need for translation?""}
8 --> |""No""|10[""Translate receipts""]
9 --> |""Yes""|11[""Translate receipts""]
9 --> |""No""|11[""Confirm receipts""]
11 --> 12{""Receipts accepted?""}
12 --> |""Yes""|13[""Process expense""]
12 --> |""No""|6
13 --> 14[""EndNode""]
"
290,"
graph LR
0[""StartNode""] --> 1[""start_element""]
1 --> 2[""myTaskOne""]
2 --> 3{""myMessageEvent""}
3 --> |""Yes""|4[""myTaskTwo""]
3 --> |""No""|5[""myTaskThree""]
4 --> 6[""myEndEvent""]
5 --> 6
"
291,"
graph LR
0[""StartNode""] --> 1[""Send product availability inquiry""]
1 --> 2[""Send product inquiry""]
2 --> 3[""Receive Quotation""]
3 --> 4[""Analyze Quotation""]
4 --> 5{""Purchase Decision""}
5 --> |""Accept""|6[""Send Purchase Order""]
5 --> |""Decline""|7[""EndNode""]
6 --> 8[""Purchase order sent""]
8 --> 9[""Wait for Invoice""]
9 --> 10[""Verify Invoice Accuracy""]
10 --> 11{""Invoice/Bill accuracy verified""}
11 --> |""Yes""|12[""Send Payment""]
11 --> |""No""|7[""EndNode""]
12 --> 13[""EndNode""]
"
292,"
graph LR
0[""StartNode""] --> 1[""Confirm order""]
1 --> 2[""Shipping the item""]
1 --> 3[""Sending the invoice""]
2 --> 4[""Engage in some activity after shipping""]
3 --> 5[""Engage in some activity after sending the invoice""]
4 --> 6[""EndNode""]
5 --> 6
"
293,"
graph LR
0[""StartNode""] --> 1[""Activity B-1""]
0 --> 2[""Activity C-1""]
0 --> 3[""Activity C-1""]
0 --> 4[""Activity C-2""]
1 --> 5[""Activity B-2""]
2 --> 5
3 --> 5
5 --> 6[""Activity A-1""]
6 --> 7[""Activity D-2""]
6 --> 8[""Activity E-1""]
7 --> 9[""Activity D-1""]
8 --> 9
9 --> 10[""Activity B-3""]
10 --> 11[""Activity D-3""]
11 --> 12[""EndNode""]
"
294,"
graph LR
0[""StartNode""] --> 1[""Check customer's credit history""]
0 --> 2[""Conduct property survey""]
1 --> 3[""Credit History File""]
2 --> 4[""Survey Document""]
3 --> 5[""Search for the property title""]
4 --> 5
5 --> 6[""EndNode""]
"
295,"
graph LR
0[""StartNode""] --> 1[""Receive order""]
1 --> 2[""Shipping products""]
1 --> 3[""Send invoice""]
2 --> 4[""EndNode""]
3 --> 4
"
296,"
graph LR
0[""StartNode""] --> 1[""Send email to support system""]
1 --> 2[""Allocate ticket""]
2 --> 3{""First level can handle it?""}
3 --> |""Yes""|4[""Document ticket""]
3 --> |""No""|5[""Ask developer""]
4 --> 6[""Send email to account manager""]
5 --> 7{""First level can handle it?""}
7 --> |""Yes""|8[""Document ticket""]
7 --> |""No""|9[""Ask developer""]
8 --> 6
"
297,"
graph LR
0[""StartNode""] --> 1[""Register contract acceptation""]
0 --> 2[""Scan offer""]
1 --> 3[""Provide billing information""]
2 --> 3
3 --> 4[""Provide pincode information""]
4 --> 5[""EndNode""]
"
298,"
graph LR
0[""StartNode""] --> 1[""Receive customer inquiry""]
1 --> 2[""Prepare quotation""]
2 --> 3[""Create sales order""]
3 --> 4{""Is credit approved?""}
4 --> |""No""|5[""EndNode""]
4 --> |""Yes""|6[""Perform credit check""]
6 --> 7[""Check stock availability""]
7 --> |""No""|8[""EndNode""]
7 --> |""Yes""|9[""Create outbound delivery""]
9 --> 10[""Check stock availability""]
10 --> |""No""|11[""EndNode""]
10 --> |""Yes""|12[""Pick""]
12 --> 13[""Post goods issue""]
13 --> 14[""Create billing""]
14 --> 15[""Pack product""]
15 --> 16[""Invoice product""]
16 --> 17[""Ship product""]
17 --> 18[""EndNode""]
"
299,"
graph LR
0[""StartNode""] --> 1[""Sort invoices per client""]
1 --> 2[""Sort invoices per vendor""]
2 --> 3[""Staple invoice entry form to invoice""]
3 --> 4[""Enter vendor name on invoice entry form""]
3 --> 5[""Enter client name on invoice entry form""]
3 --> 6[""Enter invoice arrival date on invoice entry form""]
4 --> 7[""EndNode""]
5 --> 7
6 --> 7
"
300,"
graph LR
0[""StartNode""] --> 1[""Send Invoice""]
1 --> 2[""Receive Invoice""]
2 --> 3{""Instruction: Send or Contact""}
3 --> |""Send""|4[""Check Invoice""]
4 --> 5[""Enter Invoice Information""]
5 --> 6[""Make Payment""]
6 --> 7[""Process Payment""]
7 --> 8[""Forward Payment""]
8 --> 9[""Close Order""]
3 --> |""Contact""|10[""Revise Invoice""]
10 --> 11[""Receive Invoice""]
11 --> 12[""Check Invoice""]
12 --> 13[""Make Payment""]
13 --> 14[""Process Payment""]
14 --> 15[""Forward Payment""]
15 --> 16[""Close Order""]
9 --> 17[""EndNode""]
16 --> 17
"
301,"
graph LR
0[""StartNode""] --> 1[""Receive order""]
1 --> 2[""Send invoice""]
1 --> 3[""Ship products""]
2 --> 4[""Receive payment""]
4 --> 5[""EndNode""]
3 --> 4
"
302,"
graph LR
0[""StartNode""] --> 1[""Receive order""]
1 --> 2[""Confirm order""]
2 --> 3[""Arrange shipment""]
2 --> 4[""Update manufacturing plan""]
2 --> 5[""Generate order summary""]
2 --> 6[""Review and revise order""]
6 --> 7[""Update customer file""]
7 --> 8[""Update customer file again""]
8 --> 9[""EndNode""]
"
303,"
graph LR
0[""StartNode""] --> 1[""Check Customers Credit History""]
0 --> 2[""Search Property Title""]
0 --> 3[""Conduct Property Survey""]
3 --> 4[""Survey Document""]
4 --> 5[""EndNode""]
"
304,"
graph LR
0[""StartNode""] --> 1[""Request order""]
1 --> 2[""Choreography task""]
2 --> 3{""Can the order be fulfilled?""}
3 --> |""Yes""|4[""Confirm order""]
3 --> |""No""|5[""Reject order""]
4 --> 6[""Deliver order""]
6 --> 7[""EndNode""]
5 --> 7[""Notify order rejected""]
"
305,"
graph LR
0[""StartNode""] --> 1[""start the process""]
1 --> 2[""use the newTransportEvent""]
2 --> 3[""receiveTransportOrder""]
3 --> 4[""sendTransportOrder""]
4 --> 5[""executeTransport""]
4 --> 6[""distributeShipmentInfo""]
4 --> 7[""askForShipmentConfirmation""]
5 --> 8[""EndNode""]
6 --> 8
7 --> 8
8 --> 9[""sendShipmentConfirmation""]
9 --> 10[""EndNode""]
"
306,"
graph LR
0[""StartNode""] --> 1[""Reach out to 1st Level Support""]
1 --> 2{""1st Level Support can handle the issue?""}
2 --> |""Yes""|3[""Provide feedback to account manager""]
2 --> |""No""|4[""Ask developer for assistance""]
4 --> 5[""Provide feedback to account manager""]
5 --> 6[""Provide feedback to 1st Level Support""]
6 --> 7[""EndNode""]
"
307,"
graph LR
0[""StartNode""] --> 1[""Initiate Scheduling Process""]
1 --> 2[""Manager creates Google Form and schedule template""]
1 --> 3[""Employee logs into Google account""]
2 --> 4[""Employee accesses Google Form""]
4 --> 5[""Employee selects available times""]
3 --> 6[""Employee lists reasons for unavailability""]
5 --> 6
6 --> 7[""Employee submits form""]
2 --> 8[""Manager configures Excel schedule""]
2 --> 9[""Manager enters schedule on portal""]
2 --> 10[""Manager prints schedules for employees""]
8 --> 11[""Manager emails schedule to individual Gmail accounts""]
7 --> 11
11 --> 12[""Scheduling process complete""]
11 --> 13[""Manager reviews collected results""]
13 --> 12
"
308,"
graph LR
0[""StartNode""] --> 1[""Create Purchase Requisition""]
1 --> 2[""Submit Purchase Order""]
2 --> 3[""Send Ordered Materials""]
2 --> 4[""Send Packing List and Shipment Details""]
3 --> 4
4 --> 5[""Send Invoice""]
5 --> 6{""Shipment of goods is accurate?""}
6 --> |""Yes""|7[""Send Payment""]
6 --> |""No""|8[""Report Problems""]
7 --> 9[""EndNode""]
8 --> 10[""Send Ordered Materials Again""]
10 --> 7
"
309,"
graph LR
0[""Weekly, in time for discounts""] --> 1[""Pay invoices""]
1 --> 2[""Generate payment report""]
2 --> 3[""Send payment report to Accounts Receivable Department""]
3 --> 4{""Fully automated process""}
4 --> 5[""Send payment report to registry""]
5 --> 6[""Generate monthly invoices""]
6 --> 7[""Send out invoices""]
6 --> 7
7 --> 8[""EndNode""]
"
310,"
graph LR
0[""StartNode""] --> 1[""Place change request""]
1 --> 2{""Are there delivery conflicts?""}
2 --> |""Yes""|3[""Dismiss change request""]
2 --> |""No""|4[""Check for cancellation""]
3 --> 5[""EndNode""]
4 --> 6{""Is there a cancellation?""}
6 --> |""Yes""|7[""Cancel order""]
6 --> |""No""|8[""Check if product is on sale""]
7 --> 9[""EndNode""]
8 --> |""Yes""|10[""Approve change request""]
8 --> |""No""|3
10 --> 11[""Modify order""]
11 --> 12[""EndNode""]
"
311,"
graph LR
0[""StartNode""] --> 1[""Experiencing a computer problem""]
1 --> 2[""Describe the problem""]
2 --> 3[""Receive estimated time and cost information""]
3 --> 4{""Time and cost acceptable?""}
4 --> |""Yes""|5[""Authorize the repair""]
4 --> |""No""|6[""Take computer back""]
5 --> 7[""Repair itself""]
7 --> 8{""Problem has been fixed?""}
8 --> |""Yes""|9[""Proceed with payment and pickup""]
8 --> |""No""|10[""EndNode""]
9 --> 10[""EndNode""]
6 --> 10
"
312,"
graph LR
0[""StartNode""] --> 1[""Send the order""]
1 --> 2[""Receiving the items""]
1 --> 3[""Receiving the invoice""]
2 --> 4[""Pay for items""]
3 --> 4
4 --> 5[""EndNode""]
"
313,"
graph LR
0[""StartNode""] --> 1[""Analyze""]
1 --> 2{""Are all goals satisfied?""}
2 --> |""Yes""| 3[""EndNode""]
2 --> |""No""| 4[""Check for consistency""]
4 --> 5[""Update""]
5 --> 1
"
314,"
graph LR
0[""StartNode""] --> 1[""Delay for 48 hours""]
1 --> 2[""Monitor issue votes""]
2 --> 3[""Send email warning""]
3 --> 4[""Delay for additional 24 hours""]
4 --> 5[""Moderate voting discussion""]
5 --> 6[""Close voting""]
6 --> 7[""EndNode""]
"
315,"
graph LR
0[""StartNode""] --> 1[""Meet with customer and discuss web design""]
1 --> 2{""Meeting with customer was successful""}
2 --> |""Yes""|3[""Second meeting with customer""]
3 --> 4{""Meeting with customer was successful""}
4 --> |""Yes""|5[""Create storyboard""]
4 --> |""No""|6[""EndNode""]
"
316,"
graph LR
0[""StartNode""] --> 1[""Send offer manually""]
1 --> 2{""Address available?""}
2 --> |""No""|3[""Contact customer""]
2 --> |""Yes""|4[""Present offer""]
3 --> 5[""Check address availability""]
5 --> 6[""Present offer""]
4 --> 7[""Check customer questions""]
7 --> |""Yes""|8[""Address customer questions""]
8 --> 9[""EndNode""]
"
317,"
graph LR
0[""StartNode""] --> 1[""Register participation in seminar""]
1 --> 2{""Seminar fees are required?""}
2 --> |""Yes""|3[""Create a purchase request""]
2 --> |""No""|4[""Send appraisal notification""]
3 --> 5{""Purchase request is approved?""}
5 --> |""Yes""|6[""Notify approval""]
5 --> |""No""|7[""Notify rejection""]
6 --> 8[""Register post-seminar results""]
7 --> 8
8 --> 9[""EndNode""]
"
318,"
graph LR
0[""StartNode""] --> 1[""Preparation of the shipment order""]
1 --> 2[""Send shipment order""]
2 --> 3{""Carrier Response is positive?""}
3 --> |""Yes""|4[""Ordered shipment realized""]
3 --> |""No""|5[""Acquisition of carriers (Link A)""]
4 --> 6[""EndNode""]
5 --> 2
"
319,"
graph LR
0[""StartNode""] --> 1[""Check Customer Credit History""]
0 --> 2[""Search Property Title""]
0 --> 3[""Property Survey""]
3 --> 4[""Survey Document""]
4 --> 5[""EndNode""]
"
320,"
graph LR
0[""StartNode""] --> 1[""Create M1""]
1 --> 2[""Handle all the information""]
2 --> 3[""End process""]
"
321,"
graph LR
0[""StartNode""] --> 1[""Undress""]
1 --> 2[""Put on underwear""]
1 --> 3[""Put on trousers""]
1 --> 4[""Put on shirt""]
2 --> 5[""Fully dressed""]
3 --> 5
4 --> 5
5 --> 6[""EndNode""]
"
322,"
graph LR
0[""StartNode""] --> 1[""Follow the recipe as decided""]
1 --> 2[""Put eggs into bowl A""]
1 --> 3[""Put flour into bowl B""]
2 --> 4[""Add sugar to bowl A""]
3 --> 5[""Add baking powder to bowl B""]
5 --> 6[""Put butter into bowl A""]
6 --> 7[""Mix the ingredients in bowl A""]
7 --> 8[""Bake the cake""]
8 --> 9[""Cake is fully baked""]
9 --> 10[""EndNode""]
"
323,"
graph LR
0[""StartNode""] --> 1[""Check Customer Credit History""]
0 --> 2[""Search Property Title""]
1 --> 3[""Access Credit History File""]
2 --> 4[""Produce Survey Document""]
3 --> 4
4 --> 5[""Property Survey""]
5 --> 6[""EndNode""]
"
324,"
graph LR
0[""StartNode""] --> 1[""Perform left outer join between lips and it_likp, store in it_lipsm""]
1 --> 2[""Sort and remove duplicates from it_lipsm""]
2 --> 3[""Perform left outer join between vbfa and it_likpsm, store in it_vbfa_completo""]
3 --> 4[""Remove lines in it_vbfa_completo where plmin is not equal to ""+""""]
4 --> 5[""Copy vbeln values from it_vbfa_completo to it_unolips, remove duplicates""]
5 --> 6[""Perform left outer join between lips and it_unolips, store in it_lips""]
6 --> 7[""Copy lifex values from it_likp to it_lifex, sort""]
7 --> 8[""Write lifex values from it_lifex to it_vbfa_completo-secuencia""]
8 --> 9[""Execute busca_pedido_vbap and busca_factura_vbap functions""]
9 --> 10{""c_si in r_valida""}
10 --> |""Yes""|11[""Check 'pvstel in r_exclog' condition""]
10 --> |""No""|12[""Perform left outer join between vbap and it_vbfa_completo, store in imaktl""]
11 --> 12
12 --> 13[""Transfer maktl values from imaktl to it_vbfa_completo, remove rows that are not errors from it_nofacturado""]
13 --> 14[""Transfer vbeln values from it_vbfa_completo to itransp, remove duplicates""]
14 --> 15{""it_nofacturado empty?""}
15 --> |""No""|16[""Check 'error?' condition""]
15 --> |""Yes""|17[""Perform left outer join between vbfa and itransp, store in itnum""]
16 --> 17
17 --> 18[""Perform right outer join between ivttk_t and itnum, store in itnum""]
18 --> 19[""Transfer tknum values from itnum-vbeln to it_vbfa_completo, remove rows without tknum""]
19 --> 20{""tknum is in so_tknum""}
20 --> |""No""|21[""Remove rows in it_vbfa_completo where tknum is in so_tknum""]
"
325,"
graph LR
0[""StartNode""] --> 1[""Allocate Bank Package""]
1 --> 2[""Verify Data""]
2 --> 3[""Pay attention to escalation""]
2 --> 4[""Verify BR""]
4 --> 5[""Pay attention to escalation""]
4 --> 6[""Enter Bank Data Comparative Analysis""]
6 --> 7[""Simulate Data""]
7 --> 8[""Consolidation and Verification""]
8 --> 9[""Reconcile Banking System""]
9 --> 10[""Generate Ratios and KPIs""]
10 --> 11[""Pay attention to escalation""]
11 --> 12[""Verify Ratios and KPIs""]
12 --> 13[""Generate Statistical Reports""]
13 --> 14[""Post data to EIS""]
13 --> 15[""Post data to Data Warehouse""]
14 --> 16[""EndNode""]
15 --> 16
"
