,embedding_runtime,graph_matching_runtime,problem_build_runtimes,problem_solve_runtimes
0,"[0.06428217887878418, 0.030299663543701172, 0.03780555725097656, 0.031540870666503906, 0.04389619827270508, 0.03920865058898926, 0.04000258445739746, 0.04588031768798828, 0.04804229736328125]","[0.030153989791870117, 0.25318098068237305, 0.11292791366577148, 5.00294828414917, 5.002690315246582, 0.7983887195587158, 0.6319918632507324, 3.0642788410186768]",0.003008604049682617,0.26566004753112793
1,"[0.03070068359375, 0.05182337760925293, 0.03165721893310547, 0.0377802848815918, 0.032387733459472656, 0.04808950424194336, 0.03645181655883789, 0.03328537940979004, 0.05075836181640625]","[0.0032529830932617188, 0.008563518524169922, 0.03438162803649902, 0.10972452163696289, 0.03599905967712402, 0.055144548416137695, 0.05707693099975586, 0.026113510131835938]",0.0010955333709716797,0.05847001075744629
2,"[0.0323643684387207, 0.058484554290771484, 0.036505699157714844, 0.036817312240600586, 0.05003786087036133, 0.05473494529724121, 0.03849673271179199, 0.05999755859375, 0.03807830810546875]","[0.10216856002807617, 1.5746707916259766, 1.5055994987487793, 5.003773212432861, 5.004437446594238, 5.002760648727417, 0.7320184707641602, 1.2776474952697754]",0.0028946399688720703,0.08652234077453613
3,"[0.03693580627441406, 0.053150177001953125, 0.046098947525024414, 0.03753781318664551, 0.041558265686035156, 0.04552936553955078, 0.052401065826416016, 0.039450883865356445, 0.05067920684814453]","[5.003950595855713, 5.003810167312622, 5.004170179367065, 5.00875449180603, 5.006165981292725, 0.436382532119751, 5.005170106887817, 5.004538059234619]",0.00396275520324707,0.09053325653076172
4,"[0.040757179260253906, 0.04447221755981445, 0.044300079345703125, 0.039975881576538086, 0.043623924255371094, 0.04316306114196777, 0.05478549003601074, 0.05197310447692871, 0.05170798301696777]","[5.001338481903076, 0.48845362663269043, 3.7565786838531494, 0.3240621089935303, 0.5292909145355225, 0.22420644760131836, 0.03865456581115723, 0.14622855186462402]",0.001998424530029297,0.05816459655761719
5,"[0.03195786476135254, 0.036728858947753906, 0.04194283485412598, 0.031864166259765625, 0.05090785026550293, 0.05200052261352539, 0.04292654991149902, 0.04192948341369629, 0.0540776252746582]","[0.0044727325439453125, 0.0020008087158203125, 0.0021789073944091797, 0.006354093551635742, 0.0020024776458740234, 0.00601649284362793, 0.003007173538208008, 0.013507604598999023]",0.002046346664428711,0.05395793914794922
6,"[0.03383517265319824, 0.020263195037841797, 0.027001619338989258, 0.023105859756469727, 0.031033039093017578, 0.027971744537353516, 0.020262479782104492, 0.048122406005859375, 0.028866052627563477]","[0.005998849868774414, 0.011999845504760742, 0.020153284072875977, 0.026032447814941406, 0.007524013519287109, 0.002004861831665039, 0.045093536376953125, 0.014005899429321289]",0.0019953250885009766,0.05847883224487305
7,"[0.030999183654785156, 0.030617713928222656, 0.029102563858032227, 0.025783300399780273, 0.04114031791687012, 0.03238797187805176, 0.02689051628112793, 0.03972816467285156, 0.04254579544067383]","[0.031777143478393555, 0.2543148994445801, 0.18466639518737793, 0.40781164169311523, 0.03408026695251465, 0.9146335124969482, 0.04008626937866211, 0.131880521774292]",0.0009996891021728516,0.06112217903137207
8,"[0.015993595123291016, 0.02553081512451172, 0.02768111228942871, 0.025162696838378906, 0.04668283462524414, 0.031001806259155273, 0.02991962432861328, 0.04163074493408203, 0.03928017616271973]","[0.002006053924560547, 0.005998849868774414, 0.0172421932220459, 0.010010242462158203, 0.007998943328857422, 0.01473236083984375, 0.008006811141967773, 0.0022745132446289062]",0.0010366439819335938,0.043921470642089844
9,"[0.02739882469177246, 0.02963423728942871, 0.034677982330322266, 0.03983116149902344, 0.04521965980529785, 0.04191088676452637, 0.0404055118560791, 0.03939509391784668, 0.04346156120300293]","[0.16966915130615234, 0.008090496063232422, 0.10804390907287598, 0.0228579044342041, 0.005007505416870117, 0.005006074905395508, 0.015645742416381836, 0.009046792984008789]",0.0009992122650146484,0.05663561820983887
10,"[0.015019416809082031, 0.03346657752990723, 0.021419525146484375, 0.026225566864013672, 0.043804168701171875, 0.030992984771728516, 0.026993989944458008, 0.037848711013793945, 0.03731107711791992]","[0.03248262405395508, 0.7184097766876221, 0.13989734649658203, 1.5226523876190186, 2.3262782096862793, 0.07133674621582031, 0.4540133476257324, 0.012849569320678711]",0.001999378204345703,0.05892586708068848
11,"[0.012089729309082031, 0.024649858474731445, 0.030537843704223633, 0.026038169860839844, 0.026505231857299805, 0.0386195182800293, 0.025997400283813477, 0.03445744514465332, 0.03662538528442383]","[0.0010073184967041016, 0.0020046234130859375, 0.0010182857513427734, 0.001478433609008789, 0.003692626953125, 0.002141237258911133, 0.0009946823120117188, 0.0010156631469726562]",0.0,0.05305314064025879
12,"[0.013004064559936523, 0.023069381713867188, 0.03090643882751465, 0.023305416107177734, 0.025216341018676758, 0.02490687370300293, 0.031586647033691406, 0.027956724166870117, 0.03319811820983887]","[0.015532970428466797, 0.7179110050201416, 0.008894205093383789, 0.8376872539520264, 0.07258248329162598, 0.24585676193237305, 0.14358186721801758, 0.4736812114715576]",0.002103567123413086,0.056883811950683594
13,"[0.01399993896484375, 0.02248835563659668, 0.03460073471069336, 0.02786540985107422, 0.03055095672607422, 0.03630256652832031, 0.025948762893676758, 0.04476499557495117, 0.04238486289978027]","[0.004011392593383789, 0.0030052661895751953, 0.002002239227294922, 0.003259897232055664, 0.002501964569091797, 0.009038209915161133, 0.0029990673065185547, 0.0020008087158203125]",0.0029408931732177734,0.06235456466674805
14,"[0.018552780151367188, 0.02399277687072754, 0.04657483100891113, 0.02770400047302246, 0.048753976821899414, 0.03551483154296875, 0.027567148208618164, 0.04063272476196289, 0.030771970748901367]","[0.06991744041442871, 0.4304840564727783, 0.020779132843017578, 0.07548952102661133, 0.2798893451690674, 1.397209644317627, 0.04308605194091797, 0.10859918594360352]",0.0019931793212890625,0.07334136962890625
15,"[0.016994237899780273, 0.032010793685913086, 0.03529644012451172, 0.03334999084472656, 0.05025291442871094, 0.037522077560424805, 0.05522799491882324, 0.06111001968383789, 0.042336463928222656]","[0.03022909164428711, 0.12405228614807129, 0.14977169036865234, 0.9237580299377441, 0.3683509826660156, 1.5920734405517578, 3.3177788257598877, 5.0034332275390625]",0.0019986629486083984,0.07603001594543457
16,"[0.012992382049560547, 0.031963348388671875, 0.03070068359375, 0.030776023864746094, 0.02797532081604004, 0.04428744316101074, 0.04134082794189453, 0.03516960144042969, 0.03172612190246582]","[0.0009965896606445312, 0.002002239227294922, 0.002008676528930664, 0.005088090896606445, 0.007999658584594727, 0.0020062923431396484, 0.005385875701904297, 0.0018935203552246094]",0.0010027885437011719,0.04504537582397461
17,"[0.012991666793823242, 0.025487422943115234, 0.029245376586914062, 0.027311086654663086, 0.024509668350219727, 0.034605979919433594, 0.03194832801818848, 0.025107622146606445, 0.02618408203125]","[0.0070037841796875, 0.049509286880493164, 0.2104475498199463, 0.021506309509277344, 0.07218670845031738, 0.1092996597290039, 0.1564807891845703, 0.34029412269592285]",0.001993417739868164,0.05910038948059082
18,"[0.014000892639160156, 0.026974916458129883, 0.027115345001220703, 0.026556730270385742, 0.026419878005981445, 0.037386178970336914, 0.032839059829711914, 0.030508756637573242, 0.03136897087097168]","[0.0010073184967041016, 0.0010008811950683594, 0.0010340213775634766, 0.0016715526580810547, 0.0010089874267578125, 0.0009992122650146484, 0.0022242069244384766, 0.002514362335205078]",0.0,0.0451967716217041
19,"[0.02837657928466797, 0.024974584579467773, 0.04863333702087402, 0.026850461959838867, 0.03223156929016113, 0.05553483963012695, 0.030328035354614258, 0.03655099868774414, 0.035822391510009766]","[0.02910614013671875, 1.5861937999725342, 0.31376051902770996, 0.07914590835571289, 0.029126882553100586, 0.12419629096984863, 0.26883625984191895, 0.146026611328125]",0.0019121170043945312,0.08626437187194824
20,"[0.020062685012817383, 0.02472400665283203, 0.0315546989440918, 0.02542400360107422, 0.03189730644226074, 0.032922983169555664, 0.04315328598022461, 0.03062748908996582, 0.031137466430664062]","[0.0035436153411865234, 0.0029964447021484375, 0.0009992122650146484, 0.0019996166229248047, 0.0019965171813964844, 0.0020041465759277344, 0.0009996891021728516, 0.0020055770874023438]",0.000978708267211914,0.05658745765686035
21,"[0.023725509643554688, 0.02319931983947754, 0.03125476837158203, 0.025884389877319336, 0.03447461128234863, 0.0381619930267334, 0.03200054168701172, 0.03450608253479004, 0.02990865707397461]","[0.006004810333251953, 0.17636418342590332, 0.0806124210357666, 0.0030155181884765625, 0.19783949851989746, 0.005534172058105469, 0.017009973526000977, 0.0050067901611328125]",0.001744985580444336,0.05184340476989746
22,"[0.014691591262817383, 0.0260927677154541, 0.029678821563720703, 0.026949644088745117, 0.028070688247680664, 0.02500128746032715, 0.03466391563415527, 0.03191184997558594, 0.025016307830810547]","[0.0010058879852294922, 0.004008293151855469, 0.0010073184967041016, 0.01511073112487793, 0.0020101070404052734, 0.0032854080200195312, 0.002000093460083008, 0.0019996166229248047]",0.0013115406036376953,0.04658317565917969
23,"[0.021052122116088867, 0.025493860244750977, 0.03482770919799805, 0.021349668502807617, 0.03407454490661621, 0.03800511360168457, 0.03299307823181152, 0.032233238220214844, 0.04624366760253906]","[0.01154184341430664, 0.006998777389526367, 0.051058292388916016, 0.17574429512023926, 0.10665750503540039, 0.03460526466369629, 0.14652276039123535, 0.10669970512390137]",0.002002239227294922,0.056720733642578125
24,"[0.022875070571899414, 0.030631303787231445, 0.027485132217407227, 0.030786752700805664, 0.03419637680053711, 0.03799867630004883, 0.03592061996459961, 0.03161287307739258, 0.03413248062133789]","[0.0031151771545410156, 0.0030090808868408203, 0.003525972366333008, 0.002005338668823242, 0.0030028820037841797, 0.0019922256469726562, 0.007468700408935547, 0.0020101070404052734]",0.000507354736328125,0.050955772399902344
25,"[0.032881975173950195, 0.025708436965942383, 0.035277366638183594, 0.031993865966796875, 0.027272939682006836, 0.0515446662902832, 0.036505937576293945, 0.047943115234375, 0.04090166091918945]","[0.01812458038330078, 0.015117645263671875, 0.0645601749420166, 0.012098312377929688, 0.03200936317443848, 0.0030059814453125, 0.016010522842407227, 0.0040056705474853516]",0.0019817352294921875,0.03994011878967285
26,"[0.02241969108581543, 0.02975773811340332, 0.036023616790771484, 0.03318166732788086, 0.026883363723754883, 0.03317880630493164, 0.023200511932373047, 0.03002023696899414, 0.03171825408935547]","[0.0040073394775390625, 0.03702497482299805, 0.04994678497314453, 0.10673356056213379, 0.0944364070892334, 0.05365753173828125, 0.0731816291809082, 0.02411627769470215]",0.0010075569152832031,0.05508232116699219
27,"[0.021993637084960938, 0.02945733070373535, 0.02844548225402832, 0.025516033172607422, 0.029518842697143555, 0.03116130828857422, 0.042063236236572266, 0.028730392456054688, 0.03472280502319336]","[0.0040187835693359375, 0.033005714416503906, 0.009005546569824219, 0.018109560012817383, 0.00700831413269043, 0.0030066967010498047, 0.007998228073120117, 0.0020062923431396484]",0.0009851455688476562,0.04644346237182617
28,"[0.01848435401916504, 0.024412870407104492, 0.030675649642944336, 0.024138689041137695, 0.0298917293548584, 0.03755450248718262, 0.04157686233520508, 0.026975631713867188, 0.02031230926513672]","[0.002005338668823242, 0.006461143493652344, 0.00804901123046875, 0.002012014389038086, 0.006999015808105469, 0.01001596450805664, 0.012997627258300781, 0.0031592845916748047]",0.001016855239868164,0.05149483680725098
29,"[0.01803278923034668, 0.02045893669128418, 0.025824308395385742, 0.027144193649291992, 0.023508071899414062, 0.032216548919677734, 0.03151702880859375, 0.026084423065185547, 0.02959728240966797]","[0.006136894226074219, 0.0025572776794433594, 0.0020017623901367188, 0.002004861831665039, 0.002998828887939453, 0.0020072460174560547, 0.0020067691802978516, 0.008017778396606445]",0.0009999275207519531,0.06294536590576172
30,"[0.030508041381835938, 0.03275895118713379, 0.03936481475830078, 0.03405475616455078, 0.04023885726928711, 0.04885268211364746, 0.042049407958984375, 0.03954792022705078, 0.036533355712890625]","[0.08162474632263184, 5.001326560974121, 3.711254119873047, 0.650230884552002, 5.002125263214111, 5.002277135848999, 5.002147436141968, 5.003248929977417]",0.002995014190673828,0.08333253860473633
31,"[0.02583622932434082, 0.032171010971069336, 0.031453847885131836, 0.029360532760620117, 0.046254634857177734, 0.035834312438964844, 0.038420915603637695, 0.03246474266052246, 0.0376431941986084]","[0.5077681541442871, 0.14501214027404785, 0.06899785995483398, 0.003999233245849609, 0.0030059814453125, 0.26338648796081543, 0.00289154052734375, 0.003005504608154297]",0.0019996166229248047,0.07170820236206055
32,"[0.03478360176086426, 0.05509662628173828, 0.033475399017333984, 0.04109930992126465, 0.040227651596069336, 0.030052661895751953, 0.04053640365600586, 0.035024166107177734, 0.04024934768676758]","[0.23945045471191406, 0.0070040225982666016, 0.02908015251159668, 0.004999637603759766, 0.004006147384643555, 0.0030062198638916016, 0.024007081985473633, 0.013056516647338867]",0.0019986629486083984,0.04957008361816406
33,"[0.022028446197509766, 0.040071725845336914, 0.0345458984375, 0.03147125244140625, 0.037566423416137695, 0.03826713562011719, 0.029518604278564453, 0.03527045249938965, 0.03976726531982422]","[0.05880427360534668, 0.9886181354522705, 0.7104144096374512, 0.13388895988464355, 1.695310115814209, 0.0927884578704834, 5.001290321350098, 0.8762948513031006]",0.0029823780059814453,0.06576180458068848
34,"[0.028136730194091797, 0.04004931449890137, 0.0397491455078125, 0.02421855926513672, 0.04036736488342285, 0.03392291069030762, 0.04548311233520508, 0.03184032440185547, 0.04291033744812012]","[0.034879207611083984, 0.014159202575683594, 0.009095907211303711, 1.2445590496063232, 0.00422358512878418, 0.03808116912841797, 0.13913965225219727, 0.07911324501037598]",0.0018470287322998047,0.04315590858459473
35,"[0.02204298973083496, 0.03299713134765625, 0.03049468994140625, 0.024118900299072266, 0.028932571411132812, 0.026006460189819336, 0.03186941146850586, 0.0338597297668457, 0.03595113754272461]","[0.010986566543579102, 0.00420832633972168, 0.04100990295410156, 0.028102636337280273, 0.0774540901184082, 0.05450582504272461, 0.33594322204589844, 0.028078794479370117]",0.0010173320770263672,0.06489849090576172
36,"[0.02156996726989746, 0.028574705123901367, 0.026199817657470703, 0.023333311080932617, 0.035036325454711914, 0.02700018882751465, 0.043363332748413086, 0.03007197380065918, 0.028266429901123047]","[0.003011941909790039, 0.008873224258422852, 0.004004716873168945, 0.0020058155059814453, 0.006999015808105469, 0.005007028579711914, 0.009006977081298828, 0.0029990673065185547]",0.0010123252868652344,0.047508955001831055
37,"[0.018362045288085938, 0.02498483657836914, 0.028752565383911133, 0.022047042846679688, 0.02644038200378418, 0.03702044486999512, 0.029993772506713867, 0.025282621383666992, 0.02453899383544922]","[0.003004789352416992, 0.0020079612731933594, 0.0010068416595458984, 0.002006053924560547, 0.009505748748779297, 0.005006074905395508, 0.0020058155059814453, 0.015522003173828125]",0.0010004043579101562,0.04938030242919922
38,"[0.036080360412597656, 0.03204536437988281, 0.02679443359375, 0.04005074501037598, 0.02976226806640625, 0.035511016845703125, 0.04678463935852051, 0.03176283836364746, 0.047051429748535156]","[0.021999597549438477, 0.005004167556762695, 0.023040294647216797, 0.03804898262023926, 0.003999471664428711, 0.03400087356567383, 0.006439208984375, 0.004004955291748047]",0.0029006004333496094,0.06354832649230957
39,"[0.032262563705444336, 0.03797745704650879, 0.021628379821777344, 0.018721580505371094, 0.03186678886413574, 0.023000478744506836, 0.02840566635131836, 0.035901784896850586, 0.03782844543457031]","[0.0718536376953125, 0.7169661521911621, 1.811544418334961, 0.22953534126281738, 0.07061314582824707, 0.3850517272949219, 0.1282336711883545, 0.028098106384277344]",0.003001689910888672,0.050140380859375
40,"[0.02070784568786621, 0.027498960494995117, 0.030511140823364258, 0.03037261962890625, 0.04426002502441406, 0.028108835220336914, 0.04657268524169922, 0.02398991584777832, 0.041506290435791016]","[0.00700068473815918, 0.004004955291748047, 0.00899815559387207, 0.011005401611328125, 0.009006261825561523, 0.015011310577392578, 0.003068685531616211, 0.0055654048919677734]",0.0010118484497070312,0.05164146423339844
41,"[0.020357847213745117, 0.03419375419616699, 0.0313105583190918, 0.03622722625732422, 0.048171043395996094, 0.035491943359375, 0.03898954391479492, 0.024809837341308594, 0.04257822036743164]","[0.0715329647064209, 0.601764440536499, 0.6741421222686768, 0.09409570693969727, 0.23848509788513184, 0.5169639587402344, 2.1877315044403076, 1.182016134262085]",0.0020110607147216797,0.06897902488708496
42,"[0.02117013931274414, 0.023885011672973633, 0.02995014190673828, 0.03144502639770508, 0.03149986267089844, 0.05901527404785156, 0.0414426326751709, 0.02673029899597168, 0.050424814224243164]","[0.002006053924560547, 0.018998384475708008, 0.002009153366088867, 0.002565622329711914, 2.68507981300354, 0.7383990287780762, 0.02900981903076172, 0.6953535079956055]",0.0009984970092773438,0.05800628662109375
43,"[0.02198958396911621, 0.019294023513793945, 0.025951623916625977, 0.02675795555114746, 0.027777671813964844, 0.03378033638000488, 0.0275576114654541, 0.029929161071777344, 0.029242992401123047]","[0.0020072460174560547, 0.0010051727294921875, 0.0019991397857666016, 0.0020058155059814453, 0.0019989013671875, 0.0010058879852294922, 0.0020024776458740234, 0.001741170883178711]",0.0,0.011381387710571289
44,"[0.021404504776000977, 0.017157316207885742, 0.02304697036743164, 0.021001815795898438, 0.03051161766052246, 0.025458574295043945, 0.03299975395202637, 0.02227950096130371, 0.0338444709777832]","[0.005998849868774414, 0.0020058155059814453, 0.00899958610534668, 0.0020058155059814453, 0.0019838809967041016, 0.0029990673065185547, 0.002005338668823242, 0.004000186920166016]",0.0009903907775878906,0.04604506492614746
45,"[0.026781558990478516, 0.029238462448120117, 0.035129547119140625, 0.0359950065612793, 0.0425267219543457, 0.03891348838806152, 0.03645467758178711, 0.02824568748474121, 0.044887542724609375]","[0.1857166290283203, 2.8171958923339844, 0.30839991569519043, 0.5583789348602295, 5.002483367919922, 2.716204881668091, 5.001310110092163, 1.258796215057373]",0.0020644664764404297,0.07181334495544434
46,"[0.03608369827270508, 0.04656076431274414, 0.040618896484375, 0.05561709403991699, 0.054091453552246094, 0.05403256416320801, 0.06249189376831055, 0.057205915451049805, 0.04687094688415527]","[0.027992725372314453, 5.004710674285889, 5.004749059677124, 5.004741907119751, 5.00528359413147, 0.012012004852294922, 5.004467248916626, 5.015038967132568]",0.003885507583618164,0.057703256607055664
47,"[0.024646282196044922, 0.0414731502532959, 0.04033064842224121, 0.04358267784118652, 0.04497551918029785, 0.0420680046081543, 0.0354154109954834, 0.039244890213012695, 0.04924273490905762]","[5.0035622119903564, 5.003575801849365, 5.003422975540161, 5.00286602973938, 5.0048699378967285, 5.0042760372161865, 4.1341941356658936, 5.004772424697876]",0.005206584930419922,0.06581306457519531
48,"[0.012995243072509766, 0.027832746505737305, 0.030242204666137695, 0.03399944305419922, 0.03262591361999512, 0.036000967025756836, 0.029993772506713867, 0.027421236038208008, 0.03924393653869629]","[0.0030066967010498047, 0.004007101058959961, 0.018000364303588867, 0.006219625473022461, 0.012006759643554688, 0.007675647735595703, 0.010524272918701172, 0.011701822280883789]",0.0011196136474609375,0.05536031723022461
49,"[0.013994932174682617, 0.02599787712097168, 0.020449161529541016, 0.031213760375976562, 0.022774457931518555, 0.02000141143798828, 0.025753259658813477, 0.028862714767456055, 0.02712273597717285]","[0.2517557144165039, 0.004008054733276367, 0.003998756408691406, 0.001996278762817383, 0.18396210670471191, 0.002160310745239258, 0.02300548553466797, 0.0019991397857666016]",0.0009989738464355469,0.04585552215576172
50,"[0.014992713928222656, 0.03561806678771973, 0.03328657150268555, 0.034000396728515625, 0.02997136116027832, 0.039520978927612305, 0.018880128860473633, 0.025539636611938477, 0.024397611618041992]","[0.006006002426147461, 0.011012077331542969, 0.0019996166229248047, 0.003003358840942383, 0.01300191879272461, 0.0029973983764648438, 0.001993417739868164, 0.003992795944213867]",0.0010645389556884766,0.04938626289367676
51,"[0.01791977882385254, 0.03349018096923828, 0.028111934661865234, 0.03600192070007324, 0.051947832107543945, 0.035027265548706055, 0.022877216339111328, 0.044339895248413086, 0.028286457061767578]","[0.0050048828125, 0.01900029182434082, 0.0019998550415039062, 0.0797884464263916, 0.008008480072021484, 0.020998001098632812, 0.7972114086151123, 0.013192415237426758]",0.0020051002502441406,0.05145668983459473
52,"[0.028809547424316406, 0.04034304618835449, 0.03597521781921387, 0.0323941707611084, 0.05724453926086426, 0.0437474250793457, 0.05129671096801758, 0.03831839561462402, 0.05121207237243652]","[0.24138212203979492, 5.008052587509155, 5.002317905426025, 5.003148078918457, 0.5570940971374512, 5.0023744106292725, 5.003191947937012, 5.004347085952759]",0.003103971481323242,0.08799362182617188
53,"[0.01740550994873047, 0.025068283081054688, 0.025296449661254883, 0.02736353874206543, 0.03890681266784668, 0.028194189071655273, 0.030914783477783203, 0.02797102928161621, 0.034592628479003906]","[0.0030069351196289062, 0.003014802932739258, 0.0029985904693603516, 0.00600886344909668, 0.0020058155059814453, 0.0060007572174072266, 0.004006385803222656, 0.010062217712402344]",0.001069784164428711,0.04046797752380371
54,"[0.015993356704711914, 0.03751087188720703, 0.015430927276611328, 0.024015426635742188, 0.02399730682373047, 0.03901100158691406, 0.02685093879699707, 0.024775981903076172]","[0.0019986629486083984, 0.0009992122650146484, 0.0009331703186035156, 0.002998828887939453, 0.0010068416595458984, 0.0020062923431396484, 0.0010063648223876953]",0.000990152359008789,0.04486250877380371
55,"[0.019599199295043945, 0.03321099281311035, 0.016618967056274414, 0.03164172172546387, 0.03150820732116699, 0.031426191329956055, 0.025992870330810547, 0.03688359260559082, 0.03946876525878906]","[0.05073833465576172, 0.0030057430267333984, 0.04299759864807129, 0.6467959880828857, 0.03708243370056152, 0.02108144760131836, 5.002889633178711, 2.292556047439575]",0.0029985904693603516,0.053606510162353516
56,"[0.023900508880615234, 0.0322728157043457, 0.026340246200561523, 0.03153347969055176, 0.03504610061645508, 0.034613847732543945, 0.03504800796508789, 0.043321847915649414, 0.03757286071777344]","[0.007005214691162109, 0.1868593692779541, 0.04699993133544922, 0.002005338668823242, 0.005005836486816406, 0.002522706985473633, 0.011991024017333984, 0.0020072460174560547]",0.002011537551879883,0.04203367233276367
57,"[0.014846324920654297, 0.026697635650634766, 0.025403976440429688, 0.032624006271362305, 0.019073009490966797, 0.021993160247802734, 0.02880692481994629, 0.024370908737182617, 0.02660536766052246]","[0.0020058155059814453, 0.0010063648223876953, 0.003001689910888672, 0.004006147384643555, 0.005000591278076172, 0.015845775604248047, 0.0010089874267578125, 0.014513731002807617]",0.000995635986328125,0.04294395446777344
58,"[0.03510427474975586, 0.044420480728149414, 0.036704301834106445, 0.033998727798461914, 0.040010929107666016, 0.06338667869567871, 0.04451775550842285, 0.028855323791503906, 0.04323244094848633]","[5.00773024559021, 5.005842924118042, 5.005788087844849, 5.0088677406311035, 5.008012533187866, 5.00839376449585, 5.005338430404663, 5.008155584335327]",0.0068798065185546875,0.09791088104248047
59,"[0.030066490173339844, 0.04012656211853027, 0.03884315490722656, 0.03539252281188965, 0.03710484504699707, 0.03350567817687988, 0.04643607139587402, 0.049681901931762695, 0.04182076454162598]","[0.08516430854797363, 0.003006458282470703, 0.003976345062255859, 0.047532081604003906, 0.07872867584228516, 0.6708512306213379, 0.08799195289611816, 0.05485820770263672]",0.002109050750732422,0.05263543128967285
60,"[0.01616668701171875, 0.030692338943481445, 0.028844594955444336, 0.02456068992614746, 0.029642105102539062, 0.03888678550720215, 0.05876731872558594, 0.03838515281677246, 0.04699444770812988]","[0.01179194450378418, 0.03808116912841797, 0.0026230812072753906, 0.003005504608154297, 0.002999544143676758, 0.003005504608154297, 0.002000570297241211, 0.04286837577819824]",0.0010004043579101562,0.046532392501831055
61,"[0.015029430389404297, 0.030128955841064453, 0.0301358699798584, 0.0199282169342041, 0.022995948791503906, 0.033995866775512695, 0.029512643814086914, 0.01935553550720215, 0.036615848541259766]","[0.005568027496337891, 0.020998001098632812, 0.0030057430267333984, 0.004004240036010742, 0.00650477409362793, 0.007999658584594727, 0.0030059814453125, 0.006003379821777344]",0.002012968063354492,0.05737805366516113
62,"[0.02544689178466797, 0.03829240798950195, 0.032662153244018555, 0.030047893524169922, 0.04561114311218262, 0.038001298904418945, 0.04842567443847656, 0.026795387268066406, 0.03901314735412598]","[0.17626643180847168, 0.16370820999145508, 0.14797759056091309, 0.05103182792663574, 0.006007194519042969, 0.11719751358032227, 0.01401829719543457, 0.00514674186706543]",0.0020105838775634766,0.05598807334899902
63,"[0.021568775177001953, 0.024109601974487305, 0.027352094650268555, 0.02794957160949707, 0.028821468353271484, 0.02443718910217285, 0.04237484931945801, 0.0279695987701416, 0.03600716590881348]","[0.002004861831665039, 0.007921218872070312, 0.0010058879852294922, 0.007004737854003906, 0.005002737045288086, 0.0020067691802978516, 0.0020051002502441406, 0.0030024051666259766]",0.0,0.048604488372802734
64,"[0.03314661979675293, 0.023694276809692383, 0.031001806259155273, 0.0232851505279541, 0.05762934684753418, 0.0315251350402832, 0.029139995574951172, 0.021007537841796875, 0.038512468338012695]","[0.0010063648223876953, 0.0019996166229248047, 0.0010075569152832031, 0.0030088424682617188, 0.0020372867584228516, 0.001005411148071289, 0.0030059814453125, 0.003999233245849609]",0.0009944438934326172,0.04324030876159668
65,"[0.03157830238342285, 0.03618669509887695, 0.04100990295410156, 0.030946969985961914, 0.08486104011535645, 0.04196619987487793, 0.03899359703063965, 0.02720189094543457, 0.05212688446044922]","[0.01457667350769043, 2.488445997238159, 4.153786897659302, 5.002737522125244, 0.3025686740875244, 0.08959293365478516, 3.793881893157959, 0.9552974700927734]",0.0030138492584228516,0.04528641700744629
66,"[0.0211026668548584, 0.02669358253479004, 0.0297696590423584, 0.023101091384887695, 0.036440134048461914, 0.02364969253540039, 0.03492426872253418, 0.03261828422546387, 0.030654191970825195]","[0.002007007598876953, 0.003008604049682617, 0.002046823501586914, 0.0020134449005126953, 0.0010001659393310547, 0.001993417739868164, 0.0020189285278320312, 0.0019981861114501953]",0.0010044574737548828,0.051116943359375
67,"[0.01378011703491211, 0.029326915740966797, 0.023389101028442383, 0.03650546073913574, 0.0332334041595459, 0.0214998722076416, 0.02550506591796875, 0.021403789520263672, 0.024486780166625977]","[0.0558929443359375, 0.016532421112060547, 0.07659506797790527, 0.12380599975585938, 0.03677630424499512, 0.08352017402648926, 2.550891637802124, 0.034998178482055664]",0.0020112991333007812,0.04979872703552246
68,"[0.019214391708374023, 0.02829432487487793, 0.02894449234008789, 0.045187950134277344, 0.03770613670349121, 0.03251147270202637, 0.03851509094238281, 0.04744434356689453, 0.037728309631347656]","[0.015105009078979492, 0.1685786247253418, 5.002344608306885, 0.05165433883666992, 0.8698992729187012, 1.374802827835083, 5.002079725265503, 0.0959174633026123]",0.0019989013671875,0.06283283233642578
69,"[0.028230905532836914, 0.03662514686584473, 0.041667938232421875, 0.051793575286865234, 0.044704437255859375, 0.03744101524353027, 0.0424199104309082, 0.05091667175292969, 0.05031085014343262]","[0.017533540725708008, 0.01999974250793457, 0.08846855163574219, 0.14389944076538086, 0.01300668716430664, 0.07486414909362793, 0.2611401081085205, 0.2341313362121582]",0.0029647350311279297,0.05279660224914551
70,"[0.023520946502685547, 0.03493928909301758, 0.03752923011779785, 0.04646778106689453, 0.05082058906555176, 0.033992767333984375, 0.03857088088989258, 0.0332181453704834, 0.04219484329223633]","[0.043784141540527344, 0.005006551742553711, 0.0019991397857666016, 0.003004789352416992, 0.007009029388427734, 0.0031261444091796875, 0.02584981918334961, 0.002002239227294922]",0.0009133815765380859,0.04465317726135254
71,"[0.022483348846435547, 0.031552791595458984, 0.02916264533996582, 0.027994632720947266, 0.029993772506713867, 0.025508642196655273, 0.03048992156982422, 0.028534650802612305, 0.031006574630737305]","[0.0010061264038085938, 0.0020058155059814453, 0.0020067691802978516, 0.0010058879852294922, 0.002227783203125, 0.014002561569213867, 0.02802872657775879, 0.002000093460083008]",0.0010027885437011719,0.04650616645812988
72,"[0.019536972045898438, 0.016245365142822266, 0.02099299430847168, 0.018996715545654297, 0.022001981735229492, 0.018991470336914062, 0.02589702606201172, 0.019613265991210938, 0.03151869773864746]","[0.0020079612731933594, 0.001999378204345703, 0.0015230178833007812, 0.001528024673461914, 0.001007080078125, 0.0010080337524414062, 0.0009403228759765625, 0.0030059814453125]",0.0,0.05880594253540039
73,"[0.029126405715942383, 0.03443646430969238, 0.03372454643249512, 0.0348057746887207, 0.0272214412689209, 0.031992435455322266, 0.039067983627319336, 0.03594398498535156, 0.03944540023803711]","[3.0626401901245117, 0.8406527042388916, 2.5021305084228516, 0.3511347770690918, 0.04296112060546875, 0.9665822982788086, 5.002822399139404, 1.221362829208374]",0.0029909610748291016,0.07674098014831543
74,"[0.025524377822875977, 0.045365333557128906, 0.03321361541748047, 0.053456783294677734, 0.05252385139465332, 0.0415654182434082, 0.04274606704711914, 0.04509711265563965, 0.03981351852416992]","[0.00400543212890625, 0.0040204524993896484, 0.008008480072021484, 0.009206056594848633, 0.029685497283935547, 0.01100468635559082, 0.007527351379394531, 0.004998922348022461]",0.002105712890625,0.04201555252075195
75,"[0.015699386596679688, 0.025356769561767578, 0.017496347427368164, 0.023182392120361328, 0.03200793266296387, 0.029982805252075195, 0.03150653839111328, 0.02385687828063965, 0.02499222755432129]","[0.003998994827270508, 0.032000064849853516, 0.015006303787231445, 0.009005069732666016, 0.0020258426666259766, 0.0029993057250976562, 0.0030069351196289062, 0.005005359649658203]",0.0017592906951904297,0.039655447006225586
76,"[0.01399850845336914, 0.019864797592163086, 0.029715538024902344, 0.03399848937988281, 0.026697158813476562, 0.029873371124267578, 0.02258753776550293, 0.02011251449584961, 0.04951167106628418]","[0.002005338668823242, 0.001651763916015625, 0.002997159957885742, 0.001997709274291992, 0.0020055770874023438, 0.0029985904693603516, 0.002004861831665039, 0.0020024776458740234]",0.0009975433349609375,0.04204726219177246
77,"[0.02138066291809082, 0.029264450073242188, 0.0291292667388916, 0.04067587852478027, 0.042996883392333984, 0.030519485473632812, 0.03300189971923828, 0.0319361686706543, 0.0482630729675293]","[0.00200653076171875, 0.0029993057250976562, 0.005008697509765625, 0.002969026565551758, 0.005349636077880859, 0.00299835205078125, 0.0035026073455810547, 0.006124258041381836]",0.0020046234130859375,0.042294979095458984
78,"[0.018593549728393555, 0.02437424659729004, 0.024912357330322266, 0.03357648849487305, 0.024945497512817383, 0.028507471084594727, 0.024994373321533203, 0.02126026153564453, 0.03510546684265137]","[0.03114795684814453, 0.023422718048095703, 0.03635549545288086, 0.011996984481811523, 0.003007650375366211, 0.0020058155059814453, 0.009998559951782227, 0.0034613609313964844]",0.0020012855529785156,0.0452120304107666
79,"[0.03577899932861328, 0.03749275207519531, 0.027741193771362305, 0.04452013969421387, 0.028290510177612305, 0.02940082550048828, 0.03150677680969238, 0.03350329399108887, 0.03999161720275879]","[0.12984895706176758, 0.37004661560058594, 5.002211809158325, 0.5973830223083496, 0.02651691436767578, 2.6024439334869385, 1.4230296611785889, 0.16988611221313477]",0.001999378204345703,0.04642319679260254
80,"[0.023340702056884766, 0.03420662879943848, 0.02970719337463379, 0.03951716423034668, 0.03789258003234863, 0.03599238395690918, 0.030420303344726562, 0.0572052001953125, 0.03819847106933594]","[0.01286935806274414, 0.06901812553405762, 0.2447984218597412, 0.002994537353515625, 0.005007505416870117, 0.015122652053833008, 0.0030183792114257812, 0.013253211975097656]",0.0009613037109375,0.049178361892700195
81,"[0.015099763870239258, 0.02609992027282715, 0.026212692260742188, 0.03992295265197754, 0.027454853057861328, 0.03129315376281738, 0.0269167423248291, 0.015060901641845703, 0.03457498550415039]","[0.0051670074462890625, 0.01086878776550293, 0.003109455108642578, 0.07453751564025879, 0.003000020980834961, 0.009999275207519531, 0.03399825096130371, 0.008999347686767578]",0.001003265380859375,0.04097151756286621
82,"[0.016994237899780273, 0.027517080307006836, 0.02588486671447754, 0.03054189682006836, 0.03598284721374512, 0.035001516342163086, 0.04227638244628906, 0.0395970344543457, 0.0274810791015625]","[0.008099794387817383, 0.0070056915283203125, 0.004006862640380859, 0.0030012130737304688, 0.023001670837402344, 0.007005929946899414, 0.10056018829345703, 0.02800583839416504]",0.0010988712310791016,0.04199099540710449
83,"[0.012187957763671875, 0.02589559555053711, 0.028370380401611328, 0.027993440628051758, 0.03312182426452637, 0.03181934356689453, 0.02899336814880371, 0.034769535064697266, 0.036341190338134766]","[0.0010154247283935547, 0.0010089874267578125, 0.0010080337524414062, 0.0010137557983398438, 0.002007722854614258, 0.0010056495666503906, 0.002002716064453125, 0.0020074844360351562]",0.0010106563568115234,0.0436551570892334
84,"[0.015254497528076172, 0.021872520446777344, 0.019601106643676758, 0.01900029182434082, 0.03168201446533203, 0.022986412048339844, 0.02000141143798828, 0.02661871910095215, 0.031183242797851562]","[0.0022919178009033203, 0.0010061264038085938, 0.0020084381103515625, 0.002003908157348633, 0.0029969215393066406, 0.0020062923431396484, 0.001984834671020508, 0.0009987354278564453]",0.0010020732879638672,0.0563206672668457
85,"[0.02806234359741211, 0.04189801216125488, 0.03927445411682129, 0.03906989097595215, 0.05077672004699707, 0.04709625244140625, 0.042609453201293945, 0.03468036651611328, 0.0379939079284668]","[5.002052068710327, 5.004342079162598, 5.004649877548218, 5.004374265670776, 5.007098197937012, 5.005883455276489, 5.004069089889526, 5.004001617431641]",0.003998517990112305,0.09944462776184082
86,"[0.03145909309387207, 0.04385828971862793, 0.04109907150268555, 0.047597408294677734, 0.05017232894897461, 0.05452251434326172, 0.039379119873046875, 0.04215717315673828, 0.04703950881958008]","[2.6998348236083984, 5.00236439704895, 4.152122497558594, 5.005109548568726, 5.004220008850098, 5.0027501583099365, 5.002878665924072, 1.9193415641784668]",0.0044519901275634766,0.11331343650817871
87,"[0.020560503005981445, 0.045174360275268555, 0.04257512092590332, 0.04224371910095215, 0.05293154716491699, 0.047522544860839844, 0.054023027420043945, 0.06029224395751953, 0.03501296043395996]","[0.04808235168457031, 0.012131452560424805, 0.12452459335327148, 0.09197211265563965, 0.003005504608154297, 0.08978915214538574, 0.1696326732635498, 0.032001495361328125]",0.0011663436889648438,0.05483388900756836
88,"[0.029064178466796875, 0.0589900016784668, 0.03828597068786621, 0.05340433120727539, 0.041075944900512695, 0.04699826240539551, 0.050547122955322266, 0.04524636268615723, 0.04709649085998535]","[0.08704352378845215, 1.6023523807525635, 5.002313137054443, 5.002774715423584, 4.544857501983643, 5.002688646316528, 3.13258695602417, 1.3947701454162598]",0.0029315948486328125,0.04654693603515625
89,"[0.023637056350708008, 0.04138660430908203, 0.03298473358154297, 0.03824019432067871, 0.04385209083557129, 0.040308237075805664, 0.03842926025390625, 0.046027183532714844, 0.04278731346130371]","[0.01604175567626953, 0.006009578704833984, 0.09403443336486816, 0.14412522315979004, 0.009998798370361328, 0.007998943328857422, 0.0902094841003418, 0.007992744445800781]",0.0019948482513427734,0.05916476249694824
90,"[0.0176851749420166, 0.025945663452148438, 0.022777080535888672, 0.03499913215637207, 0.031020641326904297, 0.02900218963623047, 0.03459596633911133, 0.032662391662597656, 0.038535118103027344]","[0.006006956100463867, 0.001001596450805664, 0.002004861831665039, 0.0029854774475097656, 0.006998300552368164, 0.0009992122650146484, 0.002002716064453125, 0.0030057430267333984]",0.0009984970092773438,0.03851485252380371
91,"[0.014980554580688477, 0.02136850357055664, 0.019998550415039062, 0.027125120162963867, 0.024457693099975586, 0.027994632720947266, 0.02399897575378418, 0.024444103240966797, 0.04358863830566406]","[0.0020074844360351562, 0.0020072460174560547, 0.001998424530029297, 0.0020058155059814453, 0.0019981861114501953, 0.0010061264038085938, 0.0020072460174560547, 0.0019960403442382812]",0.0,0.05029106140136719
92,"[0.014825582504272461, 0.030925750732421875, 0.02028799057006836, 0.02951979637145996, 0.02799534797668457, 0.028084993362426758, 0.03439497947692871, 0.023408174514770508, 0.03525948524475098]","[0.002000093460083008, 0.001998424530029297, 0.005004405975341797, 0.0030057430267333984, 0.00200653076171875, 0.06469845771789551, 0.02097296714782715, 0.021080732345581055]",0.001012563705444336,0.04214048385620117
93,"[0.024459123611450195, 0.04299283027648926, 0.02567291259765625, 0.03017425537109375, 0.04588961601257324, 0.02699112892150879, 0.04471850395202637, 0.03979182243347168, 0.051406145095825195]","[5.001931667327881, 2.329258441925049, 1.8244273662567139, 5.008014440536499, 2.565093517303467, 5.002714395523071, 5.004289865493774, 5.002878665924072]",0.0039865970611572266,0.0642247200012207
94,"[0.025634288787841797, 0.04363298416137695, 0.0419154167175293, 0.04385638236999512, 0.041277170181274414, 0.035919189453125, 0.0374300479888916, 0.03749203681945801, 0.03583812713623047]","[0.004998922348022461, 0.003099203109741211, 0.003998517990112305, 0.004005908966064453, 0.0049991607666015625, 0.003998517990112305, 0.0019981861114501953, 0.0030007362365722656]",0.0016794204711914062,0.05510354042053223
95,"[0.02791285514831543, 0.029256820678710938, 0.028046369552612305, 0.03306245803833008, 0.036278724670410156, 0.026988744735717773, 0.03253674507141113, 0.021929264068603516, 0.03286027908325195]","[0.01774287223815918, 0.0435338020324707, 0.010004997253417969, 0.016005992889404297, 0.012631893157958984, 0.007999181747436523, 0.08608698844909668, 0.0035216808319091797]",0.0017216205596923828,0.04944443702697754
96,"[0.025662899017333984, 0.0415349006652832, 0.03744029998779297, 0.05122947692871094, 0.04964923858642578, 0.04099440574645996, 0.033000946044921875, 0.047522544860839844, 0.0502927303314209]","[0.8215856552124023, 1.3227834701538086, 1.7176406383514404, 0.005006074905395508, 1.8490257263183594, 0.36650657653808594, 3.6171152591705322, 0.1452178955078125]",0.0030095577239990234,0.06253457069396973
97,"[0.030132532119750977, 0.05299258232116699, 0.032105207443237305, 0.04059171676635742, 0.04134202003479004, 0.042043447494506836, 0.053314924240112305, 0.041255950927734375, 0.04700803756713867]","[0.09478545188903809, 0.32283949851989746, 0.023999929428100586, 0.023041248321533203, 0.04051542282104492, 4.554743766784668, 0.05882573127746582, 0.5249075889587402]",0.0023870468139648438,0.040650367736816406
98,"[0.018994808197021484, 0.025722980499267578, 0.03715395927429199, 0.03292036056518555, 0.026544570922851562, 0.028002023696899414, 0.038935184478759766, 0.028460025787353516, 0.04593539237976074]","[0.00200653076171875, 0.0009992122650146484, 0.001997709274291992, 0.0030059814453125, 0.0020024776458740234, 0.0020067691802978516, 0.0010066032409667969, 0.0019965171813964844]",0.0,0.042897939682006836
99,"[0.018671274185180664, 0.025998353958129883, 0.024118423461914062, 0.036993980407714844, 0.023994922637939453, 0.031100988388061523, 0.0270540714263916, 0.02952289581298828, 0.027148962020874023]","[0.001995563507080078, 0.010082244873046875, 0.005006551742553711, 0.003000974655151367, 0.011512041091918945, 0.008007049560546875, 0.0030279159545898438, 0.004006147384643555]",0.00099945068359375,0.05672621726989746
100,"[0.021923065185546875, 0.026715755462646484, 0.038950204849243164, 0.03372693061828613, 0.03699493408203125, 0.038014888763427734, 0.02999281883239746, 0.0222318172454834, 0.03911113739013672]","[1.2707953453063965, 0.07244539260864258, 2.1652915477752686, 0.28966522216796875, 0.06966257095336914, 0.10750746726989746, 0.036066532135009766, 0.008005857467651367]",0.0018761157989501953,0.043654680252075195
101,"[0.01737356185913086, 0.03077840805053711, 0.0322115421295166, 0.03350520133972168, 0.04255414009094238, 0.03604435920715332, 0.04417729377746582, 0.028714418411254883, 0.053687334060668945]","[0.009756803512573242, 0.02599930763244629, 0.010005950927734375, 0.0029778480529785156, 0.004018068313598633, 0.0030007362365722656, 0.008240461349487305, 0.006990909576416016]",0.0010237693786621094,0.04091453552246094
102,"[0.033127784729003906, 0.04213452339172363, 0.0394437313079834, 0.04401874542236328, 0.03497433662414551, 0.041779518127441406, 0.03602313995361328, 0.034600019454956055, 0.04499387741088867]","[0.007003068923950195, 0.00899958610534668, 0.003992795944213867, 0.012128829956054688, 0.005006551742553711, 0.002984762191772461, 0.003005504608154297, 0.0030069351196289062]",0.0019991397857666016,0.05169820785522461
103,"[0.02155137062072754, 0.02301168441772461, 0.035001516342163086, 0.0360257625579834, 0.027163982391357422, 0.027292728424072266, 0.02099752426147461, 0.017057180404663086, 0.032772064208984375]","[0.005001068115234375, 0.007001638412475586, 0.002001523971557617, 0.015997886657714844, 0.014087915420532227, 0.0065288543701171875, 0.00700688362121582, 0.006998777389526367]",0.0009949207305908203,0.043474674224853516
104,"[0.02901005744934082, 0.03951764106750488, 0.06060647964477539, 0.033881425857543945, 0.038999080657958984, 0.04400444030761719, 0.0492246150970459, 0.033646583557128906, 0.047774314880371094]","[0.01170969009399414, 0.00899815559387207, 0.06832218170166016, 0.038399457931518555, 0.049001216888427734, 0.021999597549438477, 0.022973299026489258, 0.04785513877868652]",0.0008816719055175781,0.05694437026977539
105,"[0.020843982696533203, 0.03429460525512695, 0.037713050842285156, 0.035115718841552734, 0.03990745544433594, 0.03842592239379883, 0.028992414474487305, 0.026706933975219727, 0.03937959671020508]","[0.033293962478637695, 0.002998828887939453, 1.950779676437378, 0.10286474227905273, 5.002640724182129, 1.3626065254211426, 0.007004499435424805, 0.13290190696716309]",0.0029959678649902344,0.051194190979003906
106,"[0.026057004928588867, 0.03139686584472656, 0.06392216682434082, 0.025995969772338867, 0.03794574737548828, 0.032505035400390625, 0.04488372802734375, 0.036559104919433594, 0.042345523834228516]","[0.04877924919128418, 0.10541105270385742, 0.005112648010253906, 0.004008293151855469, 0.0069997310638427734, 0.023244142532348633, 0.019099712371826172, 0.010004997253417969]",0.001283884048461914,0.043294429779052734
107,"[0.01653599739074707, 0.030058622360229492, 0.026046276092529297, 0.031458377838134766, 0.027082204818725586, 0.03422808647155762, 0.033004045486450195, 0.030604124069213867, 0.04066014289855957]","[0.004065990447998047, 0.002017974853515625, 0.0019989013671875, 0.0029976367950439453, 0.0009999275207519531, 0.002101898193359375, 0.0050048828125, 0.0009999275207519531]",0.0010869503021240234,0.049546003341674805
108,"[0.017750263214111328, 0.026611804962158203, 0.03593087196350098, 0.026507854461669922, 0.02799081802368164, 0.028002500534057617, 0.030992984771728516, 0.022753477096557617, 0.04156970977783203]","[0.0050048828125, 0.015247344970703125, 0.002007007598876953, 0.002018451690673828, 0.003005504608154297, 0.0016489028930664062, 0.0020017623901367188, 0.009000778198242188]",0.0010650157928466797,0.04695010185241699
109,"[0.025358200073242188, 0.033495426177978516, 0.03300023078918457, 0.02899336814880371, 0.03403306007385254, 0.03557085990905762, 0.03699374198913574, 0.03349423408508301, 0.04576754570007324]","[0.0010051727294921875, 0.0020210742950439453, 0.004006385803222656, 0.0019989013671875, 0.002007007598876953, 0.003012418746948242, 0.32754945755004883, 0.0030066967010498047]",0.002010345458984375,0.05112719535827637
110,"[0.024515151977539062, 0.029989242553710938, 0.031215429306030273, 0.03507661819458008, 0.03186535835266113, 0.03699302673339844, 0.030505657196044922, 0.03552103042602539, 0.03798222541809082]","[0.01362156867980957, 0.0161130428314209, 0.03952169418334961, 0.023214340209960938, 0.3122870922088623, 0.013996124267578125, 0.0039141178131103516, 0.015110969543457031]",0.0024251937866210938,0.051637887954711914
111,"[0.01384592056274414, 0.03023052215576172, 0.032552242279052734, 0.019000768661499023, 0.02779221534729004, 0.024065732955932617, 0.03169441223144531, 0.02207350730895996, 0.03971385955810547]","[0.0010061264038085938, 0.0010080337524414062, 0.005002737045288086, 0.00200653076171875, 0.0029325485229492188, 0.0020058155059814453, 0.0010058879852294922, 0.003001689910888672]",0.0006644725799560547,0.04246687889099121
112,"[0.017473936080932617, 0.029322147369384766, 0.03748631477355957, 0.03149986267089844, 0.03399515151977539, 0.03499460220336914, 0.03351259231567383, 0.02275705337524414, 0.04036355018615723]","[0.015005111694335938, 0.05801796913146973, 0.04838967323303223, 0.0660395622253418, 0.007998228073120117, 0.023052215576171875, 0.01061701774597168, 0.0836801528930664]",0.001999378204345703,0.05005621910095215
113,"[0.01512455940246582, 0.024952173233032227, 0.02595686912536621, 0.023513078689575195, 0.027998924255371094, 0.028000354766845703, 0.029410600662231445, 0.02135610580444336, 0.03609013557434082]","[0.0010051727294921875, 0.004010677337646484, 0.0015273094177246094, 0.0010943412780761719, 0.0020062923431396484, 0.0020074844360351562, 0.00200653076171875, 0.002005338668823242]",0.0010199546813964844,0.03983783721923828
114,"[0.016318559646606445, 0.030995845794677734, 0.024999141693115234, 0.03000330924987793, 0.02599620819091797, 0.031197786331176758, 0.023500442504882812, 0.02185654640197754, 0.023566722869873047]","[0.0069997310638427734, 0.007005214691162109, 0.004006147384643555, 0.004998445510864258, 0.003006458282470703, 0.003007173538208008, 0.002006053924560547, 0.0020067691802978516]",0.0019402503967285156,0.04563474655151367
115,"[0.014507532119750977, 0.034226417541503906, 0.023360729217529297, 0.03823137283325195, 0.03112339973449707, 0.0300748348236084, 0.023993492126464844, 0.026556968688964844, 0.02991175651550293]","[0.008043050765991211, 0.01907491683959961, 0.4280517101287842, 1.7819325923919678, 0.05192852020263672, 0.09034609794616699, 0.013540267944335938, 0.05810141563415527]",0.0020017623901367188,0.049327850341796875
116,"[0.020311355590820312, 0.033405303955078125, 0.03513073921203613, 0.04148101806640625, 0.05191802978515625, 0.042250871658325195, 0.04039645195007324, 0.031371355056762695, 0.04750657081604004]","[0.00200653076171875, 0.005003929138183594, 0.02100849151611328, 0.04503893852233887, 0.03178548812866211, 0.003999233245849609, 0.003005504608154297, 0.05807900428771973]",0.0019903182983398438,0.04654502868652344
117,"[0.02439713478088379, 0.026511430740356445, 0.03608417510986328, 0.03007674217224121, 0.03734779357910156, 0.037001848220825195, 0.037107229232788086, 0.029411792755126953, 0.04526495933532715]","[0.07661581039428711, 0.06977200508117676, 0.045044660568237305, 0.011915445327758789, 0.003999471664428711, 0.020998239517211914, 0.004517793655395508, 0.22490835189819336]",0.001997232437133789,0.04581785202026367
118,"[0.01688385009765625, 0.03576922416687012, 0.031175851821899414, 0.03685116767883301, 0.030703306198120117, 0.02799701690673828, 0.03744077682495117, 0.017921924591064453, 0.04020094871520996]","[0.0010063648223876953, 0.002005338668823242, 0.0010075569152832031, 0.002303600311279297, 0.002084016799926758, 0.0020062923431396484, 0.0020046234130859375, 0.0020020008087158203]",0.0009999275207519531,0.023034334182739258
119,"[0.012879610061645508, 0.035921573638916016, 0.03248429298400879, 0.03300118446350098, 0.040953636169433594, 0.027852773666381836, 0.03148818016052246, 0.018767356872558594, 0.023135662078857422]","[0.005011558532714844, 0.13085627555847168, 0.014213085174560547, 0.12418365478515625, 0.06614518165588379, 0.03888392448425293, 0.0029993057250976562, 0.01100015640258789]",0.002090930938720703,0.03995180130004883
120,"[0.01951289176940918, 0.03110957145690918, 0.03307294845581055, 0.04037880897521973, 0.031507253646850586, 0.03804516792297363, 0.0518646240234375, 0.021346330642700195, 0.034999847412109375]","[0.08841919898986816, 0.05915021896362305, 0.024005889892578125, 0.0061037540435791016, 0.35407161712646484, 1.2332000732421875, 0.020034313201904297, 1.0190258026123047]",0.0019884109497070312,0.06832647323608398
121,"[0.0226442813873291, 0.03768277168273926, 0.030771970748901367, 0.04072880744934082, 0.044091224670410156, 0.03606414794921875, 0.03306269645690918, 0.03296470642089844, 0.047864675521850586]","[0.031504154205322266, 1.0517513751983643, 0.2725391387939453, 0.3625602722167969, 0.021175146102905273, 0.22629046440124512, 0.05396294593811035, 0.19900107383728027]",0.0019898414611816406,0.04839920997619629
122,"[0.017690181732177734, 0.02599477767944336, 0.025358200073242188, 0.0280759334564209, 0.03199934959411621, 0.026984214782714844, 0.039423465728759766, 0.029781818389892578, 0.03892827033996582]","[0.001005411148071289, 0.002085447311401367, 0.0030074119567871094, 0.001020193099975586, 0.0029990673065185547, 0.0020058155059814453, 0.001012563705444336, 0.0010058879852294922]",0.0010001659393310547,0.0485377311706543
123,"[0.013885259628295898, 0.024515390396118164, 0.019634008407592773, 0.02226567268371582, 0.021056175231933594, 0.02699756622314453, 0.0230257511138916, 0.01552581787109375, 0.030791521072387695]","[0.01799798011779785, 0.018997669219970703, 0.007241249084472656, 0.013984203338623047, 0.04913687705993652, 0.008000612258911133, 0.011008262634277344, 0.033754825592041016]",0.001997232437133789,0.05515718460083008
124,"[0.018468856811523438, 0.02145552635192871, 0.022919178009033203, 0.027676105499267578, 0.028615474700927734, 0.029241085052490234, 0.02499699592590332, 0.026715993881225586, 0.03157830238342285]","[0.004004001617431641, 0.0020248889923095703, 0.0019948482513427734, 0.0020072460174560547, 0.0020051002502441406, 0.0019991397857666016, 0.002003908157348633, 0.002199411392211914]",0.0009510517120361328,0.03909182548522949
125,"[0.02641439437866211, 0.05341696739196777, 0.057359933853149414, 0.04202437400817871, 0.05095171928405762, 0.037142276763916016, 0.03861403465270996, 0.03857016563415527, 0.04618549346923828]","[0.08494186401367188, 5.001898765563965, 5.0044636726379395, 5.004997968673706, 5.00362229347229, 5.005244016647339, 5.003703594207764, 0.26371216773986816]",0.0040857791900634766,0.10624217987060547
126,"[0.018004179000854492, 0.02550649642944336, 0.032914161682128906, 0.03376507759094238, 0.038510799407958984, 0.030037403106689453, 0.0379939079284668, 0.03160834312438965, 0.04811406135559082]","[0.0019969940185546875, 0.0019986629486083984, 0.0020067691802978516, 0.006006717681884766, 0.011487483978271484, 0.0020101070404052734, 0.0038919448852539062, 0.005110502243041992]",0.0009737014770507812,0.04390668869018555
127,"[0.017487764358520508, 0.0223543643951416, 0.02138972282409668, 0.02299642562866211, 0.02460336685180664, 0.030987262725830078, 0.0297701358795166, 0.02894115447998047, 0.025453805923461914]","[0.0010082721710205078, 0.0010075569152832031, 0.0010073184967041016, 0.0019974708557128906, 0.0020036697387695312, 0.0018193721771240234, 0.0010082721710205078, 0.0021209716796875]",0.0009500980377197266,0.013072967529296875
128,"[0.019364595413208008, 0.026561498641967773, 0.025992631912231445, 0.026561260223388672, 0.020997047424316406, 0.023513078689575195, 0.03403925895690918, 0.02725362777709961, 0.034523963928222656]","[0.005005598068237305, 0.004102230072021484, 0.00900578498840332, 0.03649163246154785, 0.015998363494873047, 0.004998207092285156, 0.010012388229370117, 0.03908848762512207]",0.0011053085327148438,0.049835920333862305
129,"[0.028583526611328125, 0.024889469146728516, 0.03504776954650879, 0.030985593795776367, 0.036476850509643555, 0.03421950340270996, 0.044508934020996094, 0.03345775604248047, 0.05590200424194336]","[0.10178494453430176, 0.04868817329406738, 0.0031092166900634766, 0.022092342376708984, 0.027530670166015625, 0.004007577896118164, 0.003998994827270508, 0.006005287170410156]",0.0009996891021728516,0.03767824172973633
130,"[0.03307914733886719, 0.037349700927734375, 0.042055606842041016, 0.03607487678527832, 0.043012380599975586, 0.03799319267272949, 0.04389691352844238, 0.03662729263305664, 0.055176734924316406]","[0.6356527805328369, 5.004117727279663, 5.00474739074707, 5.005892992019653, 5.006730079650879, 5.005718469619751, 5.005396366119385, 0.026548385620117188]",0.004019498825073242,0.04717826843261719
131,"[0.027169227600097656, 0.039914846420288086, 0.042911529541015625, 0.061925649642944336, 0.053975582122802734, 0.05286669731140137, 0.04751729965209961, 0.04557442665100098, 0.0614933967590332]","[5.0020692348480225, 5.003170490264893, 5.005261659622192, 5.005472660064697, 5.007745981216431, 5.004990577697754, 5.0068511962890625, 5.005099534988403]",0.003989458084106445,0.17646265029907227
132,"[0.01301121711730957, 0.0290069580078125, 0.026578426361083984, 0.03946208953857422, 0.035759687423706055, 0.04099321365356445, 0.04343271255493164, 0.03691554069519043, 0.03695487976074219]","[0.026091575622558594, 0.018007516860961914, 0.07450461387634277, 0.11138176918029785, 0.6844570636749268, 0.01099252700805664, 0.025927066802978516, 0.15156269073486328]",0.0019989013671875,0.04447746276855469
133,"[0.012756824493408203, 0.025436878204345703, 0.02649974822998047, 0.038777828216552734, 0.0339508056640625, 0.041107892990112305, 0.03354763984680176, 0.03191661834716797, 0.034395694732666016]","[0.0010056495666503906, 0.0019986629486083984, 0.0025141239166259766, 0.004962444305419922, 0.0019991397857666016, 0.002006053924560547, 0.002006053924560547, 0.0029997825622558594]",0.001013040542602539,0.03412985801696777
134,"[0.027393102645874023, 0.025319814682006836, 0.020237207412719727, 0.042864084243774414, 0.04715251922607422, 0.030992984771728516, 0.03450489044189453, 0.0431973934173584, 0.032363176345825195]","[0.00200653076171875, 0.005018949508666992, 0.008507013320922852, 0.0069997310638427734, 0.006006479263305664, 0.003003358840942383, 0.002002239227294922, 0.007006406784057617]",0.0010368824005126953,0.04621601104736328
135,"[0.018850326538085938, 0.024438858032226562, 0.04149961471557617, 0.030779361724853516, 0.03186798095703125, 0.02799701690673828, 0.024005651473999023, 0.024998903274536133, 0.035442352294921875]","[0.008005380630493164, 0.006998538970947266, 0.04100203514099121, 0.0029125213623046875, 0.006006717681884766, 0.0030024051666259766, 0.012011051177978516, 0.012269258499145508]",0.00205230712890625,0.05501127243041992
136,"[0.021999120712280273, 0.03030848503112793, 0.028122663497924805, 0.04001784324645996, 0.03487277030944824, 0.03990316390991211, 0.026514530181884766, 0.03909468650817871, 0.0473787784576416]","[0.00200653076171875, 0.003007173538208008, 0.06541991233825684, 0.007670879364013672, 0.004005908966064453, 0.004005908966064453, 0.0029997825622558594, 0.004973888397216797]",0.0009992122650146484,0.04587388038635254
137,"[0.014684915542602539, 0.021233081817626953, 0.02108287811279297, 0.038219451904296875, 0.034052371978759766, 0.027532100677490234, 0.029997825622558594, 0.02724313735961914, 0.03489327430725098]","[0.0020072460174560547, 0.002006053924560547, 0.003985404968261719, 0.002955198287963867, 0.0020055770874023438, 0.004507541656494141, 0.0009970664978027344, 0.003014087677001953]",0.0009975433349609375,0.043434858322143555
138,"[0.019994497299194336, 0.03379034996032715, 0.022298336029052734, 0.04238128662109375, 0.031115293502807617, 0.028501033782958984, 0.02952408790588379, 0.025012731552124023, 0.023789644241333008]","[0.004004240036010742, 0.01580810546875, 0.25481295585632324, 0.025387287139892578, 0.0040132999420166016, 0.01605224609375, 0.01752471923828125, 0.027021408081054688]",0.0010018348693847656,0.05449700355529785
139,"[0.014262914657592773, 0.030126333236694336, 0.045012474060058594, 0.04839444160461426, 0.03800010681152344, 0.026610612869262695, 0.03200125694274902, 0.03500008583068848, 0.039971113204956055]","[0.004029035568237305, 0.0030059814453125, 0.0020613670349121094, 0.0019991397857666016, 0.0020928382873535156, 0.001997709274291992, 0.0020067691802978516, 0.005089759826660156]",0.0050122737884521484,0.05029416084289551
140,"[0.02356433868408203, 0.029728412628173828, 0.034162282943725586, 0.040976762771606445, 0.049611568450927734, 0.031456708908081055, 0.045594215393066406, 0.0395512580871582, 0.04394388198852539]","[0.06179022789001465, 0.02705836296081543, 0.003998994827270508, 0.3531787395477295, 0.06923460960388184, 0.003999948501586914, 0.0040035247802734375, 0.09308981895446777]",0.0020074844360351562,0.04861783981323242
141,"[0.029848814010620117, 0.0357818603515625, 0.04476213455200195, 0.05464601516723633, 0.045926570892333984, 0.04514789581298828, 0.03799724578857422, 0.03599357604980469, 0.04525327682495117]","[0.024089336395263672, 2.1672585010528564, 0.7832510471343994, 5.000896692276001, 1.3840854167938232, 0.13071918487548828, 0.5088696479797363, 5.002184867858887]",0.0020949840545654297,0.06743836402893066
142,"[0.015355825424194336, 0.025652408599853516, 0.026118755340576172, 0.038626670837402344, 0.030010461807250977, 0.03588986396789551, 0.03791666030883789, 0.028531312942504883, 0.03087019920349121]","[0.0030050277709960938, 0.0009992122650146484, 0.0020062923431396484, 0.0010752677917480469, 0.0020055770874023438, 0.0019969940185546875, 0.003523588180541992, 0.004538774490356445]",0.0020928382873535156,0.04382801055908203
143,"[0.021491527557373047, 0.028354406356811523, 0.0329892635345459, 0.042143821716308594, 0.045798301696777344, 0.04740476608276367, 0.05341839790344238, 0.030993223190307617, 0.03667759895324707]","[0.017117977142333984, 5.0017242431640625, 5.001922845840454, 5.0017054080963135, 5.001573324203491, 0.9033668041229248, 0.9110925197601318, 5.003015518188477]",0.003068685531616211,0.07869505882263184
144,"[0.033574819564819336, 0.04717135429382324, 0.03600358963012695, 0.07450056076049805, 0.03890800476074219, 0.04492068290710449, 0.045996904373168945, 0.050933122634887695, 0.055891990661621094]","[3.9212563037872314, 5.003568887710571, 5.004940509796143, 5.0059099197387695, 5.004175424575806, 5.004024267196655, 5.0047900676727295, 1.7261033058166504]",0.004998207092285156,0.0890653133392334
145,"[0.0122528076171875, 0.034090280532836914, 0.0291903018951416, 0.022733449935913086, 0.026998519897460938, 0.026128768920898438, 0.035433053970336914, 0.024082422256469727, 0.046050071716308594]","[0.0010099411010742188, 0.0010106563568115234, 0.002003192901611328, 0.0020058155059814453, 0.0009999275207519531, 0.0035173892974853516, 0.0010924339294433594, 0.0013082027435302734]",0.0,0.015205860137939453
146,"[0.02599310874938965, 0.030488252639770508, 0.03571629524230957, 0.03576159477233887, 0.03021550178527832, 0.04202103614807129, 0.039994001388549805, 0.04302477836608887, 0.041823387145996094]","[0.019712448120117188, 0.015006303787231445, 0.008998870849609375, 0.057306528091430664, 0.06797409057617188, 0.028090953826904297, 0.003999471664428711, 0.032074689865112305]",0.0021576881408691406,0.0426177978515625
147,"[0.02279186248779297, 0.03417468070983887, 0.03527426719665527, 0.039099693298339844, 0.05062389373779297, 0.036893606185913086, 0.03994345664978027, 0.028781414031982422, 0.039754629135131836]","[0.009518146514892578, 0.05800747871398926, 0.06254220008850098, 0.0040035247802734375, 0.003325223922729492, 0.02708292007446289, 0.21488738059997559, 0.13782000541687012]",0.0009992122650146484,0.05101609230041504
148,"[0.016900062561035156, 0.029994487762451172, 0.0291748046875, 0.03491497039794922, 0.028994083404541016, 0.02681446075439453, 0.03291654586791992, 0.031378746032714844, 0.037288665771484375]","[0.002005338668823242, 0.07340693473815918, 0.004014730453491211, 0.0060002803802490234, 0.01002359390258789, 0.0065381526947021484, 0.08393192291259766, 0.10256648063659668]",0.001997709274291992,0.05782938003540039
149,"[0.09037208557128906, 0.09192848205566406, 0.07904624938964844, 0.08678269386291504, 0.11683869361877441, 0.09813284873962402, 0.0942838191986084, 0.09362578392028809, 0.11477208137512207]","[5.005839586257935, 5.008321762084961, 5.007349491119385, 5.0116987228393555, 5.007300853729248, 5.007086277008057, 5.0084216594696045, 5.011518716812134]",0.006998300552368164,0.08049774169921875
150,"[0.025723934173583984, 0.030997753143310547, 0.027349233627319336, 0.030164003372192383, 0.03092336654663086, 0.02192854881286621, 0.030933618545532227, 0.030024051666259766, 0.02627396583557129]","[0.0040051937103271484, 0.03051280975341797, 0.07499408721923828, 0.004007816314697266, 0.019086122512817383, 0.03112339973449707, 0.27236318588256836, 0.1129465103149414]",0.002010345458984375,0.07991313934326172
151,"[0.013881683349609375, 0.025069475173950195, 0.020888566970825195, 0.025510311126708984, 0.02999258041381836, 0.02113056182861328, 0.02420330047607422, 0.03281521797180176, 0.03277730941772461]","[0.0030052661895751953, 0.004006147384643555, 0.0040013790130615234, 0.004014730453491211, 0.0027523040771484375, 0.0019948482513427734, 0.0022971630096435547, 0.0009996891021728516]",0.0010159015655517578,0.0511629581451416
152,"[0.021358489990234375, 0.033028602600097656, 0.01937127113342285, 0.023067235946655273, 0.03770136833190918, 0.020506858825683594, 0.03193998336791992, 0.0243985652923584, 0.0210568904876709]","[0.0020368099212646484, 0.0070040225982666016, 0.010034322738647461, 0.009401082992553711, 0.0030295848846435547, 0.002005338668823242, 0.0020024776458740234, 0.0020058155059814453]",0.0010004043579101562,0.0415041446685791
153,"[0.03008246421813965, 0.031154870986938477, 0.02983832359313965, 0.024741172790527344, 0.036951541900634766, 0.028001785278320312, 0.033402204513549805, 0.021369457244873047, 0.03336644172668457]","[0.08367061614990234, 0.22179937362670898, 0.04909777641296387, 0.05414748191833496, 0.05751991271972656, 0.5542023181915283, 0.07208371162414551, 1.3752706050872803]",0.0030057430267333984,0.0676107406616211
154,"[0.019322872161865234, 0.02928447723388672, 0.023221969604492188, 0.04138541221618652, 0.037519216537475586, 0.030999183654785156, 0.03611445426940918, 0.03414034843444824, 0.04787945747375488]","[0.005002021789550781, 0.013525247573852539, 0.0075190067291259766, 0.016532421112060547, 0.0020012855529785156, 0.008221864700317383, 0.0029921531677246094, 0.0028221607208251953]",0.0009999275207519531,0.045410871505737305
155,"[0.02652454376220703, 0.03534102439880371, 0.03217267990112305, 0.03634166717529297, 0.04306173324584961, 0.033003807067871094, 0.04289388656616211, 0.034262657165527344, 0.03641486167907715]","[0.007006645202636719, 0.0030057430267333984, 0.0053632259368896484, 0.015113115310668945, 0.003003835678100586, 0.0030035972595214844, 0.005006074905395508, 0.0030069351196289062]",0.0019974708557128906,0.04705357551574707
156,"[0.025665998458862305, 0.043753862380981445, 0.03775167465209961, 0.03852415084838867, 0.06047844886779785, 0.030990123748779297, 0.04752469062805176, 0.03044271469116211, 0.0579073429107666]","[0.026464223861694336, 0.39652466773986816, 1.5344157218933105, 5.00506067276001, 0.04511141777038574, 5.004161596298218, 0.7785236835479736, 5.004455327987671]",0.003993034362792969,0.07853555679321289
157,"[0.014698266983032227, 0.023999452590942383, 0.019179582595825195, 0.02920675277709961, 0.024898767471313477, 0.025957345962524414, 0.036932945251464844, 0.03957009315490723, 0.03539156913757324]","[0.002003192901611328, 0.004385232925415039, 0.003009796142578125, 0.0010101795196533203, 0.0010068416595458984, 0.0020062923431396484, 0.0020051002502441406, 0.001995086669921875]",0.0010097026824951172,0.046587467193603516
158,"[0.026572465896606445, 0.03719282150268555, 0.035829782485961914, 0.04106259346008301, 0.03629946708679199, 0.03676962852478027, 0.03597593307495117, 0.03583884239196777, 0.03183698654174805]","[2.099393367767334, 5.002409934997559, 1.3047707080841064, 0.016658782958984375, 5.003195524215698, 5.002535343170166, 5.002124547958374, 1.5721750259399414]",0.0019996166229248047,0.056317806243896484
159,"[0.015530109405517578, 0.029529333114624023, 0.026351451873779297, 0.034973859786987305, 0.028133392333984375, 0.0340731143951416, 0.04457497596740723, 0.03716540336608887, 0.035254478454589844]","[0.009999513626098633, 0.032086849212646484, 0.006005764007568359, 0.005998134613037109, 0.006413698196411133, 0.0029876232147216797, 0.003999471664428711, 0.28821897506713867]",0.0010018348693847656,0.04319953918457031
160,"[0.015012979507446289, 0.02333664894104004, 0.026937484741210938, 0.021857500076293945, 0.023599624633789062, 0.04428267478942871, 0.04004693031311035, 0.01954030990600586, 0.037419795989990234]","[0.001998424530029297, 0.00299835205078125, 0.0009989738464355469, 0.0015382766723632812, 0.002996683120727539, 0.002008676528930664, 0.0010056495666503906, 0.0009992122650146484]",0.0009996891021728516,0.048571109771728516
161,"[0.020993709564208984, 0.024069547653198242, 0.031528472900390625, 0.024013280868530273, 0.030649662017822266, 0.04539918899536133, 0.0330047607421875, 0.018106937408447266, 0.024884700775146484]","[0.0020072460174560547, 0.0020051002502441406, 0.0029964447021484375, 0.003004312515258789, 0.004997968673706055, 0.001996278762817383, 0.0049991607666015625, 0.0029993057250976562]",0.0009996891021728516,0.04300117492675781
162,"[0.0225985050201416, 0.03246951103210449, 0.027872562408447266, 0.042531490325927734, 0.03433108329772949, 0.055347442626953125, 0.04651069641113281, 0.020496845245361328, 0.047138214111328125]","[0.3105912208557129, 0.991924524307251, 5.002624034881592, 5.002139329910278, 5.003746747970581, 5.005064010620117, 0.15726304054260254, 5.00334358215332]",0.0029997825622558594,0.08313846588134766
163,"[0.014376401901245117, 0.034781694412231445, 0.0252230167388916, 0.03524971008300781, 0.02583003044128418, 0.03436684608459473, 0.029001712799072266, 0.037351131439208984, 0.04143524169921875]","[0.0009975433349609375, 0.0010924339294433594, 0.0016736984252929688, 0.0035393238067626953, 0.006998538970947266, 0.0011303424835205078, 0.0010061264038085938, 0.0010001659393310547]",0.0,0.07512116432189941
164,"[0.015810489654541016, 0.034679412841796875, 0.027807235717773438, 0.02565765380859375, 0.024239778518676758, 0.03690028190612793, 0.030953407287597656, 0.024024486541748047, 0.024736404418945312]","[0.02800607681274414, 0.1355149745941162, 0.14389777183532715, 0.03338980674743652, 0.013144731521606445, 0.43990445137023926, 0.18086934089660645, 0.012133359909057617]",0.00241851806640625,0.06918191909790039
165,"[0.01483774185180664, 0.03826546669006348, 0.043366432189941406, 0.03989863395690918, 0.03346085548400879, 0.03739428520202637, 0.037018537521362305, 0.031215190887451172, 0.02701544761657715]","[0.006005764007568359, 0.023624897003173828, 0.008185148239135742, 0.03556656837463379, 0.005280017852783203, 0.0037605762481689453, 0.0029993057250976562, 0.005005359649658203]",0.001493215560913086,0.05142688751220703
166,"[0.03658413887023926, 0.04633760452270508, 0.04496574401855469, 0.04939413070678711, 0.05298733711242676, 0.06256723403930664, 0.04250359535217285, 0.03940272331237793, 0.04958462715148926]","[0.447113037109375, 0.366532564163208, 0.09975266456604004, 0.1340501308441162, 0.7108039855957031, 0.8749918937683105, 1.3910126686096191, 0.2441701889038086]",0.002012968063354492,0.052229881286621094
167,"[0.018063783645629883, 0.03662991523742676, 0.03380155563354492, 0.03296661376953125, 0.029709577560424805, 0.04153585433959961, 0.030650615692138672, 0.02742791175842285, 0.040370941162109375]","[0.0029985904693603516, 0.0009992122650146484, 0.0020041465759277344, 0.008005380630493164, 0.01000666618347168, 0.0019273757934570312, 0.0020051002502441406, 0.0020084381103515625]",0.0,0.045744895935058594
168,"[0.033143043518066406, 0.03518486022949219, 0.03240156173706055, 0.041132450103759766, 0.04250049591064453, 0.06266021728515625, 0.030998706817626953, 0.03457307815551758, 0.042868614196777344]","[0.11210322380065918, 1.2158050537109375, 3.224076986312866, 0.1594691276550293, 5.002367258071899, 0.0060443878173828125, 3.060746192932129, 0.5163495540618896]",0.003003835678100586,0.0694890022277832
169,"[0.05057787895202637, 0.05171370506286621, 0.06531023979187012, 0.06147003173828125, 0.05452132225036621, 0.06451177597045898, 0.04877138137817383, 0.060133934020996094, 0.08046627044677734]","[5.005451202392578, 5.006788492202759, 5.008854627609253, 5.008965253829956, 5.011070728302002, 5.011821269989014, 5.010265827178955, 5.012517929077148]",0.009014129638671875,0.249406099319458
170,"[0.019509315490722656, 0.04376363754272461, 0.026994943618774414, 0.033898115158081055, 0.03313612937927246, 0.031458139419555664, 0.03596758842468262, 0.03772568702697754, 0.03665781021118164]","[0.0785057544708252, 0.015004873275756836, 0.02588796615600586, 0.03786039352416992, 0.0030183792114257812, 0.009137153625488281, 0.0031762123107910156, 0.008973121643066406]",0.0020210742950439453,0.07213282585144043
171,"[0.019822120666503906, 0.03790283203125, 0.030025005340576172, 0.03454732894897461, 0.034142494201660156, 0.041045188903808594, 0.03078150749206543, 0.02326345443725586, 0.05669236183166504]","[0.006006717681884766, 0.0070648193359375, 0.007996559143066406, 0.010802984237670898, 0.005511760711669922, 0.0021011829376220703, 0.0030059814453125, 0.006044149398803711]",0.001005411148071289,0.04879403114318848
172,"[0.011993169784545898, 0.02853536605834961, 0.019994258880615234, 0.031113147735595703, 0.02764105796813965, 0.035521507263183594, 0.025609254837036133, 0.019362211227416992, 0.046497344970703125]","[0.0010066032409667969, 0.004009723663330078, 0.0010066032409667969, 0.011160135269165039, 0.00200653076171875, 0.0020294189453125, 0.002009153366088867, 0.002996683120727539]",0.0010051727294921875,0.04296684265136719
173,"[0.012994527816772461, 0.025001049041748047, 0.018993854522705078, 0.031008243560791016, 0.028626680374145508, 0.02698659896850586, 0.023976802825927734, 0.026290416717529297, 0.042428016662597656]","[0.00799870491027832, 0.006006002426147461, 0.001995563507080078, 0.003999233245849609, 0.003004789352416992, 0.008030414581298828, 0.010008573532104492, 0.003000497817993164]",0.0010004043579101562,0.05554628372192383
174,"[0.014563560485839844, 0.02360701560974121, 0.02401423454284668, 0.030021190643310547, 0.03189516067504883, 0.02947854995727539, 0.03396749496459961, 0.028072357177734375, 0.05862903594970703]","[0.003998517990112305, 0.03154420852661133, 0.0029969215393066406, 0.020277738571166992, 0.0046405792236328125, 0.03602433204650879, 0.046855926513671875, 0.09250688552856445]",0.00600433349609375,0.05387282371520996
175,"[0.019516944885253906, 0.031289100646972656, 0.02649831771850586, 0.030639171600341797, 0.02669501304626465, 0.032997846603393555, 0.05069398880004883, 0.027127742767333984, 0.05811262130737305]","[0.000993967056274414, 0.002544879913330078, 0.0040056705474853516, 0.012484550476074219, 0.002088308334350586, 0.009966135025024414, 0.003007173538208008, 0.0060002803802490234]",0.0010075569152832031,0.05417513847351074
176,"[0.019957304000854492, 0.022980213165283203, 0.021092891693115234, 0.03614687919616699, 0.021290063858032227, 0.0299985408782959, 0.027947664260864258, 0.022591352462768555, 0.04853415489196777]","[0.0030050277709960938, 0.0020198822021484375, 0.0030031204223632812, 0.002012968063354492, 0.002005338668823242, 0.0029866695404052734, 0.00200653076171875, 0.0029990673065185547]",0.0009996891021728516,0.03941059112548828
177,"[0.012718439102172852, 0.019783496856689453, 0.01924419403076172, 0.02999401092529297, 0.023064136505126953, 0.023090124130249023, 0.025675296783447266, 0.022064685821533203, 0.0363619327545166]","[0.002095460891723633, 0.0020020008087158203, 0.0020036697387695312, 0.0030059814453125, 0.0020062923431396484, 0.0019152164459228516, 0.0010030269622802734, 0.001010894775390625]",0.0009937286376953125,0.04388284683227539
178,"[0.0186769962310791, 0.021001338958740234, 0.01900029182434082, 0.02515125274658203, 0.022447824478149414, 0.024916648864746094, 0.025771617889404297, 0.014255523681640625, 0.029970884323120117]","[0.007294654846191406, 0.01807856559753418, 0.002007007598876953, 0.002005338668823242, 0.008008241653442383, 0.0020194053649902344, 0.002004384994506836, 0.0045166015625]",0.0010001659393310547,0.0431976318359375
179,"[0.026830434799194336, 0.04741048812866211, 0.03193044662475586, 0.046994924545288086, 0.027994394302368164, 0.041823625564575195, 0.04041600227355957, 0.03147292137145996, 0.0738058090209961]","[2.4709036350250244, 4.778623342514038, 5.001642465591431, 5.002792596817017, 0.6093459129333496, 5.003064393997192, 5.001735210418701, 5.006149530410767]",0.0033779144287109375,0.07971048355102539
180,"[0.05499982833862305, 0.03527092933654785, 0.055580854415893555, 0.06308770179748535, 0.0567476749420166, 0.0478515625, 0.05648994445800781, 0.058212995529174805, 0.07120633125305176]","[0.04115796089172363, 0.12730956077575684, 0.08098268508911133, 5.0018041133880615, 0.00400543212890625, 0.0596919059753418, 2.5286240577697754, 0.018505334854125977]",0.002000570297241211,0.04642462730407715
181,"[0.027275800704956055, 0.029270648956298828, 0.0395355224609375, 0.023775100708007812, 0.03003668785095215, 0.02300548553466797, 0.0395817756652832, 0.026874542236328125, 0.06467556953430176]","[0.001573801040649414, 0.003532886505126953, 0.0030024051666259766, 0.003007650375366211, 0.002000093460083008, 0.002997875213623047, 0.010007619857788086, 0.01593804359436035]",0.0015056133270263672,0.04239988327026367
182,"[0.024621963500976562, 0.02398085594177246, 0.0536043643951416, 0.026134729385375977, 0.04151201248168945, 0.03566908836364746, 0.042664527893066406, 0.028566360473632812, 0.06857991218566895]","[0.01065683364868164, 0.07403945922851562, 0.09932613372802734, 0.04710721969604492, 2.0481462478637695, 0.011001110076904297, 0.12833762168884277, 0.12089753150939941]",0.0019838809967041016,0.05173301696777344
183,"[0.02339458465576172, 0.03092646598815918, 0.04602646827697754, 0.026904582977294922, 0.03937172889709473, 0.03407740592956543, 0.04129815101623535, 0.03762388229370117, 0.04768872261047363]","[0.013004779815673828, 0.058068037033081055, 0.029770851135253906, 0.05100655555725098, 0.002051830291748047, 0.005003690719604492, 0.009005308151245117, 0.061571359634399414]",0.0019974708557128906,0.05190920829772949
184,"[0.02788400650024414, 0.023307085037231445, 0.03320145606994629, 0.02913045883178711, 0.039534568786621094, 0.03008413314819336, 0.03995323181152344, 0.028942108154296875, 0.0823822021484375]","[0.002005338668823242, 0.025004863739013672, 0.0020093917846679688, 0.009998083114624023, 0.0019173622131347656, 0.008522748947143555, 0.020394086837768555, 0.032999515533447266]",0.001013040542602539,0.040921926498413086
185,"[0.02067255973815918, 0.02135443687438965, 0.042459726333618164, 0.030332326889038086, 0.030895233154296875, 0.022305727005004883, 0.029300689697265625, 0.026526927947998047, 0.042624711990356445]","[0.0031766891479492188, 0.003679990768432617, 0.010535478591918945, 0.0029973983764648438, 0.00250244140625, 0.0029985904693603516, 0.002000570297241211, 0.004901409149169922]",0.00099945068359375,0.05746340751647949
186,"[0.027939319610595703, 0.03278660774230957, 0.06586575508117676, 0.029288530349731445, 0.028110265731811523, 0.03902125358581543, 0.03777790069580078, 0.03573417663574219, 0.06398320198059082]","[0.13585376739501953, 2.310328960418701, 2.5430216789245605, 3.3393561840057373, 5.002484560012817, 5.002209663391113, 5.001745700836182, 0.9377956390380859]",0.0030138492584228516,0.07140111923217773
187,"[0.018091201782226562, 0.02755141258239746, 0.0340578556060791, 0.03140115737915039, 0.03763580322265625, 0.035642147064208984, 0.030966520309448242, 0.03771018981933594, 0.05246543884277344]","[0.005998373031616211, 0.19942283630371094, 0.5861477851867676, 0.06456518173217773, 0.017967939376831055, 0.11861824989318848, 0.5678396224975586, 5.003709554672241]",0.0029947757720947266,0.07691645622253418
188,"[0.012316703796386719, 0.0203096866607666, 0.03013443946838379, 0.03493332862854004, 0.030192136764526367, 0.02499985694885254, 0.032965898513793945, 0.03961801528930664, 0.03390073776245117]","[0.0030059814453125, 0.0010075569152832031, 0.004000425338745117, 0.0020024776458740234, 0.0009996891021728516, 0.002382040023803711, 0.0010066032409667969, 0.0020148754119873047]",0.0010001659393310547,0.046645164489746094
189,"[0.03695511817932129, 0.03647255897521973, 0.04111766815185547, 0.04066324234008789, 0.03985738754272461, 0.03509998321533203, 0.038102149963378906, 0.030898094177246094, 0.05651712417602539]","[0.08008241653442383, 1.8209009170532227, 1.7697410583496094, 3.4459445476531982, 5.0024518966674805, 5.004503488540649, 5.003458023071289, 5.0042805671691895]",0.010526895523071289,0.07532048225402832
190,"[0.023680686950683594, 0.03535318374633789, 0.04632234573364258, 0.03540325164794922, 0.036771535873413086, 0.037538766860961914, 0.04251718521118164, 0.04332280158996582, 0.04697108268737793]","[0.0049953460693359375, 0.016523361206054688, 0.005547761917114258, 0.006516695022583008, 0.005255699157714844, 0.005921125411987305, 0.025536298751831055, 0.0030057430267333984]",0.0009965896606445312,0.0551455020904541
191,"[0.016998767852783203, 0.02805948257446289, 0.03901219367980957, 0.03975629806518555, 0.03789687156677246, 0.02935194969177246, 0.03213858604431152, 0.031110763549804688, 0.034494638442993164]","[0.002000093460083008, 0.0033936500549316406, 0.003024578094482422, 0.004016876220703125, 0.0019423961639404297, 0.003038167953491211, 0.0020008087158203125, 0.0020058155059814453]",0.0009865760803222656,0.04646110534667969
192,"[0.012993335723876953, 0.020026683807373047, 0.037880897521972656, 0.028641223907470703, 0.0305025577545166, 0.025850296020507812, 0.02196359634399414, 0.014993667602539062, 0.030635595321655273]","[0.002006053924560547, 0.00908207893371582, 0.003023862838745117, 0.0030057430267333984, 0.0020117759704589844, 0.003040790557861328, 0.003999948501586914, 0.003000497817993164]",0.0030014514923095703,0.05446934700012207
193,"[0.02037811279296875, 0.03567218780517578, 0.045532941818237305, 0.03537607192993164, 0.04402589797973633, 0.03199267387390137, 0.042673349380493164, 0.035283803939819336, 0.04058551788330078]","[0.013998985290527344, 0.11402726173400879, 0.006986379623413086, 0.017308950424194336, 0.018009185791015625, 0.004034996032714844, 0.034079551696777344, 0.005006313323974609]",0.000949859619140625,0.04301261901855469
194,"[0.012994766235351562, 0.021984100341796875, 0.03786587715148926, 0.0275118350982666, 0.030045509338378906, 0.024143457412719727, 0.01783299446105957, 0.023277997970581055, 0.03709912300109863]","[0.002007722854614258, 0.002998828887939453, 0.0010063648223876953, 0.0010063648223876953, 0.002006053924560547, 0.001967906951904297, 0.0020067691802978516, 0.002996683120727539]",0.0,0.055783748626708984
195,"[0.01499032974243164, 0.0359041690826416, 0.043350934982299805, 0.027979612350463867, 0.03212594985961914, 0.02599191665649414, 0.0199587345123291, 0.023368358612060547, 0.03269243240356445]","[0.05710172653198242, 0.10516548156738281, 0.007006406784057617, 0.0049970149993896484, 0.004050493240356445, 0.00908207893371582, 0.004005908966064453, 0.019005537033081055]",0.0030968189239501953,0.052800893783569336
196,"[0.016291141510009766, 0.03147149085998535, 0.030565738677978516, 0.025445938110351562, 0.029150009155273438, 0.018993854522705078, 0.03888583183288574, 0.02959895133972168, 0.03235650062561035]","[0.004819631576538086, 0.028448104858398438, 0.008004426956176758, 0.009998321533203125, 0.0029997825622558594, 0.001888275146484375, 0.006005048751831055, 0.0030059814453125]",0.0010001659393310547,0.0441746711730957
197,"[0.025091886520385742, 0.022721529006958008, 0.03584885597229004, 0.03492999076843262, 0.026866912841796875, 0.030505657196044922, 0.02872610092163086, 0.03271126747131348, 0.03416180610656738]","[0.0030088424682617188, 0.00399017333984375, 0.0030117034912109375, 0.003006458282470703, 0.0030052661895751953, 0.010972738265991211, 0.002005338668823242, 0.003999948501586914]",0.0084228515625,0.06783580780029297
198,"[0.011715888977050781, 0.022949695587158203, 0.029364585876464844, 0.025236845016479492, 0.025999784469604492, 0.029993772506713867, 0.02594923973083496, 0.02132439613342285, 0.03900790214538574]","[0.0010061264038085938, 0.0019991397857666016, 0.0009982585906982422, 0.006310939788818359, 0.0019991397857666016, 0.0030341148376464844, 0.00200653076171875, 0.0030088424682617188]",0.0,0.06127786636352539
199,"[0.021793603897094727, 0.03383350372314453, 0.046869754791259766, 0.03600716590881348, 0.040351152420043945, 0.0385136604309082, 0.0415799617767334, 0.03737378120422363, 0.03980588912963867]","[0.050370216369628906, 0.01700615882873535, 0.061594486236572266, 0.043541669845581055, 0.006005525588989258, 0.009965896606445312, 0.1627333164215088, 0.04483389854431152]",0.0010068416595458984,0.05849742889404297
200,"[0.012005090713500977, 0.02804088592529297, 0.027447223663330078, 0.038366079330444336, 0.023694753646850586, 0.02199244499206543, 0.027083635330200195, 0.02956533432006836, 0.03441596031188965]","[0.0010061264038085938, 0.00700688362121582, 0.006004810333251953, 0.005005598068237305, 0.002007007598876953, 0.001992464065551758, 0.0030059814453125, 0.0050089359283447266]",0.008662223815917969,0.03986310958862305
201,"[0.02651190757751465, 0.028128385543823242, 0.05334019660949707, 0.0399014949798584, 0.0444643497467041, 0.035989999771118164, 0.02892017364501953, 0.03526902198791504, 0.04317760467529297]","[0.6137220859527588, 5.002202987670898, 0.23991084098815918, 0.3278625011444092, 0.8828563690185547, 0.2088932991027832, 0.20177793502807617, 2.49387264251709]",0.002024412155151367,0.06253290176391602
202,"[0.032616376876831055, 0.034557342529296875, 0.039380788803100586, 0.046639204025268555, 0.04089760780334473, 0.03410077095031738, 0.04776573181152344, 0.048200368881225586, 0.06433320045471191]","[0.2542710304260254, 0.45563721656799316, 0.17793846130371094, 0.339630126953125, 0.030908823013305664, 0.0979311466217041, 0.13248586654663086, 0.5923252105712891]",0.0019960403442382812,0.06811213493347168
203,"[0.027797937393188477, 0.03802371025085449, 0.04394650459289551, 0.04846453666687012, 0.03930974006652832, 0.0491328239440918, 0.04577493667602539, 0.04083871841430664, 0.055314064025878906]","[0.009502410888671875, 0.10067558288574219, 0.4567849636077881, 0.3062162399291992, 0.09018635749816895, 0.0330045223236084, 0.008007287979125977, 0.047945261001586914]",0.001997232437133789,0.05925321578979492
204,"[0.024742603302001953, 0.027713537216186523, 0.0415196418762207, 0.045408010482788086, 0.027973175048828125, 0.03767895698547363, 0.03659677505493164, 0.02914905548095703, 0.051398277282714844]","[0.09022068977355957, 0.12099623680114746, 0.13035202026367188, 0.004004955291748047, 0.012000799179077148, 0.03896951675415039, 0.017518043518066406, 0.035249948501586914]",0.0039026737213134766,0.05520462989807129
205,"[0.030778169631958008, 0.03857302665710449, 0.03561711311340332, 0.04357433319091797, 0.026607513427734375, 0.03132820129394531, 0.036132097244262695, 0.030992746353149414, 0.03431344032287598]","[0.02500128746032715, 0.01999974250793457, 0.3449234962463379, 0.42607784271240234, 0.08801627159118652, 1.208644151687622, 0.38716697692871094, 0.22322845458984375]",0.0015654563903808594,0.05822873115539551
206,"[0.01875925064086914, 0.02781391143798828, 0.0260012149810791, 0.031896352767944336, 0.03635716438293457, 0.036176204681396484, 0.03870415687561035, 0.03923606872558594, 0.0361332893371582]","[0.0020067691802978516, 0.0039975643157958984, 0.0032503604888916016, 0.005085945129394531, 0.0029981136322021484, 0.0019555091857910156, 0.002016782760620117, 0.005012989044189453]",0.0009937286376953125,0.053589820861816406
207,"[0.03329277038574219, 0.029868125915527344, 0.03424382209777832, 0.032994747161865234, 0.03329873085021973, 0.03899502754211426, 0.03721785545349121, 0.030361413955688477, 0.037476539611816406]","[0.006006002426147461, 0.0020284652709960938, 0.018125295639038086, 0.004010677337646484, 0.003004312515258789, 0.0030367374420166016, 0.030002117156982422, 0.003008604049682617]",0.0009999275207519531,0.044231414794921875
208,"[0.02369403839111328, 0.017785072326660156, 0.022047996520996094, 0.028099536895751953, 0.023994922637939453, 0.020109176635742188, 0.02692389488220215, 0.02846384048461914, 0.03548407554626465]","[0.0010116100311279297, 0.001978158950805664, 0.000995635986328125, 0.0020003318786621094, 0.002077817916870117, 0.0020341873168945312, 0.002005338668823242, 0.0030088424682617188]",0.0009369850158691406,0.044985055923461914
209,"[0.021985769271850586, 0.01708531379699707, 0.027730703353881836, 0.037000179290771484, 0.03487133979797363, 0.0249936580657959, 0.029930830001831055, 0.02199530601501465, 0.03428053855895996]","[0.0131072998046875, 0.020639419555664062, 0.05563759803771973, 0.0060045719146728516, 0.006999492645263672, 0.012034416198730469, 0.0035262107849121094, 0.08910822868347168]",0.0020990371704101562,0.04970359802246094
210,"[0.020966768264770508, 0.03001570701599121, 0.02912116050720215, 0.0336155891418457, 0.02318572998046875, 0.02900385856628418, 0.03026890754699707, 0.023578166961669922, 0.03491687774658203]","[0.0009949207305908203, 0.002005338668823242, 0.002006053924560547, 0.0019969940185546875, 0.006140708923339844, 0.0018877983093261719, 0.008005142211914062, 0.003004312515258789]",0.0009064674377441406,0.04252195358276367
211,"[0.02068781852722168, 0.02518749237060547, 0.023171424865722656, 0.026038169860839844, 0.025823354721069336, 0.03169989585876465, 0.031757354736328125, 0.026252031326293945, 0.03401303291320801]","[0.0019943714141845703, 0.002016782760620117, 0.0030052661895751953, 0.0037882328033447266, 0.00702214241027832, 0.007039308547973633, 0.002005338668823242, 0.010012149810791016]",0.0009946823120117188,0.0460357666015625
212,"[0.032720327377319336, 0.02741837501525879, 0.02989363670349121, 0.030994415283203125, 0.03733515739440918, 0.037872314453125, 0.03581666946411133, 0.029480457305908203, 0.043500661849975586]","[0.05208706855773926, 0.03710603713989258, 0.01512289047241211, 0.004006385803222656, 0.003998756408691406, 0.08976054191589355, 0.004006862640380859, 0.00699305534362793]",0.0010161399841308594,0.04755759239196777
213,"[0.02601313591003418, 0.02564215660095215, 0.034180641174316406, 0.051076412200927734, 0.038417816162109375, 0.03552651405334473, 0.03970026969909668, 0.026590585708618164, 0.05044841766357422]","[0.026005983352661133, 0.025577545166015625, 0.017232418060302734, 0.02719855308532715, 0.024147748947143555, 0.020878314971923828, 0.40344953536987305, 0.009084939956665039]",0.0009992122650146484,0.044049739837646484
214,"[0.027269363403320312, 0.033257246017456055, 0.03105759620666504, 0.0372462272644043, 0.03251242637634277, 0.028202056884765625, 0.04287314414978027, 0.03724789619445801, 0.04272031784057617]","[0.002009868621826172, 0.004010200500488281, 0.0009958744049072266, 0.002004384994506836, 0.0036427974700927734, 0.0020351409912109375, 0.006006479263305664, 0.005006313323974609]",0.0,0.044077157974243164
215,"[0.023508071899414062, 0.02694869041442871, 0.03554081916809082, 0.0402987003326416, 0.028995990753173828, 0.03351783752441406, 0.038758039474487305, 0.04009723663330078, 0.040354013442993164]","[0.004012346267700195, 0.03640913963317871, 0.002524137496948242, 0.006011009216308594, 0.051039695739746094, 0.0031020641326904297, 0.6264698505401611, 0.005008220672607422]",0.001994609832763672,0.047835350036621094
216,"[0.02300238609313965, 0.021498680114746094, 0.03165292739868164, 0.027994394302368164, 0.02552962303161621, 0.021001815795898438, 0.03200221061706543, 0.03580284118652344, 0.02362370491027832]","[0.005006074905395508, 0.010114192962646484, 0.015112876892089844, 0.013099908828735352, 0.007130861282348633, 0.008048534393310547, 0.0039048194885253906, 0.0020117759704589844]",0.0009942054748535156,0.040235042572021484
217,"[0.019680500030517578, 0.015926122665405273, 0.024457931518554688, 0.025880813598632812, 0.030977964401245117, 0.018294572830200195, 0.02398681640625, 0.02607583999633789, 0.023932695388793945]","[0.0010166168212890625, 0.0010061264038085938, 0.0010056495666503906, 0.0020041465759277344, 0.0020198822021484375, 0.002031087875366211, 0.0030088424682617188, 0.001992464065551758]",0.0009992122650146484,0.013940811157226562
218,"[0.027231216430664062, 0.028171300888061523, 0.025138139724731445, 0.03553915023803711, 0.03523612022399902, 0.03013920783996582, 0.035742759704589844, 0.032036542892456055, 0.040615081787109375]","[0.0523836612701416, 1.9590885639190674, 0.8789780139923096, 0.4570450782775879, 0.19115281105041504, 1.1923637390136719, 0.008005857467651367, 0.03050971031188965]",0.0020074844360351562,0.0454249382019043
219,"[0.02665543556213379, 0.031801462173461914, 0.03223586082458496, 0.041640281677246094, 0.04207491874694824, 0.042536258697509766, 0.0418088436126709, 0.03980422019958496, 0.04578208923339844]","[0.17481422424316406, 0.2937912940979004, 0.019762516021728516, 2.4084582328796387, 4.471168041229248, 0.014005184173583984, 5.00242805480957, 0.8873112201690674]",0.003345012664794922,0.049826860427856445
220,"[0.019000530242919922, 0.04210972785949707, 0.03580069541931152, 0.026406288146972656, 0.04090261459350586, 0.032752275466918945, 0.032829999923706055, 0.0310516357421875, 0.04878950119018555]","[0.00599980354309082, 0.07656240463256836, 0.014135122299194336, 0.006005525588989258, 0.011118888854980469, 0.02389240264892578, 0.05081486701965332, 0.05110979080200195]",0.0020101070404052734,0.040697336196899414
221,"[0.02095341682434082, 0.02372288703918457, 0.026009082794189453, 0.03154325485229492, 0.043387651443481445, 0.026988744735717773, 0.03299450874328613, 0.03741621971130371, 0.05760812759399414]","[0.004011631011962891, 0.0030896663665771484, 0.013383150100708008, 0.00614476203918457, 0.007997751235961914, 0.004012107849121094, 0.005005598068237305, 0.0048983097076416016]",0.002052783966064453,0.05009293556213379
222,"[0.02332901954650879, 0.022383928298950195, 0.018340110778808594, 0.027002334594726562, 0.03035593032836914, 0.030254602432250977, 0.02800154685974121, 0.01891636848449707, 0.03976941108703613]","[0.0250093936920166, 0.01886582374572754, 0.07705926895141602, 0.07327651977539062, 0.03351283073425293, 0.0365450382232666, 0.016005277633666992, 0.038355112075805664]",0.001001596450805664,0.052071332931518555
223,"[0.01929473876953125, 0.027556419372558594, 0.023833513259887695, 0.029894113540649414, 0.027759552001953125, 0.024558067321777344, 0.03513288497924805, 0.02691364288330078, 0.04409956932067871]","[0.0010249614715576172, 0.0020074844360351562, 0.0010066032409667969, 0.003908872604370117, 0.0009596347808837891, 0.0008995532989501953, 0.0010058879852294922, 0.0035314559936523438]",0.0009999275207519531,0.0465700626373291
224,"[0.02160048484802246, 0.027045011520385742, 0.027885913848876953, 0.031096696853637695, 0.024675607681274414, 0.023998022079467773, 0.02879500389099121, 0.029704809188842773, 0.04561805725097656]","[0.005006074905395508, 0.14212679862976074, 0.14904308319091797, 0.09700989723205566, 0.07070636749267578, 0.15487098693847656, 0.14909696578979492, 0.050766706466674805]",0.0025053024291992188,0.05970191955566406
225,"[0.01873946189880371, 0.026504039764404297, 0.028708219528198242, 0.03142094612121582, 0.02921605110168457, 0.0399320125579834, 0.03088212013244629, 0.02524399757385254, 0.0369112491607666]","[0.0020072460174560547, 0.009014368057250977, 0.008000850677490234, 0.002007007598876953, 0.0020020008087158203, 0.0020341873168945312, 0.009148359298706055, 0.021002769470214844]",0.0015163421630859375,0.04953885078430176
226,"[0.016708850860595703, 0.02275848388671875, 0.022388458251953125, 0.032892704010009766, 0.02614569664001465, 0.02129364013671875, 0.026968717575073242, 0.02724933624267578, 0.060347795486450195]","[0.0019948482513427734, 0.0010066032409667969, 0.0020058155059814453, 0.001005411148071289, 0.002000093460083008, 0.002043008804321289, 0.002080202102661133, 0.001989126205444336]",0.00078582763671875,0.024512767791748047
227,"[0.014041900634765625, 0.024295330047607422, 0.015477657318115234, 0.02600240707397461, 0.019641637802124023, 0.02286219596862793, 0.024999618530273438, 0.024687767028808594, 0.035529375076293945]","[0.002006053924560547, 0.0010077953338623047, 0.0025370121002197266, 0.0020058155059814453, 0.0019998550415039062, 0.0010368824005126953, 0.0020051002502441406, 0.006554841995239258]",0.0010149478912353516,0.04996848106384277
228,"[0.02354598045349121, 0.033280372619628906, 0.024941444396972656, 0.029999732971191406, 0.028112173080444336, 0.030004024505615234, 0.03371405601501465, 0.03117990493774414, 0.04761981964111328]","[0.004282474517822266, 0.022083282470703125, 0.20280838012695312, 0.465043306350708, 0.5966060161590576, 0.01307225227355957, 0.07125234603881836, 0.11204814910888672]",0.001999378204345703,0.0550074577331543
229,"[0.017064571380615234, 0.0249941349029541, 0.027747392654418945, 0.03334617614746094, 0.03426241874694824, 0.03399491310119629, 0.03674674034118652, 0.02931046485900879, 0.030573368072509766]","[0.004006385803222656, 0.005998373031616211, 0.00200653076171875, 0.007012605667114258, 0.006997346878051758, 0.003026247024536133, 0.0065212249755859375, 0.01511526107788086]",0.0010998249053955078,0.0426483154296875
230,"[0.025305986404418945, 0.05025959014892578, 0.046064138412475586, 0.043500423431396484, 0.041887760162353516, 0.04510688781738281, 0.03888750076293945, 0.03660082817077637, 0.05526089668273926]","[0.06208467483520508, 5.005122661590576, 5.003459692001343, 5.0034990310668945, 5.004502058029175, 5.004132509231567, 5.00403618812561, 0.9055168628692627]",0.0038950443267822266,0.09553694725036621
231,"[0.02086162567138672, 0.03265881538391113, 0.040940046310424805, 0.03220844268798828, 0.029509544372558594, 0.038001060485839844, 0.04039120674133301, 0.04403853416442871, 0.05721426010131836]","[0.05183911323547363, 0.06656336784362793, 0.026175260543823242, 0.3188652992248535, 0.05325818061828613, 0.1302642822265625, 0.03476738929748535, 0.08717131614685059]",0.001997709274291992,0.05543684959411621
232,"[0.021507740020751953, 0.03769040107727051, 0.05245637893676758, 0.0599064826965332, 0.03739809989929199, 0.04307985305786133, 0.03803896903991699, 0.035269975662231445, 0.07079148292541504]","[0.4571998119354248, 2.5602829456329346, 5.003387451171875, 1.293712854385376, 5.003291606903076, 0.7489278316497803, 5.003161430358887, 0.7452950477600098]",0.0030226707458496094,0.1647346019744873
233,"[0.020331621170043945, 0.02785778045654297, 0.03570127487182617, 0.034185171127319336, 0.037059783935546875, 0.04088091850280762, 0.043437957763671875, 0.046732187271118164, 0.17460966110229492]","[0.0032224655151367188, 0.003005504608154297, 0.0029990673065185547, 0.006400585174560547, 0.0070056915283203125, 0.006025791168212891, 0.009006500244140625, 0.005931854248046875]",0.0010123252868652344,0.05037808418273926
234,"[0.014989376068115234, 0.01989150047302246, 0.020993709564208984, 0.020001888275146484, 0.032161712646484375, 0.029993057250976562, 0.023926734924316406, 0.025041580200195312, 0.03491330146789551]","[0.0020074844360351562, 0.0020186901092529297, 0.001007080078125, 0.001001596450805664, 0.0019974708557128906, 0.00103759765625, 0.0010058879852294922, 0.0010175704956054688]",0.0,0.05615735054016113
235,"[0.01813983917236328, 0.019075632095336914, 0.019068241119384766, 0.03899383544921875, 0.02265167236328125, 0.026008129119873047, 0.02301931381225586, 0.025922775268554688, 0.0530848503112793]","[0.05645108222961426, 0.002992868423461914, 0.0030930042266845703, 0.0030050277709960938, 0.0019965171813964844, 0.002722501754760742, 0.0020003318786621094, 0.0020155906677246094]",0.0009982585906982422,0.043487548828125
236,"[0.02908802032470703, 0.03545117378234863, 0.03520536422729492, 0.03458070755004883, 0.0441126823425293, 0.04339241981506348, 0.05475282669067383, 0.04591560363769531, 0.06487917900085449]","[0.008782625198364258, 0.04831528663635254, 0.1116783618927002, 0.1113274097442627, 0.6074607372283936, 0.0049092769622802734, 0.652324914932251, 0.01750802993774414]",0.0018949508666992188,0.04471254348754883
237,"[0.03192710876464844, 0.035897254943847656, 0.061554670333862305, 0.04517221450805664, 0.04768252372741699, 0.043851375579833984, 0.04536080360412598, 0.03867530822753906, 0.05794548988342285]","[0.36954498291015625, 5.001987934112549, 0.12222576141357422, 1.8921527862548828, 5.003864765167236, 0.31972599029541016, 0.9451446533203125, 2.860211133956909]",0.0029964447021484375,0.06256675720214844
238,"[0.017900943756103516, 0.026690244674682617, 0.04277634620666504, 0.03791379928588867, 0.05241751670837402, 0.04316973686218262, 0.05001640319824219, 0.030260086059570312, 0.031545162200927734]","[0.024000167846679688, 0.265841007232666, 0.003999471664428711, 0.009000539779663086, 0.005005598068237305, 0.14162874221801758, 0.0060443878173828125, 0.010118722915649414]",0.001998424530029297,0.07749629020690918
239,"[0.021994590759277344, 0.02778768539428711, 0.03437471389770508, 0.03544330596923828, 0.040576934814453125, 0.030933380126953125, 0.03596186637878418, 0.03661227226257324, 0.041577816009521484]","[0.0025186538696289062, 0.007002353668212891, 0.003007173538208008, 0.011092662811279297, 0.002089977264404297, 0.002080202102661133, 0.0010056495666503906, 0.005998373031616211]",0.0009827613830566406,0.0420680046081543
240,"[0.03000044822692871, 0.03125309944152832, 0.03859996795654297, 0.03399300575256348, 0.04004859924316406, 0.04033255577087402, 0.03751850128173828, 0.028289318084716797, 0.04140138626098633]","[0.01900792121887207, 0.4021604061126709, 0.29570651054382324, 0.22085356712341309, 1.1631357669830322, 0.03504490852355957, 0.013005495071411133, 1.9031801223754883]",0.0029740333557128906,0.050609588623046875
241,"[0.030948638916015625, 0.02982807159423828, 0.06010794639587402, 0.04142332077026367, 0.05312299728393555, 0.049190521240234375, 0.0460355281829834, 0.04173684120178223, 0.06046605110168457]","[0.08467364311218262, 0.048187255859375, 0.007027864456176758, 5.0015013217926025, 0.8143923282623291, 0.055906057357788086, 0.004004955291748047, 0.09476232528686523]",0.001968860626220703,0.04904961585998535
242,"[0.02717733383178711, 0.034810543060302734, 0.03683018684387207, 0.03600120544433594, 0.055264949798583984, 0.04070234298706055, 0.05497884750366211, 0.027452707290649414, 0.04622626304626465]","[1.0637848377227783, 5.0016679763793945, 5.001697540283203, 3.258115291595459, 3.6402781009674072, 5.0044403076171875, 5.0023884773254395, 5.003140926361084]",0.003976106643676758,0.0617520809173584
243,"[0.02048778533935547, 0.027207612991333008, 0.03990292549133301, 0.030976533889770508, 0.03679323196411133, 0.03491687774658203, 0.03401350975036621, 0.047344207763671875, 0.03728652000427246]","[0.01700758934020996, 0.003012418746948242, 0.035216331481933594, 0.02104949951171875, 0.0029883384704589844, 0.017949581146240234, 0.010015249252319336, 0.05313992500305176]",0.0010197162628173828,0.04862833023071289
244,"[0.016079187393188477, 0.026966094970703125, 0.02110910415649414, 0.024600744247436523, 0.0328671932220459, 0.028367280960083008, 0.03875303268432617, 0.02468419075012207, 0.0411069393157959]","[0.002006053924560547, 0.002004384994506836, 0.0009987354278564453, 0.0030045509338378906, 0.0010068416595458984, 0.0029888153076171875, 0.00200653076171875, 0.005930423736572266]",0.0016276836395263672,0.045996665954589844
245,"[0.013406753540039062, 0.019438743591308594, 0.023126602172851562, 0.021004676818847656, 0.033155202865600586, 0.022930383682250977, 0.02898883819580078, 0.019184112548828125, 0.03761720657348633]","[0.002007007598876953, 0.013873100280761719, 0.005998134613037109, 0.0019865036010742188, 0.0019989013671875, 0.002026081085205078, 0.004997968673706055, 0.004116535186767578]",0.0009963512420654297,0.04505300521850586
246,"[0.01571488380432129, 0.0189974308013916, 0.02996206283569336, 0.03260660171508789, 0.028993606567382812, 0.027111530303955078, 0.02375626564025879, 0.025922298431396484, 0.04776453971862793]","[0.006005287170410156, 0.2932448387145996, 0.030006885528564453, 0.00799870491027832, 0.00803995132446289, 0.011087417602539062, 0.030594348907470703, 0.005089282989501953]",0.002080202102661133,0.05083489418029785
247,"[0.01481175422668457, 0.030878305435180664, 0.02982950210571289, 0.030371904373168945, 0.029470443725585938, 0.0219571590423584, 0.03191542625427246, 0.026682376861572266, 0.03280448913574219]","[0.016232967376708984, 0.01672673225402832, 0.024646997451782227, 0.029996633529663086, 0.01754903793334961, 0.009001493453979492, 0.06600737571716309, 0.002038717269897461]",0.0009796619415283203,0.0650789737701416
248,"[0.015994548797607422, 0.0377650260925293, 0.041731834411621094, 0.03288769721984863, 0.04641866683959961, 0.03179049491882324, 0.04872274398803711, 0.041904449462890625, 0.08394885063171387]","[0.02454853057861328, 4.373179912567139, 0.6603362560272217, 5.005953550338745, 1.9422998428344727, 1.537186622619629, 5.003021240234375, 0.13088274002075195]",0.0032100677490234375,0.06103658676147461
249,"[0.020020008087158203, 0.03427886962890625, 0.032527923583984375, 0.04390668869018555, 0.04331183433532715, 0.045989990234375, 0.05189371109008789, 0.04510164260864258, 0.06441235542297363]","[0.013122797012329102, 0.026536941528320312, 0.012102365493774414, 0.008014440536499023, 0.19540715217590332, 0.23352766036987305, 0.003961801528930664, 0.02397775650024414]",0.0010654926300048828,0.05282115936279297
250,"[0.02015209197998047, 0.030410289764404297, 0.02873682975769043, 0.0350031852722168, 0.025005102157592773, 0.033888816833496094, 0.04654860496520996, 0.03258562088012695, 0.06628036499023438]","[0.0030050277709960938, 0.010007143020629883, 0.016178607940673828, 0.009392499923706055, 0.019937753677368164, 0.14636921882629395, 0.025636672973632812, 0.03666853904724121]",0.002057790756225586,0.06262087821960449
251,"[0.02399444580078125, 0.03150582313537598, 0.037685394287109375, 0.038616180419921875, 0.035186767578125, 0.06495046615600586, 0.044661521911621094, 0.02938389778137207, 0.05186748504638672]","[5.0013628005981445, 5.004892110824585, 5.004396915435791, 5.005634069442749, 5.004545450210571, 5.005662202835083, 3.137251853942871, 5.007367372512817]",0.00560307502746582,0.10385775566101074
252,"[0.03314089775085449, 0.04516339302062988, 0.03167319297790527, 0.04392218589782715, 0.055600881576538086, 0.04207348823547363, 0.0629429817199707, 0.04870796203613281, 0.047266244888305664]","[0.5680947303771973, 0.8624799251556396, 0.8095197677612305, 0.4836750030517578, 0.3493938446044922, 1.4555847644805908, 4.222260475158691, 0.702139139175415]",0.002902984619140625,0.06560897827148438
253,"[0.01513218879699707, 0.03196310997009277, 0.0314183235168457, 0.04134535789489746, 0.03768134117126465, 0.03395652770996094, 0.040958404541015625, 0.029048919677734375, 0.03615403175354004]","[0.014674901962280273, 0.884063720703125, 3.0625715255737305, 0.9221103191375732, 0.030102014541625977, 1.616504430770874, 0.3834805488586426, 0.4065728187561035]",0.001973867416381836,0.10073614120483398
254,"[0.014798879623413086, 0.024069786071777344, 0.03148078918457031, 0.0355534553527832, 0.031908512115478516, 0.02495431900024414, 0.035970449447631836, 0.024840354919433594, 0.02808403968811035]","[0.0019991397857666016, 0.0015232563018798828, 0.002111673355102539, 0.0010094642639160156, 0.0030052661895751953, 0.0020210742950439453, 0.0010714530944824219, 0.0009989738464355469]",0.0,0.04127788543701172
255,"[0.023378372192382812, 0.026682376861572266, 0.0211489200592041, 0.03588223457336426, 0.035924673080444336, 0.0297853946685791, 0.030971527099609375, 0.04542875289916992, 0.02942204475402832]","[0.004000663757324219, 0.006001949310302734, 0.09689760208129883, 0.08051276206970215, 0.06878924369812012, 0.21200132369995117, 0.08452725410461426, 0.0269930362701416]",0.0009937286376953125,0.05974006652832031
256,"[0.018527984619140625, 0.03437471389770508, 0.029798030853271484, 0.03597545623779297, 0.04109454154968262, 0.030465364456176758, 0.03974294662475586, 0.036028146743774414, 0.0317230224609375]","[0.04556155204772949, 0.0724787712097168, 0.007004976272583008, 0.0070230960845947266, 0.011113166809082031, 0.007982969284057617, 0.0030095577239990234, 0.04452180862426758]",0.001012563705444336,0.043100833892822266
257,"[0.014994382858276367, 0.03060436248779297, 0.024144887924194336, 0.04394125938415527, 0.03830528259277344, 0.031679391860961914, 0.020926713943481445, 0.021184682846069336, 0.02446579933166504]","[0.0010068416595458984, 0.003008604049682617, 0.006005287170410156, 0.0020182132720947266, 0.003998279571533203, 0.0020029544830322266, 0.01501774787902832, 0.0025064945220947266]",0.0009982585906982422,0.041916847229003906
258,"[0.018817663192749023, 0.0397951602935791, 0.026073694229125977, 0.028893232345581055, 0.027505159378051758, 0.03506135940551758, 0.023834228515625, 0.02434992790222168, 0.032048940658569336]","[0.05679941177368164, 0.02911663055419922, 0.02451610565185547, 0.12775540351867676, 0.12098097801208496, 0.15452814102172852, 0.018539905548095703, 0.0059986114501953125]",0.001986980438232422,0.06173300743103027
259,"[0.01384282112121582, 0.030069589614868164, 0.0303342342376709, 0.029896020889282227, 0.03577280044555664, 0.03523540496826172, 0.04689812660217285, 0.035047292709350586, 0.030164718627929688]","[0.00899815559387207, 0.0050199031829833984, 0.004022836685180664, 0.020116806030273438, 0.003999948501586914, 0.004010677337646484, 0.036986589431762695, 0.009004354476928711]",0.0009720325469970703,0.04979395866394043
260,"[0.017450571060180664, 0.028322219848632812, 0.03185868263244629, 0.03488874435424805, 0.02660059928894043, 0.02415919303894043, 0.030025005340576172, 0.035791635513305664, 0.03576469421386719]","[0.002005338668823242, 0.0019996166229248047, 0.00200653076171875, 0.0019986629486083984, 0.002005338668823242, 0.0020148754119873047, 0.0030069351196289062, 0.002003192901611328]",0.0009088516235351562,0.042447805404663086
261,"[0.01895618438720703, 0.02099752426147461, 0.016997575759887695, 0.0233917236328125, 0.024994611740112305, 0.021851778030395508, 0.021154403686523438, 0.02198505401611328, 0.030080318450927734]","[0.002006053924560547, 0.0010061264038085938, 0.0020062923431396484, 0.0009984970092773438, 0.002004861831665039, 0.0019905567169189453, 0.0010104179382324219, 0.0010225772857666016]",0.0,0.03801989555358887
262,"[0.025429725646972656, 0.04266858100891113, 0.019957780838012695, 0.034030914306640625, 0.026994943618774414, 0.027376890182495117, 0.03586840629577637, 0.03132438659667969, 0.0411984920501709]","[0.02852916717529297, 0.005003690719604492, 0.04531407356262207, 0.033916473388671875, 0.03387331962585449, 0.03803610801696777, 0.017999649047851562, 0.050520896911621094]",0.001005411148071289,0.04861569404602051
263,"[0.021798133850097656, 0.020873546600341797, 0.025904178619384766, 0.03140544891357422, 0.03688859939575195, 0.04079794883728027, 0.03906416893005371, 0.03384256362915039, 0.04302334785461426]","[0.002006053924560547, 0.0072629451751708984, 0.015927791595458984, 0.0020055770874023438, 0.001998424530029297, 0.0020682811737060547, 0.002004861831665039, 0.0044956207275390625]",0.0009815692901611328,0.05047249794006348
264,"[0.020079374313354492, 0.03761768341064453, 0.032050132751464844, 0.036959171295166016, 0.05353283882141113, 0.04208731651306152, 0.03464341163635254, 0.03973197937011719, 0.0460202693939209]","[0.03124690055847168, 0.06964802742004395, 0.12861919403076172, 5.001978397369385, 1.5397870540618896, 0.09318327903747559, 0.3514719009399414, 0.335064172744751]",0.0029129981994628906,0.04270195960998535
265,"[0.02384781837463379, 0.02879643440246582, 0.04178190231323242, 0.03754115104675293, 0.032874345779418945, 0.048046112060546875, 0.04117465019226074, 0.04404807090759277, 0.038744449615478516]","[0.004467487335205078, 0.26441216468811035, 0.043105363845825195, 0.0050008296966552734, 0.08696126937866211, 0.005840778350830078, 0.005520343780517578, 5.00320291519165]",0.0019037723541259766,0.05021405220031738
266,"[0.02451610565185547, 0.029160737991333008, 0.04482102394104004, 0.03296661376953125, 0.03539443016052246, 0.033560752868652344, 0.04383039474487305, 0.030775070190429688, 0.030301332473754883]","[0.393770694732666, 5.0026280879974365, 4.047600984573364, 1.0010716915130615, 5.003435850143433, 5.002778768539429, 5.002460241317749, 1.1230733394622803]",0.002995014190673828,0.07721090316772461
267,"[0.018300771713256836, 0.025327205657958984, 0.029681682586669922, 0.03167581558227539, 0.037096500396728516, 0.031937360763549805, 0.043906211853027344, 0.03762936592102051, 0.04060792922973633]","[0.015510320663452148, 0.01499795913696289, 0.003005504608154297, 0.003999948501586914, 0.026122093200683594, 0.057868003845214844, 0.019008159637451172, 0.017003297805786133]",0.0010035037994384766,0.049978017807006836
268,"[0.025760173797607422, 0.028930187225341797, 0.029981613159179688, 0.02818775177001953, 0.027002811431884766, 0.035379886627197266, 0.03874945640563965, 0.026952028274536133, 0.03332638740539551]","[0.0050051212310791016, 0.03452110290527344, 0.29695630073547363, 0.04500007629394531, 0.007009267807006836, 0.00799870491027832, 0.011534929275512695, 0.005011558532714844]",0.0019981861114501953,0.05051684379577637
269,"[0.020404577255249023, 0.02713918685913086, 0.03395986557006836, 0.03188943862915039, 0.03649568557739258, 0.03107142448425293, 0.03186225891113281, 0.04247617721557617, 0.03709912300109863]","[0.004018545150756836, 0.0070514678955078125, 0.009018182754516602, 0.0029993057250976562, 0.0030050277709960938, 0.0030090808868408203, 0.01800251007080078, 0.02818441390991211]",0.001998424530029297,0.04846930503845215
270,"[0.023688077926635742, 0.03420281410217285, 0.0299227237701416, 0.04092264175415039, 0.04509449005126953, 0.04335951805114746, 0.0379946231842041, 0.04105806350708008, 0.049524545669555664]","[0.0030052661895751953, 0.004004716873168945, 0.005004405975341797, 0.003998994827270508, 0.003998756408691406, 0.0040111541748046875, 0.02499985694885254, 0.00806879997253418]",0.0010139942169189453,0.04295778274536133
271,"[0.024203777313232422, 0.019351482391357422, 0.02668309211730957, 0.02700042724609375, 0.029000282287597656, 0.028002500534057617, 0.04479074478149414, 0.03878355026245117, 0.05015683174133301]","[0.0030059814453125, 0.004006385803222656, 0.0030052661895751953, 0.01200556755065918, 0.16005969047546387, 0.02707362174987793, 0.0050106048583984375, 0.003040313720703125]",0.0010001659393310547,0.05387306213378906
272,"[0.02424001693725586, 0.02547597885131836, 0.03158426284790039, 0.023533344268798828, 0.03719210624694824, 0.041613101959228516, 0.0373539924621582, 0.028412342071533203, 0.033699750900268555]","[0.3331477642059326, 0.30290865898132324, 0.09618210792541504, 2.2323009967803955, 0.0544586181640625, 0.3480095863342285, 3.3072705268859863, 0.2890326976776123]",0.0020279884338378906,0.07579421997070312
273,"[0.02178478240966797, 0.028770923614501953, 0.03158068656921387, 0.03740882873535156, 0.048355817794799805, 0.03234672546386719, 0.043242692947387695, 0.04427051544189453, 0.04868125915527344]","[0.016034364700317383, 0.025458574295043945, 0.016104698181152344, 0.013006210327148438, 0.01152348518371582, 0.04964637756347656, 0.04204416275024414, 0.025983333587646484]",0.001989603042602539,0.045119524002075195
274,"[0.017170429229736328, 0.029070377349853516, 0.02709674835205078, 0.02474522590637207, 0.034924983978271484, 0.04279518127441406, 0.03494834899902344, 0.02725076675415039, 0.034639835357666016]","[0.001996278762817383, 0.0030035972595214844, 0.003006458282470703, 0.004998683929443359, 0.005986928939819336, 0.001992464065551758, 0.0020051002502441406, 0.0020134449005126953]",0.0015647411346435547,0.050737857818603516
275,"[0.01513981819152832, 0.02719259262084961, 0.027901411056518555, 0.024993896484375, 0.038059234619140625, 0.039002180099487305, 0.03141307830810547, 0.03580069541931152, 0.03314018249511719]","[0.0030052661895751953, 0.007996797561645508, 0.009006023406982422, 0.016600847244262695, 0.019101381301879883, 0.0020079612731933594, 0.026102304458618164, 0.015001535415649414]",0.0009989738464355469,0.07301115989685059
276,"[0.0324406623840332, 0.04227328300476074, 0.03285098075866699, 0.03929567337036133, 0.044515371322631836, 0.048407554626464844, 0.053513288497924805, 0.03677558898925781, 0.049944400787353516]","[5.001733779907227, 5.003881454467773, 5.0039167404174805, 5.004721403121948, 5.004578113555908, 5.004873514175415, 5.007691860198975, 5.006897211074829]",0.006998777389526367,0.09850239753723145
277,"[0.03988170623779297, 0.042429447174072266, 0.04077935218811035, 0.039930105209350586, 0.03799176216125488, 0.04678916931152344, 0.05960583686828613, 0.04807305335998535, 0.04328012466430664]","[2.0006635189056396, 5.0057313442230225, 5.004103422164917, 1.6602728366851807, 5.003559112548828, 0.3730309009552002, 0.015902042388916016, 5.005065441131592]",0.0029997825622558594,0.05298209190368652
278,"[0.028903961181640625, 0.04610419273376465, 0.040978431701660156, 0.03990030288696289, 0.04917645454406738, 0.05222153663635254, 0.04423975944519043, 0.03539466857910156, 0.04004549980163574]","[0.41528964042663574, 5.00368595123291, 2.3178091049194336, 4.2276084423065186, 0.2512023448944092, 3.2661240100860596, 0.1559751033782959, 0.38181495666503906]",0.002879619598388672,0.06203603744506836
279,"[0.021223783493041992, 0.035771846771240234, 0.03941965103149414, 0.05015110969543457, 0.056035518646240234, 0.037610769271850586, 0.0467531681060791, 0.039957523345947266, 0.03229498863220215]","[0.0030057430267333984, 0.011449098587036133, 0.22510313987731934, 0.025531530380249023, 0.011110305786132812, 0.02111983299255371, 0.02699875831604004, 0.007037162780761719]",0.0020990371704101562,0.04815173149108887
280,"[0.028454303741455078, 0.03700733184814453, 0.03866076469421387, 0.03892016410827637, 0.059546470642089844, 0.036150455474853516, 0.05604958534240723, 0.035907745361328125, 0.04238390922546387]","[0.04611015319824219, 0.1987590789794922, 0.029142141342163086, 0.4277489185333252, 0.0030050277709960938, 0.0470890998840332, 0.010856389999389648, 0.003999471664428711]",0.00200653076171875,0.04939150810241699
281,"[0.021001815795898438, 0.020398616790771484, 0.022397756576538086, 0.02992844581604004, 0.052161216735839844, 0.035291194915771484, 0.04170370101928711, 0.03556656837463379, 0.04041743278503418]","[0.021510839462280273, 0.013005733489990234, 0.011116504669189453, 0.061181068420410156, 0.018007278442382812, 0.03592085838317871, 0.02491283416748047, 0.005999326705932617]",0.0010247230529785156,0.04579782485961914
282,"[0.019222736358642578, 0.035958051681518555, 0.028356552124023438, 0.028954744338989258, 0.05261635780334473, 0.03679490089416504, 0.056769371032714844, 0.02614426612854004, 0.03946805000305176]","[0.033513545989990234, 0.19904446601867676, 0.2685251235961914, 0.1672496795654297, 2.6035923957824707, 5.003612041473389, 0.3107595443725586, 1.1215221881866455]",0.0020008087158203125,0.07927703857421875
283,"[0.020009756088256836, 0.03240013122558594, 0.03651857376098633, 0.031156063079833984, 0.03711128234863281, 0.050631046295166016, 0.050169944763183594, 0.029907703399658203, 0.029405593872070312]","[0.002010822296142578, 0.0010058879852294922, 0.0010030269622802734, 0.002003192901611328, 0.0010044574737548828, 0.020107269287109375, 0.0025832653045654297, 0.002010822296142578]",0.0010004043579101562,0.0465240478515625
284,"[0.02456521987915039, 0.02968287467956543, 0.021823644638061523, 0.032753705978393555, 0.06057548522949219, 0.03763556480407715, 0.05616617202758789, 0.02677631378173828, 0.03530311584472656]","[0.0060083866119384766, 0.0030052661895751953, 0.008012056350708008, 1.6131680011749268, 0.08785510063171387, 0.1893293857574463, 0.9926900863647461, 0.12688255310058594]",0.0019991397857666016,0.0527191162109375
285,"[0.015917062759399414, 0.03299856185913086, 0.01669001579284668, 0.0229952335357666, 0.05706334114074707, 0.023883342742919922, 0.03553462028503418, 0.026026487350463867, 0.035198211669921875]","[0.002012491226196289, 0.0020101070404052734, 0.0010066032409667969, 0.00614619255065918, 0.0010068416595458984, 0.003016948699951172, 0.0010418891906738281, 0.002010345458984375]",0.0,0.044007301330566406
286,"[0.022325515747070312, 0.02800297737121582, 0.0305020809173584, 0.02599954605102539, 0.05697751045227051, 0.03749704360961914, 0.04841041564941406, 0.03196215629577637, 0.024744749069213867]","[0.3134124279022217, 5.001471519470215, 5.002300500869751, 0.21896600723266602, 5.0025410652160645, 5.003566026687622, 5.002749919891357, 3.7622320652008057]",0.0030083656311035156,0.06279325485229492
287,"[0.026421070098876953, 0.04908442497253418, 0.03891634941101074, 0.035163164138793945, 0.048905372619628906, 0.05138993263244629, 0.07803654670715332, 0.0520017147064209, 0.05330085754394531]","[0.17116618156433105, 0.032973527908325195, 0.18114757537841797, 0.374434232711792, 1.6795523166656494, 1.6730661392211914, 0.18174028396606445, 0.364307165145874]",0.0029876232147216797,0.0647726058959961
288,"[0.011636734008789062, 0.03199577331542969, 0.021137714385986328, 0.03118729591369629, 0.03970837593078613, 0.03600573539733887, 0.04087233543395996, 0.042536258697509766, 0.03432202339172363]","[0.0009860992431640625, 0.0010013580322265625, 0.0010094642639160156, 0.001007080078125, 0.0010058879852294922, 0.0029959678649902344, 0.0009963512420654297, 0.002959012985229492]",0.0020012855529785156,0.04365396499633789
289,"[0.03170347213745117, 0.03874039649963379, 0.03628873825073242, 0.03100109100341797, 0.05058479309082031, 0.03856611251831055, 0.055771589279174805, 0.036299943923950195, 0.03194093704223633]","[1.2318987846374512, 5.002040147781372, 5.002851247787476, 5.004660606384277, 5.001950740814209, 5.004332780838013, 2.847344160079956, 5.003397703170776]",0.00400853157043457,0.0734550952911377
290,"[0.03909182548522949, 0.03961658477783203, 0.04602384567260742, 0.04656219482421875, 0.04710817337036133, 0.0474085807800293, 0.05741143226623535, 0.03869152069091797, 0.061096906661987305]","[0.0030014514923095703, 0.00501704216003418, 0.009006261825561523, 0.022582292556762695, 0.01754283905029297, 0.034766197204589844, 0.013997793197631836, 0.06859326362609863]",0.002009868621826172,0.05367136001586914
291,"[0.027768611907958984, 0.026807546615600586, 0.04941129684448242, 0.03760933876037598, 0.06045389175415039, 0.03431415557861328, 0.06204938888549805, 0.03359365463256836, 0.05019998550415039]","[0.008006572723388672, 0.018637895584106445, 0.23329877853393555, 0.21858811378479004, 0.12392878532409668, 0.12296819686889648, 0.23756098747253418, 0.049484968185424805]",0.0019998550415039062,0.058535099029541016
292,"[0.014997243881225586, 0.021874666213989258, 0.02960062026977539, 0.02951502799987793, 0.04748272895812988, 0.049939632415771484, 0.0544586181640625, 0.03385806083679199, 0.0382387638092041]","[0.004527568817138672, 0.00200653076171875, 0.01212930679321289, 0.0045261383056640625, 0.006006717681884766, 0.012676477432250977, 0.01101231575012207, 0.0020127296447753906]",0.0010044574737548828,0.05843710899353027
293,"[0.022119760513305664, 0.023532629013061523, 0.022055864334106445, 0.036751508712768555, 0.048944711685180664, 0.03869438171386719, 0.04795670509338379, 0.029163360595703125, 0.030833005905151367]","[0.5853376388549805, 0.008020162582397461, 0.0029990673065185547, 0.0038809776306152344, 0.005994558334350586, 0.005005836486816406, 0.029511451721191406, 0.014123678207397461]",0.0019981861114501953,0.04675030708312988
294,"[0.027826786041259766, 0.030737638473510742, 0.018358469009399414, 0.031025409698486328, 0.04499697685241699, 0.03879857063293457, 0.04796147346496582, 0.02743983268737793, 0.03957962989807129]","[0.002997875213623047, 0.002019166946411133, 0.0020127296447753906, 0.0019981861114501953, 0.00200653076171875, 0.002998828887939453, 0.002014636993408203, 0.0019838809967041016]",0.0010008811950683594,0.05041027069091797
295,"[0.015363454818725586, 0.01951122283935547, 0.017714738845825195, 0.03103351593017578, 0.03250861167907715, 0.023999691009521484, 0.03491568565368652, 0.02582526206970215, 0.021634340286254883]","[0.00099945068359375, 0.002003908157348633, 0.0019960403442382812, 0.0019998550415039062, 0.002005338668823242, 0.0010051727294921875, 0.0010094642639160156, 0.0020151138305664062]",0.0,0.05029869079589844
296,"[0.024815797805786133, 0.01883220672607422, 0.01878046989440918, 0.03576064109802246, 0.03323721885681152, 0.03234410285949707, 0.04276108741760254, 0.021350622177124023, 0.02465963363647461]","[0.0049991607666015625, 0.0049953460693359375, 0.0020051002502441406, 0.004008054733276367, 0.001992464065551758, 0.005266904830932617, 0.00811004638671875, 0.0020112991333007812]",0.0010082721710205078,0.05333352088928223
297,"[0.016855478286743164, 0.021004199981689453, 0.016999483108520508, 0.026984691619873047, 0.03152108192443848, 0.020994901657104492, 0.03593039512634277, 0.02870488166809082, 0.031316518783569336]","[0.0025315284729003906, 0.001007080078125, 0.002000570297241211, 0.0024323463439941406, 0.0010068416595458984, 0.003466367721557617, 0.002004861831665039, 0.0010111331939697266]",0.0009391307830810547,0.04247617721557617
298,"[0.032213687896728516, 0.02700662612915039, 0.04523062705993652, 0.03818559646606445, 0.038999319076538086, 0.03702044486999512, 0.04768991470336914, 0.051278114318847656, 0.04329061508178711]","[1.5450794696807861, 0.06767058372497559, 0.39939165115356445, 0.3629004955291748, 0.29512906074523926, 0.1412351131439209, 2.087092876434326, 0.09825658798217773]",0.002000093460083008,0.05912065505981445
299,"[0.031514644622802734, 0.0402522087097168, 0.026692628860473633, 0.038064002990722656, 0.04251551628112793, 0.04977226257324219, 0.059617042541503906, 0.04529285430908203, 0.04563426971435547]","[0.0020072460174560547, 0.004006385803222656, 0.0021343231201171875, 0.02008652687072754, 0.004005908966064453, 0.004004955291748047, 0.02509307861328125, 0.002092123031616211]",0.0010097026824951172,0.0434267520904541
300,"[0.03298187255859375, 0.026090145111083984, 0.030379295349121094, 0.03679251670837402, 0.04642081260681152, 0.043020009994506836, 0.061455726623535156, 0.047243356704711914, 0.04112672805786133]","[0.0590817928314209, 0.013013839721679688, 0.918623685836792, 1.5831379890441895, 0.49828124046325684, 0.4997744560241699, 0.15615296363830566, 0.2364799976348877]",0.0019979476928710938,0.04178786277770996
301,"[0.022523164749145508, 0.023940563201904297, 0.02587103843688965, 0.03500032424926758, 0.03150534629821777, 0.03226590156555176, 0.0364682674407959, 0.027605295181274414, 0.04735302925109863]","[0.0020024776458740234, 0.00099945068359375, 0.00099945068359375, 0.0020074844360351562, 0.002219676971435547, 0.002004384994506836, 0.0008628368377685547, 0.0020809173583984375]",0.000995635986328125,0.04100346565246582
302,"[0.032022714614868164, 0.01816105842590332, 0.021878957748413086, 0.02928638458251953, 0.032132863998413086, 0.03232741355895996, 0.03753781318664551, 0.03191375732421875, 0.035118818283081055]","[0.016110897064208984, 0.003995180130004883, 0.003269195556640625, 0.003002643585205078, 0.002874135971069336, 0.014132976531982422, 0.0049896240234375, 0.0047838687896728516]",0.001008749008178711,0.04491996765136719
303,"[0.019252538681030273, 0.026783227920532227, 0.022232770919799805, 0.023991823196411133, 0.030511140823364258, 0.03004002571105957, 0.05132746696472168, 0.018478870391845703, 0.02728557586669922]","[0.0016307830810546875, 0.0010154247283935547, 0.0009987354278564453, 0.003006458282470703, 0.002116680145263672, 0.0050048828125, 0.001934051513671875, 0.004100322723388672]",0.0010068416595458984,0.041712284088134766
304,"[0.022413253784179688, 0.02295231819152832, 0.020807743072509766, 0.0218808650970459, 0.03499460220336914, 0.03342437744140625, 0.04899907112121582, 0.023207902908325195, 0.03939318656921387]","[0.0030014514923095703, 0.0030057430267333984, 0.015005350112915039, 0.2382948398590088, 0.01011037826538086, 0.00400853157043457, 0.003004789352416992, 0.005601406097412109]",0.0009987354278564453,0.03746986389160156
305,"[0.028711795806884766, 0.026951313018798828, 0.024576902389526367, 0.035750389099121094, 0.07067179679870605, 0.04436159133911133, 0.06905388832092285, 0.020978212356567383, 0.0492246150970459]","[0.016109466552734375, 4.451129198074341, 5.001962184906006, 0.03799605369567871, 1.6322746276855469, 0.26535868644714355, 0.6076433658599854, 0.04146242141723633]",0.002086639404296875,0.0652012825012207
306,"[0.03319358825683594, 0.029690027236938477, 0.030344009399414062, 0.03498554229736328, 0.03350567817687988, 0.04381513595581055, 0.05307769775390625, 0.039507389068603516, 0.04698991775512695]","[0.005006074905395508, 0.008121252059936523, 0.006995439529418945, 0.006001949310302734, 0.0030069351196289062, 0.007021427154541016, 0.011532783508300781, 0.005012035369873047]",0.0,0.04662680625915527
307,"[0.03433728218078613, 0.03239130973815918, 0.0360567569732666, 0.037075042724609375, 0.03750467300415039, 0.03832840919494629, 0.06415462493896484, 0.03905797004699707, 0.044359683990478516]","[0.04559946060180664, 0.005014896392822266, 0.013005256652832031, 0.024005413055419922, 0.005094289779663086, 0.016110658645629883, 0.034998416900634766, 3.797173023223877]",0.003000020980834961,0.04717683792114258
308,"[0.024456262588500977, 0.03737163543701172, 0.03162670135498047, 0.03184628486633301, 0.041002511978149414, 0.04618954658508301, 0.05821561813354492, 0.04358243942260742, 0.05137324333190918]","[0.00800633430480957, 0.003005504608154297, 0.0398712158203125, 0.1636049747467041, 0.0030059814453125, 0.0181119441986084, 0.00799870491027832, 0.006010770797729492]",0.0020568370819091797,0.052567481994628906
309,"[0.02705693244934082, 0.022767305374145508, 0.028019428253173828, 0.031225204467773438, 0.02831101417541504, 0.02799367904663086, 0.05430483818054199, 0.025650978088378906, 0.03627419471740723]","[0.0030088424682617188, 0.001999378204345703, 0.004560947418212891, 0.0029993057250976562, 0.002004861831665039, 0.02115345001220703, 0.0010178089141845703, 0.0010111331939697266]",0.001007080078125,0.05302858352661133
310,"[0.02519679069519043, 0.02613973617553711, 0.031632184982299805, 0.025989055633544922, 0.03351187705993652, 0.03475189208984375, 0.04790091514587402, 0.026602983474731445, 0.03887629508972168]","[0.004004716873168945, 0.9327890872955322, 1.9006593227386475, 5.002737998962402, 1.9347801208496094, 2.918642044067383, 5.0022077560424805, 0.20081210136413574]",0.002912759780883789,0.0796208381652832
311,"[0.048004150390625, 0.021884918212890625, 0.03631591796875, 0.03891420364379883, 0.0390019416809082, 0.05619001388549805, 0.060768842697143555, 0.048448801040649414, 0.03452420234680176]","[5.0022923946380615, 5.001373529434204, 4.8497278690338135, 5.003112077713013, 4.178173065185547, 0.4801499843597412, 0.2109060287475586, 0.04070472717285156]",0.00200653076171875,0.06357765197753906
312,"[0.027530908584594727, 0.029541015625, 0.029857635498046875, 0.027902841567993164, 0.03603076934814453, 0.0304262638092041, 0.050325632095336914, 0.03587174415588379, 0.034012556076049805]","[0.0010058879852294922, 0.0020084381103515625, 0.001520395278930664, 0.0020058155059814453, 0.002014636993408203, 0.003003835678100586, 0.0010066032409667969, 0.004182100296020508]",0.0,0.04294610023498535
313,"[0.0263364315032959, 0.02067852020263672, 0.0253293514251709, 0.025992631912231445, 0.020992279052734375, 0.025993824005126953, 0.0388789176940918, 0.0260007381439209, 0.02136826515197754]","[0.03890037536621094, 0.15865778923034668, 0.0040514469146728516, 0.04052734375, 0.024715662002563477, 0.1435694694519043, 0.01806020736694336, 0.0998833179473877]",0.002000093460083008,0.044841766357421875
314,"[0.03140878677368164, 0.025264263153076172, 0.03255629539489746, 0.022000551223754883, 0.03851008415222168, 0.02989935874938965, 0.05448031425476074, 0.03685784339904785, 0.037404775619506836]","[0.012789249420166016, 0.010010957717895508, 0.007006645202636719, 0.003999948501586914, 0.0020020008087158203, 0.0041124820709228516, 0.010998964309692383, 0.0031402111053466797]",0.0019979476928710938,0.038535118103027344
315,"[0.024250030517578125, 0.030124664306640625, 0.0277252197265625, 0.025020122528076172, 0.04399418830871582, 0.033368825912475586, 0.04101371765136719, 0.0325925350189209, 0.023905515670776367]","[0.009869098663330078, 0.007006168365478516, 0.025521039962768555, 0.0055387020111083984, 0.017612934112548828, 0.0059850215911865234, 0.10491681098937988, 0.00220489501953125]",0.001001596450805664,0.059850215911865234
316,"[0.017515182495117188, 0.028475284576416016, 0.02136683464050293, 0.032337188720703125, 0.028987646102905273, 0.03845381736755371, 0.048232078552246094, 0.03523063659667969, 0.02510213851928711]","[0.002005338668823242, 0.01400899887084961, 0.01421666145324707, 0.0240023136138916, 0.3669707775115967, 0.04301810264587402, 0.003998756408691406, 0.1832873821258545]",0.0019381046295166016,0.04308938980102539
317,"[0.018003225326538086, 0.020833492279052734, 0.028183460235595703, 0.02538776397705078, 0.03442955017089844, 0.039511680603027344, 0.04405498504638672, 0.024535179138183594, 0.046700239181518555]","[0.0050051212310791016, 0.016594886779785156, 0.020005226135253906, 0.00654149055480957, 0.004996538162231445, 0.00499725341796875, 0.004998922348022461, 0.009006023406982422]",0.0010514259338378906,0.044876813888549805
318,"[0.01459050178527832, 0.026494503021240234, 0.025388479232788086, 0.03000187873840332, 0.026999950408935547, 0.028824567794799805, 0.0464329719543457, 0.02341294288635254, 0.027133703231811523]","[0.012005805969238281, 0.0020062923431396484, 0.002001523971557617, 0.0020062923431396484, 0.046091556549072266, 0.022099971771240234, 0.06950616836547852, 0.002010822296142578]",0.0020227432250976562,0.0437166690826416
319,"[0.014008283615112305, 0.027159690856933594, 0.019780874252319336, 0.025001049041748047, 0.0249941349029541, 0.03077530860900879, 0.05287432670593262, 0.026109933853149414, 0.026721477508544922]","[0.0020139217376708984, 0.001009225845336914, 0.001007080078125, 0.0020051002502441406, 0.0020017623901367188, 0.002026796340942383, 0.0020036697387695312, 0.003001689910888672]",0.0,0.03401470184326172
320,"[0.01351165771484375, 0.013262033462524414, 0.017452478408813477, 0.017499923706054688, 0.028002023696899414, 0.025256872177124023, 0.039469242095947266, 0.022130489349365234, 0.029929399490356445]","[0.002001047134399414, 0.0015113353729248047, 0.0009999275207519531, 0.0010356903076171875, 0.0020074844360351562, 0.0019986629486083984, 0.0010068416595458984, 0.0034346580505371094]",0.0010001659393310547,0.026485204696655273
321,"[0.014106988906860352, 0.021028757095336914, 0.02113628387451172, 0.018993616104125977, 0.025005817413330078, 0.01999378204345703, 0.0395197868347168, 0.015926361083984375, 0.030933856964111328]","[0.002152681350708008, 0.0019986629486083984, 0.001998424530029297, 0.0009951591491699219, 0.0020062923431396484, 0.005000114440917969, 0.002005338668823242, 0.0070154666900634766]",0.0009801387786865234,0.03665328025817871
322,"[0.0169985294342041, 0.02834343910217285, 0.020083189010620117, 0.04401898384094238, 0.03199362754821777, 0.023988962173461914, 0.04399704933166504, 0.021966218948364258, 0.04286599159240723]","[0.005005598068237305, 0.2320995330810547, 0.007002592086791992, 0.019028186798095703, 0.0030062198638916016, 0.006006717681884766, 0.0030052661895751953, 0.002969980239868164]",0.0010194778442382812,0.07590675354003906
323,"[0.011995315551757812, 0.01922130584716797, 0.02393364906311035, 0.02899479866027832, 0.0260617733001709, 0.04237484931945801, 0.04344296455383301, 0.017246723175048828, 0.035381317138671875]","[0.001997709274291992, 0.001993894577026367, 0.004006862640380859, 0.0020084381103515625, 0.0030066967010498047, 0.018003225326538086, 0.0019989013671875, 0.004997968673706055]",0.0012862682342529297,0.05334639549255371
324,"[0.0626380443572998, 0.07886624336242676, 0.07256460189819336, 0.07591080665588379, 0.08768582344055176, 0.09632563591003418, 0.13761401176452637, 0.08410382270812988, 0.10306072235107422]","[5.0038673877716064, 5.006025552749634, 5.006897926330566, 5.006952285766602, 5.00665545463562, 5.0101158618927, 0.9098677635192871, 5.007018566131592]",0.00600123405456543,0.08917713165283203
325,"[0.022207021713256836, 0.037447214126586914, 0.041147470474243164, 0.04950761795043945, 0.04799199104309082, 0.0626974105834961, 0.0591740608215332, 0.05577278137207031, 0.09707093238830566]","[0.8237473964691162, 1.2767469882965088, 5.003920078277588, 0.5268707275390625, 5.0048205852508545, 5.008256673812866, 5.005717515945435, 5.007720947265625]",0.006239652633666992,0.1071474552154541
