,0
0,"This question asks the number of other objects that have the same shape as the gray object and are made of matte material (which is equivalent to rubber material in the given attributes). To answer this question, we need to:
1. Find the gray object. We expect it to be unique: scene --> filter_color_gray --> unique
2. Identify the shape of the gray object: result from step 1 --> query_shape
3. Find all objects that have the same shape as the gray object and are made of rubber material, excluding the gray object itself: scene --> filter_material_rubber --> filter_shape_<result from step 2> --> remove the gray object
4. Count its number: result from step 3 --> count

```mermaid
graph LR
    1[""scene""] --> 2[""filter_color_gray""]
    2 --> 3[""unique""]
    3 --> 4[""query_shape""]
    1 --> 5[""filter_material_rubber""]
    5 --> 6[""filter_shape_cube""]
    6 --> 7[""same_shape""]
    3 --> 8[""unique""]
    7 --> 9[""remove""]
    8 --> 9
    9 --> 10[""count""]
```
Note: Since the question asks for the ""other"" matte things, we need to remove the gray object itself from the result. However, the provided functions do not have a direct ""remove"" function. A possible workaround is to use the ""same_shape"" function to get all objects with the same shape, and then use the ""unique"" function to remove the gray object itself."
1,"This question asks about the number of shiny things that are both behind the big cyan block and on the left side of the gray block. To answer this question, we need to:
1. Find the big cyan block. We expect it to be unique: scene --> filter_size_large --> filter_color_cyan --> unique
2. Find the gray block. We expect it to be unique: scene --> filter_color_gray --> unique
3. Find the objects that are both behind the big cyan block and on the left side of the gray block: result from step 1 --> relate_behind; result from step 2 --> relate_left; AND the two results
4. Find the shiny things among these objects: result from step 3 --> filter_material_metal
5. Count the number of shiny things: result from step 4 --> count

```mermaid
graph LR
    1[""scene""] --> 2[""filter_size_large""]
    2 --> 3[""filter_color_cyan""]
    3 --> 4[""unique""]
    4 --> 5[""relate_behind""]
    1 --> 6[""filter_color_gray""]
    6 --> 7[""unique""]
    7 --> 8[""relate_left""]
    5 --> 9[""And""]
    8 --> 9
    9 --> 10[""filter_material_metal""]
    10 --> 11[""count""]
```"
2,"This question asks the number of tiny balls with the same color as the small matte object. To answer this question, we need to:
1. Find the small matte object. We expect it to be unique: scene --> filter_size_small --> filter_material_metal --> unique
2. Find all objects with the same color as this small matte object: result from step 1 --> same_color
3. Find the tiny balls among these objects: result from step 2 --> filter_size_small --> filter_shape_sphere
4. Count its number: result from step 3 --> count

```mermaid
graph LR
    1[""scene""] --> 2[""filter_size_small""]
    2 --> 3[""filter_material_metal""]
    3 --> 4[""unique""]
    4 --> 5[""same_color""]
    5 --> 6[""filter_size_small""]
    6 --> 7[""filter_shape_sphere""]
    7 --> 8[""count""]
```"
3,"This question asks the number of objects that are either red rubber cylinders or metallic cylinders and are on the right side of the green cylinder. To answer this question, we need to:
1. Find the green cylinder. We expect it to be unique: scene --> filter_color_green --> filter_shape_cylinder --> unique
2. Find the objects on the right side of the green cylinder: result from step 1 --> relate_right
3. Find the red rubber cylinders: scene --> filter_color_red --> filter_material_rubber --> filter_shape_cylinder
4. Find the metallic cylinders: scene --> filter_material_metal --> filter_shape_cylinder
5. Combine the red rubber cylinders and metallic cylinders: result from step 3 --> OR --> result from step 4
6. Find the intersection of the objects on the right side of the green cylinder and the combined cylinders: result from step 2 --> AND --> result from step 5
7. Count the number of objects: result from step 6 --> count

```mermaid
graph LR
    1[""scene""] --> 2[""filter_color_green""]
    2 --> 3[""filter_shape_cylinder""]
    3 --> 4[""unique""]
    4 --> 5[""relate_right""]
    1 --> 6[""filter_color_red""]
    6 --> 7[""filter_material_rubber""]
    7 --> 8[""filter_shape_cylinder""]
    1 --> 9[""filter_material_metal""]
    9 --> 10[""filter_shape_cylinder""]
    8 --> 11[""OR""]
    10 --> 11
    5 --> 12[""AND""]
    11 --> 12
    12 --> 13[""count""]
```"
4,"This question asks about the number of large objects that are right of the large matte cylinder in front of the cylinder that is left of the brown cylinder. To answer this question, we need to:
1. Find the brown cylinder. We expect it to be unique: scene --> filter_color_brown --> filter_shape_cylinder --> unique
2. Find the cylinder on the left of the brown cylinder: result from step 1 --> relate_left --> filter_shape_cylinder --> unique
3. Find the large matte cylinder in front of this cylinder: result from step 2 --> relate_in_front --> filter_size_large --> filter_material_metal --> filter_shape_cylinder --> unique
4. Find the large objects on the right of this large matte cylinder: result from step 3 --> relate_right --> filter_size_large
5. Count the number of large objects: result from step 4 --> count

```mermaid
graph LR
    1[""scene""] --> 2[""filter_color_brown""]
    2 --> 3[""filter_shape_cylinder""]
    3 --> 4[""unique""]
    4 --> 5[""relate_left""]
    5 --> 6[""filter_shape_cylinder""]
    6 --> 7[""unique""]
    7 --> 8[""relate_in_front""]
    8 --> 9[""filter_size_large""]
    9 --> 10[""filter_material_metal""]
    10 --> 11[""filter_shape_cylinder""]
    11 --> 12[""unique""]
    12 --> 13[""relate_right""]
    13 --> 14[""filter_size_large""]
    14 --> 15[""count""]
```"
5,"This question asks whether the matte object behind the cube has the same size as the brown shiny cylinder. To answer this question, we need to:
1. Find the cube: scene --> filter_shape_cube --> unique
2. Find the matte object behind the cube: result from step 1 --> relate_behind --> filter_material_rubber --> unique
3. Find the brown shiny cylinder: scene --> filter_color_brown --> filter_material_metal --> filter_shape_cylinder --> unique
4. Compare the sizes of the two objects: result from step 2 --> query_size; result from step 3 --> query_size; equal_size

```mermaid
graph LR
    1[""scene""] --> 2[""filter_shape_cube""]
    2 --> 3[""unique""]
    3 --> 4[""relate_behind""]
    4 --> 5[""filter_material_rubber""]
    5 --> 6[""unique""]
    6 --> 7[""query_size""]
    1 --> 8[""filter_color_brown""]
    8 --> 9[""filter_material_metal""]
    9 --> 10[""filter_shape_cylinder""]
    10 --> 11[""unique""]
    11 --> 12[""query_size""]
    7 --> 13[""equal_size""]
    12 --> 13
```"
6,"This question asks whether the color of the rubber object on the right side of the large blue rubber block is the same as the tiny shiny ball. To answer this question, we need to first find the large blue rubber block, the rubber object on its right, and the tiny shiny ball, then compare their colors.
1. Find the large blue rubber block. We expect it to be unique: scene --> filter_size_large --> filter_color_blue --> filter_material_rubber --> unique
2. Find the rubber object on the right of this block: result from step 1 --> relate_right --> filter_material_rubber --> unique
3. Find the tiny shiny ball. We expect it to be unique: scene --> filter_size_small --> filter_material_metal --> unique
4. Compare the colors of the two objects: result from step 2 --> query_color; result from step 3 --> query_color; equal_color

```mermaid
graph LR
    1[""scene""] --> 2[""filter_size_large""]
    2 --> 3[""filter_color_blue""]
    3 --> 4[""filter_material_rubber""]
    4 --> 5[""unique""]
    5 --> 6[""relate_right""]
    6 --> 7[""filter_material_rubber""]
    7 --> 8[""unique""]
    1 --> 9[""filter_size_small""]
    9 --> 10[""filter_material_metal""]
    10 --> 11[""unique""]
    8 --> 12[""query_color""]
    11 --> 13[""query_color""]
    12 --> 14[""equal_color""]
    13 --> 14
```"
7,"This question asks whether the tiny thing to the right of the matte cylinder has the same shape as the big blue thing. To answer this question, we need to:
1. Find the matte cylinder. We expect it to be unique: scene --> filter_material_rubber --> filter_shape_cylinder --> unique
2. Find the tiny thing to the right of this cylinder: result from step 1 --> relate_right --> filter_size_small --> unique
3. Find the big blue thing. We expect it to be unique: scene --> filter_size_large --> filter_color_blue --> unique
4. Compare the shapes of the two objects: result from step 2 --> query_shape; result from step 3 --> query_shape; equal_shape

```mermaid
graph LR
    1[""scene""] --> 2[""filter_material_rubber""]
    2 --> 3[""filter_shape_cylinder""]
    3 --> 4[""unique""]
    4 --> 5[""relate_right""]
    5 --> 6[""filter_size_small""]
    6 --> 7[""unique""]
    1 --> 8[""filter_size_large""]
    8 --> 9[""filter_color_blue""]
    9 --> 10[""unique""]
    7 --> 11[""query_shape""]
    10 --> 12[""query_shape""]
    11 --> 13[""equal_shape""]
    12 --> 13
```"
8,"This question asks whether the tiny metal object on the right of the gray object is the same color as the matte cube. To answer this question, we need to first find the tiny metal object and the matte cube, and then compare their colors.
1. Find the gray object. We expect it to be unique: scene --> filter_color_gray --> unique
2. Find the tiny metal object on the right of the gray object: result from step 1 --> relate_right --> filter_size_small --> filter_material_metal --> unique
3. Find the matte cube. Since matte is a synonym for non-shiny, which could be rubber, we expect it to be unique: scene --> filter_material_rubber --> filter_shape_cube --> unique
4. Compare the colors of the two objects: result from step 2 --> query_color; result from step 3 --> query_color; equal_color

```mermaid
graph LR
    1[""scene""] --> 2[""filter_color_gray""]
    2 --> 3[""unique""]
    3 --> 4[""relate_right""]
    4 --> 5[""filter_size_small""]
    5 --> 6[""filter_material_metal""]
    6 --> 7[""unique""]
    1 --> 8[""filter_material_rubber""]
    8 --> 9[""filter_shape_cube""]
    9 --> 10[""unique""]
    7 --> 11[""query_color""]
    10 --> 12[""query_color""]
    11 --> 13[""equal_color""]
    12 --> 13
```"
9,"This question asks whether there are fewer tiny brown metal balls compared to shiny things. To answer this question, we need to first find the number of tiny brown metal balls and the number of shiny things then compare them.
1. Find the set of tiny brown metal balls: scene --> filter_size_small --> filter_color_brown --> filter_material_metal --> filter_shape_sphere
2. Find the set of shiny things. Shiny things are metal objects: scene --> filter_material_metal
3. Count their numbers: result from step 1 --> count; result from step 2 --> count
4. Compare the two numbers: result from step 1 is less_than result from step 2

```mermaid
graph LR
    1[""scene""] --> 2[""filter_size_small""]
    2 --> 3[""filter_color_brown""]
    3 --> 4[""filter_material_metal""]
    4 --> 5[""filter_shape_sphere""]
    5 --> 6[""count""]
    1 --> 7[""filter_material_metal""]
    7 --> 8[""count""]
    6 --> 9[""less_than""]
    8 --> 9
```"
10,"This question asks about the color of the large shiny ball to the right of the large gray rubber cylinder. To answer this question, we need to:
1. Find the large gray rubber cylinder. We expect it to be unique: scene --> filter_size_large --> filter_color_gray --> filter_material_rubber --> filter_shape_cylinder --> unique
2. Identify the objects to the right of this cylinder: result from step 1 --> relate_right
3. Find the large shiny ball among these objects. Shiny means metal, and ball means sphere: result from step 2 --> filter_size_large --> filter_material_metal --> filter_shape_sphere --> unique
4. Query the color of this ball: result from step 3 --> query_color

```mermaid
graph LR
    1[""scene""] --> 2[""filter_size_large""]
    2 --> 3[""filter_color_gray""]
    3 --> 4[""filter_material_rubber""]
    4 --> 5[""filter_shape_cylinder""]
    5 --> 6[""unique""]
    6 --> 7[""relate_right""]
    7 --> 8[""filter_size_large""]
    8 --> 9[""filter_material_metal""]
    9 --> 10[""filter_shape_sphere""]
    10 --> 11[""unique""]
    11 --> 12[""query_color""]
```"
11,"This question asks about the size of a specific cylinder that is on the left side of the big matte thing and behind the small ball. To answer this question, we need to:
1. Find the big matte thing. We expect it to be unique: scene --> filter_size_large --> filter_material_rubber --> unique
2. Find the small ball. We expect it to be unique: scene --> filter_size_small --> filter_shape_sphere --> unique
3. Find the cylinder that is on the left side of the big matte thing and behind the small ball: result from step 1 --> relate_left; result from step 2 --> relate_behind; AND the two results; filter_shape_cylinder
4. Query the size of this cylinder: result from step 3 --> query_size

```mermaid
graph LR
    1[""scene""] --> 2[""filter_size_large""]
    2 --> 3[""filter_material_rubber""]
    3 --> 4[""unique""]
    1 --> 5[""filter_size_small""]
    5 --> 6[""filter_shape_sphere""]
    6 --> 7[""unique""]
    4 --> 8[""relate_left""]
    7 --> 9[""relate_behind""]
    8 --> 10[""And""]
    9 --> 10
    10 --> 11[""filter_shape_cylinder""]
    11 --> 12[""unique""]
    12 --> 13[""query_size""]
```"
12,"This question asks about the shape of the rubber object that is both behind the brown metallic block and in front of the purple ball. To answer this question, we need to:
1. Find the brown metallic block. We expect it to be unique: scene --> filter_color_brown --> filter_material_metal --> unique
2. Find the purple ball. We expect it to be unique: scene --> filter_color_purple --> filter_shape_sphere --> unique
3. Find the objects that are both behind the brown metallic block and in front of the purple ball: result from step 1 --> relate_behind; result from step 2 --> relate_in_front; AND the two results
4. Find the rubber object among these objects: result from step 3 --> filter_material_rubber --> unique
5. Query the shape of this rubber object: result from step 4 --> query_shape

```mermaid
graph LR
    1[""scene""] --> 2[""filter_color_brown""]
    2 --> 3[""filter_material_metal""]
    3 --> 4[""unique""]
    4 --> 5[""relate_behind""]
    1 --> 6[""filter_color_purple""]
    6 --> 7[""filter_shape_sphere""]
    7 --> 8[""unique""]
    8 --> 9[""relate_in_front""]
    5 --> 10[""And""]
    9 --> 10
    10 --> 11[""filter_material_rubber""]
    11 --> 12[""unique""]
    12 --> 13[""query_shape""]
```"
13,"This question asks about the shape of the yellow object made of the same material as the tiny red cube. To answer this question, we need to:
1. Find the tiny red cube. We expect it to be unique: scene --> filter_size_small --> filter_color_red --> unique
2. Find all objects made of the same material as this tiny red cube: result from step 1 --> same_material
3. Find the yellow object among these objects: result from step 2 --> filter_color_yellow --> unique
4. Query the shape of this yellow object: result from step 3 --> query_shape

```mermaid
graph LR
    1[""scene""] --> 2[""filter_size_small""]
    2 --> 3[""filter_color_red""]
    3 --> 4[""unique""]
    4 --> 5[""same_material""]
    5 --> 6[""filter_color_yellow""]
    6 --> 7[""unique""]
    7 --> 8[""query_shape""]
```"
14,"This question asks the size of the other metal thing that has the same shape as the small cyan thing. To answer this question, we need to:
1. Find the small cyan thing. We expect it to be unique: scene --> filter_size_small --> filter_color_cyan --> unique
2. Find all objects with the same shape as this small cyan thing: result from step 1 --> same_shape
3. Find the metal object among them (excluding the original small cyan thing): result from step 2 --> filter_material_metal
4. Find the size of this metal object: result from step 3 --> query_size

```mermaid
graph LR
    1[""scene""] --> 2[""filter_size_small""]
    2 --> 3[""filter_color_cyan""]
    3 --> 4[""unique""]
    4 --> 5[""same_shape""]
    5 --> 6[""filter_material_metal""]
    6 --> 7[""query_size""]
```"
15,"This question asks about the number of objects that are either red matte objects or objects to the left of the large green metal thing. To answer this question, we need to find the two sets of objects and then count the union of them.
1. Find the set of red matte objects: scene --> filter_color_red --> filter_material_metal
2. Find the large green metal thing. We expect it to be unique: scene --> filter_size_large --> filter_color_green --> filter_material_metal --> unique
3. Find the objects to the left of this large green metal thing: result from step 2 --> relate_left
4. Find the union of the two sets of objects: result from step 1 and result from step 3 --> OR
5. Count the number of objects in the union: result from step 4 --> count

```mermaid
graph LR
    1[""scene""] --> 2[""filter_color_red""]
    2 --> 3[""filter_material_rubber""]
    1 --> 4[""filter_size_large""]
    4 --> 5[""filter_color_green""]
    5 --> 6[""filter_material_metal""]
    6 --> 7[""unique""]
    7 --> 8[""relate_left""]
    3 --> 9[""OR""]
    8 --> 9
    9 --> 10[""count""]
```"
16,"This question asks about the number of objects that are either large green rubber cubes or large objects behind the tiny cyan object. To answer this question, we need to:
1. Find the set of large green rubber cubes: scene --> filter_size_large --> filter_color_green --> filter_material_rubber --> filter_shape_cube
2. Find the tiny cyan object. We expect it to be unique: scene --> filter_size_small --> filter_color_cyan --> unique
3. Find the large objects behind the tiny cyan object: result from step 2 --> relate_behind --> filter_size_large
4. Combine the two sets of objects: result from step 1 --> OR --> result from step 3
5. Count the number of objects in the combined set: result from step 4 --> count

```mermaid
graph LR
    1[""scene""] --> 2[""filter_size_large""]
    2 --> 3[""filter_color_green""]
    3 --> 4[""filter_material_rubber""]
    4 --> 5[""filter_shape_cube""]
    1 --> 6[""filter_size_small""]
    6 --> 7[""filter_color_cyan""]
    7 --> 8[""unique""]
    8 --> 9[""relate_behind""]
    9 --> 10[""filter_size_large""]
    5 --> 11[""OR""]
    10 --> 11
    11 --> 12[""count""]
```"
17,"This question asks the number of big objects that are behind the matte object which is in front of the large yellow object. To answer this question, we need to:
1. Find the large yellow object. We expect it to be unique: scene --> filter_size_large --> filter_color_yellow --> unique
2. Find the matte object in front of the large yellow object: result from step 1 --> relate_in_front --> filter_material_rubber --> unique
3. Find the big objects behind this matte object: result from step 2 --> relate_behind --> filter_size_large
4. Count the number of big objects: result from step 3 --> count

```mermaid
graph LR
    1[""scene""] --> 2[""filter_size_large""]
    2 --> 3[""filter_color_yellow""]
    3 --> 4[""unique""]
    4 --> 5[""relate_in_front""]
    5 --> 6[""filter_material_rubber""]
    6 --> 7[""unique""]
    7 --> 8[""relate_behind""]
    8 --> 9[""filter_size_large""]
    9 --> 10[""count""]
```"
18,"This question asks the number of small metallic balls. To answer this question, we need to find all objects that are small, metallic, and balls (spheres).
1. Find all small objects: scene --> filter_size_small
2. Find all metallic objects: result from step 1 --> filter_material_metal
3. Find all spheres: result from step 2 --> filter_shape_sphere
4. Count its number: result from step 3 --> count

```mermaid
graph LR
    1[""scene""] --> 2[""filter_size_small""]
    2 --> 3[""filter_material_metal""]
    3 --> 4[""filter_shape_sphere""]
    4 --> 5[""count""]
```"
19,"This question asks the number of cubes that have the same color as the small metal object. To answer this question, we first need to find the small metal object, then identify its color, and finally count the number of cubes with that color.
1. Find the small metal object. We expect it to be unique: scene --> filter_size_small --> filter_material_metal --> unique
2. Identify the color of this small metal object: result from step 1 --> query_color
3. Find all cubes with the same color as this small metal object: scene --> filter_shape_cube --> filter_color_<color from step 2>
4. Count the number of these cubes: result from step 3 --> count

```mermaid
graph LR
    1[""scene""] --> 2[""filter_size_small""]
    2 --> 3[""filter_material_metal""]
    3 --> 4[""unique""]
    4 --> 5[""query_color""]
    1 --> 6[""filter_shape_cube""]
    6 --> 7[""filter_color_<color from 5>""]
    7 --> 8[""count""]
```"
20,"This question asks whether there are fewer tiny cylinders that are left of the tiny red rubber object compared to blue cylinders. To answer this question, we need to first find the number of tiny cylinders that are left of the tiny red rubber object and the number of blue cylinders, then compare them.
1. Find the tiny red rubber object. We expect it to be unique: scene --> filter_size_small --> filter_color_red --> filter_material_rubber --> unique
2. Find the tiny cylinders that are left of this object: result from step 1 --> relate_left --> filter_size_small --> filter_shape_cylinder
3. Count their number: result from step 2 --> count
4. Find the set of blue cylinders and count their number: scene --> filter_color_blue --> filter_shape_cylinder --> count
5. Compare the two numbers: result from step 3 is less_than result from step 4

```mermaid
graph LR
    1[""scene""] --> 2[""filter_size_small""]
    2 --> 3[""filter_color_red""]
    3 --> 4[""filter_material_rubber""]
    4 --> 5[""unique""]
    5 --> 6[""relate_left""]
    6 --> 7[""filter_size_small""]
    7 --> 8[""filter_shape_cylinder""]
    8 --> 9[""count""]
    1 --> 10[""filter_color_blue""]
    10 --> 11[""filter_shape_cylinder""]
    11 --> 12[""count""]
    9 --> 13[""less_than""]
    12 --> 13
```"
21,"This question asks whether there are more small metallic objects to the right of the yellow cylinder compared to big cylinders in front of the small red metal cylinder. To answer this question, we need to first find the two sets of objects and then compare their counts.
1. Find the yellow cylinder. We expect it to be unique: scene --> filter_color_yellow --> filter_shape_cylinder --> unique
2. Find the small metallic objects to the right of this yellow cylinder: result from step 1 --> relate_right --> filter_size_small --> filter_material_metal
3. Find the small red metal cylinder. We expect it to be unique: scene --> filter_color_red --> filter_size_small --> filter_material_metal --> unique
4. Find the big cylinders in front of this small red metal cylinder: result from step 3 --> relate_in_front --> filter_size_large --> filter_shape_cylinder
5. Count the number of small metallic objects to the right of the yellow cylinder: result from step 2 --> count
6. Count the number of big cylinders in front of the small red metal cylinder: result from step 4 --> count
7. Compare the two counts: result from step 5 is greater_than result from step 6

```mermaid
graph LR
    1[""scene""] --> 2[""filter_color_yellow""]
    2 --> 3[""filter_shape_cylinder""]
    3 --> 4[""unique""]
    4 --> 5[""relate_right""]
    5 --> 6[""filter_size_small""]
    6 --> 7[""filter_material_metal""]
    1 --> 8[""filter_color_red""]
    8 --> 9[""filter_size_small""]
    9 --> 10[""filter_material_metal""]
    10 --> 11[""unique""]
    11 --> 12[""relate_in_front""]
    12 --> 13[""filter_size_large""]
    13 --> 14[""filter_shape_cylinder""]
    7 --> 15[""count""]
    14 --> 16[""count""]
    15 --> 17[""greater_than""]
    16 --> 17
```"
22,"This question asks whether the color of the small rubber object is the same as the small shiny object to the right of the green rubber thing. To answer this question, we need to first find the two objects and then compare their colors.
1. Find the small rubber object. We expect it to be unique: scene --> filter_size_small --> filter_material_rubber --> unique
2. Find the green rubber thing: scene --> filter_color_green --> filter_material_rubber --> unique
3. Find the small shiny object to the right of the green rubber thing: result from step 2 --> relate_right --> filter_size_small --> filter_material_metal --> unique
4. Compare the colors of the two objects: result from step 1 --> equal_color --> result from step 3

```mermaid
graph LR
    1[""scene""] --> 2[""filter_size_small""]
    2 --> 3[""filter_material_rubber""]
    3 --> 4[""unique""]
    1 --> 5[""filter_color_green""]
    5 --> 6[""filter_material_rubber""]
    6 --> 7[""unique""]
    7 --> 8[""relate_right""]
    8 --> 9[""filter_size_small""]
    9 --> 10[""filter_material_metal""]
    10 --> 11[""unique""]
    4 --> 12[""equal_color""]
    11 --> 12
```"
23,"This question asks whether there are any large objects in the scene. To answer this question, we need to:
1. Find the set of large objects: scene --> filter_size_large
2. Check if this set is not empty: result from step 1 --> exist

```mermaid
graph LR
    1[""scene""] --> 2[""filter_size_large""]
    2 --> 3[""exist""]
```"
24,"This question asks whether there is a gray rubber sphere of the same size as the purple thing. To answer this question, we need to first find the purple thing, then find all objects with the same size as it, and finally check if there is a gray rubber sphere among them.
1. Find the purple thing. We expect it to be unique: scene --> filter_color_purple --> unique
2. Find all objects with the same size as this purple thing: result from step 1 --> same_size
3. Filter the result to find gray rubber spheres: result from step 2 --> filter_color_gray --> filter_material_rubber --> filter_shape_sphere
4. Check if the result is not empty: result from step 3 --> exist

```mermaid
graph LR
    1[""scene""] --> 2[""filter_color_purple""]
    2 --> 3[""unique""]
    3 --> 4[""same_size""]
    4 --> 5[""filter_color_gray""]
    5 --> 6[""filter_material_rubber""]
    6 --> 7[""filter_shape_sphere""]
    7 --> 8[""exist""]
```"
25,"This question asks about the color of the large metal ball that is in front of the shiny cylinder. To answer this question, we need to first find the shiny cylinder and then identify the large metal ball in front of it.
1. Find the shiny cylinder. Since shiny is not a color but a material, we assume it's made of metal: scene --> filter_material_metal --> filter_shape_cylinder --> unique
2. Find the large metal ball in front of the shiny cylinder: result from step 1 --> relate_in_front --> filter_size_large --> filter_material_metal --> filter_shape_sphere --> unique
3. Query the color of the large metal ball: result from step 2 --> query_color

```mermaid
graph LR
    1[""scene""] --> 2[""filter_material_metal""]
    2 --> 3[""filter_shape_cylinder""]
    3 --> 4[""unique""]
    4 --> 5[""relate_in_front""]
    5 --> 6[""filter_size_large""]
    6 --> 7[""filter_material_metal""]
    7 --> 8[""filter_shape_sphere""]
    8 --> 9[""unique""]
    9 --> 10[""query_color""]
```"
26,"This question asks about the shape of the green object that is on the right of the green cylinder. To answer this question, we need to:
1. Find the green cylinder. We expect it to be unique: scene --> filter_color_green --> filter_shape_cylinder --> unique
2. Identify the green object on the right of this green cylinder: result from step 1 --> relate_right --> filter_color_green --> unique
3. Query the shape of this green object: result from step 2 --> query_shape

```mermaid
graph LR
    1[""scene""] --> 2[""filter_color_green""]
    2 --> 3[""filter_shape_cylinder""]
    3 --> 4[""unique""]
    4 --> 5[""relate_right""]
    5 --> 6[""filter_color_green""]
    6 --> 7[""unique""]
    7 --> 8[""query_shape""]
```"
27,"This question asks about the shape of a rubber object that has the same color as the large rubber block. To answer this question, we need to:
1. Find the large rubber block. We expect it to be unique: scene --> filter_size_large --> filter_material_rubber --> unique
2. Find all objects with the same color as this large rubber block: result from step 1 --> same_color
3. Filter the objects that are made of rubber: result from step 2 --> filter_material_rubber
4. Find the shape of this object: result from step 3 --> query_shape

```mermaid
graph LR
    1[""scene""] --> 2[""filter_size_large""]
    2 --> 3[""filter_material_rubber""]
    3 --> 4[""unique""]
    4 --> 5[""same_color""]
    5 --> 6[""filter_material_rubber""]
    6 --> 7[""query_shape""]
```"
28,"This question asks about the size of the rubber object that is the same color as the matte cube. To answer this question, we need to first find the matte cube, then find the objects with the same color as it, and then find the rubber object among them.
1. Find the matte cube. We expect it to be unique: scene --> filter_material_metal --> filter_shape_cube --> unique
2. Find all objects with the same color as this matte cube: result from step 1 --> same_color
3. Find the rubber object among them: result from step 2 --> filter_material_rubber --> unique
4. Query its size: result from step 3 --> query_size

```mermaid
graph LR
    1[""scene""] --> 2[""filter_material_metal""]
    2 --> 3[""filter_shape_cube""]
    3 --> 4[""unique""]
    4 --> 5[""same_color""]
    5 --> 6[""filter_material_rubber""]
    6 --> 7[""unique""]
    7 --> 8[""query_size""]
```"
29,"This question is asking about the material of the red object on the right side of the red thing that is to the left of the object in front of the small red object. To answer this question, we need to:
1. Find the small red object. We expect it to be unique: scene --> filter_size_small --> filter_color_red --> unique
2. Identify the object in front of the small red object: result from step 1 --> relate_in_front
3. Find the red object to the left of the object in front of the small red object: result from step 2 --> relate_left --> filter_color_red --> unique
4. Identify the red object on the right side of the red thing: result from step 3 --> relate_right --> filter_color_red --> unique
5. Query the material of the red object: result from step 4 --> query_material

```mermaid
graph LR
    1[""scene""] --> 2[""filter_size_small""]
    2 --> 3[""filter_color_red""]
    3 --> 4[""unique""]
    4 --> 5[""relate_in_front""]
    5 --> 6[""relate_left""]
    6 --> 7[""filter_color_red""]
    7 --> 8[""unique""]
    8 --> 9[""relate_right""]
    9 --> 10[""filter_color_red""]
    10 --> 11[""unique""]
    11 --> 12[""query_material""]
```"
30,"This question asks the number of other objects with the same size as the purple thing. To answer this question, we first need to find the purple thing and then identify all other objects with the same size as it.
1. Find the purple thing. We expect it to be unique: scene --> filter_color_purple --> unique
2. Find all objects with the same size as this purple thing, excluding the purple thing itself: result from step 1 --> same_size
3. Count its number: result from step 2 --> count

Note: The function same_size already excludes the input object, so no additional steps are needed to exclude the purple thing.

```mermaid
graph LR
    1[""scene""] --> 2[""filter_color_purple""]
    2 --> 3[""unique""]
    3 --> 4[""same_size""]
    4 --> 5[""count""]
```"
31,"This question asks the number of objects that are either tiny purple rubber things or large objects behind the green sphere. To answer this question, we need to first find the two sets of objects and then count their total number.
1. Find the tiny purple rubber things: scene --> filter_size_small --> filter_color_purple --> filter_material_rubber
2. Find the green sphere. We expect it to be unique: scene --> filter_color_green --> filter_shape_sphere --> unique
3. Find the large objects behind the green sphere: result from step 2 --> relate_behind --> filter_size_large
4. Combine the two sets of objects: result from step 1 and result from step 3 --> OR
5. Count the total number of objects: result from step 4 --> count

```mermaid
graph LR
    1[""scene""] --> 2[""filter_size_small""]
    2 --> 3[""filter_color_purple""]
    3 --> 4[""filter_material_rubber""]
    1 --> 5[""filter_color_green""]
    5 --> 6[""filter_shape_sphere""]
    6 --> 7[""unique""]
    7 --> 8[""relate_behind""]
    8 --> 9[""filter_size_large""]
    4 --> 10[""OR""]
    9 --> 10
    10 --> 11[""count""]
```"
32,"This question asks about the number of spheres behind a specific tiny cube. To answer this question, we need to first locate this tiny cube, then find the spheres behind it.
1. Find the large matte cylinder: scene --> filter_size_large --> filter_material_metal --> filter_shape_cylinder --> unique
2. Find the cyan rubber object to the left of this cylinder: result from step 1 --> relate_left --> filter_color_cyan --> filter_material_rubber --> unique
3. Find the tiny cube to the left of this cyan rubber object: result from step 2 --> relate_left --> filter_size_small --> filter_shape_cube --> unique
4. Find the spheres behind this tiny cube: result from step 3 --> relate_behind --> filter_shape_sphere
5. Count the number of spheres: result from step 4 --> count

```mermaid
graph LR
    1[""scene""] --> 2[""filter_size_large""]
    2 --> 3[""filter_material_metal""]
    3 --> 4[""filter_shape_cylinder""]
    4 --> 5[""unique""]
    5 --> 6[""relate_left""]
    6 --> 7[""filter_color_cyan""]
    7 --> 8[""filter_material_rubber""]
    8 --> 9[""unique""]
    9 --> 10[""relate_left""]
    10 --> 11[""filter_size_small""]
    11 --> 12[""filter_shape_cube""]
    12 --> 13[""unique""]
    13 --> 14[""relate_behind""]
    14 --> 15[""filter_shape_sphere""]
    15 --> 16[""count""]
```"
33,"This question asks about the number of red metal objects. To answer this question, we need to find all objects that are both red and metal.
1. Find the set of red objects: scene --> filter_color_red
2. Find the set of metal objects: scene --> filter_material_metal
3. Find the intersection of these two sets: result from step 1 AND result from step 2
4. Count the number of objects in the intersection: result from step 3 --> count

```mermaid
graph LR
    1[""scene""] --> 2[""filter_color_red""]
    1 --> 3[""filter_material_metal""]
    2 --> 4[""And""]
    3 --> 4
    4 --> 5[""count""]
```"
34,"This question asks the number of small objects that have the same material as the tiny green sphere. To answer this question, we first need to find the tiny green sphere and then identify all small objects with the same material as it.
1. Find the tiny green sphere. We expect it to be unique: scene --> filter_size_small --> filter_color_green --> filter_shape_sphere --> unique
2. Find all objects with the same material as this tiny green sphere: result from step 1 --> same_material
3. Find small objects among them: result from step 2 --> filter_size_small
4. Count its number: result from step 3 --> count

```mermaid
graph LR
    1[""scene""] --> 2[""filter_size_small""]
    2 --> 3[""filter_color_green""]
    3 --> 4[""filter_shape_sphere""]
    4 --> 5[""unique""]
    5 --> 6[""same_material""]
    6 --> 7[""filter_size_small""]
    7 --> 8[""count""]
```"
35,"This question asks whether the cyan matte object and the small yellow matte thing have the same shape. To answer this question, we need to first find these two objects and then compare their shapes.
1. Find the cyan matte object. We expect it to be unique: scene --> filter_color_cyan --> filter_material_metal --> unique
2. Find the small yellow matte thing. We expect it to be unique: scene --> filter_size_small --> filter_color_yellow --> filter_material_metal --> unique
3. Compare the shapes of these two objects: result from step 1 and result from step 2 --> equal_shape

```mermaid
graph LR
    1[""scene""] --> 2[""filter_color_cyan""]
    2 --> 3[""filter_material_metal""]
    3 --> 4[""unique""]
    1 --> 5[""filter_size_small""]
    5 --> 6[""filter_color_yellow""]
    6 --> 7[""filter_material_metal""]
    7 --> 8[""unique""]
    4 --> 9[""equal_shape""]
    8 --> 9
```"
36,"This question asks whether there exists a big brown cylinder that has the same material as the cyan object. To answer this question, we need to:
1. Find the cyan object: scene --> filter_color_cyan --> unique
2. Find its material: result from step 1 --> query_material
3. Find the set of objects with the same material: result from step 2 --> same_material
4. Filter the set to only include big brown cylinders: result from step 3 --> filter_size_large --> filter_color_brown --> filter_shape_cylinder
5. Check if the resulting set is not empty: result from step 4 --> exist

```mermaid
graph LR
    1[""scene""] --> 2[""filter_color_cyan""]
    2 --> 3[""unique""]
    3 --> 4[""query_material""]
    4 --> 5[""same_material""]
    5 --> 6[""filter_size_large""]
    6 --> 7[""filter_color_brown""]
    7 --> 8[""filter_shape_cylinder""]
    8 --> 9[""exist""]
```"
37,"This question asks whether there are any matte cubes that are behind the shiny thing to the right of the big cyan cube. To answer this question, we need to:
1. Find the big cyan cube. We expect it to be unique: scene --> filter_color_cyan --> filter_size_large --> unique
2. Find the shiny object to the right of this big cyan cube: result from step 1 --> relate_right --> filter_material_metal --> unique
3. Find all matte objects behind this shiny object: result from step 2 --> relate_behind --> filter_material_rubber
4. Check if there are any cubes among these matte objects: result from step 3 --> filter_shape_cube
5. Check if the result is not empty: result from step 4 --> exist

```mermaid
graph LR
    1[""scene""] --> 2[""filter_color_cyan""]
    2 --> 3[""filter_size_large""]
    3 --> 4[""unique""]
    4 --> 5[""relate_right""]
    5 --> 6[""filter_material_metal""]
    6 --> 7[""unique""]
    7 --> 8[""relate_behind""]
    8 --> 9[""filter_material_rubber""]
    9 --> 10[""filter_shape_cube""]
    10 --> 11[""exist""]
```"
38,"This question asks whether the gray object on the right of the big sphere has the same size as the cylinder behind the green object. To answer this question, we need to first find these two objects and then compare their sizes.
1. Find the big sphere: scene --> filter_size_large --> filter_shape_sphere --> unique
2. Find the gray object on the right of this sphere: result from step 1 --> relate_right --> filter_color_gray --> unique
3. Find the green object: scene --> filter_color_green --> unique
4. Find the cylinder behind this green object: result from step 3 --> relate_behind --> filter_shape_cylinder --> unique
5. Compare the sizes of the two objects: result from step 2 --> query_size; result from step 4 --> query_size; equal_size

```mermaid
graph LR
    1[""scene""] --> 2[""filter_size_large""]
    2 --> 3[""filter_shape_sphere""]
    3 --> 4[""unique""]
    4 --> 5[""relate_right""]
    5 --> 6[""filter_color_gray""]
    6 --> 7[""unique""]
    1 --> 8[""filter_color_green""]
    8 --> 9[""unique""]
    9 --> 10[""relate_behind""]
    10 --> 11[""filter_shape_cylinder""]
    11 --> 12[""unique""]
    7 --> 13[""query_size""]
    12 --> 14[""query_size""]
    13 --> 15[""equal_size""]
    14 --> 15
```"
39,"This question asks whether there are an equal number of small gray matte cylinders and red blocks. To answer this question, we need to find the number of each type of object and compare them.
1. Find the set of small gray matte cylinders and count their number: scene --> filter_size_small --> filter_color_gray --> filter_material_metal --> filter_shape_cylinder --> count
2. Find the set of red blocks and count their number: scene --> filter_color_red --> filter_shape_cube --> count
3. Compare the two numbers: result from step 1 is equal_integer result from step 2

```mermaid
graph LR
    1[""scene""] --> 2[""filter_size_small""]
    2 --> 3[""filter_color_gray""]
    3 --> 4[""filter_material_metal""]
    4 --> 5[""filter_shape_cylinder""]
    5 --> 6[""count""]
    1 --> 7[""filter_color_red""]
    7 --> 8[""filter_shape_cube""]
    8 --> 9[""count""]
    6 --> 10[""equal_integer""]
    9 --> 10
```"
40,"This question is asking about the size of a specific brown cylinder. To answer this question, we need to follow the spatial relationships described in the question to locate this brown cylinder.
1. Find the tiny blue cylinder. We expect it to be unique: scene --> filter_size_small --> filter_color_blue --> filter_shape_cylinder --> unique
2. Find the metal sphere on the left of the tiny blue cylinder: result from step 1 --> relate_left --> filter_material_metal --> filter_shape_sphere --> unique
3. Find the tiny cyan object behind the metal sphere: result from step 2 --> relate_behind --> filter_size_small --> filter_color_cyan --> unique
4. Find the brown cylinder in front of the tiny cyan object: result from step 3 --> relate_in_front --> filter_color_brown --> filter_shape_cylinder --> unique
5. Query the size of the brown cylinder: result from step 4 --> query_size

```mermaid
graph LR
    1[""scene""] --> 2[""filter_size_small""]
    2 --> 3[""filter_color_blue""]
    3 --> 4[""filter_shape_cylinder""]
    4 --> 5[""unique""]
    5 --> 6[""relate_left""]
    6 --> 7[""filter_material_metal""]
    7 --> 8[""filter_shape_sphere""]
    8 --> 9[""unique""]
    9 --> 10[""relate_behind""]
    10 --> 11[""filter_size_small""]
    11 --> 12[""filter_color_cyan""]
    12 --> 13[""unique""]
    13 --> 14[""relate_in_front""]
    14 --> 15[""filter_color_brown""]
    15 --> 16[""filter_shape_cylinder""]
    16 --> 17[""unique""]
    17 --> 18[""query_size""]
```"
41,"This question asks about the material of the large red ball. To answer this question, we need to first find the large red ball and then query its material.
1. Find the large red ball. We expect it to be unique: scene --> filter_color_red --> filter_size_large --> filter_shape_sphere --> unique
2. Query the material of the ball: result from step 1 --> query_material

```mermaid
graph LR
    1[""scene""] --> 2[""filter_color_red""]
    2 --> 3[""filter_size_large""]
    3 --> 4[""filter_shape_sphere""]
    4 --> 5[""unique""]
    5 --> 6[""query_material""]
```"
42,"This question asks about the size of the metal thing that is behind the big yellow metallic sphere. To answer this question, we need to first find the big yellow metallic sphere and then identify the metal thing behind it.
1. Find the big yellow metallic sphere. We expect it to be unique: scene --> filter_size_large --> filter_color_yellow --> filter_material_metal --> filter_shape_sphere --> unique
2. Find the metal things behind this sphere: result from step 1 --> relate_behind --> filter_material_metal
3. Query the size of these metal things: result from step 2 --> query_size

```mermaid
graph LR
    1[""scene""] --> 2[""filter_size_large""]
    2 --> 3[""filter_color_yellow""]
    3 --> 4[""filter_material_metal""]
    4 --> 5[""filter_shape_sphere""]
    5 --> 6[""unique""]
    6 --> 7[""relate_behind""]
    7 --> 8[""filter_material_metal""]
    8 --> 9[""query_size""]
```"
43,"This question asks about the color of the ball (sphere) that is the same size as the red rubber object. To answer this question, we need to:
1. Find the red rubber object. We expect it to be unique: scene --> filter_color_red --> filter_material_rubber --> unique
2. Find all objects with the same size as this red rubber object: result from step 1 --> same_size
3. Find the ball (sphere) among these objects: result from step 2 --> filter_shape_sphere --> unique
4. Query the color of this ball: result from step 3 --> query_color

```mermaid
graph LR
    1[""scene""] --> 2[""filter_color_red""]
    2 --> 3[""filter_material_rubber""]
    3 --> 4[""unique""]
    4 --> 5[""same_size""]
    5 --> 6[""filter_shape_sphere""]
    6 --> 7[""unique""]
    7 --> 8[""query_color""]
```"
44,"This question asks about the color of the small object that is made of the same material as the large cyan block. To answer this question, we need to:
1. Find the large cyan block. We expect it to be unique: scene --> filter_color_cyan --> filter_size_large --> unique
2. Identify the material of this block: result from step 1 --> query_material
3. Find all small objects made of this material: scene --> filter_size_small --> filter_material_<material from step 2>
4. Query the color of these objects: result from step 3 --> query_color

```mermaid
graph LR
    1[""scene""] --> 2[""filter_color_cyan""]
    2 --> 3[""filter_size_large""]
    3 --> 4[""unique""]
    4 --> 5[""query_material""]
    1 --> 6[""filter_size_small""]
    6 --> 7[""filter_material_"" + result from 5]
    7 --> 8[""query_color""]
```"
45,"This question asks the number of objects that are either big yellow matte things in front of the green sphere or objects on the right side of the tiny ball. To answer this question, we need to:
1. Find the big yellow matte things in front of the green sphere: 
   a. Find the green sphere: scene --> filter_color_green --> filter_shape_sphere --> unique
   b. Find the big yellow matte things: scene --> filter_size_large --> filter_color_yellow --> filter_material_metal
   c. Find the big yellow matte things in front of the green sphere: result from a --> relate_in_front; AND result from b and result from c
2. Find the objects on the right side of the tiny ball: 
   a. Find the tiny ball: scene --> filter_size_small --> filter_shape_sphere --> unique
   b. Find the objects on the right side of the tiny ball: result from a --> relate_right
3. Combine the two sets of objects: result from 1 and result from 2 --> OR
4. Count the number of objects: result from 3 --> count

```mermaid
graph LR
    1[""scene""] --> 2[""filter_color_green""]
    2 --> 3[""filter_shape_sphere""]
    3 --> 4[""unique""]
    4 --> 5[""relate_in_front""]
    1 --> 6[""filter_size_large""]
    6 --> 7[""filter_color_yellow""]
    7 --> 8[""filter_material_metal""]
    5 --> 9[""And""]
    8 --> 9
    1 --> 10[""filter_size_small""]
    10 --> 11[""filter_shape_sphere""]
    11 --> 12[""unique""]
    12 --> 13[""relate_right""]
    9 --> 14[""Or""]
    13 --> 14
    14 --> 15[""count""]
```"
46,"This question asks about the number of rubber balls to the right of a specific object. To answer this question, we need to first identify this object.
1. Find the cyan metallic sphere. We expect it to be unique: scene --> filter_color_cyan --> filter_material_metal --> filter_shape_sphere --> unique
2. Find the rubber object behind this sphere: result from step 1 --> relate_behind --> filter_material_rubber
3. Find the small cyan object in front of this rubber object. We expect it to be unique: result from step 2 --> relate_in_front --> filter_color_cyan --> filter_size_small --> unique
4. Find the rubber balls to the right of this small cyan object: result from step 3 --> relate_right --> filter_material_rubber --> filter_shape_sphere
5. Count the number of rubber balls: result from step 4 --> count

```mermaid
graph LR
    1[""scene""] --> 2[""filter_color_cyan""]
    2 --> 3[""filter_material_metal""]
    3 --> 4[""filter_shape_sphere""]
    4 --> 5[""unique""]
    5 --> 6[""relate_behind""]
    6 --> 7[""filter_material_rubber""]
    7 --> 8[""relate_in_front""]
    8 --> 9[""filter_color_cyan""]
    9 --> 10[""filter_size_small""]
    10 --> 11[""unique""]
    11 --> 12[""relate_right""]
    12 --> 13[""filter_material_rubber""]
    13 --> 14[""filter_shape_sphere""]
    14 --> 15[""count""]
```"
47,"This question asks the number of objects that are either large objects behind the matte cube or small shiny balls. To answer this question, we need to:
1. Find the matte cube: scene --> filter_material_metal --> filter_shape_cube --> unique
2. Find the large objects behind the matte cube: result from step 1 --> relate_behind --> filter_size_large
3. Find the small shiny balls: scene --> filter_size_small --> filter_material_metal --> filter_shape_sphere
4. Combine the two sets of objects: result from step 2 --> OR --> result from step 3
5. Count the number of objects: result from step 4 --> count

```mermaid
graph LR
    1[""scene""] --> 2[""filter_material_metal""]
    2 --> 3[""filter_shape_cube""]
    3 --> 4[""unique""]
    4 --> 5[""relate_behind""]
    5 --> 6[""filter_size_large""]
    1 --> 7[""filter_size_small""]
    7 --> 8[""filter_material_metal""]
    8 --> 9[""filter_shape_sphere""]
    6 --> 10[""OR""]
    9 --> 10
    10 --> 11[""count""]
```"
48,"This question asks the number of objects that are either metal things behind the small yellow object or small yellow shiny spheres. To answer this question, we need to first find the small yellow object and then identify two sets of objects that match the given conditions.
1. Find the small yellow object. We expect it to be unique: scene --> filter_size_small --> filter_color_yellow --> unique
2. Find the metal objects behind this small yellow object: result from step 1 --> relate_behind --> filter_material_metal
3. Find the small yellow shiny spheres: scene --> filter_size_small --> filter_color_yellow --> filter_material_rubber --> filter_shape_sphere
4. Combine the two sets of objects: result from step 2 --> OR --> result from step 3
5. Count the number of objects in the combined set: result from step 4 --> count

```mermaid
graph LR
    1[""scene""] --> 2[""filter_size_small""]
    2 --> 3[""filter_color_yellow""]
    3 --> 4[""unique""]
    4 --> 5[""relate_behind""]
    5 --> 6[""filter_material_metal""]
    1 --> 7[""filter_size_small""]
    7 --> 8[""filter_color_yellow""]
    8 --> 9[""filter_material_rubber""]
    9 --> 10[""filter_shape_sphere""]
    6 --> 11[""OR""]
    10 --> 11
    11 --> 12[""count""]
```"
49,"This question asks about the number of small cyan objects that are to the right of the small metallic block, which is on the right side of the large blue thing. To answer this question, we need to:
1. Find the large blue thing. We expect it to be unique: scene --> filter_size_large --> filter_color_blue --> unique
2. Find the small metallic block on the right of the large blue thing: result from step 1 --> relate_right --> filter_size_small --> filter_material_metal --> unique
3. Find the objects to the right of this small metallic block: result from step 2 --> relate_right
4. Filter the small cyan objects among them: result from step 3 --> filter_size_small --> filter_color_cyan
5. Count the number of these objects: result from step 4 --> count

```mermaid
graph LR
    1[""scene""] --> 2[""filter_size_large""]
    2 --> 3[""filter_color_blue""]
    3 --> 4[""unique""]
    4 --> 5[""relate_right""]
    5 --> 6[""filter_size_small""]
    6 --> 7[""filter_material_metal""]
    7 --> 8[""unique""]
    8 --> 9[""relate_right""]
    9 --> 10[""filter_size_small""]
    10 --> 11[""filter_color_cyan""]
    11 --> 12[""count""]
```"
50,"This question asks whether the size of the green matte thing is the same as the shiny sphere that is to the left of the blue cylinder. To answer this question, we need to first find the green matte thing and the shiny sphere, then compare their sizes.
1. Find the green matte thing. We expect it to be unique: scene --> filter_color_green --> filter_material_rubber --> unique
2. Find the blue cylinder. We expect it to be unique: scene --> filter_color_blue --> filter_shape_cylinder --> unique
3. Find the shiny sphere to the left of the blue cylinder: result from step 2 --> relate_left --> filter_shape_sphere --> filter_material_metal --> unique
4. Compare the sizes of the two objects: result from step 1 --> equal_size --> result from step 3

```mermaid
graph LR
    1[""scene""] --> 2[""filter_color_green""]
    2 --> 3[""filter_material_rubber""]
    3 --> 4[""unique""]
    1 --> 5[""filter_color_blue""]
    5 --> 6[""filter_shape_cylinder""]
    6 --> 7[""unique""]
    7 --> 8[""relate_left""]
    8 --> 9[""filter_shape_sphere""]
    9 --> 10[""filter_material_metal""]
    10 --> 11[""unique""]
    4 --> 12[""equal_size""]
    11 --> 12
```"
51,"This question asks whether the green metal object has the same size as the green object in front of the blue shiny cylinder. To answer this question, we need to:
1. Find the green metal object. We expect it to be unique: scene --> filter_color_green --> filter_material_metal --> unique
2. Find the blue shiny cylinder. We expect it to be unique: scene --> filter_color_blue --> filter_material_metal --> unique
3. Find the green object in front of the blue shiny cylinder: result from step 2 --> relate_in_front --> filter_color_green --> unique
4. Compare the size of the two green objects: result from step 1 and result from step 3 --> equal_size

```mermaid
graph LR
    1[""scene""] --> 2[""filter_color_green""]
    2 --> 3[""filter_material_metal""]
    3 --> 4[""unique""]
    1 --> 5[""filter_color_blue""]
    5 --> 6[""filter_material_metal""]
    6 --> 7[""unique""]
    7 --> 8[""relate_in_front""]
    8 --> 9[""filter_color_green""]
    9 --> 10[""unique""]
    4 --> 11[""equal_size""]
    10 --> 11
```"
52,"This question asks whether the cube in front of the purple shiny thing is made of the same material as the blue cube. To answer this question, we need to first identify the cube in front of the purple shiny thing and the blue cube, then compare their materials.
1. Find the purple shiny thing. We expect it to be unique: scene --> filter_color_purple --> filter_material_metal --> unique
2. Find the cube in front of this purple shiny thing: result from step 1 --> relate_in_front --> filter_shape_cube --> unique
3. Find the blue cube. We expect it to be unique: scene --> filter_color_blue --> filter_shape_cube --> unique
4. Compare the materials of the two cubes: result from step 2 --> query_material; result from step 3 --> query_material; equal_material

```mermaid
graph LR
    1[""scene""] --> 2[""filter_color_purple""]
    2 --> 3[""filter_material_metal""]
    3 --> 4[""unique""]
    4 --> 5[""relate_in_front""]
    5 --> 6[""filter_shape_cube""]
    6 --> 7[""unique""]
    1 --> 8[""filter_color_blue""]
    8 --> 9[""filter_shape_cube""]
    9 --> 10[""unique""]
    7 --> 11[""query_material""]
    10 --> 12[""query_material""]
    11 --> 13[""equal_material""]
    12 --> 13
```"
53,"This question asks whether there exists a small cyan rubber object. To answer this question, we need to find the set of objects that match all these properties and check if it's not empty.
1. Find the set of small objects: scene --> filter_size_small
2. Find the set of cyan objects: result from step 1 --> filter_color_cyan
3. Find the set of rubber objects: result from step 2 --> filter_material_rubber
4. Check if the resulting set is not empty: result from step 3 --> exist

```mermaid
graph LR
    1[""scene""] --> 2[""filter_size_small""]
    2 --> 3[""filter_color_cyan""]
    3 --> 4[""filter_material_rubber""]
    4 --> 5[""exist""]
```"
54,"This question asks whether there are any red cylinders behind the shiny block. To answer this question, we need to first find the shiny block and then identify the red cylinders behind it.
1. Find the shiny block, which means it is made of metal: scene --> filter_material_metal --> unique
2. Find all objects behind the shiny block: result from step 1 --> relate_behind
3. Find the red cylinders among them: result from step 2 --> filter_color_red --> filter_shape_cylinder
4. Check if there are any: result from step 3 --> exist

```mermaid
graph LR
    1[""scene""] --> 2[""filter_material_metal""]
    2 --> 3[""unique""]
    3 --> 4[""relate_behind""]
    4 --> 5[""filter_color_red""]
    5 --> 6[""filter_shape_cylinder""]
    6 --> 7[""exist""]
```"
55,"This question asks about the size of the sphere that is to the right of the big rubber cube to the right of the tiny matte block that is in front of the big red metal thing. To answer this question, we need to:
1. Find the big red metal thing. We expect it to be unique: scene --> filter_size_large --> filter_color_red --> filter_material_metal --> unique
2. Find the tiny matte block that is in front of the big red metal thing: scene --> filter_size_small --> filter_material_rubber --> relate_in_front(result from step 1) --> unique
3. Find the big rubber cube that is to the right of the tiny matte block: scene --> filter_size_large --> filter_material_rubber --> filter_shape_cube --> relate_right(result from step 2) --> unique
4. Find the sphere that is to the right of the big rubber cube: scene --> filter_shape_sphere --> relate_right(result from step 3) --> unique
5. Query the size of this sphere: result from step 4 --> query_size

```mermaid
graph LR
    1[""scene""] --> 2[""filter_size_large""]
    2 --> 3[""filter_color_red""]
    3 --> 4[""filter_material_metal""]
    4 --> 5[""unique""]
    1 --> 6[""filter_size_small""]
    6 --> 7[""filter_material_rubber""]
    7 --> 8[""relate_in_front""]
    5 --> 8
    8 --> 9[""unique""]
    1 --> 10[""filter_size_large""]
    10 --> 11[""filter_material_rubber""]
    11 --> 12[""filter_shape_cube""]
    12 --> 13[""relate_right""]
    9 --> 13
    13 --> 14[""unique""]
    1 --> 15[""filter_shape_sphere""]
    15 --> 16[""relate_right""]
    14 --> 16
    16 --> 17[""unique""]
    17 --> 18[""query_size""]
```"
56,"This question asks about the size of the matte thing that is in front of the yellow cylinder and behind the green metal object. To answer this question, we need to:
1. Find the yellow cylinder: scene --> filter_color_yellow --> filter_shape_cylinder --> unique
2. Find the green metal object: scene --> filter_color_green --> filter_material_metal --> unique
3. Find the set of objects in front of the yellow cylinder: result from step 1 --> relate_in_front
4. Find the set of objects behind the green metal object: result from step 2 --> relate_behind
5. Find the intersection of these two sets: result from step 3 --> AND --> result from step 4
6. Filter the matte objects from this intersection: result from step 5 --> filter_material_rubber
7. Query the size of this object: result from step 6 --> query_size

```mermaid
graph LR
    1[""scene""] --> 2[""filter_color_yellow""]
    2 --> 3[""filter_shape_cylinder""]
    3 --> 4[""unique""]
    4 --> 5[""relate_in_front""]
    1 --> 6[""filter_color_green""]
    6 --> 7[""filter_material_metal""]
    7 --> 8[""unique""]
    8 --> 9[""relate_behind""]
    5 --> 10[""AND""]
    9 --> 10
    10 --> 11[""filter_material_rubber""]
    11 --> 12[""query_size""]
```"
57,"This question asks about the shape of an object that has the same size as the red rubber sphere. To answer this question, we need to:
1. Find the red rubber sphere. We expect it to be unique: scene --> filter_color_red --> filter_material_rubber --> filter_shape_sphere --> unique
2. Find all objects with the same size as this red rubber sphere: result from step 1 --> same_size
3. Since we know there is one object with the same size, we expect the result to be unique: result from step 2 --> unique
4. Query the shape of this object: result from step 3 --> query_shape

```mermaid
graph LR
    1[""scene""] --> 2[""filter_color_red""]
    2 --> 3[""filter_material_rubber""]
    3 --> 4[""filter_shape_sphere""]
    4 --> 5[""unique""]
    5 --> 6[""same_size""]
    6 --> 7[""unique""]
    7 --> 8[""query_shape""]
```"
58,"This question asks about the shape of the large blue object. To answer this question, we need to:
1. Find the large blue object. We expect it to be unique: scene --> filter_size_large --> filter_color_blue --> unique
2. Query its shape: result from step 1 --> query_shape

```mermaid
graph LR
    1[""scene""] --> 2[""filter_size_large""]
    2 --> 3[""filter_color_blue""]
    3 --> 4[""unique""]
    4 --> 5[""query_shape""]
```"
59,"This question asks the shape of a specific object that meets several criteria. To answer this question, we need to:
1. Find the large blue matte object. We expect it to be unique: scene --> filter_size_large --> filter_color_blue --> filter_material_metal --> unique
2. Find the brown shiny object on the left side of this blue object: result from step 1 --> relate_left --> filter_color_brown --> filter_material_metal --> unique
3. Find the big matte object behind this brown object: result from step 2 --> relate_behind --> filter_size_large --> filter_material_rubber --> unique
4. Query the shape of this object: result from step 3 --> query_shape

```mermaid
graph LR
    1[""scene""] --> 2[""filter_size_large""]
    2 --> 3[""filter_color_blue""]
    3 --> 4[""filter_material_rubber""]
    4 --> 5[""unique""]
    5 --> 6[""relate_left""]
    6 --> 7[""filter_color_brown""]
    7 --> 8[""filter_material_metal""]
    8 --> 9[""unique""]
    9 --> 10[""relate_behind""]
    10 --> 11[""filter_size_large""]
    11 --> 12[""filter_material_rubber""]
    12 --> 13[""unique""]
    13 --> 14[""query_shape""]
```"
60,"This question asks the number of shiny blocks that are the same size as the purple metal cylinder. To answer this question, we first need to find the purple metal cylinder and then identify all shiny blocks with the same size as it.
1. Find the purple metal cylinder. We expect it to be unique: scene --> filter_color_purple --> filter_material_metal --> filter_shape_cylinder --> unique
2. Find all objects with the same size as this purple metal cylinder: result from step 1 --> same_size
3. Find the shiny blocks among them: result from step 2 --> filter_material_metal
4. Count its number: result from step 3 --> count

```mermaid
graph LR
    1[""scene""] --> 2[""filter_color_purple""]
    2 --> 3[""filter_material_metal""]
    3 --> 4[""filter_shape_cylinder""]
    4 --> 5[""unique""]
    5 --> 6[""same_size""]
    6 --> 7[""filter_material_metal""]
    7 --> 8[""count""]
```"
61,"This question asks the number of other objects with the same size as the gray rubber object. To answer this question, we first need to find the gray rubber object and then identify all other objects with the same size as it.
1. Find the gray rubber object. We expect it to be unique: scene --> filter_color_gray --> filter_material_rubber --> unique
2. Find all objects with the same size as this gray rubber object, excluding the gray rubber object itself: result from step 1 --> same_size
3. Count its number: result from step 2 --> count

```mermaid
graph LR
    1[""scene""] --> 2[""filter_color_gray""]
    2 --> 3[""filter_material_rubber""]
    3 --> 4[""unique""]
    4 --> 5[""same_size""]
    5 --> 6[""count""]
```"
62,"This question asks about the number of red objects that have the same shape as the large cyan object. To answer this question, we need to:
1. Find the large cyan object. We expect it to be unique: scene --> filter_size_large --> filter_color_cyan --> unique
2. Identify the shape of this object: result from step 1 --> query_shape
3. Find all red objects with the same shape: scene --> filter_color_red --> filter_shape_<shape from step 2>
4. Count the number of these red objects: result from step 3 --> count

```mermaid
graph LR
    1[""scene""] --> 2[""filter_size_large""]
    2 --> 3[""filter_color_cyan""]
    3 --> 4[""unique""]
    4 --> 5[""query_shape""]
    1 --> 6[""filter_color_red""]
    6 --> 7[""filter_shape_<shape from 5>""]
    7 --> 8[""count""]
```"
63,"This question asks the number of small cubes behind the rubber ball that is on the left side of the big ball in front of the red shiny thing. To answer this question, we need to follow the spatial relationships described in the question.
1. Find the red shiny thing. We expect it to be unique: scene --> filter_color_red --> filter_material_metal --> unique
2. Find the big ball in front of the red shiny thing: result from step 1 --> relate_in_front --> filter_shape_sphere --> filter_size_large --> unique
3. Find the rubber ball on the left side of the big ball: result from step 2 --> relate_left --> filter_material_rubber --> filter_shape_sphere --> unique
4. Find the small cubes behind the rubber ball: result from step 3 --> relate_behind --> filter_shape_cube --> filter_size_small
5. Count the number of small cubes: result from step 4 --> count

```mermaid
graph LR
    1[""scene""] --> 2[""filter_color_red""]
    2 --> 3[""filter_material_metal""]
    3 --> 4[""unique""]
    4 --> 5[""relate_in_front""]
    5 --> 6[""filter_shape_sphere""]
    6 --> 7[""filter_size_large""]
    7 --> 8[""unique""]
    8 --> 9[""relate_left""]
    9 --> 10[""filter_material_rubber""]
    10 --> 11[""filter_shape_sphere""]
    11 --> 12[""unique""]
    12 --> 13[""relate_behind""]
    13 --> 14[""filter_shape_cube""]
    14 --> 15[""filter_size_small""]
    15 --> 16[""count""]
```"
64,"This question asks about the number of objects that are either rubber things in front of the large gray cylinder or green things to the right of the big red thing. To answer this question, we need to first find these two sets of objects then combine them and count the total number.
1. Find the large gray cylinder. We expect it to be unique: scene --> filter_size_large --> filter_color_gray --> filter_shape_cylinder --> unique
2. Find the rubber objects in front of this cylinder: result from step 1 --> relate_in_front --> filter_material_rubber
3. Find the big red thing. We expect it to be unique: scene --> filter_size_large --> filter_color_red --> unique
4. Find the green objects to the right of this red thing: result from step 3 --> relate_right --> filter_color_green
5. Combine the two sets of objects: result from step 2 and result from step 4 --> OR
6. Count the total number: result from step 5 --> count

```mermaid
graph LR
    1[""scene""] --> 2[""filter_size_large""]
    2 --> 3[""filter_color_gray""]
    3 --> 4[""filter_shape_cylinder""]
    4 --> 5[""unique""]
    5 --> 6[""relate_in_front""]
    6 --> 7[""filter_material_rubber""]
    1 --> 8[""filter_size_large""]
    8 --> 9[""filter_color_red""]
    9 --> 10[""unique""]
    10 --> 11[""relate_right""]
    11 --> 12[""filter_color_green""]
    7 --> 13[""OR""]
    12 --> 13
    13 --> 14[""count""]
```"
65,"This question asks whether there is a small rubber object that has the same shape as the small metal object. To answer this question, we need to first find the small metal object, then find all small rubber objects with the same shape as it, and finally check if such object exists.
1. Find the small metal object. We expect it to be unique: scene --> filter_size_small --> filter_material_metal --> unique
2. Find all small rubber objects with the same shape as this small metal object: result from step 1 --> same_shape --> filter_size_small --> filter_material_rubber
3. Check if such object exists: result from step 2 --> exist

```mermaid
graph LR
    1[""scene""] --> 2[""filter_size_small""]
    2 --> 3[""filter_material_metal""]
    3 --> 4[""unique""]
    4 --> 5[""same_shape""]
    5 --> 6[""filter_size_small""]
    6 --> 7[""filter_material_rubber""]
    7 --> 8[""exist""]
```"
66,"This question asks whether there are other objects with the same shape as the tiny green metallic thing. To answer this question, we first need to find the tiny green metallic thing and then identify all objects with the same shape as it.
1. Find the tiny green metallic thing. We expect it to be unique: scene --> filter_size_small --> filter_color_green --> filter_material_metal --> unique
2. Find all objects with the same shape as this tiny green metallic thing: result from step 1 --> same_shape
3. Check if there are any objects: result from step 2 --> exist

```mermaid
graph LR
    1[""scene""] --> 2[""filter_size_small""]
    2 --> 3[""filter_color_green""]
    3 --> 4[""filter_material_metal""]
    4 --> 5[""unique""]
    5 --> 6[""same_shape""]
    6 --> 7[""exist""]
```"
67,"This question asks whether the red thing has the same shape as the tiny yellow object. To answer this question, we need to first find the red thing and the tiny yellow object, then compare their shapes.
1. Find the red thing. We expect it to be unique: scene --> filter_color_red --> unique
2. Find the tiny yellow object. We expect it to be unique: scene --> filter_size_small --> unique; result from this --> filter_color_yellow --> unique
3. Compare the shapes of the two objects: result from step 1 and result from step 2 --> equal_shape

```mermaid
graph LR
    1[""scene""] --> 2[""filter_color_red""]
    2 --> 3[""unique""]
    1 --> 4[""filter_size_small""]
    4 --> 5[""unique""]
    5 --> 6[""filter_color_yellow""]
    6 --> 7[""unique""]
    3 --> 8[""equal_shape""]
    7 --> 8
```"
68,"This question asks whether the material of the tiny object to the left of the large matte object is the same as the material of the thing that is in front of the small green thing. To answer this question, we need to:
1. Find the large matte object. We expect it to be unique: scene --> filter_material_metal --> filter_size_large --> unique
2. Find the tiny object to the left of this large matte object: result from step 1 --> relate_left --> filter_size_small --> unique
3. Find the small green object. We expect it to be unique: scene --> filter_color_green --> filter_size_small --> unique
4. Find the object in front of the small green object: result from step 3 --> relate_in_front --> unique
5. Compare the material of the two objects: result from step 2 --> query_material; result from step 4 --> query_material; equal_material

```mermaid
graph LR
    1[""scene""] --> 2[""filter_material_metal""]
    2 --> 3[""filter_size_large""]
    3 --> 4[""unique""]
    4 --> 5[""relate_left""]
    5 --> 6[""filter_size_small""]
    6 --> 7[""unique""]
    1 --> 8[""filter_color_green""]
    8 --> 9[""filter_size_small""]
    9 --> 10[""unique""]
    10 --> 11[""relate_in_front""]
    11 --> 12[""unique""]
    7 --> 13[""query_material""]
    12 --> 14[""query_material""]
    13 --> 15[""equal_material""]
    14 --> 15
```"
69,"This question asks whether the size of the gray metallic ball in front of the green object is the same as the brown metallic object. To answer this question, we need to:
1. Find the green object. We expect it to be unique: scene --> filter_color_green --> unique
2. Find the gray metallic ball in front of the green object. We expect it to be unique: result from step 1 --> relate_in_front --> filter_color_gray --> filter_material_metal --> filter_shape_sphere --> unique
3. Find the brown metallic object: scene --> filter_color_brown --> filter_material_metal --> unique
4. Compare the size of the two objects: result from step 2 and result from step 3 --> equal_size

```mermaid
graph LR
    1[""scene""] --> 2[""filter_color_green""]
    2 --> 3[""unique""]
    3 --> 4[""relate_in_front""]
    4 --> 5[""filter_color_gray""]
    5 --> 6[""filter_material_metal""]
    6 --> 7[""filter_shape_sphere""]
    7 --> 8[""unique""]
    1 --> 9[""filter_color_brown""]
    9 --> 10[""filter_material_metal""]
    10 --> 11[""unique""]
    8 --> 12[""equal_size""]
    11 --> 12
```"
70,"This question asks about the material of an object that is both behind the small green metallic cube and to the left of the purple matte cube. To answer this question, we need to:
1. Find the small green metallic cube: scene --> filter_size_small --> filter_color_green --> filter_material_metal --> filter_shape_cube --> unique
2. Find the purple matte cube: scene --> filter_color_purple --> filter_material_rubber --> filter_shape_cube --> unique
3. Find the object that is both behind the small green metallic cube and to the left of the purple matte cube: result from step 1 --> relate_behind; result from step 2 --> relate_left; AND the two results
4. Query the material of this object: result from step 3 --> query_material

```mermaid
graph LR
    1[""scene""] --> 2[""filter_size_small""]
    2 --> 3[""filter_color_green""]
    3 --> 4[""filter_material_metal""]
    4 --> 5[""filter_shape_cube""]
    5 --> 6[""unique""]
    6 --> 7[""relate_behind""]
    1 --> 8[""filter_color_purple""]
    8 --> 9[""filter_material_rubber""]
    9 --> 10[""filter_shape_cube""]
    10 --> 11[""unique""]
    11 --> 12[""relate_left""]
    7 --> 13[""And""]
    12 --> 13
    13 --> 14[""query_material""]
```"
71,"This question asks about the color of a small rubber object that has the same shape as the purple matte thing. To answer this question, we need to:
1. Find the purple matte thing: scene --> filter_color_purple --> filter_material_metal --> unique
2. Identify the shape of this purple matte thing: result from step 1 --> query_shape
3. Find all small rubber objects with the same shape: scene --> filter_size_small --> filter_material_rubber --> filter_shape_<result from step 2>
4. Since there is another small rubber object, we expect there are at least two objects, so we cannot use unique: result from step 3 --> query_color

```mermaid
graph LR
    1[""scene""] --> 2[""filter_color_purple""]
    2 --> 3[""filter_material_metal""]
    3 --> 4[""unique""]
    4 --> 5[""query_shape""]
    1 --> 6[""filter_size_small""]
    6 --> 7[""filter_material_rubber""]
    7 --> 8[""filter_shape_<result from 5>""]
    8 --> 9[""query_color""]
```"
72,"This question asks about the size of the yellow block made of the same material as the tiny green thing. To answer this question, we need to:
1. Find the tiny green thing. We expect it to be unique: scene --> filter_size_small --> filter_color_green --> unique
2. Find all objects made of the same material as this tiny green thing: result from step 1 --> same_material
3. Find the yellow block among these objects: result from step 2 --> filter_color_yellow --> filter_shape_cube --> unique
4. Query the size of this yellow block: result from step 3 --> query_size

```mermaid
graph LR
    1[""scene""] --> 2[""filter_size_small""]
    2 --> 3[""filter_color_green""]
    3 --> 4[""unique""]
    4 --> 5[""same_material""]
    5 --> 6[""filter_color_yellow""]
    6 --> 7[""filter_shape_cube""]
    7 --> 8[""unique""]
    8 --> 9[""query_size""]
```"
73,"This question asks about the material of the tiny blue cube that is behind the tiny cube in front of the big gray block. To answer this question, we need to:
1. Find the big gray block. We expect it to be unique: scene --> filter_color_gray --> filter_size_large --> unique
2. Find the tiny cube in front of the big gray block: result from step 1 --> relate_in_front --> filter_size_small --> filter_shape_cube --> unique
3. Find the tiny cube behind the tiny cube in front of the big gray block: result from step 2 --> relate_behind --> filter_size_small --> filter_shape_cube --> unique
4. Filter this tiny cube to be blue: result from step 3 --> filter_color_blue --> unique
5. Query the material of this tiny blue cube: result from step 4 --> query_material

```mermaid
graph LR
    1[""scene""] --> 2[""filter_color_gray""]
    2 --> 3[""filter_size_large""]
    3 --> 4[""unique""]
    4 --> 5[""relate_in_front""]
    5 --> 6[""filter_size_small""]
    6 --> 7[""filter_shape_cube""]
    7 --> 8[""unique""]
    8 --> 9[""relate_behind""]
    9 --> 10[""filter_size_small""]
    10 --> 11[""filter_shape_cube""]
    11 --> 12[""unique""]
    12 --> 13[""filter_color_blue""]
    13 --> 14[""unique""]
    14 --> 15[""query_material""]
```"
74,"This question asks about the color of the cylinder. To answer this question, we need to first locate this cylinder by finding the yellow object left of the tiny red object, then find the cylinder to the left of this yellow object, and finally query its color.
1. Find the tiny red object. We expect it to be unique: scene --> filter_size_small --> filter_color_red --> unique
2. Find the yellow object to the left of this tiny red object: result from step 1 --> relate_left --> filter_color_yellow
3. Find the cylinder to the left of this yellow object: result from step 2 --> relate_left --> filter_shape_cylinder --> unique
4. Query the color of this cylinder: result from step 3 --> query_color

```mermaid
graph LR
    1[""scene""] --> 2[""filter_size_small""]
    2 --> 3[""filter_color_red""]
    3 --> 4[""unique""]
    4 --> 5[""relate_left""]
    5 --> 6[""filter_color_yellow""]
    6 --> 7[""relate_left""]
    7 --> 8[""filter_shape_cylinder""]
    8 --> 9[""unique""]
    9 --> 10[""query_color""]
```"
75,"This question asks the number of small objects that are both on the right side of the small metal cylinder and on the left side of the blue rubber ball. To answer this question, we need to:
1. Find the small metal cylinder. We expect it to be unique: scene --> filter_size_small --> filter_material_metal --> filter_shape_cylinder --> unique
2. Find the blue rubber ball. We expect it to be unique: scene --> filter_color_blue --> filter_material_rubber --> filter_shape_sphere --> unique
3. Find the objects on the right of the small metal cylinder: result from step 1 --> relate_right
4. Find the objects on the left of the blue rubber ball: result from step 2 --> relate_left
5. Find the intersection of the two sets: result from step 3 --> AND --> result from step 4
6. Filter the small objects from the intersection: result from step 5 --> filter_size_small
7. Count the number of small objects: result from step 6 --> count

```mermaid
graph LR
    1[""scene""] --> 2[""filter_size_small""]
    2 --> 3[""filter_material_metal""]
    3 --> 4[""filter_shape_cylinder""]
    4 --> 5[""unique""]
    1 --> 6[""filter_color_blue""]
    6 --> 7[""filter_material_rubber""]
    7 --> 8[""filter_shape_sphere""]
    8 --> 9[""unique""]
    5 --> 10[""relate_right""]
    9 --> 11[""relate_left""]
    10 --> 12[""AND""]
    11 --> 12
    12 --> 13[""filter_size_small""]
    13 --> 14[""count""]
```"
76,"This question asks about the number of objects that are either tiny purple objects or metallic balls in front of the green block. To answer this question, we need to:
1. Find the set of tiny purple objects: scene --> filter_size_small --> filter_color_purple
2. Find the set of metallic balls: scene --> filter_material_metal --> filter_shape_sphere
3. Find the green block. We expect it to be unique: scene --> filter_color_green --> filter_shape_cube --> unique
4. Find the objects in front of the green block: result from step 3 --> relate_in_front
5. Find the objects that are either tiny purple objects or metallic balls in front of the green block: result from step 1 --> AND result from step 2 --> AND result from step 4
6. Count the number of objects: result from step 5 --> count

```mermaid
graph LR
    1[""scene""] --> 2[""filter_size_small""]
    2 --> 3[""filter_color_purple""]
    1 --> 4[""filter_material_metal""]
    4 --> 5[""filter_shape_sphere""]
    1 --> 6[""filter_color_green""]
    6 --> 7[""filter_shape_cube""]
    7 --> 8[""unique""]
    8 --> 9[""relate_in_front""]
    3 --> 10[""OR""]
    5 --> 10
    10 --> 11[""AND""]
    9 --> 11
    11 --> 12[""count""]
```"
77,"This question asks about the number of small objects that are either to the left of the brown object or are blue rubber balls. To answer this question, we need to:
1. Find the brown object. We expect it to be unique: scene --> filter_color_brown --> unique
2. Find the small objects to the left of the brown object: result from step 1 --> relate_left --> filter_size_small
3. Find the blue rubber balls: scene --> filter_color_blue --> filter_material_rubber --> filter_shape_ball (Note: ball is not a valid shape, we assume it means sphere) 
4. Combine the results from step 2 and step 3: result from step 2 --> OR --> result from step 3
5. Count the number of objects: result from step 4 --> count

```mermaid
graph LR
    1[""scene""] --> 2[""filter_color_brown""]
    2 --> 3[""unique""]
    3 --> 4[""relate_left""]
    4 --> 5[""filter_size_small""]
    1 --> 6[""filter_color_blue""]
    6 --> 7[""filter_material_rubber""]
    7 --> 8[""filter_shape_sphere""]
    5 --> 9[""OR""]
    8 --> 9
    9 --> 10[""count""]
```"
78,"This question asks the number of matte objects that are either small cyan balls or cyan things. To answer this question, we need to first find the set of small cyan balls and the set of cyan things, then find the intersection of these two sets and the set of matte objects.
1. Find the set of small cyan balls: scene --> filter_size_small --> filter_color_cyan --> filter_shape_sphere
2. Find the set of cyan things: scene --> filter_color_cyan
3. Find the set of matte objects: scene --> filter_material_rubber
4. Find the intersection of the set of small cyan balls, the set of cyan things and the set of matte objects: result from step 1 --> OR result from step 2 --> AND result from step 3
5. Count the number of objects in this intersection: result from step 4 --> count

```mermaid
graph LR
    1[""scene""] --> 2[""filter_size_small""]
    2 --> 3[""filter_color_cyan""]
    3 --> 4[""filter_shape_sphere""]
    1 --> 5[""filter_color_cyan""]
    1 --> 6[""filter_material_rubber""]
    4 --> 7[""OR""]
    5 --> 7
    7 --> 8[""AND""]
    6 --> 8
    8 --> 9[""count""]
```"
79,"This question asks for the number of other objects that have the same color as the big cylinder. To answer this question, we need to:
1. Find the big cylinder. We expect it to be unique: scene --> filter_size_large --> filter_shape_cylinder --> unique
2. Find all objects with the same color as this big cylinder: result from step 1 --> same_color
3. Count its number: result from step 2 --> count, note that count here includes the big cylinder itself, but since we want the number of ""other"" objects, this is not needed.

However, the question does ask for ""other"" objects. The same_color function returns a set that includes the big cylinder itself. Therefore, we need to subtract one from the count.

```mermaid
graph LR
    1[""scene""] --> 2[""filter_size_large""]
    2 --> 3[""filter_shape_cylinder""]
    3 --> 4[""unique""]
    4 --> 5[""same_color""]
    5 --> 6[""count""]
    6 --> 7[""subtract 1""]
```"
80,"This question asks whether there are any other objects that have the same size as the purple metallic thing. To answer this question, we first need to find the purple metallic thing and then identify all objects with the same size as it.
1. Find the purple metallic thing. We expect it to be unique: scene --> filter_color_purple --> filter_material_metal --> unique
2. Find all objects with the same size as this purple metallic thing: result from step 1 --> same_size
3. Check if there is any other object with the same size: result from step 2 --> exist

```mermaid
graph LR
    1[""scene""] --> 2[""filter_color_purple""]
    2 --> 3[""filter_material_metal""]
    3 --> 4[""unique""]
    4 --> 5[""same_size""]
    5 --> 6[""exist""]
```"
81,"This question asks whether there are the same number of big gray rubber objects to the right of the rubber cylinder and gray matte blocks in front of the ball. To answer this question, we first need to find the rubber cylinder and the ball, then find the objects with specified attributes and relations, and compare their counts.
1. Find the rubber cylinder: scene --> filter_material_rubber --> filter_shape_cylinder --> unique
2. Find the ball: scene --> filter_shape_sphere --> unique
3. Find the big gray rubber objects to the right of the rubber cylinder: result from step 1 --> relate_right --> filter_size_large --> filter_color_gray --> filter_material_rubber
4. Find the gray matte blocks in front of the ball: result from step 2 --> relate_in_front --> filter_color_gray --> filter_material_metal
5. Count the numbers of objects in steps 3 and 4: result from step 3 --> count; result from step 4 --> count
6. Compare the two counts: result from step 5 is equal_integer result from step 5

```mermaid
graph LR
    1[""scene""] --> 2[""filter_material_rubber""]
    2 --> 3[""filter_shape_cylinder""]
    3 --> 4[""unique""]
    4 --> 5[""relate_right""]
    5 --> 6[""filter_size_large""]
    6 --> 7[""filter_color_gray""]
    7 --> 8[""filter_material_rubber""]
    8 --> 9[""count""]
    1 --> 10[""filter_shape_sphere""]
    10 --> 11[""unique""]
    11 --> 12[""relate_in_front""]
    12 --> 13[""filter_color_gray""]
    13 --> 14[""filter_material_metal""]
    14 --> 15[""count""]
    9 --> 16[""equal_integer""]
    15 --> 16
```"
82,"This question asks whether there are any other objects with the same shape as the purple object. To answer this question, we need to:
1. Find the purple object. We expect it to be unique: scene --> filter_color_purple --> unique
2. Find all objects with the same shape as this purple object: result from step 1 --> same_shape
3. Check if there are any other objects: result from step 2 --> exist

```mermaid
graph LR
    1[""scene""] --> 2[""filter_color_purple""]
    2 --> 3[""unique""]
    3 --> 4[""same_shape""]
    4 --> 5[""exist""]
```"
83,"This question asks whether the large metallic object and the tiny purple rubber object have the same shape. To answer this question, we first need to find these two objects and then compare their shapes.
1. Find the large metallic object: scene --> filter_size_large --> filter_material_metal --> unique
2. Find the tiny purple rubber object: scene --> filter_size_small --> filter_color_purple --> filter_material_rubber --> unique
3. Compare their shapes: result from step 1 and result from step 2 --> equal_shape

```mermaid
graph LR
    1[""scene""] --> 2[""filter_size_large""]
    2 --> 3[""filter_material_metal""]
    3 --> 4[""unique""]
    1 --> 5[""filter_size_small""]
    5 --> 6[""filter_color_purple""]
    6 --> 7[""filter_material_rubber""]
    7 --> 8[""unique""]
    4 --> 9[""equal_shape""]
    8 --> 9
```"
84,"This question asks whether the big shiny thing and the shiny cylinder have the same color. To answer this question, we need to:
1. Find the big shiny thing. We expect it to be unique: scene --> filter_size_large --> filter_material_metal --> unique
2. Find the shiny cylinder. We expect it to be unique: scene --> filter_shape_cylinder --> filter_material_metal --> unique
3. Compare their colors: result from step 1 and result from step 2 --> equal_color

```mermaid
graph LR
    1[""scene""] --> 2[""filter_size_large""]
    2 --> 3[""filter_material_metal""]
    3 --> 4[""unique""]
    1 --> 5[""filter_shape_cylinder""]
    5 --> 6[""filter_material_metal""]
    6 --> 7[""unique""]
    4 --> 8[""equal_color""]
    7 --> 8
```"
85,"This question asks about the material of a specific sphere. To answer this question, we need to follow the spatial relationships described in the question to locate the sphere.
1. Find the purple rubber thing. We expect it to be unique: scene --> filter_color_purple --> filter_material_rubber --> unique
2. Find the cyan cube behind this purple rubber thing: result from step 1 --> relate_behind --> filter_color_cyan --> filter_shape_cube --> unique
3. Find the cyan metal thing on the right of this cyan cube: result from step 2 --> relate_right --> filter_color_cyan --> filter_material_metal --> unique
4. Find the sphere on the right of this cyan metal thing: result from step 3 --> relate_right --> filter_shape_sphere --> unique
5. Query the material of this sphere: result from step 4 --> query_material

```mermaid
graph LR
    1[""scene""] --> 2[""filter_color_purple""]
    2 --> 3[""filter_material_rubber""]
    3 --> 4[""unique""]
    4 --> 5[""relate_behind""]
    5 --> 6[""filter_color_cyan""]
    6 --> 7[""filter_shape_cube""]
    7 --> 8[""unique""]
    8 --> 9[""relate_right""]
    9 --> 10[""filter_color_cyan""]
    10 --> 11[""filter_material_metal""]
    11 --> 12[""unique""]
    12 --> 13[""relate_right""]
    13 --> 14[""filter_shape_sphere""]
    14 --> 15[""unique""]
    15 --> 16[""query_material""]
```"
86,"This question asks about the color of the small cylinder. To answer this question, we need to:
1. Find the small cylinder. We expect it to be unique: scene --> filter_size_small --> filter_shape_cylinder --> unique
2. Query the color of the small cylinder: result from step 1 --> query_color

```mermaid
graph LR
    1[""scene""] --> 2[""filter_size_small""]
    2 --> 3[""filter_shape_cylinder""]
    3 --> 4[""unique""]
    4 --> 5[""query_color""]
```"
87,"This question asks about the size of the purple cylinder that has the same material as the large blue object. To answer this question, we need to:
1. Find the large blue object. We expect it to be unique: scene --> filter_size_large --> filter_color_blue --> unique
2. Identify all objects with the same material as this large blue object: result from step 1 --> same_material
3. Find the purple cylinder among these objects: result from step 2 --> filter_color_purple --> filter_shape_cylinder --> unique
4. Query its size: result from step 3 --> query_size

```mermaid
graph LR
    1[""scene""] --> 2[""filter_size_large""]
    2 --> 3[""filter_color_blue""]
    3 --> 4[""unique""]
    4 --> 5[""same_material""]
    5 --> 6[""filter_color_purple""]
    6 --> 7[""filter_shape_cylinder""]
    7 --> 8[""unique""]
    8 --> 9[""query_size""]
```"
88,"This question is asking about the color of the metal object on the right side of the large metal thing in front of the large shiny thing on the right side of the large blue object. To answer this question, we need to:
1. Find the large blue object. We expect it to be unique: scene --> filter_color_blue --> filter_size_large --> unique
2. Find the large shiny (metal) object on the right of the large blue object: result from step 1 --> relate_right --> filter_material_metal --> filter_size_large --> unique
3. Find the large metal object in front of the large metal object found in step 2: result from step 2 --> relate_in_front --> filter_material_metal --> filter_size_large --> unique
4. Find the metal object on the right of the large metal object found in step 3: result from step 3 --> relate_right --> filter_material_metal
5. Query the color of this metal object: result from step 4 --> query_color

```mermaid
graph LR
    1[""scene""] --> 2[""filter_color_blue""]
    2 --> 3[""filter_size_large""]
    3 --> 4[""unique""]
    4 --> 5[""relate_right""]
    5 --> 6[""filter_material_metal""]
    6 --> 7[""filter_size_large""]
    7 --> 8[""unique""]
    8 --> 9[""relate_in_front""]
    9 --> 10[""filter_material_metal""]
    10 --> 11[""filter_size_large""]
    11 --> 12[""unique""]
    12 --> 13[""relate_right""]
    13 --> 14[""filter_material_metal""]
    14 --> 15[""query_color""]
```"
89,"This question asks about the size of a specific object that is left of another object, which is left of an object that is on the right side of a small blue thing. To answer this question, we need to:
1. Find the small blue thing: scene --> filter_size_small --> filter_color_blue --> unique
2. Find the object on the right side of this small blue thing: result from step 1 --> relate_right --> unique
3. Find the tiny shiny object on the left of this object: scene --> filter_size_small --> filter_material_metal --> unique; result from step 2 --> relate_left --> unique; AND the two results
4. Find the object on the left of this tiny shiny object: result from step 3 --> relate_left --> unique
5. Query the size of this object: result from step 4 --> query_size

```mermaid
graph LR
    1[""scene""] --> 2[""filter_size_small""]
    2 --> 3[""filter_color_blue""]
    3 --> 4[""unique""]
    4 --> 5[""relate_right""]
    5 --> 6[""unique""]
    1 --> 7[""filter_size_small""]
    7 --> 8[""filter_material_metal""]
    8 --> 9[""unique""]
    6 --> 10[""relate_left""]
    9 --> 10
    10 --> 11[""And""]
    11 --> 12[""unique""]
    12 --> 13[""relate_left""]
    13 --> 14[""unique""]
    14 --> 15[""query_size""]
```"
90,"This question asks the number of other objects with the same size as the purple object. To answer this question, we first need to find the purple object and then identify all other objects with the same size as it.
1. Find the purple object. We expect it to be unique: scene --> filter_color_purple --> unique
2. Find all objects with the same size as this purple object, excluding the purple object itself: result from step 1 --> same_size
3. Count its number: result from step 2 --> count

```mermaid
graph LR
    1[""scene""] --> 2[""filter_color_purple""]
    2 --> 3[""unique""]
    3 --> 4[""same_size""]
    4 --> 5[""count""]
```"
91,"This question asks the number of green objects that are either small metallic cylinders or small metallic balls. To answer this question, we need to find the set of green objects that are small metallic cylinders or small metallic balls and then count them.
1. Find the set of small metallic objects: scene --> filter_size_small --> filter_material_metal
2. Find the set of green objects that are cylinders or balls: result from step 1 --> filter_color_green --> OR (filter_shape_cylinder, filter_shape_sphere)
3. Count the number of green objects: result from step 2 --> count

```mermaid
graph LR
    1[""scene""] --> 2[""filter_size_small""]
    2 --> 3[""filter_material_metal""]
    3 --> 4[""filter_color_green""]
    4 --> 5[""OR""]
    3 --> 6[""filter_shape_cylinder""]
    3 --> 7[""filter_shape_sphere""]
    6 --> 5
    7 --> 5
    5 --> 8[""count""]
```"
92,"This question asks the number of other objects with the same color as the metallic ball. To answer this question, we first need to find the metallic ball and then identify all objects with the same color as it.
1. Find the metallic ball. We expect it to be unique: scene --> filter_material_metal --> filter_shape_sphere --> unique
2. Find all objects with the same color as this metallic ball: result from step 1 --> same_color
3. Count its number: result from step 2 --> count

```mermaid
graph LR
    1[""scene""] --> 2[""filter_material_metal""]
    2 --> 3[""filter_shape_sphere""]
    3 --> 4[""unique""]
    4 --> 5[""same_color""]
    5 --> 6[""count""]
```"
93,"This question asks the number of yellow objects with the same shape as the gray shiny thing. To answer this question, we first need to find the gray shiny thing and then identify all yellow objects with the same shape as it.
1. Find the gray shiny thing, which is a gray metal object. We expect it to be unique: scene --> filter_color_gray --> filter_material_metal --> unique
2. Find all objects with the same shape as this gray shiny thing: result from step 1 --> same_shape
3. Find the yellow objects among them: result from step 2 --> filter_color_yellow
4. Count its number: result from step 3 --> count

```mermaid
graph LR
    1[""scene""] --> 2[""filter_color_gray""]
    2 --> 3[""filter_material_metal""]
    3 --> 4[""unique""]
    4 --> 5[""same_shape""]
    5 --> 6[""filter_color_yellow""]
    6 --> 7[""count""]
```"
94,"This question asks the number of large objects that are both in front of the large green ball and behind the purple cylinder. To answer this question, we need to first find the large green ball and the purple cylinder, and then identify the large objects that satisfy both conditions.
1. Find the large green ball. We expect it to be unique: scene --> filter_color_green --> filter_shape_sphere --> filter_size_large --> unique
2. Find the purple cylinder. We expect it to be unique: scene --> filter_color_purple --> filter_shape_cylinder --> unique
3. Find objects in front of the large green ball: result from step 1 --> relate_in_front
4. Find objects behind the purple cylinder: result from step 2 --> relate_behind
5. Find the intersection of the two sets of objects: result from step 3 --> AND --> result from step 4
6. Filter the large objects from the intersection: result from step 5 --> filter_size_large
7. Count the number of large objects: result from step 6 --> count

```mermaid
graph LR
    1[""scene""] --> 2[""filter_color_green""]
    2 --> 3[""filter_shape_sphere""]
    3 --> 4[""filter_size_large""]
    4 --> 5[""unique""]
    5 --> 6[""relate_in_front""]
    1 --> 7[""filter_color_purple""]
    7 --> 8[""filter_shape_cylinder""]
    8 --> 9[""unique""]
    9 --> 10[""relate_behind""]
    6 --> 11[""AND""]
    10 --> 11
    11 --> 12[""filter_size_large""]
    12 --> 13[""count""]
```"
95,"This question asks whether there are any large matte objects that have the same color as the large matte cylinder. To answer this question, we need to:
1. Find the large matte cylinder. We expect it to be unique: scene --> filter_size_large --> filter_material_metal --> filter_shape_cylinder --> unique
2. Identify the color of this cylinder: result from step 1 --> query_color
3. Find all large matte objects with the same color: scene --> filter_size_large --> filter_material_metal --> filter_color_<color from step 2>
4. Check if there are any objects in the resulting set: result from step 3 --> exist

```mermaid
graph LR
    1[""scene""] --> 2[""filter_size_large""]
    2 --> 3[""filter_material_metal""]
    3 --> 4[""filter_shape_cylinder""]
    4 --> 5[""unique""]
    5 --> 6[""query_color""]
    1 --> 7[""filter_size_large""]
    7 --> 8[""filter_material_metal""]
    8 --> 9[""filter_color_<color from 6>""]
    9 --> 10[""exist""]
```"
96,"This question asks whether there are other objects with the same material as the big cylinder. To answer this question, we first need to find the big cylinder and then identify all objects with the same material as it.
1. Find the big cylinder. We expect it to be unique: scene --> filter_size_large --> filter_shape_cylinder --> unique
2. Find all objects with the same material as this big cylinder: result from step 1 --> same_material
3. Check if there are any other objects with the same material: result from step 2 --> exist

```mermaid
graph LR
    1[""scene""] --> 2[""filter_size_large""]
    2 --> 3[""filter_shape_cylinder""]
    3 --> 4[""unique""]
    4 --> 5[""same_material""]
    5 --> 6[""exist""]
```"
97,"This question asks whether there are any small green objects made of the same material as the cyan object. To answer this question, we need to:
1. Find the cyan object. We expect it to be unique: scene --> filter_color_cyan --> unique
2. Find all objects made of the same material as this cyan object: result from step 1 --> same_material
3. Find the small green objects among these objects: result from step 2 --> filter_size_small --> filter_color_green
4. Check if there are any objects left: result from step 3 --> exist

```mermaid
graph LR
    1[""scene""] --> 2[""filter_color_cyan""]
    2 --> 3[""unique""]
    3 --> 4[""same_material""]
    4 --> 5[""filter_size_small""]
    5 --> 6[""filter_color_green""]
    6 --> 7[""exist""]
```"
98,"This question asks whether the material of the small green object is the same as the material of the large yellow cylinder. To answer this question, we need to:
1. Find the small green object: scene --> filter_size_small --> filter_color_green --> unique
2. Find the large yellow cylinder: scene --> filter_size_large --> filter_color_yellow --> filter_shape_cylinder --> unique
3. Compare the materials of the two objects: result from step 1 and result from step 2 --> equal_material

```mermaid
graph LR
    1[""scene""] --> 2[""filter_size_small""]
    2 --> 3[""filter_color_green""]
    3 --> 4[""unique""]
    1 --> 5[""filter_size_large""]
    5 --> 6[""filter_color_yellow""]
    6 --> 7[""filter_shape_cylinder""]
    7 --> 8[""unique""]
    4 --> 9[""equal_material""]
    8 --> 9
```"
99,"This question asks whether there are the same number of big objects in front of the large yellow metal cube and red cylinders. To answer this question, we need to first find the large yellow metal cube and the red cylinders, then find the big objects in front of each, and finally compare their numbers.
1. Find the large yellow metal cube. We expect it to be unique: scene --> filter_size_large --> filter_color_yellow --> filter_material_metal --> filter_shape_cube --> unique
2. Find the red cylinders. We expect them to be a set: scene --> filter_color_red --> filter_shape_cylinder
3. Find the big objects in front of the large yellow metal cube: result from step 1 --> relate_in_front --> filter_size_large
4. Find the big objects in front of the red cylinders: result from step 2 --> relate_in_front --> filter_size_large
5. Count the number of big objects in front of the large yellow metal cube: result from step 3 --> count
6. Count the number of big objects in front of the red cylinders: result from step 4 --> count
7. Compare the two numbers: result from step 5 is equal_integer result from step 6

```mermaid
graph LR
    1[""scene""] --> 2[""filter_size_large""]
    2 --> 3[""filter_color_yellow""]
    3 --> 4[""filter_material_metal""]
    4 --> 5[""filter_shape_cube""]
    5 --> 6[""unique""]
    6 --> 7[""relate_in_front""]
    7 --> 8[""filter_size_large""]
    8 --> 9[""count""]
    1 --> 10[""filter_color_red""]
    10 --> 11[""filter_shape_cylinder""]
    11 --> 12[""relate_in_front""]
    12 --> 13[""filter_size_large""]
    13 --> 14[""count""]
    9 --> 15[""equal_integer""]
    14 --> 15
```"
100,"This question is asking about the material of the purple object that is to the right of the tiny cube and behind the red rubber object. To answer this question, we need to:
1. Find the tiny cube. We expect it to be unique: scene --> filter_size_small --> filter_shape_cube --> unique
2. Find the red rubber object. We expect it to be unique: scene --> filter_color_red --> filter_material_rubber --> unique
3. Find the object behind the red rubber object and to the right of the tiny cube: result from step 1 --> relate_right; result from step 2 --> relate_behind; AND the two results --> filter_color_purple
4. Query the material of this object: result from step 3 --> query_material

```mermaid
graph LR
    1[""scene""] --> 2[""filter_size_small""]
    2 --> 3[""filter_shape_cube""]
    3 --> 4[""unique""]
    4 --> 5[""relate_right""]
    1 --> 6[""filter_color_red""]
    6 --> 7[""filter_material_rubber""]
    7 --> 8[""unique""]
    8 --> 9[""relate_behind""]
    5 --> 10[""And""]
    9 --> 10
    10 --> 11[""filter_color_purple""]
    11 --> 12[""query_material""]
```"
101,"This question asks about the size of the red object that has the same material as the large yellow object. To answer this question, we need to:
1. Find the large yellow object. We expect it to be unique: scene --> filter_color_yellow --> filter_size_large --> unique
2. Identify the material of this large yellow object: result from step 1 --> query_material
3. Find the red objects with the same material: scene --> filter_color_red --> filter_material_<result from step 2>
4. Query the size of these red objects: result from step 3 --> query_size

```mermaid
graph LR
    1[""scene""] --> 2[""filter_color_yellow""]
    2 --> 3[""filter_size_large""]
    3 --> 4[""unique""]
    4 --> 5[""query_material""]
    1 --> 6[""filter_color_red""]
    6 --> 7[""filter_material_<result from 5>""]
    7 --> 8[""query_size""]
```"
102,"This question asks about the material of the big cyan thing that has the same shape as the gray object. To answer this question, we need to:
1. Find the gray object: scene --> filter_color_gray --> unique
2. Find the set of objects with the same shape as the gray object: result from step 1 --> same_shape
3. Filter the set to find the big cyan object: result from step 2 --> filter_size_large --> filter_color_cyan --> unique
4. Query the material of this object: result from step 3 --> query_material

```mermaid
graph LR
    1[""scene""] --> 2[""filter_color_gray""]
    2 --> 3[""unique""]
    3 --> 4[""same_shape""]
    4 --> 5[""filter_size_large""]
    5 --> 6[""filter_color_cyan""]
    6 --> 7[""unique""]
    7 --> 8[""query_material""]
```"
103,"This question is asking about the color of the cylinder to the left of a specific object. To answer this question, we need to first find that specific object.
1. Find the small rubber sphere. We expect it to be unique: scene --> filter_size_small --> filter_material_rubber --> unique
2. Find the big matte thing behind the small rubber sphere: result from step 1 --> relate_behind --> filter_material_metal --> filter_size_large --> unique
3. Find the large matte object in front of the big matte thing: result from step 2 --> relate_in_front --> filter_material_metal --> filter_size_large --> unique
4. Find the cylinder to the left of this large matte object: result from step 3 --> relate_left --> filter_shape_cylinder --> unique
5. Query the color of the cylinder: result from step 4 --> query_color

```mermaid
graph LR
    1[""scene""] --> 2[""filter_size_small""]
    2 --> 3[""filter_material_rubber""]
    3 --> 4[""unique""]
    4 --> 5[""relate_behind""]
    5 --> 6[""filter_material_metal""]
    6 --> 7[""filter_size_large""]
    7 --> 8[""unique""]
    8 --> 9[""relate_in_front""]
    9 --> 10[""filter_material_metal""]
    10 --> 11[""filter_size_large""]
    11 --> 12[""unique""]
    12 --> 13[""relate_left""]
    13 --> 14[""filter_shape_cylinder""]
    14 --> 15[""unique""]
    15 --> 16[""query_color""]
```"
104,"This question asks about the material of the sphere that is to the right of the tiny red thing that is to the right of the tiny sphere that is to the left of the matte cylinder. To answer this question, we need to:
1. Find the matte cylinder. We expect it to be unique: scene --> filter_material_metal --> filter_shape_cylinder --> unique
2. Find the tiny sphere to the left of the matte cylinder: result from step 1 --> relate_left --> filter_size_small --> filter_shape_sphere --> unique
3. Find the tiny red thing to the right of the tiny sphere: result from step 2 --> relate_right --> filter_size_small --> filter_color_red --> unique
4. Find the sphere to the right of the tiny red thing: result from step 3 --> relate_right --> filter_shape_sphere --> unique
5. Query the material of the sphere: result from step 4 --> query_material

```mermaid
graph LR
    1[""scene""] --> 2[""filter_material_metal""]
    2 --> 3[""filter_shape_cylinder""]
    3 --> 4[""unique""]
    4 --> 5[""relate_left""]
    5 --> 6[""filter_size_small""]
    6 --> 7[""filter_shape_sphere""]
    7 --> 8[""unique""]
    8 --> 9[""relate_right""]
    9 --> 10[""filter_size_small""]
    10 --> 11[""filter_color_red""]
    11 --> 12[""unique""]
    12 --> 13[""relate_right""]
    13 --> 14[""filter_shape_sphere""]
    14 --> 15[""unique""]
    15 --> 16[""query_material""]
```"
105,"This question asks the number of tiny objects that are either in front of the brown cylinder or big cylinders. To answer this question, we need to:
1. Find the set of tiny objects: scene --> filter_size_small
2. Find the set of objects in front of the brown cylinder: scene --> filter_color_brown --> filter_shape_cylinder --> relate_in_front
3. Find the set of big cylinders: scene --> filter_size_large --> filter_shape_cylinder
4. Combine the set of objects in front of the brown cylinder and the set of big cylinders: result from step 2 --> OR --> result from step 3
5. Find the intersection of the tiny objects and the combined set: result from step 1 --> AND --> result from step 4
6. Count the number of objects in the intersection: result from step 5 --> count

```mermaid
graph LR
    1[""scene""] --> 2[""filter_size_small""]
    1 --> 3[""filter_color_brown""]
    3 --> 4[""filter_shape_cylinder""]
    4 --> 5[""relate_in_front""]
    1 --> 6[""filter_size_large""]
    6 --> 7[""filter_shape_cylinder""]
    5 --> 8[""OR""]
    7 --> 8
    2 --> 9[""AND""]
    8 --> 9
    9 --> 10[""count""]
```"
106,"This question asks about the number of objects that are either small and cyan and shiny (metal) or tiny (small) and cube-shaped. To answer this question, we need to:
1. Find the set of small, cyan, and metal objects: scene --> filter_size_small --> filter_color_cyan --> filter_material_metal
2. Find the set of small (tiny) and cube-shaped objects: scene --> filter_size_small --> filter_shape_cube
3. Combine these two sets: result from step 1 and result from step 2 --> OR
4. Count the number of objects in the combined set: result from step 3 --> count

```mermaid
graph LR
    1[""scene""] --> 2[""filter_size_small""]
    2 --> 3[""filter_color_cyan""]
    3 --> 4[""filter_material_metal""]
    1 --> 5[""filter_size_small""]
    5 --> 6[""filter_shape_cube""]
    4 --> 7[""OR""]
    6 --> 7
    7 --> 8[""count""]
```"
107,"This question asks about the number of big purple rubber objects in front of the rubber cylinder that is on the right of the yellow metallic thing. To answer this question, we need to:
1. Find the yellow metallic thing. We expect it to be unique: scene --> filter_color_yellow --> filter_material_metal --> unique
2. Find the rubber cylinder on the right of this yellow metallic thing: result from step 1 --> relate_right --> filter_material_rubber --> filter_shape_cylinder --> unique
3. Find all big purple rubber objects in front of this rubber cylinder: result from step 2 --> relate_in_front --> filter_size_large --> filter_color_purple --> filter_material_rubber
4. Count the number of these objects: result from step 3 --> count

```mermaid
graph LR
    1[""scene""] --> 2[""filter_color_yellow""]
    2 --> 3[""filter_material_metal""]
    3 --> 4[""unique""]
    4 --> 5[""relate_right""]
    5 --> 6[""filter_material_rubber""]
    6 --> 7[""filter_shape_cylinder""]
    7 --> 8[""unique""]
    8 --> 9[""relate_in_front""]
    9 --> 10[""filter_size_large""]
    10 --> 11[""filter_color_purple""]
    11 --> 12[""filter_material_rubber""]
    12 --> 13[""count""]
```"
108,"This question asks the number of large gray things behind the small blue block or big objects that are behind the tiny blue rubber block. To answer this question, we need to find the two sets of objects that match the descriptions and then combine them.
1. Find the small blue block: scene --> filter_color_blue --> filter_size_small --> filter_shape_block --> unique
2. Find the large gray things behind the small blue block: result from step 1 --> relate_behind --> filter_size_large --> filter_color_gray
3. Find the tiny blue rubber block: scene --> filter_color_blue --> filter_size_small --> filter_material_rubber --> filter_shape_block --> unique
4. Find the big objects that are behind the tiny blue rubber block: result from step 3 --> relate_behind --> filter_size_large
5. Combine the two sets of objects: result from step 2 and result from step 4 --> OR
6. Count the number of objects in the combined set: result from step 5 --> count

```mermaid
graph LR
    1[""scene""] --> 2[""filter_color_blue""]
    2 --> 3[""filter_size_small""]
    3 --> 4[""filter_shape_block""]
    4 --> 5[""unique""]
    5 --> 6[""relate_behind""]
    6 --> 7[""filter_size_large""]
    7 --> 8[""filter_color_gray""]
    1 --> 9[""filter_color_blue""]
    9 --> 10[""filter_size_small""]
    10 --> 11[""filter_material_rubber""]
    11 --> 12[""filter_shape_block""]
    12 --> 13[""unique""]
    13 --> 14[""relate_behind""]
    14 --> 15[""filter_size_large""]
    8 --> 16[""OR""]
    15 --> 16
    16 --> 17[""count""]
```"
109,"This question asks about the number of cylinders that are either brown or big and gray. To answer this question, we need to:
1. Find the set of brown objects: scene --> filter_color_brown
2. Find the set of big and gray objects: scene --> filter_size_large --> filter_color_gray
3. Find the cylinders among these two sets: result from step 1 --> filter_shape_cylinder; result from step 2 --> filter_shape_cylinder
4. Combine the two sets of cylinders: result from step 3 (both) --> OR
5. Count the number of cylinders: result from step 4 --> count

```mermaid
graph LR
    1[""scene""] --> 2[""filter_color_brown""]
    2 --> 3[""filter_shape_cylinder""]
    1 --> 4[""filter_size_large""]
    4 --> 5[""filter_color_gray""]
    5 --> 6[""filter_shape_cylinder""]
    3 --> 7[""OR""]
    6 --> 7
    7 --> 8[""count""]
```"
110,"This question asks whether the number of big green cylinders behind the big green object is the same as the number of small matte spheres in front of the tiny rubber sphere. To answer this question, we need to first find the number of big green cylinders behind the big green object and the number of small matte spheres in front of the tiny rubber sphere, then compare them.
1. Find the big green object. We expect it to be unique: scene --> filter_color_green --> filter_size_large --> unique
2. Find the big green cylinders behind the big green object: result from step 1 --> relate_behind --> filter_color_green --> filter_size_large --> filter_shape_cylinder
3. Count their number: result from step 2 --> count
4. Find the tiny rubber sphere. We expect it to be unique: scene --> filter_size_small --> filter_material_rubber --> unique
5. Find the small matte spheres in front of the tiny rubber sphere: result from step 4 --> relate_in_front --> filter_size_small --> filter_material_metal --> filter_shape_sphere
6. Count their number: result from step 5 --> count
7. Compare the two numbers: result from step 3 is equal_integer result from step 6

```mermaid
graph LR
    1[""scene""] --> 2[""filter_color_green""]
    2 --> 3[""filter_size_large""]
    3 --> 4[""unique""]
    4 --> 5[""relate_behind""]
    5 --> 6[""filter_color_green""]
    6 --> 7[""filter_size_large""]
    7 --> 8[""filter_shape_cylinder""]
    8 --> 9[""count""]
    1 --> 10[""filter_size_small""]
    10 --> 11[""filter_material_rubber""]
    11 --> 12[""unique""]
    12 --> 13[""relate_in_front""]
    13 --> 14[""filter_size_small""]
    14 --> 15[""filter_material_metal""]
    15 --> 16[""filter_shape_sphere""]
    16 --> 17[""count""]
    9 --> 18[""equal_integer""]
    17 --> 18
```"
111,"This question asks whether the ball in front of the shiny cube and the green ball behind the metallic block are made of the same material. To answer this question, we need to first find the shiny cube, the ball in front of it, the metallic block, and the green ball behind it, then compare their materials.
1. Find the shiny cube. We expect it to be unique: scene --> filter_material_metal --> filter_shape_cube --> unique
2. Find the ball in front of the shiny cube: result from step 1 --> relate_in_front --> filter_shape_sphere
3. Find the metallic block. We expect it to be unique: scene --> filter_material_metal --> unique
4. Find the green ball behind the metallic block: result from step 3 --> relate_behind --> filter_color_green --> filter_shape_sphere
5. Compare the materials of the two balls: result from step 2 --> query_material; result from step 4 --> query_material; equal_material

```mermaid
graph LR
    1[""scene""] --> 2[""filter_material_metal""]
    2 --> 3[""filter_shape_cube""]
    3 --> 4[""unique""]
    4 --> 5[""relate_in_front""]
    5 --> 6[""filter_shape_sphere""]
    1 --> 7[""filter_material_metal""]
    7 --> 8[""unique""]
    8 --> 9[""relate_behind""]
    9 --> 10[""filter_color_green""]
    10 --> 11[""filter_shape_sphere""]
    6 --> 12[""query_material""]
    11 --> 13[""query_material""]
    12 --> 14[""equal_material""]
    13 --> 14
```"
112,"This question asks whether there are fewer green rubber objects on the right of the tiny object compared to the number of matte spheres behind the blue matte ball. To answer this question, we need to find the number of green rubber objects on the right of the tiny object and the number of matte spheres behind the blue matte ball, then compare them.
1. Find the tiny object. We expect it to be unique: scene --> filter_size_small --> unique
2. Find the green rubber objects on the right of the tiny object: result from step 1 --> relate_right --> filter_color_green --> filter_material_rubber
3. Count the number of green rubber objects: result from step 2 --> count
4. Find the blue matte ball. We expect it to be unique: scene --> filter_color_blue --> filter_material_rubber --> unique
5. Find the matte spheres behind the blue matte ball: result from step 4 --> relate_behind --> filter_material_rubber --> filter_shape_sphere
6. Count the number of matte spheres: result from step 5 --> count
7. Compare the two numbers: result from step 3 is less_than result from step 6

```mermaid
graph LR
    1[""scene""] --> 2[""filter_size_small""]
    2 --> 3[""unique""]
    3 --> 4[""relate_right""]
    4 --> 5[""filter_color_green""]
    5 --> 6[""filter_material_rubber""]
    6 --> 7[""count""]
    1 --> 8[""filter_color_blue""]
    8 --> 9[""filter_material_rubber""]
    9 --> 10[""unique""]
    10 --> 11[""relate_behind""]
    11 --> 12[""filter_material_rubber""]
    12 --> 13[""filter_shape_sphere""]
    13 --> 14[""count""]
    7 --> 15[""less_than""]
    14 --> 15
```"
113,"This question asks whether there is a gray metal object that has the same shape as the tiny blue matte thing. To answer this question, we need to first find the tiny blue matte thing and then identify all gray metal objects with the same shape.
1. Find the tiny blue matte thing. We expect it to be unique: scene --> filter_size_small --> filter_color_blue --> filter_material_rubber --> unique
2. Find all objects with the same shape as this tiny blue matte thing: result from step 1 --> same_shape
3. Filter the objects to only include gray metal objects: result from step 2 --> filter_color_gray --> filter_material_metal
4. Check if there are any objects left: result from step 3 --> exist

```mermaid
graph LR
    1[""scene""] --> 2[""filter_size_small""]
    2 --> 3[""filter_color_blue""]
    3 --> 4[""filter_material_rubber""]
    4 --> 5[""unique""]
    5 --> 6[""same_shape""]
    6 --> 7[""filter_color_gray""]
    7 --> 8[""filter_material_metal""]
    8 --> 9[""exist""]
```"
114,"This question asks whether the number of tiny purple matte things that are behind the small block is less than the number of large red blocks. To answer this question, we need to first find the number of tiny purple matte things that are behind the small block and the number of large red blocks, then compare them.
1. Find the small block. We expect it to be unique: scene --> filter_size_small --> filter_shape_block --> unique
2. Find the tiny purple matte things that are behind the small block: result from step 1 --> relate_behind --> filter_size_small --> filter_color_purple --> filter_material_matte
3. Count their number: result from step 2 --> count
4. Find the large red blocks: scene --> filter_size_large --> filter_color_red --> filter_shape_block
5. Count their number: result from step 4 --> count
6. Compare the two numbers: result from step 3 is less_than result from step 5

```mermaid
graph LR
    1[""scene""] --> 2[""filter_size_small""]
    2 --> 3[""filter_shape_block""]
    3 --> 4[""unique""]
    4 --> 5[""relate_behind""]
    5 --> 6[""filter_size_small""]
    6 --> 7[""filter_color_purple""]
    7 --> 8[""filter_material_matte""]
    8 --> 9[""count""]
    1 --> 10[""filter_size_large""]
    10 --> 11[""filter_color_red""]
    11 --> 12[""filter_shape_block""]
    12 --> 13[""count""]
    9 --> 14[""less_than""]
    13 --> 14
```"
115,"This question asks about the size of the rubber ball that is to the left of the brown shiny thing, which is in front of the small red rubber cube. To answer this question, we need to first locate the small red rubber cube, then find the brown shiny thing in front of it, and finally find the rubber ball to the left of the brown shiny thing.
1. Find the small red rubber cube. We expect it to be unique: scene --> filter_size_small --> filter_color_red --> filter_material_rubber --> filter_shape_cube --> unique
2. Find the brown shiny thing in front of this cube: result from step 1 --> relate_in_front --> filter_color_brown --> filter_material_metal
3. Find the rubber ball to the left of this brown shiny thing: result from step 2 --> relate_left --> filter_material_rubber --> filter_shape_sphere --> unique
4. Query the size of this rubber ball: result from step 3 --> query_size

```mermaid
graph LR
    1[""scene""] --> 2[""filter_size_small""]
    2 --> 3[""filter_color_red""]
    3 --> 4[""filter_material_rubber""]
    4 --> 5[""filter_shape_cube""]
    5 --> 6[""unique""]
    6 --> 7[""relate_in_front""]
    7 --> 8[""filter_color_brown""]
    8 --> 9[""filter_material_metal""]
    9 --> 10[""relate_left""]
    10 --> 11[""filter_material_rubber""]
    11 --> 12[""filter_shape_sphere""]
    12 --> 13[""unique""]
    13 --> 14[""query_size""]
```"
116,"This question asks about the size of the cyan matte cylinder. To answer this question, we need to find this specific object and then query its size.
1. Find the cyan matte cylinder. We expect it to be unique: scene --> filter_color_cyan --> filter_material_metal --> filter_shape_cylinder --> unique
2. Query the size of this object: result from step 1 --> query_size

```mermaid
graph LR
    1[""scene""] --> 2[""filter_color_cyan""]
    2 --> 3[""filter_material_metal""]
    3 --> 4[""filter_shape_cylinder""]
    4 --> 5[""unique""]
    5 --> 6[""query_size""]
```"
117,"This question asks about the color of the large cylinder in front of the large rubber cylinder that is behind the small metallic block. To answer this question, we need to:
1. Find the small metallic block. We expect it to be unique: scene --> filter_size_small --> filter_material_metal --> unique
2. Find the large rubber cylinder behind this block: result from step 1 --> relate_behind --> filter_size_large --> filter_material_rubber --> unique
3. Find the large cylinder in front of this rubber cylinder: result from step 2 --> relate_in_front --> filter_size_large --> filter_shape_cylinder --> unique
4. Query the color of this cylinder: result from step 3 --> query_color

```mermaid
graph LR
    1[""scene""] --> 2[""filter_size_small""]
    2 --> 3[""filter_material_metal""]
    3 --> 4[""unique""]
    4 --> 5[""relate_behind""]
    5 --> 6[""filter_size_large""]
    6 --> 7[""filter_material_rubber""]
    7 --> 8[""unique""]
    8 --> 9[""relate_in_front""]
    9 --> 10[""filter_size_large""]
    10 --> 11[""filter_shape_cylinder""]
    11 --> 12[""unique""]
    12 --> 13[""query_color""]
```"
118,"This question asks about the size of the object that is behind the large object. To answer this question, we need to:
1. Find the large object. We expect it to be unique: scene --> filter_size_large --> unique
2. Find the object that is behind this large object: result from step 1 --> relate_behind --> unique
3. Query the size of this object: result from step 2 --> query_size

```mermaid
graph LR
    1[""scene""] --> 2[""filter_size_large""]
    2 --> 3[""unique""]
    3 --> 4[""relate_behind""]
    4 --> 5[""unique""]
    5 --> 6[""query_size""]
```"
119,"This question asks about the size of the cube to the right of the object behind the gray cylinder. To answer this question, we need to:
1. Find the gray cylinder. We expect it to be unique: scene --> filter_color_gray --> filter_shape_cylinder --> unique
2. Identify the object behind the gray cylinder: result from step 1 --> relate_behind --> unique
3. Find the cube to the right of this object: result from step 2 --> relate_right --> filter_shape_cube --> unique
4. Query the size of the cube: result from step 3 --> query_size

```mermaid
graph LR
    1[""scene""] --> 2[""filter_color_gray""]
    2 --> 3[""filter_shape_cylinder""]
    3 --> 4[""unique""]
    4 --> 5[""relate_behind""]
    5 --> 6[""unique""]
    6 --> 7[""relate_right""]
    7 --> 8[""filter_shape_cube""]
    8 --> 9[""unique""]
    9 --> 10[""query_size""]
```"
120,"This question asks about the number of cyan matte blocks that have the same size as the green metallic cube. To answer this question, we need to:
1. Find the green metallic cube. We expect it to be unique: scene --> filter_color_green --> filter_material_metal --> filter_shape_cube --> unique
2. Find all objects with the same size as this green metallic cube: result from step 1 --> same_size
3. Filter the result to only include cyan matte blocks: result from step 2 --> filter_color_cyan --> filter_material_rubber --> filter_shape_cube
4. Count the number of these objects: result from step 3 --> count

```mermaid
graph LR
    1[""scene""] --> 2[""filter_color_green""]
    2 --> 3[""filter_material_metal""]
    3 --> 4[""filter_shape_cube""]
    4 --> 5[""unique""]
    5 --> 6[""same_size""]
    6 --> 7[""filter_color_cyan""]
    7 --> 8[""filter_material_rubber""]
    8 --> 9[""filter_shape_cube""]
    9 --> 10[""count""]
```"
121,"This question asks about the number of objects that are either small metal spheres or blocks to the left of the big shiny cylinder. To answer this question, we need to:
1. Find the big shiny cylinder, which is a large metal cylinder. We expect it to be unique: scene --> filter_size_large --> filter_material_metal --> filter_shape_cylinder --> unique
2. Find the objects to the left of this cylinder: result from step 1 --> relate_left
3. Find the small metal spheres among these objects: result from step 2 --> filter_size_small --> filter_material_metal --> filter_shape_sphere
4. Find the blocks (cubes) among these objects: result from step 2 --> filter_shape_cube
5. Combine the two sets of objects: result from step 3 --> OR --> result from step 4
6. Count the number of objects: result from step 5 --> count

```mermaid
graph LR
    1[""scene""] --> 2[""filter_size_large""]
    2 --> 3[""filter_material_metal""]
    3 --> 4[""filter_shape_cylinder""]
    4 --> 5[""unique""]
    5 --> 6[""relate_left""]
    6 --> 7[""filter_size_small""]
    7 --> 8[""filter_material_metal""]
    8 --> 9[""filter_shape_sphere""]
    6 --> 10[""filter_shape_cube""]
    9 --> 11[""OR""]
    10 --> 11
    11 --> 12[""count""]
```"
122,"This question asks about the number of small (tiny) purple objects that are on the left of the purple rubber cylinder. To answer this question, we need to:
1. Find the purple rubber cylinder. We expect it to be unique: scene --> filter_color_purple --> filter_material_rubber --> filter_shape_cylinder --> unique
2. Find all objects on the left of this cylinder: result from step 1 --> relate_left
3. Filter the small purple objects from the result: result from step 2 --> filter_size_small --> filter_color_purple
4. Count the number of these objects: result from step 3 --> count

```mermaid
graph LR
    1[""scene""] --> 2[""filter_color_purple""]
    2 --> 3[""filter_material_rubber""]
    3 --> 4[""filter_shape_cylinder""]
    4 --> 5[""unique""]
    5 --> 6[""relate_left""]
    6 --> 7[""filter_size_small""]
    7 --> 8[""filter_color_purple""]
    8 --> 9[""count""]
```"
123,"This question asks about the number of objects that are either brown or behind the brown shiny object. To answer this question, we need to:
1. Find the brown shiny object. We expect it to be unique: scene --> filter_color_brown --> filter_material_metal --> unique
2. Find the objects that are behind this brown shiny object: result from step 1 --> relate_behind
3. Find the brown objects: scene --> filter_color_brown
4. Combine the results from step 2 and step 3: result from step 2 --> OR --> result from step 3
5. Count the number of objects: result from step 4 --> count

```mermaid
graph LR
    1[""scene""] --> 2[""filter_color_brown""]
    2 --> 3[""filter_material_metal""]
    3 --> 4[""unique""]
    4 --> 5[""relate_behind""]
    1 --> 6[""filter_color_brown""]
    5 --> 7[""OR""]
    6 --> 7
    7 --> 8[""count""]
```"
124,"This question asks for the number of objects with the same material as the large yellow cylinder, excluding the cylinder itself. To answer this question, we need to:
1. Find the large yellow cylinder. We expect it to be unique: scene --> filter_size_large --> filter_color_yellow --> filter_shape_cylinder --> unique
2. Find all objects with the same material as this cylinder: result from step 1 --> same_material
3. Count its number: result from step 2 --> count

```mermaid
graph LR
    1[""scene""] --> 2[""filter_size_large""]
    2 --> 3[""filter_color_yellow""]
    3 --> 4[""filter_shape_cylinder""]
    4 --> 5[""unique""]
    5 --> 6[""same_material""]
    6 --> 7[""count""]
```"
125,"This question asks whether the number of small cyan objects to the right of the cyan matte object is greater than the number of big yellow shiny things in front of the tiny blue rubber block. To answer this question, we need to:
1. Find the set of small cyan objects to the right of the cyan matte object and count their number:
   a. Find the cyan matte object: scene --> filter_color_cyan --> filter_material_metal --> unique
   b. Find the set of small cyan objects to the right of this object: result from a --> relate_right --> filter_size_small --> filter_color_cyan
   c. Count their number: result from b --> count
2. Find the set of big yellow shiny things in front of the tiny blue rubber block and count their number:
   a. Find the tiny blue rubber block: scene --> filter_size_small --> filter_color_blue --> filter_material_rubber --> unique
   b. Find the set of big yellow shiny things in front of this object: result from a --> relate_in_front --> filter_size_large --> filter_color_yellow --> filter_material_metal
   c. Count their number: result from b --> count
3. Compare the two numbers: result from step 1 is greater_than result from step 2

```mermaid
graph LR
    1[""scene""] --> 2[""filter_color_cyan""]
    2 --> 3[""filter_material_metal""]
    3 --> 4[""unique""]
    4 --> 5[""relate_right""]
    5 --> 6[""filter_size_small""]
    6 --> 7[""filter_color_cyan""]
    7 --> 8[""count""]
    1 --> 9[""filter_size_small""]
    9 --> 10[""filter_color_blue""]
    10 --> 11[""filter_material_rubber""]
    11 --> 12[""unique""]
    12 --> 13[""relate_in_front""]
    13 --> 14[""filter_size_large""]
    14 --> 15[""filter_color_yellow""]
    15 --> 16[""filter_material_metal""]
    16 --> 17[""count""]
    8 --> 18[""greater_than""]
    17 --> 18
```"
126,"This question asks whether the number of large matte cylinders left of the metallic cylinder is the same as the number of large green cubes. To answer this question, we need to first find the metallic cylinder, then find the large matte cylinders left of it, and also find the large green cubes, and finally compare the numbers.
1. Find the metallic cylinder. We expect it to be unique: scene --> filter_material_metal --> filter_shape_cylinder --> unique
2. Find the large matte cylinders left of the metallic cylinder: result from step 1 --> relate_left --> filter_size_large --> filter_material_rubber --> filter_shape_cylinder
3. Find the large green cubes: scene --> filter_size_large --> filter_color_green --> filter_shape_cube
4. Count the number of objects in both sets: result from step 2 --> count; result from step 3 --> count
5. Compare the two numbers: result from step 4 (first count) is equal_integer result from step 4 (second count)

```mermaid
graph LR
    1[""scene""] --> 2[""filter_material_metal""]
    2 --> 3[""filter_shape_cylinder""]
    3 --> 4[""unique""]
    4 --> 5[""relate_left""]
    5 --> 6[""filter_size_large""]
    6 --> 7[""filter_material_rubber""]
    7 --> 8[""filter_shape_cylinder""]
    8 --> 9[""count""]
    1 --> 10[""filter_size_large""]
    10 --> 11[""filter_color_green""]
    11 --> 12[""filter_shape_cube""]
    12 --> 13[""count""]
    9 --> 14[""equal_integer""]
    13 --> 14
```"
127,"This question asks whether the material of the big object behind the large blue object is the same as the tiny cylinder behind the large cylinder. To answer this question, we need to first find the two objects and then compare their materials.
1. Find the large blue object. We expect it to be unique: scene --> filter_size_large --> filter_color_blue --> unique
2. Find the big object behind the large blue object: result from step 1 --> relate_behind --> filter_size_large --> unique
3. Find the large cylinder. We expect it to be unique: scene --> filter_size_large --> filter_shape_cylinder --> unique
4. Find the tiny cylinder behind the large cylinder: result from step 3 --> relate_behind --> filter_size_small --> filter_shape_cylinder --> unique
5. Compare the materials of the two objects: result from step 2 --> query_material; result from step 4 --> query_material; equal_material

```mermaid
graph LR
    1[""scene""] --> 2[""filter_size_large""]
    2 --> 3[""filter_color_blue""]
    3 --> 4[""unique""]
    4 --> 5[""relate_behind""]
    5 --> 6[""filter_size_large""]
    6 --> 7[""unique""]
    1 --> 8[""filter_size_large""]
    8 --> 9[""filter_shape_cylinder""]
    9 --> 10[""unique""]
    10 --> 11[""relate_behind""]
    11 --> 12[""filter_size_small""]
    12 --> 13[""filter_shape_cylinder""]
    13 --> 14[""unique""]
    7 --> 15[""query_material""]
    14 --> 16[""query_material""]
    15 --> 17[""equal_material""]
    16 --> 17
```"
128,"This question asks whether the material of the yellow thing is the same as the tiny thing that is in front of the small purple thing. To answer this question, we need to:
1. Find the yellow object. We expect it to be unique: scene --> filter_color_yellow --> unique
2. Find the small purple object. We expect it to be unique: scene --> filter_size_small --> filter_color_purple --> unique
3. Find the tiny thing that is in front of the small purple object: result from step 2 --> relate_in_front --> filter_size_small --> unique
4. Compare the material of the yellow thing and the tiny thing: result from step 1 --> query_material; result from step 3 --> query_material; equal_material

```mermaid
graph LR
    1[""scene""] --> 2[""filter_color_yellow""]
    2 --> 3[""unique""]
    1 --> 4[""filter_size_small""]
    4 --> 5[""filter_color_purple""]
    5 --> 6[""unique""]
    6 --> 7[""relate_in_front""]
    7 --> 8[""filter_size_small""]
    8 --> 9[""unique""]
    3 --> 10[""query_material""]
    9 --> 11[""query_material""]
    10 --> 12[""equal_material""]
    11 --> 12
```"
129,"This question asks whether there is any other object with the same shape as the cyan object. To answer this question, we first need to find the cyan object and then identify all objects with the same shape as it.
1. Find the cyan object. We expect it to be unique: scene --> filter_color_cyan --> unique
2. Find all objects with the same shape as this cyan object, excluding the cyan object itself: result from step 1 --> same_shape
3. Check if there are any objects in this set: result from step 2 --> exist

```mermaid
graph LR
    1[""scene""] --> 2[""filter_color_cyan""]
    2 --> 3[""unique""]
    3 --> 4[""same_shape""]
    4 --> 5[""exist""]
```"
130,"This question asks about the shape of the brown rubber object. To answer this question, we need to:
1. Find the brown rubber object. We expect it to be unique: scene --> filter_color_brown --> filter_material_rubber --> unique
2. Query the shape of this object: result from step 1 --> query_shape

```mermaid
graph LR
    1[""scene""] --> 2[""filter_color_brown""]
    2 --> 3[""filter_material_rubber""]
    3 --> 4[""unique""]
    4 --> 5[""query_shape""]
```"
131,"This question asks about the color of the large rubber object that is behind the matte sphere and in front of the big yellow thing. To answer this question, we need to:
1. Find the matte sphere. We expect it to be unique: scene --> filter_material_metal --> filter_shape_sphere --> unique
2. Find the big yellow thing. We expect it to be unique: scene --> filter_color_yellow --> filter_size_large --> unique
3. Find the objects that are behind the matte sphere and in front of the big yellow thing: result from step 1 --> relate_behind; result from step 2 --> relate_in_front; AND the two results
4. Find the large rubber object among these objects: result from step 3 --> filter_size_large --> filter_material_rubber
5. Query the color of this object: result from step 4 --> query_color

```mermaid
graph LR
    1[""scene""] --> 2[""filter_material_metal""]
    2 --> 3[""filter_shape_sphere""]
    3 --> 4[""unique""]
    4 --> 5[""relate_behind""]
    1 --> 6[""filter_color_yellow""]
    6 --> 7[""filter_size_large""]
    7 --> 8[""unique""]
    8 --> 9[""relate_in_front""]
    5 --> 10[""And""]
    9 --> 10
    10 --> 11[""filter_size_large""]
    11 --> 12[""filter_material_rubber""]
    12 --> 13[""query_color""]
```"
132,"This question asks about the color of the metallic object that is the same size as the brown matte object. To answer this question, we need to:
1. Find the brown matte object. We expect it to be unique: scene --> filter_color_brown --> filter_material_rubber --> unique
2. Find all objects with the same size as this brown matte object: result from step 1 --> same_size
3. Filter the metallic objects among them: result from step 2 --> filter_material_metal
4. Query the color of this metallic object: result from step 3 --> query_color

```mermaid
graph LR
    1[""scene""] --> 2[""filter_color_brown""]
    2 --> 3[""filter_material_rubber""]
    3 --> 4[""unique""]
    4 --> 5[""same_size""]
    5 --> 6[""filter_material_metal""]
    6 --> 7[""query_color""]
```"
133,"This question asks about the size of the purple rubber thing that is behind the yellow cylinder and in front of the small purple matte block. To answer this question, we need to first find the yellow cylinder and the small purple matte block.
1. Find the yellow cylinder. We expect it to be unique: scene --> filter_color_yellow --> filter_shape_cylinder --> unique
2. Find the small purple matte block. We expect it to be unique: scene --> filter_size_small --> filter_color_purple --> filter_material_metal --> unique
3. Find the objects that are behind the yellow cylinder and in front of the small purple matte block: result from step 1 --> relate_behind; result from step 2 --> relate_in_front; AND the two results
4. Find the purple rubber thing among these objects: result from step 3 --> filter_color_purple --> filter_material_rubber
5. Query the size of this purple rubber thing: result from step 4 --> query_size

```mermaid
graph LR
    1[""scene""] --> 2[""filter_color_yellow""]
    2 --> 3[""filter_shape_cylinder""]
    3 --> 4[""unique""]
    4 --> 5[""relate_behind""]
    1 --> 6[""filter_size_small""]
    6 --> 7[""filter_color_purple""]
    7 --> 8[""filter_material_metal""]
    8 --> 9[""unique""]
    9 --> 10[""relate_in_front""]
    5 --> 11[""And""]
    10 --> 11
    11 --> 12[""filter_color_purple""]
    12 --> 13[""filter_material_rubber""]
    13 --> 14[""query_size""]
```"
134,"This question asks about the size of the gray cylinder. To answer this question, we need to first find the gray cylinder and then query its size.
1. Find the gray cylinder. We expect it to be unique: scene --> filter_color_gray --> filter_shape_cylinder --> unique
2. Query its size: result from step 1 --> query_size

```mermaid
graph LR
    1[""scene""] --> 2[""filter_color_gray""]
    2 --> 3[""filter_shape_cylinder""]
    3 --> 4[""unique""]
    4 --> 5[""query_size""]
```"
135,"This question asks the number of gray objects that are either cylinders or large matte balls. To answer this question, we need to find the set of gray objects that satisfy either condition, and then count them.
1. Find the set of gray objects: scene --> filter_color_gray
2. Find the set of cylinders among these gray objects: result from step 1 --> filter_shape_cylinder
3. Find the set of large matte balls among these gray objects: result from step 1 --> filter_size_large --> filter_material_metal --> filter_shape_sphere
4. Combine the two sets: result from step 2 --> OR --> result from step 3
5. Count the number of objects in the combined set: result from step 4 --> count

```mermaid
graph LR
    1[""scene""] --> 2[""filter_color_gray""]
    2 --> 3[""filter_shape_cylinder""]
    2 --> 4[""filter_size_large""]
    4 --> 5[""filter_material_metal""]
    5 --> 6[""filter_shape_sphere""]
    3 --> 7[""OR""]
    6 --> 7
    7 --> 8[""count""]
```"
136,"This question asks the number of cubes that have the same color as the shiny cylinder. Since shiny refers to the material, we can assume the shiny cylinder is made of metal. To answer this question, we need to:
1. Find the metal cylinder. We expect it to be unique: scene --> filter_material_metal --> filter_shape_cylinder --> unique
2. Find all objects with the same color as this metal cylinder: result from step 1 --> same_color
3. Find the cubes among these objects: result from step 2 --> filter_shape_cube
4. Count its number: result from step 3 --> count

```mermaid
graph LR
    1[""scene""] --> 2[""filter_material_metal""]
    2 --> 3[""filter_shape_cylinder""]
    3 --> 4[""unique""]
    4 --> 5[""same_color""]
    5 --> 6[""filter_shape_cube""]
    6 --> 7[""count""]
```"
137,"This question asks the number of large shiny things that are the same color as the big ball. To answer this question, we need to first find the big ball and then identify all large shiny objects with the same color as it.
1. Find the big ball. We expect it to be unique: scene --> filter_size_large --> filter_shape_sphere --> unique
2. Find all objects with the same color as this big ball: result from step 1 --> same_color
3. Filter out the large and shiny (metal) objects from the result: result from step 2 --> filter_size_large --> filter_material_metal
4. Count its number: result from step 3 --> count

```mermaid
graph LR
    1[""scene""] --> 2[""filter_size_large""]
    2 --> 3[""filter_shape_sphere""]
    3 --> 4[""unique""]
    4 --> 5[""same_color""]
    5 --> 6[""filter_size_large""]
    6 --> 7[""filter_material_metal""]
    7 --> 8[""count""]
```"
138,"This question asks about the number of cubes that are either cyan or big red things. To answer this question, we need to find the set of cyan objects, the set of big red objects, and then find the intersection of these two sets with the set of cubes.
1. Find the set of cyan objects: scene --> filter_color_cyan
2. Find the set of big red objects: scene --> filter_color_red --> filter_size_large
3. Find the union of the two sets: result from step 1 --> OR --> result from step 2
4. Find the intersection of the union set with the set of cubes: result from step 3 --> AND --> scene --> filter_shape_cube
5. Count the number of objects in the resulting set: result from step 4 --> count

```mermaid
graph LR
    1[""scene""] --> 2[""filter_color_cyan""]
    1 --> 3[""filter_color_red""]
    3 --> 4[""filter_size_large""]
    2 --> 5[""OR""]
    4 --> 5
    1 --> 6[""filter_shape_cube""]
    5 --> 7[""AND""]
    6 --> 7
    7 --> 8[""count""]
```"
139,"This question asks the number of other objects with the same material as the large blue object. To answer this question, we first need to find the large blue object and then identify all objects with the same material as it.
1. Find the large blue object. We expect it to be unique: scene --> filter_size_large --> filter_color_blue --> unique
2. Find all objects with the same material as this large blue object, excluding itself: result from step 1 --> same_material
3. Count its number: result from step 2 --> count

```mermaid
graph LR
    1[""scene""] --> 2[""filter_size_large""]
    2 --> 3[""filter_color_blue""]
    3 --> 4[""unique""]
    4 --> 5[""same_material""]
    5 --> 6[""count""]
```"
140,"This question asks whether the number of small red cylinders in front of the large cylinder is greater than the number of small red objects in front of the large matte sphere. To answer this question, we need to first find the two sets of objects and then compare their counts.
1. Find the large cylinder: scene --> filter_size_large --> filter_shape_cylinder --> unique
2. Find the small red cylinders in front of the large cylinder: result from step 1 --> relate_in_front --> filter_size_small --> filter_color_red --> filter_shape_cylinder --> count
3. Find the large matte sphere: scene --> filter_size_large --> filter_material_metal --> filter_shape_sphere --> unique
4. Find the small red objects in front of the large matte sphere: result from step 3 --> relate_in_front --> filter_size_small --> filter_color_red --> count
5. Compare the two counts: result from step 2 is greater_than result from step 4

```mermaid
graph LR
    1[""scene""] --> 2[""filter_size_large""]
    2 --> 3[""filter_shape_cylinder""]
    3 --> 4[""unique""]
    4 --> 5[""relate_in_front""]
    5 --> 6[""filter_size_small""]
    6 --> 7[""filter_color_red""]
    7 --> 8[""filter_shape_cylinder""]
    8 --> 9[""count""]
    1 --> 10[""filter_size_large""]
    10 --> 11[""filter_material_metal""]
    11 --> 12[""filter_shape_sphere""]
    12 --> 13[""unique""]
    13 --> 14[""relate_in_front""]
    14 --> 15[""filter_size_small""]
    15 --> 16[""filter_color_red""]
    16 --> 17[""count""]
    9 --> 18[""greater_than""]
    17 --> 18
```"
141,"This question asks whether the cube in front of the large yellow block and the big thing behind the brown thing are made of the same material. To answer this question, we need to:
1. Find the large yellow block: scene --> filter_size_large --> filter_color_yellow --> unique
2. Find the cube in front of it: result from step 1 --> relate_in_front --> filter_shape_cube --> unique
3. Find the brown thing: scene --> filter_color_brown --> unique
4. Find the big thing behind it: result from step 3 --> relate_behind --> filter_size_large --> unique
5. Compare the materials of the two objects: result from step 2 --> query_material; result from step 4 --> query_material; equal_material

```mermaid
graph LR
    1[""scene""] --> 2[""filter_size_large""]
    2 --> 3[""filter_color_yellow""]
    3 --> 4[""unique""]
    4 --> 5[""relate_in_front""]
    5 --> 6[""filter_shape_cube""]
    6 --> 7[""unique""]
    7 --> 8[""query_material""]
    1 --> 9[""filter_color_brown""]
    9 --> 10[""unique""]
    10 --> 11[""relate_behind""]
    11 --> 12[""filter_size_large""]
    12 --> 13[""unique""]
    13 --> 14[""query_material""]
    8 --> 15[""equal_material""]
    14 --> 15
```"
142,"This question asks whether the yellow sphere and the yellow block have the same size. To answer this question, we need to first find the yellow sphere and the yellow block, then compare their sizes.
1. Find the yellow sphere. We expect it to be unique: scene --> filter_color_yellow --> filter_shape_sphere --> unique
2. Find the yellow block. We expect it to be unique: scene --> filter_color_yellow --> filter_shape_cube --> unique
3. Compare their sizes: result from step 1 and result from step 2 --> equal_size

```mermaid
graph LR
    1[""scene""] --> 2[""filter_color_yellow""]
    2 --> 3[""filter_shape_sphere""]
    3 --> 4[""unique""]
    2 --> 5[""filter_shape_cube""]
    5 --> 6[""unique""]
    4 --> 7[""equal_size""]
    6 --> 7
```"
143,"This question asks whether the big shiny thing that is in front of the green thing and the tiny green matte thing have the same shape. To answer this question, we need to:
1. Find the big shiny thing that is in front of the green thing. We expect it to be unique: scene --> filter_color_green --> unique --> relate_in_front --> filter_size_large --> filter_material_metal --> unique
2. Find the tiny green matte thing. We expect it to be unique: scene --> filter_color_green --> filter_size_small --> filter_material_rubber --> unique
3. Compare the shapes of the two objects: result from step 1 and result from step 2 --> equal_shape

```mermaid
graph LR
    1[""scene""] --> 2[""filter_color_green""]
    2 --> 3[""unique""]
    3 --> 4[""relate_in_front""]
    4 --> 5[""filter_size_large""]
    5 --> 6[""filter_material_metal""]
    6 --> 7[""unique""]
    1 --> 8[""filter_color_green""]
    8 --> 9[""filter_size_small""]
    9 --> 10[""filter_material_rubber""]
    10 --> 11[""unique""]
    7 --> 12[""equal_shape""]
    11 --> 12
```"
144,"This question asks whether the color of the cylinder behind the green cylinder is the same as the metal object to the left of the big yellow cylinder. To answer this question, we need to first find these two objects and then compare their colors.
1. Find the big yellow cylinder. We expect it to be unique: scene --> filter_color_yellow --> filter_size_large --> filter_shape_cylinder --> unique
2. Find the metal object to the left of this big yellow cylinder: result from step 1 --> relate_left --> filter_material_metal --> unique
3. Find the green cylinder. We expect it to be unique: scene --> filter_color_green --> filter_shape_cylinder --> unique
4. Find the cylinder behind the green cylinder: result from step 3 --> relate_behind --> filter_shape_cylinder --> unique
5. Compare the colors of the two objects: result from step 2 --> query_color; result from step 4 --> query_color; equal_color

```mermaid
graph LR
    1[""scene""] --> 2[""filter_color_yellow""]
    2 --> 3[""filter_size_large""]
    3 --> 4[""filter_shape_cylinder""]
    4 --> 5[""unique""]
    5 --> 6[""relate_left""]
    6 --> 7[""filter_material_metal""]
    7 --> 8[""unique""]
    8 --> 9[""query_color""]
    1 --> 10[""filter_color_green""]
    10 --> 11[""filter_shape_cylinder""]
    11 --> 12[""unique""]
    12 --> 13[""relate_behind""]
    13 --> 14[""filter_shape_cylinder""]
    14 --> 15[""unique""]
    15 --> 16[""query_color""]
    9 --> 17[""equal_color""]
    16 --> 17
```"
145,"This question asks about the color of the large metal cube. To answer this question, we need to:
1. Find the large metal cube. We expect it to be unique: scene --> filter_size_large --> filter_material_metal --> filter_shape_cube --> unique
2. Query the color of this cube: result from step 1 --> query_color

```mermaid
graph LR
    1[""scene""] --> 2[""filter_size_large""]
    2 --> 3[""filter_material_metal""]
    3 --> 4[""filter_shape_cube""]
    4 --> 5[""unique""]
    5 --> 6[""query_color""]
```"
146,"This question asks about the shape of the rubber object that has the same color as the tiny metallic sphere. To answer this question, we first need to find the tiny metallic sphere and then identify all objects with the same color as it.
1. Find the small metallic sphere. We expect it to be unique: scene --> filter_size_small --> filter_material_metal --> unique
2. Find all objects with the same color as this sphere: result from step 1 --> same_color
3. Filter the rubber objects from these objects: result from step 2 --> filter_material_rubber
4. Query the shape of these objects: result from step 3 --> query_shape

```mermaid
graph LR
    1[""scene""] --> 2[""filter_size_small""]
    2 --> 3[""filter_material_metal""]
    3 --> 4[""unique""]
    4 --> 5[""same_color""]
    5 --> 6[""filter_material_rubber""]
    6 --> 7[""query_shape""]
```"
147,"This question asks about the shape of a specific object. To answer this question, we need to follow the spatial relationships described in the question to locate the object.
1. Find the big sphere: scene --> filter_size_large --> filter_shape_sphere
2. Find the gray cube in front of the big sphere: result from step 1 --> relate_in_front --> filter_color_gray --> filter_shape_cube
3. Find the tiny ball to the right of the gray cube: result from step 2 --> relate_right --> filter_size_small --> filter_shape_sphere
4. Find the tiny rubber thing to the right of the tiny ball: result from step 3 --> relate_right --> filter_size_small --> filter_material_rubber
5. Query the shape of this object: result from step 4 --> query_shape

```mermaid
graph LR
    1[""scene""] --> 2[""filter_size_large""]
    2 --> 3[""filter_shape_sphere""]
    3 --> 4[""relate_in_front""]
    4 --> 5[""filter_color_gray""]
    5 --> 6[""filter_shape_cube""]
    6 --> 7[""relate_right""]
    7 --> 8[""filter_size_small""]
    8 --> 9[""filter_shape_sphere""]
    9 --> 10[""relate_right""]
    10 --> 11[""filter_size_small""]
    11 --> 12[""filter_material_rubber""]
    12 --> 13[""query_shape""]
```"
148,"This question asks about the material of the small block behind the brown shiny object. To answer this question, we need to:
1. Find the brown shiny object. We expect it to be unique: scene --> filter_color_brown --> filter_material_metal --> unique
2. Identify the small block behind this object: result from step 1 --> relate_behind --> filter_size_small --> unique
3. Query the material of this block: result from step 2 --> query_material

```mermaid
graph LR
    1[""scene""] --> 2[""filter_color_brown""]
    2 --> 3[""filter_material_metal""]
    3 --> 4[""unique""]
    4 --> 5[""relate_behind""]
    5 --> 6[""filter_size_small""]
    6 --> 7[""unique""]
    7 --> 8[""query_material""]
```"
149,"This question asks about the shape of a specific small shiny object. To answer this question, we need to follow the description to locate this object.
1. Find the blue matte object. We expect it to be unique: scene --> filter_color_blue --> filter_material_rubber --> unique
2. Find the large red rubber object in front of the blue matte object: result from step 1 --> relate_in_front --> filter_size_large --> filter_color_red --> filter_material_rubber --> unique
3. Find the red rubber object to the right of the large red rubber object: result from step 2 --> relate_right --> filter_color_red --> filter_material_rubber --> unique
4. Find the small shiny object to the left of the red rubber object: result from step 3 --> relate_left --> filter_size_small --> filter_material_metal --> unique
5. Query the shape of this small shiny object: result from step 4 --> query_shape

```mermaid
graph LR
    1[""scene""] --> 2[""filter_color_blue""]
    2 --> 3[""filter_material_rubber""]
    3 --> 4[""unique""]
    4 --> 5[""relate_in_front""]
    5 --> 6[""filter_size_large""]
    6 --> 7[""filter_color_red""]
    7 --> 8[""filter_material_rubber""]
    8 --> 9[""unique""]
    9 --> 10[""relate_right""]
    10 --> 11[""filter_color_red""]
    11 --> 12[""filter_material_rubber""]
    12 --> 13[""unique""]
    13 --> 14[""relate_left""]
    14 --> 15[""filter_size_small""]
    15 --> 16[""filter_material_metal""]
    16 --> 17[""unique""]
    17 --> 18[""query_shape""]
```"
150,"This question asks the number of gray cylinders that have the same material as the brown object. To answer this question, we first need to find the brown object and then identify its material. Then we can find the gray cylinders with the same material.
1. Find the brown object. We expect it to be unique: scene --> filter_color_brown --> unique
2. Find the material of the brown object: result from step 1 --> query_material
3. Find all gray cylinders: scene --> filter_color_gray --> filter_shape_cylinder
4. Filter the gray cylinders to only those with the same material as the brown object: result from step 3 --> filter_material_<material from step 2>
5. Count its number: result from step 4 --> count

```mermaid
graph LR
    1[""scene""] --> 2[""filter_color_brown""]
    2 --> 3[""unique""]
    3 --> 4[""query_material""]
    1 --> 5[""filter_color_gray""]
    5 --> 6[""filter_shape_cylinder""]
    6 --> 7[""filter_material_[material from 4]""]
    7 --> 8[""count""]
```"
151,"This question asks about the number of objects that are either green cubes or metal balls and are in front of the tiny shiny ball. To answer this question, we need to:
1. Find the tiny shiny ball, which means it's small and made of metal. We expect it to be unique: scene --> filter_size_small --> filter_material_metal --> unique
2. Find the objects in front of this tiny shiny ball: result from step 1 --> relate_in_front
3. Find the green cubes among these objects: result from step 2 --> filter_color_green --> filter_shape_cube
4. Find the metal balls among these objects: result from step 2 --> filter_material_metal --> filter_shape_sphere
5. Combine the green cubes and metal balls: result from step 3 --> OR --> result from step 4
6. Count the number of these objects: result from step 5 --> count

```mermaid
graph LR
    1[""scene""] --> 2[""filter_size_small""]
    2 --> 3[""filter_material_metal""]
    3 --> 4[""unique""]
    4 --> 5[""relate_in_front""]
    5 --> 6[""filter_color_green""]
    6 --> 7[""filter_shape_cube""]
    5 --> 8[""filter_material_metal""]
    8 --> 9[""filter_shape_sphere""]
    7 --> 10[""OR""]
    9 --> 10
    10 --> 11[""count""]
```"
152,"This question asks about the number of tiny matte cylinders that are either behind the small brown shiny thing or behind the brown cylinder. To answer this question, we need to:
1. Find the small brown shiny thing, which means it is small, brown, and made of metal (shiny means metal): scene --> filter_size_small --> filter_color_brown --> filter_material_metal --> unique
2. Find the objects behind this small brown shiny thing: result from step 1 --> relate_behind
3. Find the brown cylinder: scene --> filter_color_brown --> filter_shape_cylinder --> unique
4. Find the objects behind the brown cylinder: result from step 3 --> relate_behind
5. Combine the two sets of objects: result from step 2 --> OR --> result from step 4
6. Filter the tiny matte cylinders: result from step 5 --> filter_size_small --> filter_material_rubber --> filter_shape_cylinder
7. Count the number of tiny matte cylinders: result from step 6 --> count

```mermaid
graph LR
    1[""scene""] --> 2[""filter_size_small""]
    2 --> 3[""filter_color_brown""]
    3 --> 4[""filter_material_metal""]
    4 --> 5[""unique""]
    5 --> 6[""relate_behind""]
    1 --> 7[""filter_color_brown""]
    7 --> 8[""filter_shape_cylinder""]
    8 --> 9[""unique""]
    9 --> 10[""relate_behind""]
    6 --> 11[""OR""]
    10 --> 11
    11 --> 12[""filter_size_small""]
    12 --> 13[""filter_material_rubber""]
    13 --> 14[""filter_shape_cylinder""]
    14 --> 15[""count""]
```"
153,"This question asks the number of objects that are either big shiny objects on the right side of the gray object or small cyan metallic spheres. To answer this question, we need to:
1. Find the set of big shiny objects on the right side of the gray object: scene --> filter_color_gray --> relate_right --> filter_size_large --> filter_material_metal
2. Find the set of small cyan metallic spheres: scene --> filter_size_small --> filter_color_cyan --> filter_material_metal --> filter_shape_sphere
3. Combine the two sets: result from step 1 --> OR --> result from step 2
4. Count the number of objects in the combined set: result from step 3 --> count

```mermaid
graph LR
    1[""scene""] --> 2[""filter_color_gray""]
    2 --> 3[""relate_right""]
    3 --> 4[""filter_size_large""]
    4 --> 5[""filter_material_metal""]
    1 --> 6[""filter_size_small""]
    6 --> 7[""filter_color_cyan""]
    7 --> 8[""filter_material_metal""]
    8 --> 9[""filter_shape_sphere""]
    5 --> 10[""OR""]
    9 --> 10
    10 --> 11[""count""]
```"
154,"This question asks the number of matte cubes with the same color as the tiny matte sphere. To answer this question, we first need to find the tiny matte sphere and then identify all matte cubes with the same color as it.
1. Find the tiny matte sphere. We expect it to be unique: scene --> filter_size_small --> filter_material_rubber --> filter_shape_sphere --> unique
2. Find all objects with the same color as this tiny matte sphere: result from step 1 --> same_color
3. Find the matte cubes among these objects: result from step 2 --> filter_material_rubber --> filter_shape_cube
4. Count its number: result from step 3 --> count

```mermaid
graph LR
    1[""scene""] --> 2[""filter_size_small""]
    2 --> 3[""filter_material_rubber""]
    3 --> 4[""filter_shape_sphere""]
    4 --> 5[""unique""]
    5 --> 6[""same_color""]
    6 --> 7[""filter_material_rubber""]
    7 --> 8[""filter_shape_cube""]
    8 --> 9[""count""]
```"
155,"This question asks whether there are any blue spheres that are in front of the metal sphere behind the matte ball. To answer this question, we need to first find the metal sphere behind the matte ball, then identify the objects in front of this metal sphere, and finally check if there are any blue spheres among them.
1. Find the matte ball (matte is another word for non-shiny, which in this context likely means rubber). We expect it to be unique: scene --> filter_material_rubber --> unique
2. Find the metal sphere behind the matte ball: result from step 1 --> relate_behind --> filter_material_metal --> filter_shape_sphere --> unique
3. Find the objects in front of this metal sphere: result from step 2 --> relate_in_front
4. Check if there are any blue spheres among these objects: result from step 3 --> filter_color_blue --> filter_shape_sphere --> exist

```mermaid
graph LR
    1[""scene""] --> 2[""filter_material_rubber""]
    2 --> 3[""unique""]
    3 --> 4[""relate_behind""]
    4 --> 5[""filter_material_metal""]
    5 --> 6[""filter_shape_sphere""]
    6 --> 7[""unique""]
    7 --> 8[""relate_in_front""]
    8 --> 9[""filter_color_blue""]
    9 --> 10[""filter_shape_sphere""]
    10 --> 11[""exist""]
```"
156,"This question asks whether the big cylinder to the left of the large green metallic thing and the big matte block have the same color. To answer this question, we need to first find the two objects and then compare their colors.
1. Find the large green metallic thing. We expect it to be unique: scene --> filter_size_large --> filter_color_green --> filter_material_metal --> unique
2. Find the big cylinder to the left of this object: result from step 1 --> relate_left --> filter_shape_cylinder --> filter_size_large --> unique
3. Find the big matte block. We expect it to be unique: scene --> filter_size_large --> filter_material_rubber --> filter_shape_cube --> unique
4. Compare the colors of the two objects: result from step 2 --> query_color; result from step 3 --> query_color; equal_color

```mermaid
graph LR
    1[""scene""] --> 2[""filter_size_large""]
    2 --> 3[""filter_color_green""]
    3 --> 4[""filter_material_metal""]
    4 --> 5[""unique""]
    5 --> 6[""relate_left""]
    6 --> 7[""filter_shape_cylinder""]
    7 --> 8[""filter_size_large""]
    8 --> 9[""unique""]
    1 --> 10[""filter_size_large""]
    10 --> 11[""filter_material_rubber""]
    11 --> 12[""filter_shape_cube""]
    12 --> 13[""unique""]
    9 --> 14[""query_color""]
    13 --> 15[""query_color""]
    14 --> 16[""equal_color""]
    15 --> 16
```"
157,"This question asks whether the size of the green cube is the same as the yellow object. To answer this question, we need to find the size of the green cube and the yellow object, and then compare them.
1. Find the green cube. We expect it to be unique: scene --> filter_color_green --> filter_shape_cube --> unique
2. Find the yellow object. We expect it to be unique: scene --> filter_color_yellow --> unique
3. Find the size of the green cube: result from step 1 --> query_size
4. Find the size of the yellow object: result from step 2 --> query_size
5. Compare the two sizes: result from step 3 and result from step 4 --> equal_size

```mermaid
graph LR
    1[""scene""] --> 2[""filter_color_green""]
    2 --> 3[""filter_shape_cube""]
    3 --> 4[""unique""]
    4 --> 5[""query_size""]
    1 --> 6[""filter_color_yellow""]
    6 --> 7[""unique""]
    7 --> 8[""query_size""]
    5 --> 9[""equal_size""]
    8 --> 9
```"
158,"This question asks whether the large shiny cylinder behind the large brown metal thing has the same color as the ball to the right of the large brown sphere. To answer this question, we need to first identify the two objects and then compare their colors.
1. Find the large brown metal thing. We expect it to be unique: scene --> filter_size_large --> filter_color_brown --> filter_material_metal --> unique
2. Find the large shiny cylinder behind it: result from step 1 --> relate_behind --> filter_size_large --> filter_material_metal --> filter_shape_cylinder --> unique
3. Find the large brown sphere. We expect it to be unique: scene --> filter_size_large --> filter_color_brown --> filter_shape_sphere --> unique
4. Find the ball to the right of the large brown sphere: result from step 3 --> relate_right --> filter_shape_sphere --> unique
5. Compare the colors of the two objects: result from step 2 --> query_color; result from step 4 --> query_color; equal_color

```mermaid
graph LR
    1[""scene""] --> 2[""filter_size_large""]
    2 --> 3[""filter_color_brown""]
    3 --> 4[""filter_material_metal""]
    4 --> 5[""unique""]
    5 --> 6[""relate_behind""]
    6 --> 7[""filter_size_large""]
    7 --> 8[""filter_material_metal""]
    8 --> 9[""filter_shape_cylinder""]
    9 --> 10[""unique""]
    1 --> 11[""filter_size_large""]
    11 --> 12[""filter_color_brown""]
    12 --> 13[""filter_shape_sphere""]
    13 --> 14[""unique""]
    14 --> 15[""relate_right""]
    15 --> 16[""filter_shape_sphere""]
    16 --> 17[""unique""]
    10 --> 18[""query_color""]
    17 --> 19[""query_color""]
    18 --> 20[""equal_color""]
    19 --> 20
```"
159,"This question asks whether the brown object that is to the right of the red rubber block has the same shape as the cyan object. To answer this question, we need to first find each of these objects and then compare their shapes.
1. Find the red rubber block. We expect it to be unique: scene --> filter_color_red --> filter_material_rubber --> unique
2. Find the brown object to the right of this block: result from step 1 --> relate_right --> filter_color_brown --> unique
3. Find the cyan object. We expect it to be unique: scene --> filter_color_cyan --> unique
4. Compare the shape of the brown object with the shape of the cyan object: result from step 2 and result from step 3 --> equal_shape

```mermaid
graph LR
    1[""scene""] --> 2[""filter_color_red""]
    2 --> 3[""filter_material_rubber""]
    3 --> 4[""unique""]
    4 --> 5[""relate_right""]
    5 --> 6[""filter_color_brown""]
    6 --> 7[""unique""]
    1 --> 8[""filter_color_cyan""]
    8 --> 9[""unique""]
    7 --> 10[""equal_shape""]
    9 --> 10
```"
160,"This question asks about the color of the small block made of the same material as the gray cylinder. To answer this question, we need to:
1. Find the gray cylinder. We expect it to be unique: scene --> filter_color_gray --> filter_shape_cylinder --> unique
2. Identify all objects made of the same material as this gray cylinder: result from step 1 --> same_material
3. Find the small block among these objects: result from step 2 --> filter_size_small --> filter_shape_cube --> unique
4. Query the color of this small block: result from step 3 --> query_color

```mermaid
graph LR
    1[""scene""] --> 2[""filter_color_gray""]
    2 --> 3[""filter_shape_cylinder""]
    3 --> 4[""unique""]
    4 --> 5[""same_material""]
    5 --> 6[""filter_size_small""]
    6 --> 7[""filter_shape_cube""]
    7 --> 8[""unique""]
    8 --> 9[""query_color""]
```"
161,"This question asks about the color of a specific object that meets certain conditions. To answer this question, we need to follow the description step by step:
1. Find the small gray cylinder: scene --> filter_size_small --> filter_color_gray --> filter_shape_cylinder --> unique
2. Find the tiny brown metallic block on the right of the small gray cylinder: result from step 1 --> relate_right --> filter_size_small --> filter_color_brown --> filter_material_metal --> filter_shape_cube --> unique
3. Find the tiny metallic ball on the left of the tiny brown metallic block: result from step 2 --> relate_left --> filter_size_small --> filter_material_metal --> filter_shape_sphere --> unique
4. Query the color of this tiny metallic ball: result from step 3 --> query_color

```mermaid
graph LR
    1[""scene""] --> 2[""filter_size_small""]
    2 --> 3[""filter_color_gray""]
    3 --> 4[""filter_shape_cylinder""]
    4 --> 5[""unique""]
    5 --> 6[""relate_right""]
    6 --> 7[""filter_size_small""]
    7 --> 8[""filter_color_brown""]
    8 --> 9[""filter_material_metal""]
    9 --> 10[""filter_shape_cube""]
    10 --> 11[""unique""]
    11 --> 12[""relate_left""]
    12 --> 13[""filter_size_small""]
    13 --> 14[""filter_material_metal""]
    14 --> 15[""filter_shape_sphere""]
    15 --> 16[""unique""]
    16 --> 17[""query_color""]
```"
162,"This question asks about the size of the brown metallic object that has the same shape as the tiny gray object. To answer this question, we need to:
1. Find the tiny gray object. We expect it to be unique: scene --> filter_size_small --> filter_color_gray --> unique
2. Find all objects with the same shape as this tiny gray object: result from step 1 --> same_shape
3. Find the brown metallic object among them: result from step 2 --> filter_color_brown --> filter_material_metal --> unique
4. Query the size of this object: result from step 3 --> query_size

```mermaid
graph LR
    1[""scene""] --> 2[""filter_size_small""]
    2 --> 3[""filter_color_gray""]
    3 --> 4[""unique""]
    4 --> 5[""same_shape""]
    5 --> 6[""filter_color_brown""]
    6 --> 7[""filter_material_metal""]
    7 --> 8[""unique""]
    8 --> 9[""query_size""]
```"
163,"This question asks about the color of the matte thing that is behind the yellow matte thing. To answer this question, we need to:
1. Find the yellow matte thing. We expect it to be unique: scene --> filter_color_yellow --> filter_material_rubber --> unique
2. Find the objects behind it: result from step 1 --> relate_behind
3. Filter the matte objects among them: result from step 2 --> filter_material_rubber
4. Query the color of these objects: result from step 3 --> query_color

```mermaid
graph LR
    1[""scene""] --> 2[""filter_color_yellow""]
    2 --> 3[""filter_material_rubber""]
    3 --> 4[""unique""]
    4 --> 5[""relate_behind""]
    5 --> 6[""filter_material_rubber""]
    6 --> 7[""query_color""]
```"
164,"This question asks about the material of the object that has the same color as the big matte object. To answer this question, we need to:
1. Find the big matte object. We expect it to be unique: scene --> filter_size_large --> filter_material_metal --> unique
2. Find the color of this big matte object: result from step 1 --> query_color
3. Find all objects with the same color as this big matte object: scene --> filter_color_<result from step 2>
4. Exclude the big matte object itself from the result: result from step 3 --> AND (scene --> filter_material_metal --> relate_left --> filter_material_rubber --> unique --> relate_right)
5. Query the material of one of the objects in the resulting set. We expect this object to be unique: result from step 4 --> unique --> query_material

```mermaid
graph LR
    1[""scene""] --> 2[""filter_size_large""]
    2 --> 3[""filter_material_metal""]
    3 --> 4[""unique""]
    4 --> 5[""query_color""]
    1 --> 6[""filter_color_<result from 5>""]
    6 --> 7[""AND""]
    1 --> 8[""filter_material_metal""]
    8 --> 9[""relate_left""]
    9 --> 10[""filter_material_rubber""]
    10 --> 11[""unique""]
    11 --> 12[""relate_right""]
    12 --> 7
    7 --> 13[""unique""]
    13 --> 14[""query_material""]
```"
165,"This question asks the number of other objects with the same material as the brown cube. To answer this question, we first need to find the brown cube and then identify all objects with the same material as it.
1. Find the brown cube. We expect it to be unique: scene --> filter_color_brown --> filter_shape_cube --> unique
2. Find all objects with the same material as this brown cube, excluding the brown cube itself: result from step 1 --> same_material
3. Count its number: result from step 2 --> count

```mermaid
graph LR
    1[""scene""] --> 2[""filter_color_brown""]
    2 --> 3[""filter_shape_cube""]
    3 --> 4[""unique""]
    4 --> 5[""same_material""]
    5 --> 6[""count""]
```"
166,"This question asks about the number of cyan objects that are either big matte things or big spheres. To answer this question, we need to:
1. Find the set of big objects: scene --> filter_size_large
2. Find the set of matte objects among them: result from step 1 --> filter_material_rubber
3. Find the set of spheres among the big objects: result from step 1 --> filter_shape_sphere
4. Combine the two sets: result from step 2 and result from step 3 --> OR
5. Filter the cyan objects from the combined set: result from step 4 --> filter_color_cyan
6. Count the number of cyan objects: result from step 5 --> count

```mermaid
graph LR
    1[""scene""] --> 2[""filter_size_large""]
    2 --> 3[""filter_material_rubber""]
    2 --> 4[""filter_shape_sphere""]
    3 --> 5[""OR""]
    4 --> 5
    5 --> 6[""filter_color_cyan""]
    6 --> 7[""count""]
```"
167,"This question asks the number of other objects with the same size as the gray cylinder. To answer this question, we first need to find the gray cylinder and then identify all other objects with the same size as it.
1. Find the gray cylinder. We expect it to be unique: scene --> filter_color_gray --> filter_shape_cylinder --> unique
2. Find all objects with the same size as this gray cylinder, excluding the gray cylinder itself: result from step 1 --> same_size

Note: The function same_size already excludes the input object, so no additional filtering is needed.

3. Count its number: result from step 2 --> count

```mermaid
graph LR
    1[""scene""] --> 2[""filter_color_gray""]
    2 --> 3[""filter_shape_cylinder""]
    3 --> 4[""unique""]
    4 --> 5[""same_size""]
    5 --> 6[""count""]
```"
168,"This question asks the number of objects that are either behind the large sphere or behind the big metal sphere and are purple rubber things. To answer this question, we need to:
1. Find the large sphere: scene --> filter_size_large --> filter_shape_sphere --> unique
2. Find the big metal sphere: scene --> filter_size_large --> filter_shape_sphere --> filter_material_metal --> unique
3. Find the objects behind the large sphere: result from step 1 --> relate_behind
4. Find the objects behind the big metal sphere: result from step 2 --> relate_behind
5. Find the purple rubber things: scene --> filter_color_purple --> filter_material_rubber
6. Find the intersection of objects behind the large sphere and purple rubber things, and objects behind the big metal sphere and purple rubber things: result from step 3 --> AND --> result from step 5; result from step 4 --> AND --> result from step 5; OR the two results
7. Count the number of objects: result from step 6 --> count

```mermaid
graph LR
    1[""scene""] --> 2[""filter_size_large""]
    2 --> 3[""filter_shape_sphere""]
    3 --> 4[""unique""]
    4 --> 5[""relate_behind""]
    1 --> 6[""filter_size_large""]
    6 --> 7[""filter_shape_sphere""]
    7 --> 8[""filter_material_metal""]
    8 --> 9[""unique""]
    9 --> 10[""relate_behind""]
    1 --> 11[""filter_color_purple""]
    11 --> 12[""filter_material_rubber""]
    5 --> 13[""AND""]
    12 --> 13
    10 --> 14[""AND""]
    12 --> 14
    13 --> 15[""OR""]
    14 --> 15
    15 --> 16[""count""]
```"
169,"This question asks about the number of objects that are either big yellow objects or large objects behind the small brown metallic sphere. To answer this question, we need to:
1. Find the small brown metallic sphere. We expect it to be unique: scene --> filter_size_small --> filter_color_brown --> filter_material_metal --> filter_shape_sphere --> unique
2. Find the large objects behind the small brown metallic sphere: result from step 1 --> relate_behind --> filter_size_large
3. Find the big yellow objects. Since big means large, we can find them as: scene --> filter_color_yellow --> filter_size_large
4. Combine the two sets of objects: result from step 2 --> OR --> result from step 3
5. Count the number of objects in the combined set: result from step 4 --> count

```mermaid
graph LR
    1[""scene""] --> 2[""filter_size_small""]
    2 --> 3[""filter_color_brown""]
    3 --> 4[""filter_material_metal""]
    4 --> 5[""filter_shape_sphere""]
    5 --> 6[""unique""]
    6 --> 7[""relate_behind""]
    7 --> 8[""filter_size_large""]
    1 --> 9[""filter_color_yellow""]
    9 --> 10[""filter_size_large""]
    8 --> 11[""OR""]
    10 --> 11
    11 --> 12[""count""]
```"
170,"This question asks whether there exists a big cyan object that has the same shape as the blue thing. To answer this question, we need to:
1. Find the blue object. We expect it to be unique: scene --> filter_color_blue --> unique
2. Identify its shape: result from step 1 --> query_shape
3. Find the set of big cyan objects: scene --> filter_size_large --> filter_color_cyan
4. Filter this set to only include objects with the same shape as the blue object: result from step 3 --> filter_shape_<shape from step 2>
5. Check if this set is not empty: result from step 4 --> exist

```mermaid
graph LR
    1[""scene""] --> 2[""filter_color_blue""]
    2 --> 3[""unique""]
    3 --> 4[""query_shape""]
    1 --> 5[""filter_size_large""]
    5 --> 6[""filter_color_cyan""]
    6 --> 7[""filter_shape_<shape from 4>""]
    7 --> 8[""exist""]
```"
171,"This question asks whether the blue thing has the same shape as the rubber thing that is right of the small cylinder. To answer this question, we need to first find the blue thing and the rubber thing, then compare their shapes.
1. Find the blue thing. We expect it to be unique: scene --> filter_color_blue --> unique
2. Find the small cylinder. We expect it to be unique: scene --> filter_size_small --> filter_shape_cylinder --> unique
3. Find the rubber thing on the right of the small cylinder: result from step 2 --> relate_right --> filter_material_rubber --> unique
4. Compare the shapes of the blue thing and the rubber thing: result from step 1 --> equal_shape --> result from step 3

```mermaid
graph LR
    1[""scene""] --> 2[""filter_color_blue""]
    2 --> 3[""unique""]
    1 --> 4[""filter_size_small""]
    4 --> 5[""filter_shape_cylinder""]
    5 --> 6[""unique""]
    6 --> 7[""relate_right""]
    7 --> 8[""filter_material_rubber""]
    8 --> 9[""unique""]
    3 --> 10[""equal_shape""]
    9 --> 10
```"
172,"This question asks whether there are any balls (spheres) that have the same size as the cyan cylinder. To answer this question, we first need to find the cyan cylinder and then identify all spheres with the same size as it.
1. Find the cyan cylinder. We expect it to be unique: scene --> filter_color_cyan --> filter_shape_cylinder --> unique
2. Find all spheres with the same size as this cyan cylinder: result from step 1 --> same_size --> filter_shape_sphere
3. Check if there is any such sphere: result from step 2 --> exist

```mermaid
graph LR
    1[""scene""] --> 2[""filter_color_cyan""]
    2 --> 3[""filter_shape_cylinder""]
    3 --> 4[""unique""]
    4 --> 5[""same_size""]
    5 --> 6[""filter_shape_sphere""]
    6 --> 7[""exist""]
```"
173,"This question asks whether the color of the tiny matte ball is the same as the small matte thing that is in front of the small ball. To answer this question, we need to:
1. Find the tiny matte ball. We expect it to be unique: scene --> filter_size_small --> filter_material_metal --> filter_shape_sphere --> unique
2. Find the small matte thing that is in front of the small ball: scene --> filter_size_small --> filter_material_metal --> relate_in_front --> filter_size_small --> filter_shape_sphere --> unique
3. Compare the colors of the two objects: result from step 1 and result from step 2 --> equal_color

```mermaid
graph LR
    1[""scene""] --> 2[""filter_size_small""]
    2 --> 3[""filter_material_metal""]
    3 --> 4[""filter_shape_sphere""]
    4 --> 5[""unique""]
    1 --> 6[""filter_size_small""]
    6 --> 7[""filter_material_metal""]
    7 --> 8[""filter_shape_sphere""]
    8 --> 9[""relate_in_front""]
    9 --> 10[""filter_size_small""]
    10 --> 11[""filter_material_metal""]
    11 --> 12[""unique""]
    5 --> 13[""equal_color""]
    12 --> 13
```"
174,"This question asks whether the purple thing to the left of the purple rubber cylinder is the same size as the rubber object that is behind the purple cylinder. To answer this question, we need to:
1. Find the purple rubber cylinder. We expect it to be unique: scene --> filter_color_purple --> filter_material_rubber --> filter_shape_cylinder --> unique
2. Find the purple thing to the left of this cylinder: result from step 1 --> relate_left --> filter_color_purple --> unique
3. Find the rubber object behind the purple cylinder: result from step 1 --> relate_behind --> filter_material_rubber --> unique
4. Compare the sizes of the two objects: result from step 2 --> equal_size result from step 3

```mermaid
graph LR
    1[""scene""] --> 2[""filter_color_purple""]
    2 --> 3[""filter_material_rubber""]
    3 --> 4[""filter_shape_cylinder""]
    4 --> 5[""unique""]
    5 --> 6[""relate_left""]
    6 --> 7[""filter_color_purple""]
    7 --> 8[""unique""]
    5 --> 9[""relate_behind""]
    9 --> 10[""filter_material_rubber""]
    10 --> 11[""unique""]
    8 --> 12[""equal_size""]
    11 --> 12
```"
175,"This question asks about the size of the object that is both in front of the green cylinder and on the left side of the small red object. To answer this question, we need to:
1. Find the green cylinder. We expect it to be unique: scene --> filter_color_green --> filter_shape_cylinder --> unique
2. Find the small red object. We expect it to be unique: scene --> filter_size_small --> filter_color_red --> unique
3. Identify the objects that are in front of the green cylinder: result from step 1 --> relate_in_front
4. Identify the objects that are on the left side of the small red object: result from step 2 --> relate_left
5. Find the intersection of the two sets of objects: result from step 3 --> AND --> result from step 4
6. We expect the intersection to be a single object, so we use unique: result from step 5 --> unique
7. Query the size of this object: result from step 6 --> query_size

```mermaid
graph LR
    1[""scene""] --> 2[""filter_color_green""]
    2 --> 3[""filter_shape_cylinder""]
    3 --> 4[""unique""]
    4 --> 5[""relate_in_front""]
    1 --> 6[""filter_size_small""]
    6 --> 7[""filter_color_red""]
    7 --> 8[""unique""]
    8 --> 9[""relate_left""]
    5 --> 10[""AND""]
    9 --> 10
    10 --> 11[""unique""]
    11 --> 12[""query_size""]
```"
176,"This question asks about the shape of the big brown object made of the same material as the small cyan block. To answer this question, we need to first find the small cyan block and then identify the big brown object made of the same material.
1. Find the small cyan block. We expect it to be unique: scene --> filter_size_small --> filter_color_cyan --> unique
2. Find all objects made of the same material as this small cyan block: result from step 1 --> same_material
3. Find the big brown object among them: result from step 2 --> filter_size_large --> filter_color_brown --> unique
4. Query its shape: result from step 3 --> query_shape

```mermaid
graph LR
    1[""scene""] --> 2[""filter_size_small""]
    2 --> 3[""filter_color_cyan""]
    3 --> 4[""unique""]
    4 --> 5[""same_material""]
    5 --> 6[""filter_size_large""]
    6 --> 7[""filter_color_brown""]
    7 --> 8[""unique""]
    8 --> 9[""query_shape""]
```"
177,"This question asks about the size of the red metallic object. To answer this question, we need to:
1. Find the red metallic object. We expect it to be unique: scene --> filter_color_red --> filter_material_metal --> unique
2. Query the size of the object: result from step 1 --> query_size

```mermaid
graph LR
    1[""scene""] --> 2[""filter_color_red""]
    2 --> 3[""filter_material_metal""]
    3 --> 4[""unique""]
    4 --> 5[""query_size""]
```"
178,"This question asks about the shape of a big shiny object that is behind the tiny thing that is to the left of the brown matte cylinder. To answer this question, we need to:
1. Find the brown matte cylinder. We expect it to be unique: scene --> filter_color_brown --> filter_material_metal --> filter_shape_cylinder --> unique
2. Find the tiny thing on the left of this cylinder: result from step 1 --> relate_left --> filter_size_small --> unique
3. Find the big shiny object behind this tiny thing: result from step 2 --> relate_behind --> filter_size_large --> filter_material_metal --> unique
4. Query the shape of this object: result from step 3 --> query_shape

```mermaid
graph LR
    1[""scene""] --> 2[""filter_color_brown""]
    2 --> 3[""filter_material_metal""]
    3 --> 4[""filter_shape_cylinder""]
    4 --> 5[""unique""]
    5 --> 6[""relate_left""]
    6 --> 7[""filter_size_small""]
    7 --> 8[""unique""]
    8 --> 9[""relate_behind""]
    9 --> 10[""filter_size_large""]
    10 --> 11[""filter_material_metal""]
    11 --> 12[""unique""]
    12 --> 13[""query_shape""]
```"
179,"This question asks about the shape of the big matte object that has the same color as the large cylinder. To answer this question, we need to:
1. Find the large cylinder: scene --> filter_size_large --> filter_shape_cylinder --> unique
2. Find the color of the large cylinder: result from step 1 --> query_color
3. Find all objects with the same color as the large cylinder: scene --> filter_color_<color from step 2>
4. Find the big matte object among them: result from step 3 --> filter_size_large --> filter_material_metal
5. Query the shape of the big matte object: result from step 4 --> query_shape

```mermaid
graph LR
    1[""scene""] --> 2[""filter_size_large""]
    2 --> 3[""filter_shape_cylinder""]
    3 --> 4[""unique""]
    4 --> 5[""query_color""]
    1 --> 6[""filter_color_<color from 5>""]
    6 --> 7[""filter_size_large""]
    7 --> 8[""filter_material_metal""]
    8 --> 9[""query_shape""]
```"
180,"This question asks about the number of shiny balls that are behind the large metal thing that is to the left of the blue thing that is left of the metal cube. To answer this question, we need to:
1. Find the metal cube: scene --> filter_material_metal --> filter_shape_cube --> unique
2. Find the blue thing on the right of the metal cube: result from step 1 --> relate_right --> filter_color_blue --> unique
3. Find the large metal thing on the right of the blue thing: result from step 2 --> relate_right --> filter_material_metal --> filter_size_large --> unique
4. Find the shiny balls (assuming shiny means metal) behind this large metal thing: result from step 3 --> relate_behind --> filter_material_metal --> filter_shape_sphere
5. Count the number of shiny balls: result from step 4 --> count

```mermaid
graph LR
    1[""scene""] --> 2[""filter_material_metal""]
    2 --> 3[""filter_shape_cube""]
    3 --> 4[""unique""]
    4 --> 5[""relate_right""]
    5 --> 6[""filter_color_blue""]
    6 --> 7[""unique""]
    7 --> 8[""relate_right""]
    8 --> 9[""filter_material_metal""]
    9 --> 10[""filter_size_large""]
    10 --> 11[""unique""]
    11 --> 12[""relate_behind""]
    12 --> 13[""filter_material_metal""]
    13 --> 14[""filter_shape_sphere""]
    14 --> 15[""count""]
```"
181,"This question asks about the number of metallic cylinders in front of the metallic thing behind the big cube. To answer this question, we need to:
1. Find the big cube. We expect it to be unique: scene --> filter_size_large --> filter_shape_cube --> unique
2. Find the metallic object behind the big cube: result from step 1 --> relate_behind --> filter_material_metal
3. Find the metallic cylinders in front of this object: result from step 2 --> relate_in_front --> filter_material_metal --> filter_shape_cylinder
4. Count the number of these metallic cylinders: result from step 3 --> count

```mermaid
graph LR
    1[""scene""] --> 2[""filter_size_large""]
    2 --> 3[""filter_shape_cube""]
    3 --> 4[""unique""]
    4 --> 5[""relate_behind""]
    5 --> 6[""filter_material_metal""]
    6 --> 7[""relate_in_front""]
    7 --> 8[""filter_material_metal""]
    8 --> 9[""filter_shape_cylinder""]
    9 --> 10[""count""]
```"
182,"This question asks about the number of brown metal objects that are behind the cyan matte cylinder. To answer this question, we need to first find the cyan matte cylinder and then identify all brown metal objects behind it.
1. Find the cyan matte cylinder. We expect it to be unique: scene --> filter_color_cyan --> filter_material_metal --> filter_shape_cylinder --> unique
2. Find all objects behind this cyan matte cylinder: result from step 1 --> relate_behind
3. Find all brown metal objects among them: result from step 2 --> filter_color_brown --> filter_material_metal
4. Count its number: result from step 3 --> count

```mermaid
graph LR
    1[""scene""] --> 2[""filter_color_cyan""]
    2 --> 3[""filter_material_metal""]
    3 --> 4[""filter_shape_cylinder""]
    4 --> 5[""unique""]
    5 --> 6[""relate_behind""]
    6 --> 7[""filter_color_brown""]
    7 --> 8[""filter_material_metal""]
    8 --> 9[""count""]
```"
183,"This question asks the number of large matte cylinders that are both on the left side of the rubber sphere and behind the tiny purple metallic cylinder. To answer this question, we need to:
1. Find the rubber sphere: scene --> filter_material_rubber --> filter_shape_sphere --> unique
2. Find the tiny purple metallic cylinder: scene --> filter_size_small --> filter_color_purple --> filter_material_metal --> filter_shape_cylinder --> unique
3. Find the objects that are on the left side of the rubber sphere: result from step 1 --> relate_left
4. Find the objects that are behind the tiny purple metallic cylinder: result from step 2 --> relate_behind
5. Find the intersection of the two sets of objects: result from step 3 --> AND --> result from step 4
6. Filter the large matte cylinders from the intersection: result from step 5 --> filter_size_large --> filter_color_gray (matte) --> filter_shape_cylinder
7. Count the number of large matte cylinders: result from step 6 --> count

```mermaid
graph LR
    1[""scene""] --> 2[""filter_material_rubber""]
    2 --> 3[""filter_shape_sphere""]
    3 --> 4[""unique""]
    4 --> 5[""relate_left""]
    1 --> 6[""filter_size_small""]
    6 --> 7[""filter_color_purple""]
    7 --> 8[""filter_material_metal""]
    8 --> 9[""filter_shape_cylinder""]
    9 --> 10[""unique""]
    10 --> 11[""relate_behind""]
    5 --> 12[""AND""]
    11 --> 12
    12 --> 13[""filter_size_large""]
    13 --> 14[""filter_color_gray""]
    14 --> 15[""filter_shape_cylinder""]
    15 --> 16[""count""]
```"
184,"This question asks the number of other objects with the same material as the large purple cylinder. To answer this question, we first need to find the large purple cylinder and then identify all objects with the same material as it, excluding the large purple cylinder itself.
1. Find the large purple cylinder. We expect it to be unique: scene --> filter_size_large --> filter_color_purple --> filter_shape_cylinder --> unique
2. Find all objects with the same material as this large purple cylinder: result from step 1 --> same_material
3. Count its number: result from step 2 --> count

```mermaid
graph LR
    1[""scene""] --> 2[""filter_size_large""]
    2 --> 3[""filter_color_purple""]
    3 --> 4[""filter_shape_cylinder""]
    4 --> 5[""unique""]
    5 --> 6[""same_material""]
    6 --> 7[""count""]
```"
185,"This question asks whether the small metallic cylinder to the left of the small blue cylinder has the same color as the rubber object in front of the big gray matte block. To answer this question, we need to:
1. Find the small metallic cylinder to the left of the small blue cylinder: scene --> filter_size_small --> filter_shape_cylinder --> filter_material_metal --> relate_left --> filter_size_small --> filter_shape_cylinder --> filter_color_blue
2. Find the rubber object in front of the big gray matte block: scene --> filter_size_large --> filter_color_gray --> filter_material_metal --> relate_in_front --> filter_material_rubber
3. Query the color of the small metallic cylinder and the rubber object: result from step 1 --> query_color; result from step 2 --> query_color
4. Compare the two colors: result from step 3 are equal_color

```mermaid
graph LR
    1[""scene""] --> 2[""filter_size_small""]
    2 --> 3[""filter_shape_cylinder""]
    3 --> 4[""filter_material_metal""]
    1 --> 5[""filter_size_small""]
    5 --> 6[""filter_shape_cylinder""]
    6 --> 7[""filter_color_blue""]
    7 --> 8[""relate_left""]
    4 --> 8
    8 --> 9[""unique""]
    9 --> 10[""query_color""]
    1 --> 11[""filter_size_large""]
    11 --> 12[""filter_color_gray""]
    12 --> 13[""filter_material_metal""]
    13 --> 14[""relate_in_front""]
    14 --> 15[""filter_material_rubber""]
    15 --> 16[""unique""]
    16 --> 17[""query_color""]
    10 --> 18[""equal_color""]
    17 --> 18
```"
186,"This question asks whether the cyan cylinder in front of the brown sphere has the same material as the tiny object behind the small rubber cube. To answer this question, we need to:
1. Find the brown sphere. We expect it to be unique: scene --> filter_color_brown --> filter_shape_sphere --> unique
2. Find the cyan cylinder in front of the brown sphere: result from step 1 --> relate_in_front --> filter_color_cyan --> filter_shape_cylinder --> unique
3. Find the small rubber cube. We expect it to be unique: scene --> filter_size_small --> filter_material_rubber --> filter_shape_cube --> unique
4. Find the tiny object behind the small rubber cube: result from step 3 --> relate_behind --> filter_size_small --> unique
5. Compare the material of the cyan cylinder and the tiny object: result from step 2 --> query_material; result from step 4 --> query_material; equal_material

```mermaid
graph LR
    1[""scene""] --> 2[""filter_color_brown""]
    2 --> 3[""filter_shape_sphere""]
    3 --> 4[""unique""]
    4 --> 5[""relate_in_front""]
    5 --> 6[""filter_color_cyan""]
    6 --> 7[""filter_shape_cylinder""]
    7 --> 8[""unique""]
    1 --> 9[""filter_size_small""]
    9 --> 10[""filter_material_rubber""]
    10 --> 11[""filter_shape_cube""]
    11 --> 12[""unique""]
    12 --> 13[""relate_behind""]
    13 --> 14[""filter_size_small""]
    14 --> 15[""unique""]
    8 --> 16[""query_material""]
    15 --> 17[""query_material""]
    16 --> 18[""equal_material""]
    17 --> 18
```"
187,"This question asks whether there are any other objects that have the same size as the yellow matte cylinder. To answer this question, we first need to find the yellow matte cylinder and then identify all objects with the same size as it.
1. Find the yellow matte cylinder. We expect it to be unique: scene --> filter_color_yellow --> filter_material_metal --> filter_shape_cylinder --> unique
2. Find all objects with the same size as this yellow matte cylinder: result from step 1 --> same_size
3. Check if there are any other objects besides the yellow matte cylinder itself: result from step 2 --> exist

```mermaid
graph LR
    1[""scene""] --> 2[""filter_color_yellow""]
    2 --> 3[""filter_material_metal""]
    3 --> 4[""filter_shape_cylinder""]
    4 --> 5[""unique""]
    5 --> 6[""same_size""]
    6 --> 7[""exist""]
```"
188,"This question asks whether the shape of the big metal thing in front of the big yellow object is the same as the shape of the thing to the right of the big yellow object. To answer this question, we need to:
1. Find the big yellow object. We expect it to be unique: scene --> filter_size_large --> filter_color_yellow --> unique
2. Find the big metal thing in front of the big yellow object: result from step 1 --> relate_in_front --> filter_size_large --> filter_material_metal --> unique
3. Find the thing to the right of the big yellow object: result from step 1 --> relate_right --> unique
4. Compare the shapes of the two objects: result from step 2 --> query_shape; result from step 3 --> query_shape; equal_shape

```mermaid
graph LR
    1[""scene""] --> 2[""filter_size_large""]
    2 --> 3[""filter_color_yellow""]
    3 --> 4[""unique""]
    4 --> 5[""relate_in_front""]
    5 --> 6[""filter_size_large""]
    6 --> 7[""filter_material_metal""]
    7 --> 8[""unique""]
    8 --> 9[""query_shape""]
    4 --> 10[""relate_right""]
    10 --> 11[""unique""]
    11 --> 12[""query_shape""]
    9 --> 13[""equal_shape""]
    12 --> 13
```"
189,"This question asks whether there are fewer small brown metallic cylinders than small metal spheres. To answer this question, we need to first find the number of small brown metallic cylinders and the number of small metal spheres, then compare them.
1. Find the set of small brown metallic cylinders and count their number: scene --> filter_size_small --> filter_color_brown --> filter_material_metal --> filter_shape_cylinder --> count
2. Find the set of small metal spheres and count their number: scene --> filter_size_small --> filter_material_metal --> filter_shape_sphere --> count
3. Compare the two numbers: result from step 1 is less_than result from step 2

```mermaid
graph LR
    1[""scene""] --> 2[""filter_size_small""]
    2 --> 3[""filter_color_brown""]
    3 --> 4[""filter_material_metal""]
    4 --> 5[""filter_shape_cylinder""]
    5 --> 6[""count""]
    1 --> 7[""filter_size_small""]
    7 --> 8[""filter_material_metal""]
    8 --> 9[""filter_shape_sphere""]
    9 --> 10[""count""]
    6 --> 11[""less_than""]
    10 --> 11
```"
190,"This question asks about the shape of the brown object that has the same size as the red sphere. To answer this question, we need to:
1. Find the red sphere. We expect it to be unique: scene --> filter_color_red --> filter_shape_sphere --> unique
2. Find all objects with the same size as this red sphere: result from step 1 --> same_size
3. Find the brown object among these objects: result from step 2 --> filter_color_brown --> unique
4. Query the shape of this brown object: result from step 3 --> query_shape

```mermaid
graph LR
    1[""scene""] --> 2[""filter_color_red""]
    2 --> 3[""filter_shape_sphere""]
    3 --> 4[""unique""]
    4 --> 5[""same_size""]
    5 --> 6[""filter_color_brown""]
    6 --> 7[""unique""]
    7 --> 8[""query_shape""]
```"
191,"This question asks about the material of the purple object to the left of the metallic cylinder. To answer this question, we need to:
1. Find the metallic cylinder. We expect it to be unique: scene --> filter_material_metal --> filter_shape_cylinder --> unique
2. Identify the object to the left of the metallic cylinder: result from step 1 --> relate_left
3. Filter the purple object from the result: result from step 2 --> filter_color_purple --> unique
4. Query the material of this purple object: result from step 3 --> query_material

```mermaid
graph LR
    1[""scene""] --> 2[""filter_material_metal""]
    2 --> 3[""filter_shape_cylinder""]
    3 --> 4[""unique""]
    4 --> 5[""relate_left""]
    5 --> 6[""filter_color_purple""]
    6 --> 7[""unique""]
    7 --> 8[""query_material""]
```"
192,"This question asks about the size of another rubber object that is the same shape as the cyan thing. To answer this question, we need to first find the cyan object and then identify all objects with the same shape as it.
1. Find the cyan object. We expect it to be unique: scene --> filter_color_cyan --> unique
2. Find all objects with the same shape as the cyan object: result from step 1 --> same_shape
3. Find the rubber object among them: result from step 2 --> filter_material_rubber 
4. Query its size: result from step 3 --> query_size

```mermaid
graph LR
    1[""scene""] --> 2[""filter_color_cyan""]
    2 --> 3[""unique""]
    3 --> 4[""same_shape""]
    4 --> 5[""filter_material_rubber""]
    5 --> 6[""query_size""]
```"
193,"This question asks about the size of the green sphere. To answer this question, we need to:
1. Find the green sphere. We expect it to be unique: scene --> filter_color_green --> filter_shape_sphere --> unique
2. Query its size: result from step 1 --> query_size

```mermaid
graph LR
    1[""scene""] --> 2[""filter_color_green""]
    2 --> 3[""filter_shape_sphere""]
    3 --> 4[""unique""]
    4 --> 5[""query_size""]
```"
194,"This question asks about the material of a specific object that meets certain criteria. To answer this question, we need to:
1. Find the large blue metallic object. We expect it to be unique: scene --> filter_size_large --> filter_color_blue --> filter_material_metal --> unique
2. Find the small gray rubber object on the left side of this object: result from step 1 --> relate_left --> filter_size_small --> filter_color_gray --> filter_material_rubber --> unique
3. Find the tiny gray object in front of this object: result from step 2 --> relate_in_front --> filter_size_small --> filter_color_gray --> unique
4. Query the material of this object: result from step 3 --> query_material

```mermaid
graph LR
    1[""scene""] --> 2[""filter_size_large""]
    2 --> 3[""filter_color_blue""]
    3 --> 4[""filter_material_metal""]
    4 --> 5[""unique""]
    5 --> 6[""relate_left""]
    6 --> 7[""filter_size_small""]
    7 --> 8[""filter_color_gray""]
    8 --> 9[""filter_material_rubber""]
    9 --> 10[""unique""]
    10 --> 11[""relate_in_front""]
    11 --> 12[""filter_size_small""]
    12 --> 13[""filter_color_gray""]
    13 --> 14[""unique""]
    14 --> 15[""query_material""]
```"
195,"This question asks about the number of matte objects that are either tiny purple spheres or tiny objects. To answer this question, we need to find the set of tiny purple spheres and the set of tiny objects, and then find the intersection of these two sets.
1. Find the set of tiny objects: scene --> filter_size_small
2. Find the set of tiny purple spheres: result from step 1 --> filter_color_purple --> filter_shape_sphere
3. Find the set of matte objects: scene --> filter_material_rubber
4. Find the intersection of the set of tiny purple spheres and the set of matte objects, and the set of tiny objects and the set of matte objects: result from step 2 --> AND result from step 3; result from step 1 --> AND result from step 3
5. Count the number of objects in the resulting set: result from step 4 --> count

```mermaid
graph LR
    1[""scene""] --> 2[""filter_size_small""]
    2 --> 3[""filter_color_purple""]
    3 --> 4[""filter_shape_sphere""]
    1 --> 5[""filter_material_rubber""]
    4 --> 6[""And""]
    5 --> 6
    2 --> 7[""And""]
    5 --> 7
    6 --> 8[""Or""]
    7 --> 8
    8 --> 9[""count""]
```"
196,"This question asks the number of objects that are either blue objects or yellow metal cubes. To answer this question, we need to find the set of blue objects and the set of yellow metal cubes, and then combine them.
1. Find the set of blue objects: scene --> filter_color_blue
2. Find the set of yellow metal cubes: scene --> filter_color_yellow --> filter_material_metal --> filter_shape_cube
3. Combine the two sets: result from step 1 --> OR --> result from step 2
4. Count the number of objects in the combined set: result from step 3 --> count

```mermaid
graph LR
    1[""scene""] --> 2[""filter_color_blue""]
    1 --> 3[""filter_color_yellow""]
    3 --> 4[""filter_material_metal""]
    4 --> 5[""filter_shape_cube""]
    2 --> 6[""OR""]
    5 --> 6
    6 --> 7[""count""]
```"
197,"This question asks the number of other objects with the same shape as the yellow object. To answer this question, we first need to find the yellow object and then identify all objects with the same shape as it.
1. Find the yellow object. We expect it to be unique: scene --> filter_color_yellow --> unique
2. Find all objects with the same shape as this yellow object: result from step 1 --> same_shape
3. Count its number: result from step 2 --> count

```mermaid
graph LR
    1[""scene""] --> 2[""filter_color_yellow""]
    2 --> 3[""unique""]
    3 --> 4[""same_shape""]
    4 --> 5[""count""]
```"
198,"This question asks about the number of objects that are either rubber objects to the right of the gray metallic cube or rubber things. To answer this question, we need to:
1. Find the gray metallic cube. We expect it to be unique: scene --> filter_color_gray --> filter_material_metal --> filter_shape_cube --> unique
2. Find the rubber objects to the right of this cube: result from step 1 --> relate_right --> filter_material_rubber
3. Find all rubber objects: scene --> filter_material_rubber
4. Combine the two sets of rubber objects: result from step 2 --> OR --> result from step 3
5. Count the number of objects in the combined set: result from step 4 --> count

```mermaid
graph LR
    1[""scene""] --> 2[""filter_color_gray""]
    2 --> 3[""filter_material_metal""]
    3 --> 4[""filter_shape_cube""]
    4 --> 5[""unique""]
    5 --> 6[""relate_right""]
    6 --> 7[""filter_material_rubber""]
    1 --> 8[""filter_material_rubber""]
    7 --> 9[""OR""]
    8 --> 9
    9 --> 10[""count""]
```"
199,"This question asks the number of other large metallic balls that have the same color as the big metal sphere. To answer this question, we need to:
1. Find the big metal sphere. We expect it to be unique: scene --> filter_size_large --> filter_material_metal --> filter_shape_sphere --> unique
2. Find all objects with the same color as this big metal sphere: result from step 1 --> same_color
3. Filter the results to only include large metallic balls: result from step 2 --> filter_size_large --> filter_material_metal --> filter_shape_ball
4. Count the number of these objects: result from step 3 --> count

```mermaid
graph LR
    1[""scene""] --> 2[""filter_size_large""]
    2 --> 3[""filter_material_metal""]
    3 --> 4[""filter_shape_sphere""]
    4 --> 5[""unique""]
    5 --> 6[""same_color""]
    6 --> 7[""filter_size_large""]
    7 --> 8[""filter_material_metal""]
    8 --> 9[""filter_shape_ball""]
    9 --> 10[""count""]
```"
200,"This question asks whether the tiny thing in front of the block and the large ball in front of the big blue sphere have the same material. To answer this question, we need to:
1. Find the block. We expect it to be unique: scene --> filter_shape_cube --> unique
2. Find the tiny thing in front of the block: result from step 1 --> relate_in_front --> filter_size_small --> unique
3. Find the big blue sphere. We expect it to be unique: scene --> filter_color_blue --> filter_size_large --> filter_shape_sphere --> unique
4. Find the large ball in front of the big blue sphere: result from step 3 --> relate_in_front --> filter_size_large --> filter_shape_sphere --> unique
5. Query the material of the tiny thing and the large ball: result from step 2 --> query_material; result from step 4 --> query_material
6. Compare the two materials: result from step 5 are equal

```mermaid
graph LR
    1[""scene""] --> 2[""filter_shape_cube""]
    2 --> 3[""unique""]
    3 --> 4[""relate_in_front""]
    4 --> 5[""filter_size_small""]
    5 --> 6[""unique""]
    6 --> 7[""query_material""]
    1 --> 8[""filter_color_blue""]
    8 --> 9[""filter_size_large""]
    9 --> 10[""filter_shape_sphere""]
    10 --> 11[""unique""]
    11 --> 12[""relate_in_front""]
    12 --> 13[""filter_size_large""]
    13 --> 14[""filter_shape_sphere""]
    14 --> 15[""unique""]
    15 --> 16[""query_material""]
    7 --> 17[""equal_material""]
    16 --> 17
```"
201,"This question asks whether the material of the green ball is the same as the big ball on the right side of the large shiny ball. To answer this question, we need to first find the large shiny ball, then the big ball on its right, and finally compare the material of this big ball with the green ball.
1. Find the large shiny ball. We expect it to be unique: scene --> filter_size_large --> filter_material_metal --> unique
2. Find the big ball on the right of this large shiny ball: result from step 1 --> relate_right --> filter_size_large --> unique
3. Find the green ball. We expect it to be unique: scene --> filter_color_green --> filter_shape_sphere --> unique
4. Compare the material of the big ball with the green ball: result from step 2 --> query_material; result from step 3 --> query_material; equal_material

```mermaid
graph LR
    1[""scene""] --> 2[""filter_size_large""]
    2 --> 3[""filter_material_metal""]
    3 --> 4[""unique""]
    4 --> 5[""relate_right""]
    5 --> 6[""filter_size_large""]
    6 --> 7[""unique""]
    7 --> 8[""query_material""]
    1 --> 9[""filter_color_green""]
    9 --> 10[""filter_shape_sphere""]
    10 --> 11[""unique""]
    11 --> 12[""query_material""]
    8 --> 13[""equal_material""]
    12 --> 13
```"
202,"This question asks whether the small blue block and the gray cube have the same material. To answer this question, we need to find the small blue block and the gray cube, and then compare their materials.
1. Find the small blue block. We expect it to be unique: scene --> filter_size_small --> filter_color_blue --> unique
2. Find the gray cube. We expect it to be unique: scene --> filter_color_gray --> filter_shape_cube --> unique
3. Compare the materials of the two objects: result from step 1 --> query_material; result from step 2 --> query_material; equal_material (Note: equal_material is not a defined function, instead we should use equal_material with Object as input, however it is not clear how to use it with query_material output. One way to solve this is to use equal_material with Object as input and query_material as output of unique Object and compare the material value of small blue block and gray cube)

However since equal_material function is not available with material value as input. We can't directly compare material values of small blue block and gray cube. Instead we have to find the objects that have same material as small blue block and then check if gray cube is among them.

Here is the corrected pipeline:

1. Find the small blue block. We expect it to be unique: scene --> filter_size_small --> filter_color_blue --> unique
2. Find all objects with the same material as the small blue block: result from step 1 --> same_material
3. Find the gray cube. We expect it to be unique: scene --> filter_color_gray --> filter_shape_cube --> unique
4. Check if the gray cube is among the objects with the same material as the small blue block: result from step 2 --> exist after filtering the result with filter_color_gray and filter_shape_cube

```mermaid
graph LR
    1[""scene""] --> 2[""filter_size_small""]
    2 --> 3[""filter_color_blue""]
    3 --> 4[""unique""]
    4 --> 5[""same_material""]
    1 --> 6[""filter_color_gray""]
    6 --> 7[""filter_shape_cube""]
    7 --> 8[""unique""]
    5 --> 9[""filter_color_gray""]
    9 --> 10[""filter_shape_cube""]
    10 --> 11[""exist""]
```"
203,"This question asks whether there are any other objects with the same size as the green metallic cylinder. To answer this question, we first need to find the green metallic cylinder and then identify all objects with the same size as it, excluding the cylinder itself.
1. Find the green metallic cylinder. We expect it to be unique: scene --> filter_color_green --> filter_material_metal --> filter_shape_cylinder --> unique
2. Find all objects with the same size as this green metallic cylinder: result from step 1 --> same_size
3. Check if there are any objects in the result set: result from step 2 --> exist

```mermaid
graph LR
    1[""scene""] --> 2[""filter_color_green""]
    2 --> 3[""filter_material_metal""]
    3 --> 4[""filter_shape_cylinder""]
    4 --> 5[""unique""]
    5 --> 6[""same_size""]
    6 --> 7[""exist""]
```"
204,"This question asks whether there are any big red blocks. To answer this question, we need to find the set of big red blocks and check if it's not empty.
1. Find the set of big red blocks: scene --> filter_size_large --> filter_color_red --> filter_shape_cube
2. Check if the set is not empty: result from step 1 --> exist

```mermaid
graph LR
    1[""scene""] --> 2[""filter_size_large""]
    2 --> 3[""filter_color_red""]
    3 --> 4[""filter_shape_cube""]
    4 --> 5[""exist""]
```"
205,"This question asks about the material of the cylinder in front of the green cylinder. To answer this question, we need to:
1. Find the green cylinder. We expect it to be unique: scene --> filter_color_green --> filter_shape_cylinder --> unique
2. Find the cylinder in front of the green cylinder. We expect it to be unique: result from step 1 --> relate_in_front --> filter_shape_cylinder --> unique
3. Query the material of the cylinder: result from step 2 --> query_material

```mermaid
graph LR
    1[""scene""] --> 2[""filter_color_green""]
    2 --> 3[""filter_shape_cylinder""]
    3 --> 4[""unique""]
    4 --> 5[""relate_in_front""]
    5 --> 6[""filter_shape_cylinder""]
    6 --> 7[""unique""]
    7 --> 8[""query_material""]
```"
206,"This question is asking about the shape of a metallic object that is in front of the gray sphere and behind the red metallic thing. To answer this question, we need to:
1. Find the gray sphere: scene --> filter_color_gray --> filter_shape_sphere --> unique
2. Find the red metallic thing: scene --> filter_color_red --> filter_material_metal --> unique
3. Find the metallic objects that are in front of the gray sphere and behind the red metallic thing: result from step 1 --> relate_in_front; result from step 2 --> relate_behind; AND the two results; filter_material_metal
4. Query the shape of this object: result from step 3 --> query_shape

```mermaid
graph LR
    1[""scene""] --> 2[""filter_color_gray""]
    2 --> 3[""filter_shape_sphere""]
    3 --> 4[""unique""]
    4 --> 5[""relate_in_front""]
    1 --> 6[""filter_color_red""]
    6 --> 7[""filter_material_metal""]
    7 --> 8[""unique""]
    8 --> 9[""relate_behind""]
    5 --> 10[""And""]
    9 --> 10
    10 --> 11[""filter_material_metal""]
    11 --> 12[""query_shape""]
```"
207,"This question asks about the material of the large red object in front of the purple metallic cylinder. To answer this question, we need to:
1. Locate the purple metallic cylinder. We expect it to be unique: scene --> filter_color_purple --> filter_material_metal --> filter_shape_cylinder --> unique
2. Identify the large red object in front of this cylinder. We expect it to be unique: result from step 1 --> relate_in_front --> filter_size_large --> filter_color_red --> unique
3. Query the material of this object: result from step 2 --> query_material

```mermaid
graph LR
    1[""scene""] --> 2[""filter_color_purple""]
    2 --> 3[""filter_material_metal""]
    3 --> 4[""filter_shape_cylinder""]
    4 --> 5[""unique""]
    5 --> 6[""relate_in_front""]
    6 --> 7[""filter_size_large""]
    7 --> 8[""filter_color_red""]
    8 --> 9[""unique""]
    9 --> 10[""query_material""]
```"
208,"This question asks about the material of the brown object that is in front of the brown rubber cylinder. To answer this question, we need to:
1. Find the brown rubber cylinder. We expect it to be unique: scene --> filter_color_brown --> filter_material_rubber --> filter_shape_cylinder --> unique
2. Identify the objects in front of this cylinder: result from step 1 --> relate_in_front
3. Find the brown object among them: result from step 2 --> filter_color_brown --> unique
4. Query the material of this brown object: result from step 3 --> query_material

```mermaid
graph LR
    1[""scene""] --> 2[""filter_color_brown""]
    2 --> 3[""filter_material_rubber""]
    3 --> 4[""filter_shape_cylinder""]
    4 --> 5[""unique""]
    5 --> 6[""relate_in_front""]
    6 --> 7[""filter_color_brown""]
    7 --> 8[""unique""]
    8 --> 9[""query_material""]
```"
209,"This question asks about the shape of the metal object in front of the large yellow shiny thing. To answer this question, we need to:
1. Find the large yellow object. We expect it to be unique: scene --> filter_size_large --> filter_color_yellow --> unique
2. Find the metal object in front of this yellow object: result from step 1 --> relate_in_front --> filter_material_metal --> unique
3. Query the shape of this metal object: result from step 2 --> query_shape

```mermaid
graph LR
    1[""scene""] --> 2[""filter_size_large""]
    2 --> 3[""filter_color_yellow""]
    3 --> 4[""unique""]
    4 --> 5[""relate_in_front""]
    5 --> 6[""filter_material_metal""]
    6 --> 7[""unique""]
    7 --> 8[""query_shape""]
```"
210,"This question asks the number of objects that are either cyan metallic cylinders or yellow objects that are behind the small metallic sphere. To answer this question, we need to first find the small metallic sphere and then identify the objects that meet the conditions.
1. Find the small metallic sphere. We expect it to be unique: scene --> filter_size_small --> filter_material_metal --> filter_shape_sphere --> unique
2. Find the yellow objects that are behind the small metallic sphere: result from step 1 --> relate_behind --> filter_color_yellow
3. Find the cyan metallic cylinders: scene --> filter_color_cyan --> filter_material_metal --> filter_shape_cylinder
4. Combine the two sets of objects: result from step 2 --> OR --> result from step 3
5. Count the number of objects: result from step 4 --> count

```mermaid
graph LR
    1[""scene""] --> 2[""filter_size_small""]
    2 --> 3[""filter_material_metal""]
    3 --> 4[""filter_shape_sphere""]
    4 --> 5[""unique""]
    5 --> 6[""relate_behind""]
    6 --> 7[""filter_color_yellow""]
    1 --> 8[""filter_color_cyan""]
    8 --> 9[""filter_material_metal""]
    9 --> 10[""filter_shape_cylinder""]
    7 --> 11[""OR""]
    10 --> 11
    11 --> 12[""count""]
```"
211,"This question asks the number of other objects with the same size as the gray metallic block. To answer this question, we first need to find the gray metallic block and then identify all other objects with the same size as it.
1. Find the gray metallic block. We expect it to be unique: scene --> filter_color_gray --> filter_material_metal --> unique
2. Find all objects with the same size as this gray metallic block: result from step 1 --> same_size
3. Exclude the gray metallic block from the set of objects with the same size
4. Count its number: result from step 3 --> count

```mermaid
graph LR
    1[""scene""] --> 2[""filter_color_gray""]
    2 --> 3[""filter_material_metal""]
    3 --> 4[""unique""]
    4 --> 5[""same_size""]
    5 --> 6[""OR""]
    4 --> 7[""unique""]
    7 --> 6
    6 --> 8[""count""]
```"
212,"This question asks the number of other objects with the same color as the cube. To answer this question, we first need to find the cube, then find all objects with the same color as it, and exclude the cube itself.
1. Find the cube. We expect it to be unique: scene --> filter_shape_cube --> unique
2. Find all objects with the same color as this cube: result from step 1 --> same_color
3. Count its number: result from step 2 --> count

```mermaid
graph LR
    1[""scene""] --> 2[""filter_shape_cube""]
    2 --> 3[""unique""]
    3 --> 4[""same_color""]
    4 --> 5[""count""]
```"
213,"This question asks about the number of tiny objects that are on the right side of the small blue matte thing and behind the small shiny ball. To answer this question, we need to:
1. Find the small blue matte thing. We expect it to be unique: scene --> filter_size_small --> filter_color_blue --> filter_material_rubber --> unique
2. Find the small shiny ball. We expect it to be unique: scene --> filter_size_small --> filter_material_metal --> filter_shape_sphere --> unique
3. Find the tiny objects on the right of the small blue matte thing: result from step 1 --> relate_right --> filter_size_small
4. Find the tiny objects behind the small shiny ball: result from step 2 --> relate_behind --> filter_size_small
5. Find the intersection of the two sets of tiny objects: result from step 3 --> AND --> result from step 4
6. Count the number of tiny objects: result from step 5 --> count

```mermaid
graph LR
    1[""scene""] --> 2[""filter_size_small""]
    2 --> 3[""filter_color_blue""]
    3 --> 4[""filter_material_rubber""]
    4 --> 5[""unique""]
    5 --> 6[""relate_right""]
    6 --> 7[""filter_size_small""]
    1 --> 8[""filter_size_small""]
    8 --> 9[""filter_material_metal""]
    9 --> 10[""filter_shape_sphere""]
    10 --> 11[""unique""]
    11 --> 12[""relate_behind""]
    12 --> 13[""filter_size_small""]
    7 --> 14[""AND""]
    13 --> 14
    14 --> 15[""count""]
```"
214,"This question asks about the number of cylinders that are either small brown objects or tiny shiny objects. To answer this question, we need to find the set of objects that match each description and then combine them.
1. Find the set of small brown objects: scene --> filter_size_small --> filter_color_brown
2. Find the set of tiny shiny objects. Since ""tiny"" means small and ""shiny"" means metal, we can translate this to: scene --> filter_size_small --> filter_material_metal
3. Find the cylinders among these two sets: result from step 1 --> filter_shape_cylinder; result from step 2 --> filter_shape_cylinder
4. Combine the two sets of cylinders: result from step 3 (from step 1) --> OR --> result from step 3 (from step 2)
5. Count the number of cylinders: result from step 4 --> count

```mermaid
graph LR
    1[""scene""] --> 2[""filter_size_small""]
    2 --> 3[""filter_color_brown""]
    3 --> 4[""filter_shape_cylinder""]
    1 --> 5[""filter_size_small""]
    5 --> 6[""filter_material_metal""]
    6 --> 7[""filter_shape_cylinder""]
    4 --> 8[""OR""]
    7 --> 8
    8 --> 9[""count""]
```"
215,"This question asks whether there are fewer big red rubber balls compared to large objects. To answer this question, we need to first find the number of big red rubber balls and the number of large objects then compare them.
1. Find the set of big red rubber balls: scene --> filter_size_large --> filter_color_red --> filter_material_rubber --> filter_shape_sphere
2. Count their number: result from step 1 --> count
3. Find the set of large objects: scene --> filter_size_large
4. Count their number: result from step 3 --> count
5. Compare the two numbers: result from step 2 is less_than result from step 3

```mermaid
graph LR
    1[""scene""] --> 2[""filter_size_large""]
    2 --> 3[""filter_color_red""]
    3 --> 4[""filter_material_rubber""]
    4 --> 5[""filter_shape_sphere""]
    5 --> 6[""count""]
    1 --> 7[""filter_size_large""]
    7 --> 8[""count""]
    6 --> 9[""less_than""]
    8 --> 9
```"
216,"This question asks whether there is a big gray block that has the same material as the big blue thing. To answer this question, we need to:
1. Find the big blue object. We expect it to be unique: scene --> filter_color_blue --> filter_size_large --> unique
2. Find the material of this big blue object: result from step 1 --> query_material
3. Find the big gray block: scene --> filter_color_gray --> filter_size_large --> filter_material_(result from step 2)
4. Check if the result is not empty: result from step 3 --> exist

```mermaid
graph LR
    1[""scene""] --> 2[""filter_color_blue""]
    2 --> 3[""filter_size_large""]
    3 --> 4[""unique""]
    4 --> 5[""query_material""]
    1 --> 6[""filter_color_gray""]
    6 --> 7[""filter_size_large""]
    7 --> 8[""filter_material""]
    5 --> 8
    8 --> 9[""exist""]
```"
217,"This question asks whether there is any other object that has the same material as the brown cylinder. To answer this question, we need to:
1. Find the brown cylinder. We expect it to be unique: scene --> filter_color_brown --> filter_shape_cylinder --> unique
2. Find all objects with the same material as this brown cylinder, excluding the brown cylinder itself: result from step 1 --> same_material
3. Check if the set is not empty: result from step 2 --> exist

```mermaid
graph LR
    1[""scene""] --> 2[""filter_color_brown""]
    2 --> 3[""filter_shape_cylinder""]
    3 --> 4[""unique""]
    4 --> 5[""same_material""]
    5 --> 6[""exist""]
```"
218,"This question asks whether there are the same number of yellow metallic spheres that are on the left side of the small matte ball and large green blocks. To answer this question, we need to:
1. Find the set of small matte balls and large green blocks. We expect them to be unique: scene --> filter_size_small --> filter_material_rubber --> unique; scene --> filter_size_large --> filter_color_green --> unique
2. Find the yellow metallic spheres on the left side of the small matte ball and the large green blocks: result from step 1 --> relate_left; filter_color_yellow --> filter_material_metal --> filter_shape_sphere; AND the two results for each object in step 1
3. Count the number of yellow metallic spheres for each object in step 1: result from step 2 for each object in step 1 --> count
4. Compare the two counts: result from step 3 for small matte ball is equal_integer result from step 3 for large green blocks

```mermaid
graph LR
    1[""scene""] --> 2[""filter_size_small""]
    2 --> 3[""filter_material_rubber""]
    3 --> 4[""unique""]
    1 --> 5[""filter_size_large""]
    5 --> 6[""filter_color_green""]
    6 --> 7[""unique""]
    4 --> 8[""relate_left""]
    7 --> 9[""relate_left""]
    1 --> 10[""filter_color_yellow""]
    10 --> 11[""filter_material_metal""]
    11 --> 12[""filter_shape_sphere""]
    8 --> 13[""AND""]
    12 --> 13
    9 --> 14[""AND""]
    12 --> 14
    13 --> 15[""count""]
    14 --> 16[""count""]
    15 --> 17[""equal_integer""]
    16 --> 17
```"
219,"This question asks whether there is a cyan object made of the same material as the ball. To answer this question, we need to first find the ball and then identify its material, then check if there is a cyan object with the same material.
1. Find the ball. We expect it to be unique: scene --> filter_shape_sphere --> unique
2. Find the material of the ball: result from step 1 --> query_material
3. Find all cyan objects: scene --> filter_color_cyan
4. Filter the cyan objects to only those made of the same material as the ball: result from step 3 --> filter_material_<material from step 2>
5. Check if there is at least one object in the resulting set: result from step 4 --> exist

```mermaid
graph LR
    1[""scene""] --> 2[""filter_shape_sphere""]
    2 --> 3[""unique""]
    3 --> 4[""query_material""]
    1 --> 5[""filter_color_cyan""]
    5 --> 6[""filter_material_"" + 4]
    6 --> 7[""exist""]
```"
220,"This question asks about the material of the object that has the same color as the tiny rubber sphere. To answer this question, we need to:
1. Find the tiny rubber sphere. We expect it to be unique: scene --> filter_size_small --> filter_material_rubber --> filter_shape_sphere --> unique
2. Find all objects with the same color as this tiny rubber sphere: result from step 1 --> same_color
3. Query the material of one of these objects. We expect it to be unique: result from step 2 --> unique --> query_material

```mermaid
graph LR
    1[""scene""] --> 2[""filter_size_small""]
    2 --> 3[""filter_material_rubber""]
    3 --> 4[""filter_shape_sphere""]
    4 --> 5[""unique""]
    5 --> 6[""same_color""]
    6 --> 7[""unique""]
    7 --> 8[""query_material""]
```"
221,"This question asks about the color of a small, matte object that has the same shape as the cyan, matte object. To answer this question, we need to:
1. Find the cyan, matte object. We expect it to be unique: scene --> filter_color_cyan --> filter_material_metal --> unique
2. Find all objects with the same shape as this cyan, matte object: result from step 1 --> same_shape
3. Filter the results to only include small, matte objects: result from step 2 --> filter_size_small --> filter_material_metal
4. We expect there to be only one such object, so we use unique to get it: result from step 3 --> unique
5. Query the color of this object: result from step 4 --> query_color

```mermaid
graph LR
    1[""scene""] --> 2[""filter_color_cyan""]
    2 --> 3[""filter_material_metal""]
    3 --> 4[""unique""]
    4 --> 5[""same_shape""]
    5 --> 6[""filter_size_small""]
    6 --> 7[""filter_material_metal""]
    7 --> 8[""unique""]
    8 --> 9[""query_color""]
```"
222,"This question asks about the shape of the yellow thing. To answer this question, we need to first find the yellow object and then query its shape.
1. Find the yellow object. We expect it to be unique: scene --> filter_color_yellow --> unique
2. Query the shape of the yellow object: result from step 1 --> query_shape

```mermaid
graph LR
    1[""scene""] --> 2[""filter_color_yellow""]
    2 --> 3[""unique""]
    3 --> 4[""query_shape""]
```"
223,"This question asks about the size of the brown metal object that has the same shape as the large blue rubber object. To answer this question, we need to first find the large blue rubber object, then find the object with the same shape, and finally query its size.
1. Find the large blue rubber object. We expect it to be unique: scene --> filter_size_large --> filter_color_blue --> filter_material_rubber --> unique
2. Find the objects with the same shape as this object: result from step 1 --> same_shape
3. Find the brown metal object among them: result from step 2 --> filter_color_brown --> filter_material_metal --> unique
4. Query its size: result from step 3 --> query_size

```mermaid
graph LR
    1[""scene""] --> 2[""filter_size_large""]
    2 --> 3[""filter_color_blue""]
    3 --> 4[""filter_material_rubber""]
    4 --> 5[""unique""]
    5 --> 6[""same_shape""]
    6 --> 7[""filter_color_brown""]
    7 --> 8[""filter_material_metal""]
    8 --> 9[""unique""]
    9 --> 10[""query_size""]
```"
224,"This question asks about the size of the other yellow object that is the same shape as the shiny object. To answer this question, we need to:
1. Find the shiny object. Since shiny means metal, we expect it to be unique: scene --> filter_material_metal --> unique
2. Find all objects with the same shape as this shiny object: result from step 1 --> same_shape
3. Find the yellow objects among them: result from step 2 --> filter_color_yellow
4. Exclude the original shiny object, which is also yellow, by assuming the question is asking for the ""other"" yellow object. So we remove the original shiny object from the set: result from step 3 --> unique
5. Query the size of this object: result from step 4 --> query_size

```mermaid
graph LR
    1[""scene""] --> 2[""filter_material_metal""]
    2 --> 3[""unique""]
    3 --> 4[""same_shape""]
    4 --> 5[""filter_color_yellow""]
    5 --> 6[""unique""]
    6 --> 7[""query_size""]
```"
225,"This question asks the number of small red metal cylinders. To answer this question, we need to find the set of objects that match all these attributes and count them.
1. Find the set of small objects: scene --> filter_size_small
2. Find the set of red objects among them: result from step 1 --> filter_color_red
3. Find the set of metal objects among them: result from step 2 --> filter_material_metal
4. Find the set of cylinders among them: result from step 3 --> filter_shape_cylinder
5. Count their number: result from step 4 --> count

```mermaid
graph LR
    1[""scene""] --> 2[""filter_size_small""]
    2 --> 3[""filter_color_red""]
    3 --> 4[""filter_material_metal""]
    4 --> 5[""filter_shape_cylinder""]
    5 --> 6[""count""]
```"
226,"This question asks the number of gray rubber objects that have the same shape as the large gray shiny (metal) object. To answer this question, we need to first find the large gray metal object and then identify all gray rubber objects with the same shape as it.
1. Find the large gray metal object. We expect it to be unique: scene --> filter_size_large --> filter_color_gray --> filter_material_metal --> unique
2. Find all objects with the same shape as this large gray metal object: result from step 1 --> same_shape
3. Filter the result to only include gray rubber objects: result from step 2 --> filter_color_gray --> filter_material_rubber
4. Count its number: result from step 3 --> count

```mermaid
graph LR
    1[""scene""] --> 2[""filter_size_large""]
    2 --> 3[""filter_color_gray""]
    3 --> 4[""filter_material_metal""]
    4 --> 5[""unique""]
    5 --> 6[""same_shape""]
    6 --> 7[""filter_color_gray""]
    7 --> 8[""filter_material_rubber""]
    8 --> 9[""count""]
```"
227,"This question asks the number of other objects with the same shape as the small cyan rubber object. To answer this question, we first need to find the small cyan rubber object and then identify all other objects with the same shape as it.
1. Find the small cyan rubber object. We expect it to be unique: scene --> filter_size_small --> filter_color_cyan --> filter_material_rubber --> unique
2. Find all other objects with the same shape as this object: result from step 1 --> same_shape
3. Count its number: result from step 2 --> count

```mermaid
graph LR
    1[""scene""] --> 2[""filter_size_small""]
    2 --> 3[""filter_color_cyan""]
    3 --> 4[""filter_material_rubber""]
    4 --> 5[""unique""]
    5 --> 6[""same_shape""]
    6 --> 7[""count""]
```"
228,"This question asks the number of big objects that are either red matte things or rubber cylinders. To answer this question, we need to first find the set of big objects that are red matte things and the set of big objects that are rubber cylinders, then combine them and count their number.
1. Find the set of big objects that are red matte things: scene --> filter_size_large --> filter_color_red --> filter_material_metal
2. Find the set of big objects that are rubber cylinders: scene --> filter_size_large --> filter_material_rubber --> filter_shape_cylinder
3. Combine the two sets: result from step 1 and result from step 2 --> OR
4. Count the number of objects in the combined set: result from step 3 --> count

```mermaid
graph LR
    1[""scene""] --> 2[""filter_size_large""]
    2 --> 3[""filter_color_red""]
    3 --> 4[""filter_material_metal""]
    2 --> 5[""filter_material_rubber""]
    5 --> 6[""filter_shape_cylinder""]
    4 --> 7[""OR""]
    6 --> 7
    7 --> 8[""count""]
```"
229,"This question asks the number of other objects with the same size as the cylinder. To answer this question, we first need to find a cylinder and then identify all other objects with the same size as it.
1. Find a cylinder. We expect it to be unique: scene --> filter_shape_cylinder --> unique
2. Find all objects with the same size as this cylinder, excluding the cylinder itself: result from step 1 --> same_size
3. Count its number: result from step 2 --> count

```mermaid
graph LR
    1[""scene""] --> 2[""filter_shape_cylinder""]
    2 --> 3[""unique""]
    3 --> 4[""same_size""]
    4 --> 5[""count""]
```"
230,"This question asks whether there are fewer small cubes that are left of the tiny cylinder compared to large gray rubber things. To answer this question, we need to:
1. Find the tiny cylinder. We expect it to be unique: scene --> filter_size_small --> filter_shape_cylinder --> unique
2. Find the small cubes that are left of the tiny cylinder: result from step 1 --> relate_left --> filter_size_small --> filter_shape_cube
3. Find the large gray rubber things: scene --> filter_size_large --> filter_color_gray --> filter_material_rubber
4. Compare the number of small cubes that are left of the tiny cylinder with the number of large gray rubber things: count(result from step 2) is less_than count(result from step 3)

```mermaid
graph LR
    1[""scene""] --> 2[""filter_size_small""]
    2 --> 3[""filter_shape_cylinder""]
    3 --> 4[""unique""]
    4 --> 5[""relate_left""]
    5 --> 6[""filter_size_small""]
    6 --> 7[""filter_shape_cube""]
    1 --> 8[""filter_size_large""]
    8 --> 9[""filter_color_gray""]
    9 --> 10[""filter_material_rubber""]
    7 --> 11[""count""]
    10 --> 12[""count""]
    11 --> 13[""less_than""]
    12 --> 13
```"
231,"This question asks whether there are any tiny matte objects behind the tiny brown metallic object. To answer this question, we first need to find the tiny brown metallic object and then identify all tiny matte objects behind it.
1. Find the tiny brown metallic object. We expect it to be unique: scene --> filter_size_small --> filter_color_brown --> filter_material_metal --> unique
2. Find all objects behind this tiny brown metallic object: result from step 1 --> relate_behind
3. Find the tiny matte objects among them: result from step 2 --> filter_size_small --> filter_material_rubber

```mermaid
graph LR
    1[""scene""] --> 2[""filter_size_small""]
    2 --> 3[""filter_color_brown""]
    3 --> 4[""filter_material_metal""]
    4 --> 5[""unique""]
    5 --> 6[""relate_behind""]
    6 --> 7[""filter_size_small""]
    7 --> 8[""filter_material_rubber""]
    8 --> 9[""exist""]
```"
232,"This question asks whether there are any cyan metallic objects that have the same shape as the big yellow shiny object. To answer this question, we first need to find the big yellow shiny object and then identify all cyan metallic objects with the same shape as it.
1. Find the big yellow shiny object. We expect it to be unique: scene --> filter_size_large --> filter_color_yellow --> filter_material_metal --> unique
2. Find all objects with the same shape as this big yellow shiny object: result from step 1 --> same_shape
3. Filter the objects to only include cyan metallic ones: result from step 2 --> filter_color_cyan --> filter_material_metal
4. Check if there are any objects left: result from step 3 --> exist

```mermaid
graph LR
    1[""scene""] --> 2[""filter_size_large""]
    2 --> 3[""filter_color_yellow""]
    3 --> 4[""filter_material_metal""]
    4 --> 5[""unique""]
    5 --> 6[""same_shape""]
    6 --> 7[""filter_color_cyan""]
    7 --> 8[""filter_material_metal""]
    8 --> 9[""exist""]
```"
233,"This question asks whether there are any purple rubber cubes in front of the purple matte thing. To answer this question, we need to first find the purple matte thing and then identify all purple rubber cubes in front of it.
1. Find the purple matte thing. We expect it to be unique: scene --> filter_color_purple --> filter_material_metal --> unique
2. Find all objects in front of this purple matte thing: result from step 1 --> relate_in_front
3. Find all purple rubber cubes among these objects: result from step 2 --> filter_color_purple --> filter_material_rubber --> filter_shape_cube
4. Check if there are any such objects: result from step 3 --> exist

```mermaid
graph LR
    1[""scene""] --> 2[""filter_color_purple""]
    2 --> 3[""filter_material_metal""]
    3 --> 4[""unique""]
    4 --> 5[""relate_in_front""]
    5 --> 6[""filter_color_purple""]
    6 --> 7[""filter_material_rubber""]
    7 --> 8[""filter_shape_cube""]
    8 --> 9[""exist""]
```"
234,"This question asks whether the thing in front of the big object has the same shape as the gray rubber object. To answer this question, we need to:
1. Find the big object. We expect it to be unique: scene --> filter_size_large --> unique
2. Find the object in front of the big object: result from step 1 --> relate_in_front --> unique
3. Find the gray rubber object. We expect it to be unique: scene --> filter_color_gray --> filter_material_rubber --> unique
4. Compare the shape of the two objects: result from step 2 and result from step 3 --> equal_shape

```mermaid
graph LR
    1[""scene""] --> 2[""filter_size_large""]
    2 --> 3[""unique""]
    3 --> 4[""relate_in_front""]
    4 --> 5[""unique""]
    1 --> 6[""filter_color_gray""]
    6 --> 7[""filter_material_rubber""]
    7 --> 8[""unique""]
    5 --> 9[""equal_shape""]
    8 --> 9
```"
235,"This question asks about the color of the big object that is both to the right of the big purple cylinder and in front of the big green cylinder. To answer this question, we need to:
1. Find the big purple cylinder and the big green cylinder. We expect them to be unique: scene --> filter_size_large --> filter_color_purple --> unique and scene --> filter_size_large --> filter_color_green --> unique
2. Find the objects to the right of the big purple cylinder and in front of the big green cylinder: result from step 1 (purple) --> relate_right; result from step 1 (green) --> relate_in_front
3. Find the intersection of the two sets of objects: result from step 2 (purple) --> AND --> result from step 2 (green)
4. Find the big object among them. We expect it to be unique: result from step 3 --> filter_size_large --> unique
5. Query its color: result from step 4 --> query_color

```mermaid
graph LR
    1[""scene""] --> 2[""filter_size_large""]
    2 --> 3[""filter_color_purple""]
    3 --> 4[""unique""]
    2 --> 5[""filter_color_green""]
    5 --> 6[""unique""]
    4 --> 7[""relate_right""]
    6 --> 8[""relate_in_front""]
    7 --> 9[""AND""]
    8 --> 9
    9 --> 10[""filter_size_large""]
    10 --> 11[""unique""]
    11 --> 12[""query_color""]
```"
236,"This question asks about the size of the cyan shiny thing behind the metal thing that is in front of the small cylinder. To answer this question, we need to:
1. Find the small cylinder. We expect it to be unique: scene --> filter_size_small --> filter_shape_cylinder --> unique
2. Find the metal thing in front of the small cylinder: result from step 1 --> relate_in_front --> filter_material_metal --> unique
3. Find the cyan shiny thing behind the metal thing: result from step 2 --> relate_behind --> filter_color_cyan --> filter_material_metal --> unique
4. Query the size of the cyan shiny thing: result from step 3 --> query_size

```mermaid
graph LR
    1[""scene""] --> 2[""filter_size_small""]
    2 --> 3[""filter_shape_cylinder""]
    3 --> 4[""unique""]
    4 --> 5[""relate_in_front""]
    5 --> 6[""filter_material_metal""]
    6 --> 7[""unique""]
    7 --> 8[""relate_behind""]
    8 --> 9[""filter_color_cyan""]
    9 --> 10[""filter_material_metal""]
    10 --> 11[""unique""]
    11 --> 12[""query_size""]
```"
237,"This question is asking about the color of a specific object that matches a complex description. To answer this question, we need to break down the description and find the object step by step.
1. Find the red rubber object: scene --> filter_color_red --> filter_material_rubber --> unique
2. Find the tiny cyan block behind it: result from step 1 --> relate_behind --> filter_color_cyan --> filter_size_small --> unique
3. Find the small cyan matte thing in front of it: result from step 2 --> relate_in_front --> filter_color_cyan --> filter_size_small --> filter_material_metal --> unique
4. Find the tiny rubber cube behind it: result from step 3 --> relate_behind --> filter_size_small --> filter_material_rubber --> filter_shape_cube --> unique
5. Query the color of this cube: result from step 4 --> query_color

```mermaid
graph LR
    1[""scene""] --> 2[""filter_color_red""]
    2 --> 3[""filter_material_rubber""]
    3 --> 4[""unique""]
    4 --> 5[""relate_behind""]
    5 --> 6[""filter_color_cyan""]
    6 --> 7[""filter_size_small""]
    7 --> 8[""unique""]
    8 --> 9[""relate_in_front""]
    9 --> 10[""filter_color_cyan""]
    10 --> 11[""filter_size_small""]
    11 --> 12[""filter_material_metal""]
    12 --> 13[""unique""]
    13 --> 14[""relate_behind""]
    14 --> 15[""filter_size_small""]
    15 --> 16[""filter_material_rubber""]
    16 --> 17[""filter_shape_cube""]
    17 --> 18[""unique""]
    18 --> 19[""query_color""]
```"
238,"This question asks about the size of the block in front of the tiny red rubber thing. To answer this question, we need to:
1. Find the tiny red rubber thing. We expect it to be unique: scene --> filter_size_small --> filter_color_red --> filter_material_rubber --> unique
2. Find the block in front of it: result from step 1 --> relate_in_front --> filter_shape_cube
3. Query its size: result from step 2 --> query_size

```mermaid
graph LR
    1[""scene""] --> 2[""filter_size_small""]
    2 --> 3[""filter_color_red""]
    3 --> 4[""filter_material_rubber""]
    4 --> 5[""unique""]
    5 --> 6[""relate_in_front""]
    6 --> 7[""filter_shape_cube""]
    7 --> 8[""query_size""]
```"
239,"This question asks about the size of the green metallic object. To answer this question, we need to:
1. Find the green metallic object. We expect it to be unique: scene --> filter_color_green --> filter_material_metal --> unique
2. Query its size: result from step 1 --> query_size

```mermaid
graph LR
    1[""scene""] --> 2[""filter_color_green""]
    2 --> 3[""filter_material_metal""]
    3 --> 4[""unique""]
    4 --> 5[""query_size""]
```"
240,"This question asks the number of objects that are either cyan things or spheres on the left side of the brown sphere. To answer this question, we need to:
1. Find the brown sphere. We expect it to be unique: scene --> filter_color_brown --> filter_shape_sphere --> unique
2. Find the objects on the left side of the brown sphere: result from step 1 --> relate_left
3. Find the cyan objects and the spheres among these objects: result from step 2 --> OR (filter_color_cyan, filter_shape_sphere)
4. Count the number of objects: result from step 3 --> count

```mermaid
graph LR
    1[""scene""] --> 2[""filter_color_brown""]
    2 --> 3[""filter_shape_sphere""]
    3 --> 4[""unique""]
    4 --> 5[""relate_left""]
    5 --> 6[""filter_color_cyan""]
    5 --> 7[""filter_shape_sphere""]
    6 --> 8[""OR""]
    7 --> 8
    8 --> 9[""count""]
```"
241,"This question asks about the number of cylinders that are either green or brown in material (matte means material). To answer this question, we need to:
1. Find the set of green objects: scene --> filter_color_green
2. Find the set of brown objects: scene --> filter_color_brown
3. Find the set of cylinders that are either green or brown: OR result from step 1 and result from step 2 --> filter_shape_cylinder
4. Count the number of cylinders: result from step 3 --> count

```mermaid
graph LR
    1[""scene""] --> 2[""filter_color_green""]
    1 --> 3[""filter_color_brown""]
    2 --> 4[""OR""]
    3 --> 4
    4 --> 5[""filter_shape_cylinder""]
    5 --> 6[""count""]
```"
242,"This question asks the number of cyan objects that are either small blocks or matte cylinders. To answer this question, we need to first find the set of cyan objects, then filter them to get the small blocks and matte cylinders, and finally count their number.
1. Find the set of cyan objects: scene --> filter_color_cyan
2. Filter the cyan objects to get the small blocks (i.e., small cubes): result from step 1 --> filter_size_small --> filter_shape_cube
3. Filter the cyan objects to get the matte cylinders (i.e., metal cylinders): result from step 1 --> filter_material_metal --> filter_shape_cylinder
4. Combine the two sets of objects: result from step 2 --> OR --> result from step 3
5. Count the number of objects: result from step 4 --> count

```mermaid
graph LR
    1[""scene""] --> 2[""filter_color_cyan""]
    2 --> 3[""filter_size_small""]
    3 --> 4[""filter_shape_cube""]
    2 --> 5[""filter_material_metal""]
    5 --> 6[""filter_shape_cylinder""]
    4 --> 7[""OR""]
    6 --> 7
    7 --> 8[""count""]
```"
243,"This question asks the number of big red matte balls. To answer this question, we need to find all objects that match this description.
1. Find all big objects: scene --> filter_size_large
2. Find all red objects among them: result from step 1 --> filter_color_red
3. Find all matte objects among them: result from step 2 --> filter_material_rubber
4. Find all balls among them: result from step 3 --> filter_shape_sphere
5. Count their number: result from step 4 --> count

```mermaid
graph LR
    1[""scene""] --> 2[""filter_size_large""]
    2 --> 3[""filter_color_red""]
    3 --> 4[""filter_material_rubber""]
    4 --> 5[""filter_shape_sphere""]
    5 --> 6[""count""]
```"
244,"This question asks about the number of cubes that are to the right of the large yellow shiny cylinder and in front of the brown rubber cube. To answer this question, we need to:
1. Find the large yellow shiny cylinder. We expect it to be unique: scene --> filter_size_large --> filter_color_yellow --> filter_material_metal --> filter_shape_cylinder --> unique
2. Find the brown rubber cube. We expect it to be unique: scene --> filter_color_brown --> filter_material_rubber --> filter_shape_cube --> unique
3. Find the objects to the right of the large yellow shiny cylinder: result from step 1 --> relate_right
4. Find the objects in front of the brown rubber cube: result from step 2 --> relate_in_front
5. Find the intersection of the two sets of objects: result from step 3 AND result from step 4
6. Filter the cubes from this intersection: result from step 5 --> filter_shape_cube
7. Count the number of cubes: result from step 6 --> count

```mermaid
graph LR
    1[""scene""] --> 2[""filter_size_large""]
    2 --> 3[""filter_color_yellow""]
    3 --> 4[""filter_material_metal""]
    4 --> 5[""filter_shape_cylinder""]
    5 --> 6[""unique""]
    1 --> 7[""filter_color_brown""]
    7 --> 8[""filter_material_rubber""]
    8 --> 9[""filter_shape_cube""]
    9 --> 10[""unique""]
    6 --> 11[""relate_right""]
    10 --> 12[""relate_in_front""]
    11 --> 13[""And""]
    12 --> 13
    13 --> 14[""filter_shape_cube""]
    14 --> 15[""count""]
```"
245,"This question asks whether the red matte ball and the brown shiny cylinder have the same size. To answer this question, we first need to find these two objects and then compare their sizes.
1. Find the red matte ball. We expect it to be unique: scene --> filter_color_red --> filter_material_rubber --> filter_shape_sphere --> unique
2. Find the brown shiny cylinder. We expect it to be unique: scene --> filter_color_brown --> filter_material_metal --> filter_shape_cylinder --> unique
3. Compare their sizes: result from step 1 and result from step 2 --> equal_size

```mermaid
graph LR
    1[""scene""] --> 2[""filter_color_red""]
    2 --> 3[""filter_material_rubber""]
    3 --> 4[""filter_shape_sphere""]
    4 --> 5[""unique""]
    1 --> 6[""filter_color_brown""]
    6 --> 7[""filter_material_metal""]
    7 --> 8[""filter_shape_cylinder""]
    8 --> 9[""unique""]
    5 --> 10[""equal_size""]
    9 --> 10
```"
246,"This question asks whether the number of large blue metal balls on the right side of the purple thing is the same as the number of gray rubber cubes to the right of the blue object. To answer this question, we need to first find the two sets of objects and then compare their counts.
1. Find the set of large blue metal balls on the right side of the purple thing:
   a. Find the purple thing: scene --> filter_color_purple --> unique
   b. Find the objects on the right of the purple thing: result from step 1a --> relate_right
   c. Filter the large blue metal balls: result from step 1b --> filter_size_large --> filter_color_blue --> filter_material_metal --> filter_shape_sphere
2. Find the set of gray rubber cubes to the right of the blue object:
   a. Find the blue object: scene --> filter_color_blue --> unique
   b. Find the objects on the right of the blue object: result from step 2a --> relate_right
   c. Filter the gray rubber cubes: result from step 2b --> filter_color_gray --> filter_material_rubber --> filter_shape_cube
3. Compare the counts of the two sets: result from step 1c --> count; result from step 2c --> count; equal_integer

```mermaid
graph LR
    1[""scene""] --> 2[""filter_color_purple""]
    2 --> 3[""unique""]
    3 --> 4[""relate_right""]
    4 --> 5[""filter_size_large""]
    5 --> 6[""filter_color_blue""]
    6 --> 7[""filter_material_metal""]
    7 --> 8[""filter_shape_sphere""]
    8 --> 9[""count""]
    1 --> 10[""filter_color_blue""]
    10 --> 11[""unique""]
    11 --> 12[""relate_right""]
    12 --> 13[""filter_color_gray""]
    13 --> 14[""filter_material_rubber""]
    14 --> 15[""filter_shape_cube""]
    15 --> 16[""count""]
    9 --> 17[""equal_integer""]
    16 --> 17
```"
247,"This question asks whether the rubber object behind the gray matte block has the same shape as the gray rubber thing. To answer this question, we need to:
1. Find the gray matte block. We expect it to be unique: scene --> filter_color_gray --> filter_material_metal --> unique
2. Find the rubber object behind the gray matte block: result from step 1 --> relate_behind --> filter_material_rubber --> unique
3. Find the gray rubber thing. We expect it to be unique: scene --> filter_color_gray --> filter_material_rubber --> unique
4. Compare the shape of the two objects: result from step 2 and result from step 3 --> equal_shape

```mermaid
graph LR
    1[""scene""] --> 2[""filter_color_gray""]
    2 --> 3[""filter_material_metal""]
    3 --> 4[""unique""]
    4 --> 5[""relate_behind""]
    5 --> 6[""filter_material_rubber""]
    6 --> 7[""unique""]
    1 --> 8[""filter_color_gray""]
    8 --> 9[""filter_material_rubber""]
    9 --> 10[""unique""]
    7 --> 11[""equal_shape""]
    10 --> 11
```"
248,"This question asks whether there is any other object that has the same size as the green cylinder. To answer this question, we first need to find the green cylinder and then identify all objects with the same size as it, excluding the green cylinder itself.
1. Find the green cylinder. We expect it to be unique: scene --> filter_color_green --> filter_shape_cylinder --> unique
2. Find all objects with the same size as this green cylinder: result from step 1 --> same_size
3. Check if there is any object in the result set: result from step 2 --> exist

```mermaid
graph LR
    1[""scene""] --> 2[""filter_color_green""]
    2 --> 3[""filter_shape_cylinder""]
    3 --> 4[""unique""]
    4 --> 5[""same_size""]
    5 --> 6[""exist""]
```"
249,"This question asks whether there is a gray shiny object of the same shape as the large cyan rubber thing. To answer this question, we need to first find the large cyan rubber thing, then find all objects with the same shape, and finally check if there is a gray shiny object among them.
1. Find the large cyan rubber thing. We expect it to be unique: scene --> filter_size_large --> filter_color_cyan --> filter_material_rubber --> unique
2. Find all objects with the same shape as this large cyan rubber thing: result from step 1 --> same_shape
3. Check if there is a gray shiny object among them: result from step 2 --> filter_color_gray --> filter_material_metal --> exist

```mermaid
graph LR
    1[""scene""] --> 2[""filter_size_large""]
    2 --> 3[""filter_color_cyan""]
    3 --> 4[""filter_material_rubber""]
    4 --> 5[""unique""]
    5 --> 6[""same_shape""]
    6 --> 7[""filter_color_gray""]
    7 --> 8[""filter_material_metal""]
    8 --> 9[""exist""]
```"
250,"This question asks about the size of the green metallic object that has the same shape as the large blue thing. To answer this question, we need to first find the large blue thing and then identify the green metallic object with the same shape as it.
1. Find the large blue object. We expect it to be unique: scene --> filter_color_blue --> filter_size_large --> unique
2. Find all objects with the same shape as this large blue object: result from step 1 --> same_shape
3. Find the green metallic object among them: result from step 2 --> filter_color_green --> filter_material_metal --> unique
4. Query its size: result from step 3 --> query_size

```mermaid
graph LR
    1[""scene""] --> 2[""filter_color_blue""]
    2 --> 3[""filter_size_large""]
    3 --> 4[""unique""]
    4 --> 5[""same_shape""]
    5 --> 6[""filter_color_green""]
    6 --> 7[""filter_material_metal""]
    7 --> 8[""unique""]
    8 --> 9[""query_size""]
```"
251,"This question asks about the shape of the red rubber object to the right of the big rubber block. To answer this question, we need to:
1. Find the big rubber block. We expect it to be unique: scene --> filter_size_large --> filter_material_rubber --> unique
2. Find the objects to the right of this block: result from step 1 --> relate_right
3. Filter the red rubber objects among them: result from step 2 --> filter_color_red --> filter_material_rubber --> unique
4. Query the shape of this object: result from step 3 --> query_shape

```mermaid
graph LR
    1[""scene""] --> 2[""filter_size_large""]
    2 --> 3[""filter_material_rubber""]
    3 --> 4[""unique""]
    4 --> 5[""relate_right""]
    5 --> 6[""filter_color_red""]
    6 --> 7[""filter_material_rubber""]
    7 --> 8[""unique""]
    8 --> 9[""query_shape""]
```"
252,"This question asks about the shape of the cyan object. To answer this question, we need to:
1. Find the cyan object. We expect it to be unique: scene --> filter_color_cyan --> unique
2. Query its shape: result from step 1 --> query_shape

```mermaid
graph LR
    1[""scene""] --> 2[""filter_color_cyan""]
    2 --> 3[""unique""]
    3 --> 4[""query_shape""]
```"
253,"This question asks about the material of the yellow object behind the small gray rubber thing, which is itself behind the big metal block. To answer this question, we need to:
1. Find the big metal block. We expect it to be unique: scene --> filter_material_metal --> filter_size_large --> unique
2. Find the small gray rubber thing behind the big metal block: result from step 1 --> relate_behind --> filter_size_small --> filter_color_gray --> filter_material_rubber --> unique
3. Find the yellow object behind the small gray rubber thing: result from step 2 --> relate_behind --> filter_color_yellow --> unique
4. Query the material of this yellow object: result from step 3 --> query_material

```mermaid
graph LR
    1[""scene""] --> 2[""filter_material_metal""]
    2 --> 3[""filter_size_large""]
    3 --> 4[""unique""]
    4 --> 5[""relate_behind""]
    5 --> 6[""filter_size_small""]
    6 --> 7[""filter_color_gray""]
    7 --> 8[""filter_material_rubber""]
    8 --> 9[""unique""]
    9 --> 10[""relate_behind""]
    10 --> 11[""filter_color_yellow""]
    11 --> 12[""unique""]
    12 --> 13[""query_material""]
```"
254,"This question asks about the material of a specific object. To answer this question, we need to identify the object first.
1. Find the large brown object. We expect it to be unique: scene --> filter_size_large --> filter_color_brown --> unique
2. Find the shiny object behind the large brown object: result from step 1 --> relate_behind --> filter_material_metal --> unique
3. Find the big object in front of the shiny object: result from step 2 --> relate_in_front --> filter_size_large --> unique
4. Query the material of this object: result from step 3 --> query_material

```mermaid
graph LR
    1[""scene""] --> 2[""filter_size_large""]
    2 --> 3[""filter_color_brown""]
    3 --> 4[""unique""]
    4 --> 5[""relate_behind""]
    5 --> 6[""filter_material_metal""]
    6 --> 7[""unique""]
    7 --> 8[""relate_in_front""]
    8 --> 9[""filter_size_large""]
    9 --> 10[""unique""]
    10 --> 11[""query_material""]
```"
255,"This question asks the number of big red rubber things that have the same shape as the large yellow thing. To answer this question, we first need to find the large yellow thing and then identify all big red rubber things with the same shape as it.
1. Find the large yellow thing. We expect it to be unique: scene --> filter_color_yellow --> filter_size_large --> unique
2. Find all objects with the same shape as this large yellow thing: result from step 1 --> same_shape
3. Filter the objects to only include big red rubber things: result from step 2 --> filter_size_large --> filter_color_red --> filter_material_rubber
4. Count its number: result from step 3 --> count

```mermaid
graph LR
    1[""scene""] --> 2[""filter_color_yellow""]
    2 --> 3[""filter_size_large""]
    3 --> 4[""unique""]
    4 --> 5[""same_shape""]
    5 --> 6[""filter_size_large""]
    6 --> 7[""filter_color_red""]
    7 --> 8[""filter_material_rubber""]
    8 --> 9[""count""]
```"
256,"This question asks about the number of big blue things that are made of the same material as the large green thing. To answer this question, we need to:
1. Find the large green thing. We expect it to be unique: scene --> filter_size_large --> filter_color_green --> unique
2. Identify its material: result from step 1 --> query_material
3. Find the big blue things that are made of this material: scene --> filter_size_large --> filter_color_blue --> filter_material_<result from step 2>
4. Count their number: result from step 3 --> count

```mermaid
graph LR
    1[""scene""] --> 2[""filter_size_large""]
    2 --> 3[""filter_color_green""]
    3 --> 4[""unique""]
    4 --> 5[""query_material""]
    1 --> 6[""filter_size_large""]
    6 --> 7[""filter_color_blue""]
    7 --> 8[""filter_material_""]
    5 --> 8
    8 --> 9[""count""]
```"
257,"This question asks about the number of other objects with the same shape as the gray matte object. To answer this question, we first need to find the gray matte object and then identify all objects with the same shape as it.
1. Find the gray matte object. We expect it to be unique: scene --> filter_color_gray --> filter_material_metal --> unique
2. Find all objects with the same shape as this gray matte object: result from step 1 --> same_shape
3. Count its number: result from step 2 --> count

```mermaid
graph LR
    1[""scene""] --> 2[""filter_color_gray""]
    2 --> 3[""filter_material_metal""]
    3 --> 4[""unique""]
    4 --> 5[""same_shape""]
    5 --> 6[""count""]
```"
258,"This question asks the number of shiny spheres that are the same color as the big matte sphere. To answer this question, we need to first find the big matte sphere and then identify all shiny spheres with the same color as it.
1. Find the big matte sphere. We expect it to be unique: scene --> filter_size_large --> filter_material_rubber --> filter_shape_sphere --> unique
2. Find all objects with the same color as this big matte sphere: result from step 1 --> same_color
3. Filter the shiny spheres from the result of step 2: result from step 2 --> filter_material_metal --> filter_shape_sphere
4. Count its number: result from step 3 --> count

```mermaid
graph LR
    1[""scene""] --> 2[""filter_size_large""]
    2 --> 3[""filter_material_rubber""]
    3 --> 4[""filter_shape_sphere""]
    4 --> 5[""unique""]
    5 --> 6[""same_color""]
    6 --> 7[""filter_material_metal""]
    7 --> 8[""filter_shape_sphere""]
    8 --> 9[""count""]
```"
259,"This question asks the number of purple objects that are either tiny (small) or spheres. To answer this question, we need to find the set of purple objects that are small and the set of purple objects that are spheres, then combine them and count the total number.
1. Find the set of purple objects that are small: scene --> filter_color_purple --> filter_size_small
2. Find the set of purple objects that are spheres: scene --> filter_color_purple --> filter_shape_sphere
3. Combine the two sets: result from step 1 and step 2 --> OR
4. Count the number of objects in the combined set: result from step 3 --> count

```mermaid
graph LR
    1[""scene""] --> 2[""filter_color_purple""]
    2 --> 3[""filter_size_small""]
    2 --> 4[""filter_shape_sphere""]
    3 --> 5[""OR""]
    4 --> 5
    5 --> 6[""count""]
```"
260,"This question asks whether the cylinder on the right side of the large green cylinder has the same color as the tiny metallic cube. To answer this question, we need to first find the large green cylinder, then the cylinder on its right, and the tiny metallic cube, and finally compare their colors.
1. Find the large green cylinder. We expect it to be unique: scene --> filter_size_large --> filter_color_green --> filter_shape_cylinder --> unique
2. Find the cylinder on the right side of the large green cylinder: result from step 1 --> relate_right --> filter_shape_cylinder --> unique
3. Find the tiny metallic cube. We expect it to be unique: scene --> filter_size_small --> filter_material_metal --> filter_shape_cube --> unique
4. Compare the colors of the two objects: result from step 2 --> query_color; result from step 3 --> query_color; equal_color

```mermaid
graph LR
    1[""scene""] --> 2[""filter_size_large""]
    2 --> 3[""filter_color_green""]
    3 --> 4[""filter_shape_cylinder""]
    4 --> 5[""unique""]
    5 --> 6[""relate_right""]
    6 --> 7[""filter_shape_cylinder""]
    7 --> 8[""unique""]
    1 --> 9[""filter_size_small""]
    9 --> 10[""filter_material_metal""]
    10 --> 11[""filter_shape_cube""]
    11 --> 12[""unique""]
    8 --> 13[""query_color""]
    12 --> 14[""query_color""]
    13 --> 15[""equal_color""]
    14 --> 15
```"
261,"This question asks whether there are any purple metallic objects that have the same size as the cyan ball. To answer this question, we need to:
1. Find the cyan ball. We expect it to be unique: scene --> filter_color_cyan --> filter_shape_ball --> unique
2. Find all objects with the same size as this cyan ball: result from step 1 --> same_size
3. Filter the objects with the same size to find the purple metallic ones: result from step 2 --> filter_color_purple --> filter_material_metal
4. Check if there are any objects left: result from step 3 --> exist

```mermaid
graph LR
    1[""scene""] --> 2[""filter_color_cyan""]
    2 --> 3[""filter_shape_ball""]
    3 --> 4[""unique""]
    4 --> 5[""same_size""]
    5 --> 6[""filter_color_purple""]
    6 --> 7[""filter_material_metal""]
    7 --> 8[""exist""]
```"
262,"This question asks whether there are fewer metal things to the left of the ball compared to things in front of the small yellow matte cube. To answer this question, we need to first find the ball and the small yellow matte cube, then identify the sets of objects that are left of the ball and in front of the small yellow matte cube, and finally compare their numbers.
1. Find the ball. We expect it to be unique: scene --> filter_shape_sphere --> unique
2. Find the small yellow matte cube. We expect it to be unique: scene --> filter_size_small --> filter_color_yellow --> filter_material_rubber --> filter_shape_cube --> unique
3. Find metal things to the left of the ball: result from step 1 --> relate_left --> filter_material_metal
4. Find things in front of the small yellow matte cube: result from step 2 --> relate_in_front
5. Count the number of metal things to the left of the ball: result from step 3 --> count
6. Count the number of things in front of the small yellow matte cube: result from step 4 --> count
7. Compare the two numbers: result from step 5 is less_than result from step 6

```mermaid
graph LR
    1[""scene""] --> 2[""filter_shape_sphere""]
    2 --> 3[""unique""]
    3 --> 4[""relate_left""]
    4 --> 5[""filter_material_metal""]
    1 --> 6[""filter_size_small""]
    6 --> 7[""filter_color_yellow""]
    7 --> 8[""filter_material_rubber""]
    8 --> 9[""filter_shape_cube""]
    9 --> 10[""unique""]
    10 --> 11[""relate_in_front""]
    5 --> 12[""count""]
    11 --> 13[""count""]
    12 --> 14[""less_than""]
    13 --> 14
```"
263,"This question asks whether there are any big brown spheres in front of the green shiny object. To answer this question, we need to:
1. Find the green shiny object. We expect it to be unique: scene --> filter_color_green --> filter_material_metal --> unique
2. Identify the big brown spheres in front of this object: result from step 1 --> relate_in_front --> filter_color_brown --> filter_size_large --> filter_shape_sphere
3. Check if this set is not empty: result from step 2 --> exist

```mermaid
graph LR
    1[""scene""] --> 2[""filter_color_green""]
    2 --> 3[""filter_material_metal""]
    3 --> 4[""unique""]
    4 --> 5[""relate_in_front""]
    5 --> 6[""filter_color_brown""]
    6 --> 7[""filter_size_large""]
    7 --> 8[""filter_shape_sphere""]
    8 --> 9[""exist""]
```"
264,"This question asks whether there are any other objects that have the same size as the brown metallic object. To answer this question, we need to:
1. Find the brown metallic object. We expect it to be unique: scene --> filter_color_brown --> filter_material_metal --> unique
2. Find all objects with the same size as this brown metallic object: result from step 1 --> same_size
3. Check if there are any other objects: result from step 2 --> exist

```mermaid
graph LR
    1[""scene""] --> 2[""filter_color_brown""]
    2 --> 3[""filter_material_metal""]
    3 --> 4[""unique""]
    4 --> 5[""same_size""]
    5 --> 6[""exist""]
```"
265,"This question asks about the color of the other matte (rubber) object that is the same shape as the small cyan object. To answer this question, we need to:
1. Find the small cyan object. We expect it to be unique: scene --> filter_size_small --> filter_color_cyan --> unique
2. Identify the shape of this small cyan object: result from step 1 --> query_shape
3. Find all objects with the same shape: result from step 1 --> same_shape
4. Filter the objects with the same shape to only include rubber objects: result from step 3 --> filter_material_rubber
5. Exclude the small cyan object from the result: result from step 4 --> exclude the small cyan object (this can be done by finding the intersection of result from step 4 and the complement of the small cyan object, but since the small cyan object is unique, we can use the unique function to ensure the result is not the small cyan object itself) 
6. Query the color of the resulting object: result from step 5 --> query_color

However, the above steps cannot be directly translated into the available functions. We can simplify the steps by assuming the question is asking about the color of another object with the same shape as the small cyan object, and this object is made of rubber. Here is the simplified pipeline:

1. Find the small cyan object. We expect it to be unique: scene --> filter_size_small --> filter_color_cyan --> unique
2. Identify the shape of this small cyan object: result from step 1 --> query_shape
3. Find all rubber objects with the same shape: scene --> filter_material_rubber --> filter_shape_<shape from step 2>
4. Exclude the small cyan object from the result: result from step 3 --> exclude the small cyan object (this can be done by using the unique function to ensure the result is not the small cyan object itself, but since we are filtering by material, the result should already exclude the small cyan object)
5. Query the color of the resulting object: result from step 4 --> query_color

```mermaid
graph LR
    1[""scene""] --> 2[""filter_size_small""]
    2 --> 3[""filter_color_cyan""]
    3 --> 4[""unique""]
    4 --> 5[""query_shape""]
    1 --> 6[""filter_material_rubber""]
    6 --> 7[""filter_shape_<shape from 5>""]
    7 --> 8[""query_color""]
```"
266,"This question asks about the size of a shiny object that is on the right side of the small cyan shiny thing and behind the red thing. To answer this question, we need to:
1. Find the small cyan shiny thing. We expect it to be unique: scene --> filter_size_small --> filter_color_cyan --> filter_material_metal --> unique
2. Find the red thing. We expect it to be unique: scene --> filter_color_red --> unique
3. Identify the shiny object that is on the right side of the small cyan shiny thing and behind the red thing: result from step 1 --> relate_right; result from step 2 --> relate_behind; AND the two results; filter_material_metal
4. Query the size of this object: result from step 3 --> query_size

```mermaid
graph LR
    1[""scene""] --> 2[""filter_size_small""]
    2 --> 3[""filter_color_cyan""]
    3 --> 4[""filter_material_metal""]
    4 --> 5[""unique""]
    1 --> 6[""filter_color_red""]
    6 --> 7[""unique""]
    5 --> 8[""relate_right""]
    7 --> 9[""relate_behind""]
    8 --> 10[""And""]
    9 --> 10
    10 --> 11[""filter_material_metal""]
    11 --> 12[""query_size""]
```"
267,"This question asks about the size of the brown cube. To answer this question, we need to:
1. Find the brown cube. We expect it to be unique: scene --> filter_color_brown --> filter_shape_cube --> unique
2. Query its size: result from step 1 --> query_size

```mermaid
graph LR
    1[""scene""] --> 2[""filter_color_brown""]
    2 --> 3[""filter_shape_cube""]
    3 --> 4[""unique""]
    4 --> 5[""query_size""]
```"
268,"This question asks about the material of the tiny cylinder that is to the left of the red cylinder, which is to the right of the small purple object. To answer this question, we need to:
1. Find the small purple object. We expect it to be unique: scene --> filter_size_small --> filter_color_purple --> unique
2. Find the red cylinder to the right of this object: result from step 1 --> relate_right --> filter_color_red --> filter_shape_cylinder --> unique
3. Find the tiny cylinder to the left of this red cylinder: result from step 2 --> relate_left --> filter_size_small --> filter_shape_cylinder --> unique
4. Query the material of this tiny cylinder: result from step 3 --> query_material

```mermaid
graph LR
    1[""scene""] --> 2[""filter_size_small""]
    2 --> 3[""filter_color_purple""]
    3 --> 4[""unique""]
    4 --> 5[""relate_right""]
    5 --> 6[""filter_color_red""]
    6 --> 7[""filter_shape_cylinder""]
    7 --> 8[""unique""]
    8 --> 9[""relate_left""]
    9 --> 10[""filter_size_small""]
    10 --> 11[""filter_shape_cylinder""]
    11 --> 12[""unique""]
    12 --> 13[""query_material""]
```"
269,"This question asks about the color of the rubber object that is to the right of the large yellow sphere and to the left of the large cyan cube. To answer this question, we need to:
1. Find the large yellow sphere: scene --> filter_size_large --> filter_color_yellow --> unique
2. Find the large cyan cube: scene --> filter_size_large --> filter_color_cyan --> filter_shape_cube --> unique
3. Find the objects that are to the right of the large yellow sphere and to the left of the large cyan cube: result from step 1 --> relate_right; result from step 2 --> relate_left; AND the two results
4. Find the rubber object among these objects: result from step 3 --> filter_material_rubber --> unique
5. Query the color of this rubber object: result from step 4 --> query_color

```mermaid
graph LR
    1[""scene""] --> 2[""filter_size_large""]
    2 --> 3[""filter_color_yellow""]
    3 --> 4[""filter_shape_sphere""]
    4 --> 5[""unique""]
    5 --> 6[""relate_right""]
    2 --> 7[""filter_color_cyan""]
    7 --> 8[""filter_shape_cube""]
    8 --> 9[""unique""]
    9 --> 10[""relate_left""]
    6 --> 11[""AND""]
    10 --> 11
    11 --> 12[""filter_material_rubber""]
    12 --> 13[""unique""]
    13 --> 14[""query_color""]
```"
270,"This question asks about the number of small matte balls that have the same color as the rubber cube. To answer this question, we need to:
1. Find the rubber cube. We expect it to be unique: scene --> filter_material_rubber --> filter_shape_cube --> unique
2. Identify the color of the rubber cube: result from step 1 --> query_color
3. Find all objects with the same color as the rubber cube: scene --> filter_color_<color from step 2>
4. Filter out the small matte balls from the result in step 3: result from step 3 --> filter_size_small --> filter_material_metal --> filter_shape_sphere
5. Count the number of small matte balls: result from step 4 --> count

```mermaid
graph LR
    1[""scene""] --> 2[""filter_material_rubber""]
    2 --> 3[""filter_shape_cube""]
    3 --> 4[""unique""]
    4 --> 5[""query_color""]
    1 --> 6[""filter_color_<color from 5>""]
    6 --> 7[""filter_size_small""]
    7 --> 8[""filter_material_metal""]
    8 --> 9[""filter_shape_sphere""]
    9 --> 10[""count""]
```"
271,"This question asks the number of small red rubber objects that have the same shape as the green object. To answer this question, we need to:
1. Find the green object. We expect it to be unique: scene --> filter_color_green --> unique
2. Identify the shape of the green object: result from step 1 --> query_shape
3. Find all small red rubber objects with the same shape: scene --> filter_size_small --> filter_color_red --> filter_material_rubber --> filter_shape_<result from step 2>
4. Count the number of these objects: result from step 3 --> count

```mermaid
graph LR
    1[""scene""] --> 2[""filter_color_green""]
    2 --> 3[""unique""]
    3 --> 4[""query_shape""]
    1 --> 5[""filter_size_small""]
    5 --> 6[""filter_color_red""]
    6 --> 7[""filter_material_rubber""]
    7 --> 8[""filter_shape_<result from 4>""]
    8 --> 9[""count""]
```"
272,"This question asks the number of shiny objects that are either blue cylinders or tiny cyan things. To answer this question, we need to find the set of shiny objects, then find the set of blue cylinders and tiny cyan things, and finally count the total number of objects that meet these conditions.
1. Find the set of shiny objects. Since shiny is not a defined attribute, we assume it means metal: scene --> filter_material_metal
2. Find the set of blue cylinders: scene --> filter_color_blue --> filter_shape_cylinder
3. Find the set of tiny cyan things. Tiny means small: scene --> filter_color_cyan --> filter_size_small
4. Combine the set of blue cylinders and tiny cyan things: result from step 2 --> OR --> result from step 3
5. Find the intersection of shiny objects and the combined set from step 4: result from step 1 --> AND --> result from step 4
6. Count the number of objects: result from step 5 --> count

```mermaid
graph LR
    1[""scene""] --> 2[""filter_material_metal""]
    1 --> 3[""filter_color_blue""]
    3 --> 4[""filter_shape_cylinder""]
    1 --> 5[""filter_color_cyan""]
    5 --> 6[""filter_size_small""]
    4 --> 7[""OR""]
    6 --> 7
    2 --> 8[""AND""]
    7 --> 8
    8 --> 9[""count""]
```"
273,"This question asks the number of cyan metal objects. To answer this question, we need to find all objects that are both cyan and metal.
1. Find all cyan objects: scene --> filter_color_cyan
2. Find all metal objects: scene --> filter_material_metal
3. Find the intersection of cyan and metal objects: result from step 1 AND result from step 2
4. Count its number: result from step 3 --> count

```mermaid
graph LR
    1[""scene""] --> 2[""filter_color_cyan""]
    1 --> 3[""filter_material_metal""]
    2 --> 4[""AND""]
    3 --> 4
    4 --> 5[""count""]
```"
274,"This question asks the number of other objects with the same material as the brown cylinder. To answer this question, we first need to find the brown cylinder and then identify all objects with the same material as it, excluding the brown cylinder itself.
1. Find the brown cylinder. We expect it to be unique: scene --> filter_color_brown --> filter_shape_cylinder --> unique
2. Find all objects with the same material as this brown cylinder: result from step 1 --> same_material
3. Count its number: result from step 2 --> count

```mermaid
graph LR
    1[""scene""] --> 2[""filter_color_brown""]
    2 --> 3[""filter_shape_cylinder""]
    3 --> 4[""unique""]
    4 --> 5[""same_material""]
    5 --> 6[""count""]
```"
275,"This question asks whether there are the same number of purple objects that are in front of the cyan sphere and big blue matte balls. To answer this question, we need to first find the set of purple objects in front of the cyan sphere and the set of purple objects that are big blue matte balls, then compare their numbers.
1. Find the cyan sphere. We expect it to be unique: scene --> filter_color_cyan --> filter_shape_sphere --> unique
2. Find the purple objects in front of the cyan sphere: result from step 1 --> relate_in_front --> filter_color_purple
3. Find the big blue matte balls: scene --> filter_size_large --> filter_color_blue --> filter_material_metal
4. Find the purple objects that are big blue matte balls: result from step 3 --> filter_color_purple
5. Compare the number of purple objects from step 2 and step 4: result from step 2 --> count; result from step 4 --> count; equal_integer

```mermaid
graph LR
    1[""scene""] --> 2[""filter_color_cyan""]
    2 --> 3[""filter_shape_sphere""]
    3 --> 4[""unique""]
    4 --> 5[""relate_in_front""]
    5 --> 6[""filter_color_purple""]
    6 --> 7[""count""]
    1 --> 8[""filter_size_large""]
    8 --> 9[""filter_color_blue""]
    9 --> 10[""filter_material_metal""]
    10 --> 11[""filter_color_purple""]
    11 --> 12[""count""]
    7 --> 13[""equal_integer""]
    12 --> 13
```"
276,"This question asks whether the small metal object behind the red cube has the same shape as the purple shiny thing. To answer this question, we need to first find the small metal object behind the red cube and the purple shiny thing, and then compare their shapes.
1. Find the red cube: scene --> filter_color_red --> filter_shape_cube --> unique
2. Find the small metal object behind the red cube: result from step 1 --> relate_behind --> filter_size_small --> filter_material_metal --> unique
3. Find the purple shiny thing, which is a purple metal object: scene --> filter_color_purple --> filter_material_metal --> unique
4. Compare the shapes of the two objects: result from step 2 --> equal_shape --> result from step 3

```mermaid
graph LR
    1[""scene""] --> 2[""filter_color_red""]
    2 --> 3[""filter_shape_cube""]
    3 --> 4[""unique""]
    4 --> 5[""relate_behind""]
    5 --> 6[""filter_size_small""]
    6 --> 7[""filter_material_metal""]
    7 --> 8[""unique""]
    1 --> 9[""filter_color_purple""]
    9 --> 10[""filter_material_metal""]
    10 --> 11[""unique""]
    8 --> 12[""equal_shape""]
    11 --> 12
```"
277,"This question asks whether the large cube has the same color as the tiny matte thing. To answer this question, we need to first find the large cube and the tiny matte thing, and then compare their colors.
1. Find the large cube. We expect it to be unique: scene --> filter_size_large --> filter_shape_cube --> unique
2. Find the tiny matte thing. We expect it to be unique: scene --> filter_size_small --> filter_material_metal --> unique
3. Compare the colors of the large cube and the tiny matte thing: result from step 1 --> query_color; result from step 2 --> query_color; equal_color

```mermaid
graph LR
    1[""scene""] --> 2[""filter_size_large""]
    2 --> 3[""filter_shape_cube""]
    3 --> 4[""unique""]
    4 --> 5[""query_color""]
    1 --> 6[""filter_size_small""]
    6 --> 7[""filter_material_metal""]
    7 --> 8[""unique""]
    8 --> 9[""query_color""]
    5 --> 10[""equal_color""]
    9 --> 10
```"
278,"This question asks whether the big red metal thing and the large object right of the big metallic ball have the same shape. To answer this question, we need to first identify these two objects and then compare their shapes.
1. Find the big red metal thing. We expect it to be unique: scene --> filter_size_large --> filter_color_red --> filter_material_metal --> unique
2. Find the big metallic ball. We expect it to be unique: scene --> filter_size_large --> filter_material_metal --> filter_shape_sphere --> unique
3. Find the large object right of the big metallic ball: result from step 2 --> relate_right --> filter_size_large --> unique
4. Compare the shape of the two objects: result from step 1 --> equal_shape result from step 3

```mermaid
graph LR
    1[""scene""] --> 2[""filter_size_large""]
    2 --> 3[""filter_color_red""]
    3 --> 4[""filter_material_metal""]
    4 --> 5[""unique""]
    1 --> 6[""filter_size_large""]
    6 --> 7[""filter_material_metal""]
    7 --> 8[""filter_shape_sphere""]
    8 --> 9[""unique""]
    9 --> 10[""relate_right""]
    10 --> 11[""filter_size_large""]
    11 --> 12[""unique""]
    5 --> 13[""equal_shape""]
    12 --> 13
```"
279,"This question asks whether the number of small brown objects that are right of the big red rubber cylinder is greater than the number of cyan metallic balls. To answer this question, we need to find both sets of objects and count their numbers.
1. Find the big red rubber cylinder. We expect it to be unique: scene --> filter_color_red --> filter_size_large --> filter_material_rubber --> filter_shape_cylinder --> unique
2. Find the small brown objects that are right of this cylinder: result from step 1 --> relate_right --> filter_size_small --> filter_color_brown
3. Count their number: result from step 2 --> count
4. Find the cyan metallic balls: scene --> filter_color_cyan --> filter_material_metal --> filter_shape_sphere
5. Count their number: result from step 4 --> count
6. Compare the two numbers: result from step 3 is greater_than result from step 5

```mermaid
graph LR
    1[""scene""] --> 2[""filter_color_red""]
    2 --> 3[""filter_size_large""]
    3 --> 4[""filter_material_rubber""]
    4 --> 5[""filter_shape_cylinder""]
    5 --> 6[""unique""]
    6 --> 7[""relate_right""]
    7 --> 8[""filter_size_small""]
    8 --> 9[""filter_color_brown""]
    9 --> 10[""count""]
    1 --> 11[""filter_color_cyan""]
    11 --> 12[""filter_material_metal""]
    12 --> 13[""filter_shape_sphere""]
    13 --> 14[""count""]
    10 --> 15[""greater_than""]
    14 --> 15
```"
280,"This question asks about the material of the green block that is the same size as the purple shiny cube. To answer this question, we first need to find the purple shiny cube, then find all objects with the same size as it, and finally identify the green block among them and query its material.
1. Find the purple shiny cube. We expect it to be unique: scene --> filter_color_purple --> filter_material_metal --> filter_shape_cube --> unique
2. Find all objects with the same size as this purple cube: result from step 1 --> same_size
3. Find the green block among them: result from step 2 --> filter_color_green
4. Query the material of this green block: result from step 3 --> query_material

```mermaid
graph LR
    1[""scene""] --> 2[""filter_color_purple""]
    2 --> 3[""filter_material_metal""]
    3 --> 4[""filter_shape_cube""]
    4 --> 5[""unique""]
    5 --> 6[""same_size""]
    6 --> 7[""filter_color_green""]
    7 --> 8[""query_material""]
```"
281,"This question asks about the color of the rubber cylinder to the left of the red cylinder. To answer this question, we need to:
1. Find the red cylinder. We expect it to be unique: scene --> filter_color_red --> filter_shape_cylinder --> unique
2. Find the object to the left of the red cylinder: result from step 1 --> relate_left
3. Identify the rubber cylinder among them: result from step 2 --> filter_material_rubber --> unique
4. Query its color: result from step 3 --> query_color

```mermaid
graph LR
    1[""scene""] --> 2[""filter_color_red""]
    2 --> 3[""filter_shape_cylinder""]
    3 --> 4[""unique""]
    4 --> 5[""relate_left""]
    5 --> 6[""filter_material_rubber""]
    6 --> 7[""unique""]
    7 --> 8[""query_color""]
```"
282,"This question asks about the color of the other ball (sphere) made of the same material as the big sphere. To answer this question, we need to:
1. Find the big sphere. We expect it to be unique: scene --> filter_size_large --> filter_shape_sphere --> unique
2. Find all spheres made of the same material as this big sphere: result from step 1 --> same_material --> filter_shape_sphere
3. Exclude the big sphere itself from the result: result from step 2 --> exclude the result from step 1
4. We expect the remaining sphere to be unique, so we use unique to get it: result from step 3 --> unique
5. Query the color of this sphere: result from step 4 --> query_color

```mermaid
graph LR
    1[""scene""] --> 2[""filter_size_large""]
    2 --> 3[""filter_shape_sphere""]
    3 --> 4[""unique""]
    4 --> 5[""same_material""]
    5 --> 6[""filter_shape_sphere""]
    6 --> 7[""exclude""]
    4 --> 7
    7 --> 8[""unique""]
    8 --> 9[""query_color""]
```"
283,"This question asks about the color of the matte object that is both in front of the purple object and to the right of the tiny cube. To answer this question, we need to:
1. Find the purple object: scene --> filter_color_purple --> unique
2. Find the tiny cube: scene --> filter_size_small --> filter_shape_cube --> unique
3. Find the objects both in front of the purple object and to the right of the tiny cube: result from step 1 --> relate_in_front; result from step 2 --> relate_right; AND the two results
4. Find the matte object among these objects: result from step 3 --> filter_material_rubber
5. Query the color of this object: result from step 4 --> query_color

```mermaid
graph LR
    1[""scene""] --> 2[""filter_color_purple""]
    2 --> 3[""unique""]
    3 --> 4[""relate_in_front""]
    1 --> 5[""filter_size_small""]
    5 --> 6[""filter_shape_cube""]
    6 --> 7[""unique""]
    7 --> 8[""relate_right""]
    4 --> 9[""And""]
    8 --> 9
    9 --> 10[""filter_material_rubber""]
    10 --> 11[""query_color""]
```"
284,"This question asks about the material of the large thing on the right side of the rubber object in front of the cyan cylinder in front of the big metal sphere. To answer this question, we need to:
1. Find the big metal sphere. We expect it to be unique: scene --> filter_material_metal --> filter_size_large --> filter_shape_sphere --> unique
2. Find the cyan cylinder in front of this sphere: result from step 1 --> relate_in_front --> filter_color_cyan --> filter_shape_cylinder --> unique
3. Find the rubber object in front of this cylinder: result from step 2 --> relate_in_front --> filter_material_rubber --> unique
4. Find the large object on the right of this rubber object: result from step 3 --> relate_right --> filter_size_large --> unique
5. Query the material of this large object: result from step 4 --> query_material

```mermaid
graph LR
    1[""scene""] --> 2[""filter_material_metal""]
    2 --> 3[""filter_size_large""]
    3 --> 4[""filter_shape_sphere""]
    4 --> 5[""unique""]
    5 --> 6[""relate_in_front""]
    6 --> 7[""filter_color_cyan""]
    7 --> 8[""filter_shape_cylinder""]
    8 --> 9[""unique""]
    9 --> 10[""relate_in_front""]
    10 --> 11[""filter_material_rubber""]
    11 --> 12[""unique""]
    12 --> 13[""relate_right""]
    13 --> 14[""filter_size_large""]
    14 --> 15[""unique""]
    15 --> 16[""query_material""]
```"
285,"This question asks the number of yellow objects that are either large metallic things or tiny rubber things. To answer this question, we need to find the yellow objects that match each of these conditions and then combine them.
1. Find the large metallic yellow objects: scene --> filter_color_yellow --> filter_size_large --> filter_material_metal
2. Find the tiny rubber yellow objects: scene --> filter_color_yellow --> filter_size_small --> filter_material_rubber
3. Combine the two sets of objects: result from step 1 --> OR --> result from step 2
4. Count the number of objects in the combined set: result from step 3 --> count

```mermaid
graph LR
    1[""scene""] --> 2[""filter_color_yellow""]
    2 --> 3[""filter_size_large""]
    3 --> 4[""filter_material_metal""]
    2 --> 5[""filter_size_small""]
    5 --> 6[""filter_material_rubber""]
    4 --> 7[""OR""]
    6 --> 7
    7 --> 8[""count""]
```"
286,"This question asks about the number of objects that are either small shiny things on the left side of the big red metallic cylinder or objects behind the small green ball. To answer this question, we need to:
1. Find the big red metallic cylinder: scene --> filter_size_large --> filter_color_red --> filter_material_metal --> filter_shape_cylinder --> unique
2. Find the small shiny things on the left side of this cylinder: result from step 1 --> relate_left --> filter_size_small --> filter_material_metal
3. Find the small green ball: scene --> filter_size_small --> filter_color_green --> filter_shape_sphere --> unique
4. Find the objects behind the small green ball: result from step 3 --> relate_behind
5. Combine the results from step 2 and step 4: result from step 2 --> OR --> result from step 4
6. Count the number of objects: result from step 5 --> count

```mermaid
graph LR
    1[""scene""] --> 2[""filter_size_large""]
    2 --> 3[""filter_color_red""]
    3 --> 4[""filter_material_metal""]
    4 --> 5[""filter_shape_cylinder""]
    5 --> 6[""unique""]
    6 --> 7[""relate_left""]
    7 --> 8[""filter_size_small""]
    8 --> 9[""filter_material_metal""]
    1 --> 10[""filter_size_small""]
    10 --> 11[""filter_color_green""]
    11 --> 12[""filter_shape_sphere""]
    12 --> 13[""unique""]
    13 --> 14[""relate_behind""]
    9 --> 15[""OR""]
    14 --> 15
    15 --> 16[""count""]
```"
287,"This question asks for the number of rubber objects that are either cyan or big cylinders. To answer this question, we need to first find the rubber objects that are either cyan or big cylinders.
1. Find all rubber objects: scene --> filter_material_rubber
2. Find the set of cyan objects: scene --> filter_color_cyan
3. Find the set of big cylinders: scene --> filter_size_large --> filter_shape_cylinder
4. Find the union of cyan objects and big cylinders: result from step 2 and step 3 --> OR
5. Find the intersection of rubber objects and the union of cyan objects and big cylinders: result from step 1 and step 4 --> AND
6. Count the number of objects: result from step 5 --> count

```mermaid
graph LR
    1[""scene""] --> 2[""filter_material_rubber""]
    1 --> 3[""filter_color_cyan""]
    1 --> 4[""filter_size_large""]
    4 --> 5[""filter_shape_cylinder""]
    3 --> 6[""OR""]
    5 --> 6
    2 --> 7[""AND""]
    6 --> 7
    7 --> 8[""count""]
```"
288,"This question asks about the number of rubber cubes that have the same color as the small matte ball. To answer this question, we need to:
1. Find the small matte ball, which is a small metal ball since matte is a synonym for metal. We expect it to be unique: scene --> filter_size_small --> filter_material_metal --> filter_shape_sphere --> unique
2. Query its color: result from step 1 --> query_color
3. Find all rubber cubes with this color: scene --> filter_material_rubber --> filter_shape_cube --> filter_color_<color from step 2>
4. Count their number: result from step 3 --> count

```mermaid
graph LR
    1[""scene""] --> 2[""filter_size_small""]
    2 --> 3[""filter_material_metal""]
    3 --> 4[""filter_shape_sphere""]
    4 --> 5[""unique""]
    5 --> 6[""query_color""]
    1 --> 7[""filter_material_rubber""]
    7 --> 8[""filter_shape_cube""]
    8 --> 9[""filter_color_<color from step 6>""]
    9 --> 10[""count""]
```"
289,"This question asks the number of tiny red metallic objects. To answer this question, we need to find the objects that satisfy all these conditions.
1. Find all tiny (small) objects: scene --> filter_size_small
2. Among them, find the red objects: result from step 1 --> filter_color_red
3. Among them, find the metallic objects: result from step 2 --> filter_material_metal
4. Count the number of objects satisfying all conditions: result from step 3 --> count

```mermaid
graph LR
    1[""scene""] --> 2[""filter_size_small""]
    2 --> 3[""filter_color_red""]
    3 --> 4[""filter_material_metal""]
    4 --> 5[""count""]
```"
290,"This question asks whether there is any other object that is the same size as the brown object. To answer this question, we need to:
1. Find the brown object. We expect it to be unique: scene --> filter_color_brown --> unique
2. Find all objects with the same size as this brown object, excluding the brown object itself: result from step 1 --> same_size
3. Check if this set is not empty: result from step 2 --> exist

```mermaid
graph LR
    1[""scene""] --> 2[""filter_color_brown""]
    2 --> 3[""unique""]
    3 --> 4[""same_size""]
    4 --> 5[""exist""]
```"
291,"This question asks whether the tiny blue block and the purple thing have the same material. To answer this question, we need to first find the tiny blue block and the purple thing, and then compare their materials.
1. Find the tiny blue block. We expect it to be unique: scene --> filter_size_small --> filter_color_blue --> unique
2. Find the purple thing. We expect it to be unique: scene --> filter_color_purple --> unique
3. Compare their materials: result from step 1 --> query_material; result from step 2 --> query_material; equal_material

However, the equal_material function does not exist. We can use equal_attribute instead, but we need to use the attribute name ""material"" as input. 

```mermaid
graph LR
    1[""scene""] --> 2[""filter_size_small""]
    2 --> 3[""filter_color_blue""]
    3 --> 4[""unique""]
    1 --> 5[""filter_color_purple""]
    5 --> 6[""unique""]
    4 --> 7[""query_material""]
    6 --> 8[""query_material""]
    7 --> 9[""equal_attribute(material)""]
    8 --> 9
```"
292,"This question asks whether the yellow thing on the left side of the blue metallic object and the ball in front of the cyan shiny ball have the same material. To answer this question, we need to find and analyze these objects' material properties.
1. Find the blue metallic object. We expect it to be unique: scene --> filter_color_blue --> filter_material_metal --> unique
2. Find the yellow thing on the left side of this object: result from step 1 --> relate_left --> filter_color_yellow --> unique
3. Find the cyan shiny ball. We expect it to be unique: scene --> filter_color_cyan --> filter_material_metal --> unique
4. Find the ball in front of this cyan shiny ball: result from step 3 --> relate_in_front --> filter_shape_sphere --> unique
5. Compare the material of the yellow object and the ball: result from step 2 --> query_material; result from step 4 --> query_material; equal_material

```mermaid
graph LR
    1[""scene""] --> 2[""filter_color_blue""]
    2 --> 3[""filter_material_metal""]
    3 --> 4[""unique""]
    4 --> 5[""relate_left""]
    5 --> 6[""filter_color_yellow""]
    6 --> 7[""unique""]
    1 --> 8[""filter_color_cyan""]
    8 --> 9[""filter_material_metal""]
    9 --> 10[""unique""]
    10 --> 11[""relate_in_front""]
    11 --> 12[""filter_shape_sphere""]
    12 --> 13[""unique""]
    7 --> 14[""query_material""]
    13 --> 15[""query_material""]
    14 --> 16[""equal_material""]
    15 --> 16
```"
293,"This question asks whether there are any other objects with the same size as the green object. To answer this question, we first need to find the green object and then identify all objects with the same size as it, excluding the green object itself.
1. Find the green object. We expect it to be unique: scene --> filter_color_green --> unique
2. Find all objects with the same size as this green object: result from step 1 --> same_size
3. Check if there are any objects in this set: result from step 2 --> exist

```mermaid
graph LR
    1[""scene""] --> 2[""filter_color_green""]
    2 --> 3[""unique""]
    3 --> 4[""same_size""]
    4 --> 5[""exist""]
```"
294,"This question asks whether the small red object and the brown cylinder have the same material. To answer this question, we first need to find the small red object and the brown cylinder, and then compare their materials.
1. Find the small red object. We expect it to be unique: scene --> filter_size_small --> filter_color_red --> unique
2. Find the brown cylinder. We expect it to be unique: scene --> filter_color_brown --> filter_shape_cylinder --> unique
3. Compare the materials of the two objects: result from step 1 --> query_material; result from step 2 --> query_material; equal_material

```mermaid
graph LR
    1[""scene""] --> 2[""filter_size_small""]
    2 --> 3[""filter_color_red""]
    3 --> 4[""unique""]
    4 --> 5[""query_material""]
    1 --> 6[""filter_color_brown""]
    6 --> 7[""filter_shape_cylinder""]
    7 --> 8[""unique""]
    8 --> 9[""query_material""]
    5 --> 10[""equal_material""]
    9 --> 10
```"
295,"This question asks about the size of the matte object to the right of the green metal cylinder. To answer this question, we need to:
1. Locate the green metal cylinder. We expect it to be unique: scene --> filter_color_green --> filter_material_metal --> filter_shape_cylinder --> unique
2. Identify the matte object on the right of this cylinder: result from step 1 --> relate_right --> filter_material_rubber
3. Query the size of this matte object: result from step 2 --> query_size

```mermaid
graph LR
    1[""scene""] --> 2[""filter_color_green""]
    2 --> 3[""filter_material_metal""]
    3 --> 4[""filter_shape_cylinder""]
    4 --> 5[""unique""]
    5 --> 6[""relate_right""]
    6 --> 7[""filter_material_rubber""]
    7 --> 8[""query_size""]
```"
296,"This question asks about the shape of the green metallic object that has the same size as the green matte cylinder. To answer this question, we need to:
1. Find the green matte cylinder. We expect it to be unique: scene --> filter_color_green --> filter_material_rubber --> filter_shape_cylinder --> unique
2. Find all objects with the same size as this green matte cylinder: result from step 1 --> same_size
3. Filter the objects to be green and metallic: result from step 2 --> filter_color_green --> filter_material_metal
4. Find the shape of this object: result from step 3 --> query_shape

```mermaid
graph LR
    1[""scene""] --> 2[""filter_color_green""]
    2 --> 3[""filter_material_rubber""]
    3 --> 4[""filter_shape_cylinder""]
    4 --> 5[""unique""]
    5 --> 6[""same_size""]
    6 --> 7[""filter_color_green""]
    7 --> 8[""filter_material_metal""]
    8 --> 9[""query_shape""]
```"
297,"This question asks about the size of the metal object that is behind the large metallic sphere and in front of the purple metal object. To answer this question, we need to:
1. Find the large metallic sphere. We expect it to be unique: scene --> filter_size_large --> filter_material_metal --> filter_shape_sphere --> unique
2. Find the purple metal object. We expect it to be unique: scene --> filter_color_purple --> filter_material_metal --> unique
3. Find the metal object that is behind the large metallic sphere and in front of the purple metal object: result from step 1 --> relate_behind --> filter_material_metal; result from step 2 --> relate_in_front --> filter_material_metal; AND the two results
4. Query the size of this metal object: result from step 3 --> query_size

```mermaid
graph LR
    1[""scene""] --> 2[""filter_size_large""]
    2 --> 3[""filter_material_metal""]
    3 --> 4[""filter_shape_sphere""]
    4 --> 5[""unique""]
    5 --> 6[""relate_behind""]
    1 --> 7[""filter_color_purple""]
    7 --> 8[""filter_material_metal""]
    8 --> 9[""unique""]
    9 --> 10[""relate_in_front""]
    6 --> 11[""And""]
    10 --> 11
    11 --> 12[""filter_material_metal""]
    12 --> 13[""query_size""]
```"
298,"This question asks about the size of the gray object that has the same shape as the small yellow metal object. To answer this question, we need to first find the small yellow metal object, then find the objects with the same shape, and finally filter the gray object and query its size.
1. Find the small yellow metal object. We expect it to be unique: scene --> filter_size_small --> filter_color_yellow --> filter_material_metal --> unique
2. Find all objects with the same shape as this object: result from step 1 --> same_shape
3. Find the gray object among them: result from step 2 --> filter_color_gray --> unique
4. Query its size: result from step 3 --> query_size

```mermaid
graph LR
    1[""scene""] --> 2[""filter_size_small""]
    2 --> 3[""filter_color_yellow""]
    3 --> 4[""filter_material_metal""]
    4 --> 5[""unique""]
    5 --> 6[""same_shape""]
    6 --> 7[""filter_color_gray""]
    7 --> 8[""unique""]
    8 --> 9[""query_size""]
```"
299,"This question asks about the size of the metallic cube. To answer this question, we need to:
1. Find the metallic cube. We expect it to be unique: scene --> filter_material_metal --> filter_shape_cube --> unique
2. Query its size: result from step 1 --> query_size

```mermaid
graph LR
    1[""scene""] --> 2[""filter_material_metal""]
    2 --> 3[""filter_shape_cube""]
    3 --> 4[""unique""]
    4 --> 5[""query_size""]
```"
